Run	ReleaseDate	LoadDate	spots	bases	spots_with_mates	avgLength	size_MB	AssemblyName	download_path	Experiment	LibraryName	LibraryStrategy	LibrarySelection	LibrarySource	LibraryLayout	InsertSize	InsertDev	Platform	Model	SRAStudy	BioProject	Study_Pubmed_id	ProjectID	Sample	BioSample	SampleType	TaxID	ScientificName	SampleName	g1k_pop_code	source	g1k_analysis_group	Subject_ID	Sex	Disease	Tumor	Affection_Status	Analyte_Type	Histological_Type	Body_Site	CenterName	Submission	dbgap_study_accession	Consent	RunHash	ReadHash
SRR9696344	2020-08-01 00:13:24	2019-07-17 06:45:07	12819857	2087957570	4811008	162	874		https://sra-downloadb.be-md.ncbi.nlm.nih.gov/sos12/sra-pub-zq-1216/SRR009/9696/SRR9696344/SRR9696344.lite.1	SRX6454641	AFF_metaT	RNA-Seq	RANDOM	METATRANSCRIPTOMIC	PAIRED	0	0	ILLUMINA	NextSeq 500	SRP072561	PRJNA289586	2	289586	SRS5107612	SAMN12288743	simple	408170	human gut metagenome	AFF							no					LUXEMBOURG CENTRE FOR SYSTEMS BIOMEDICINE	SRA921964		public	AFC7A5DD85EB572B2CE21EE3F9FC8446	6B3BF754807F974E5A1F4D88544BDAD9
SRR9696345	2020-08-01 00:13:24	2019-07-17 07:01:56	47138855	10715787440	47064370	227	4957		https://sra-downloadb.be-md.ncbi.nlm.nih.gov/sos12/sra-pub-zq-1214/SRR009/9696/SRR9696345/SRR9696345.lite.1	SRX6454640	AFF_metaG	WGS	RANDOM	METAGENOMIC	PAIRED	0	0	ILLUMINA	Illumina HiSeq 4000	SRP072561	PRJNA289586	2	289586	SRS5107612	SAMN12288743	simple	408170	human gut metagenome	AFF							no					LUXEMBOURG CENTRE FOR SYSTEMS BIOMEDICINE	SRA921964		public	1A941DD5B1AB8F15B5C627913570438D	3E6391041299A560CF0B6F97AC03D2E7
SRR9696343	2020-08-01 00:13:24	2019-07-17 07:01:02	28234986	7794222741	28048563	276	3115		https://sra-downloadb.be-md.ncbi.nlm.nih.gov/sos12/sra-pub-zq-1214/SRR009/9696/SRR9696343/SRR9696343.lite.1	SRX6454642	ARL_metaG	WGS	RANDOM	METAGENOMIC	PAIRED	0	0	ILLUMINA	NextSeq 500	SRP072561	PRJNA289586	2	289586	SRS5107613	SAMN12288744	simple	408170	human gut metagenome	ARL							no					LUXEMBOURG CENTRE FOR SYSTEMS BIOMEDICINE	SRA921964		public	892F83D33663F8D09F4B04FF0DDBEDD7	3631FFD93D87172443B76108ED96A49B
SRR8114024	2019-03-26 11:03:15	2018-10-26 12:40:58	6597322	1399691713	6588263	212	624		https://sra-downloadb.be-md.ncbi.nlm.nih.gov/sos12/sra-pub-zq-1214/SRR008/114/SRR8114024.sralite.1	SRX4940488	M1.1-V1-saliva-metaG	WGS	RANDOM	METAGENOMIC	PAIRED	0	0	ILLUMINA	Illumina HiSeq 4000	SRP072561	PRJNA289586	2	289586	SRS3984284	SAMN09837370	simple	447426	human oral metagenome	M1.1-V1-saliva							no					LUXEMBOURG CENTRE FOR SYSTEMS BIOMEDICINE	SRA799471		public	557C3EA28B7398ECB8A89090CF74FD35	2C2C4CDFD164A61FD31222AE20D36D87
SRR8114023	2019-03-26 11:03:15	2018-10-26 12:40:08	4937297	869778026	4934563	176	380		https://sra-downloadb.be-md.ncbi.nlm.nih.gov/sos12/sra-pub-zq-1214/SRR008/114/SRR8114023.sralite.1	SRX4940489	M1.1-V2-saliva-metaG	WGS	RANDOM	METAGENOMIC	PAIRED	0	0	ILLUMINA	Illumina HiSeq 4000	SRP072561	PRJNA289586	2	289586	SRS3984285	SAMN09837371	simple	447426	human oral metagenome	M1.1-V2-saliva							no					LUXEMBOURG CENTRE FOR SYSTEMS BIOMEDICINE	SRA799471		public	C95A451DBBF14EC3FAF241576ECFEAAF	73BACC95CC007A6BA9E04DE0AC70414C
SRR8114022	2019-03-26 11:03:15	2018-10-26 12:40:18	5716950	1114658189	5714200	194	497		https://sra-downloadb.be-md.ncbi.nlm.nih.gov/sos12/sra-pub-zq-1214/SRR008/114/SRR8114022.sralite.1	SRX4940490	M1.1-V3-saliva-metaG	WGS	RANDOM	METAGENOMIC	PAIRED	0	0	ILLUMINA	Illumina HiSeq 4000	SRP072561	PRJNA289586	2	289586	SRS3984287	SAMN09837372	simple	447426	human oral metagenome	M1.1-V3-saliva							no					LUXEMBOURG CENTRE FOR SYSTEMS BIOMEDICINE	SRA799471		public	1F7C69CECD783CF762A5171070BFC103	B2878550D4514221A73CF0703FE63776
SRR8114021	2019-03-26 11:03:15	2018-10-26 12:40:42	6186871	1401141354	6180085	226	639		https://sra-downloadb.be-md.ncbi.nlm.nih.gov/sos12/sra-pub-zq-1214/SRR008/114/SRR8114021.sralite.1	SRX4940491	M1.2-V1-saliva-metaG	WGS	RANDOM	METAGENOMIC	PAIRED	0	0	ILLUMINA	Illumina HiSeq 4000	SRP072561	PRJNA289586	2	289586	SRS3984286	SAMN09837373	simple	447426	human oral metagenome	M1.2-V1-saliva							no					LUXEMBOURG CENTRE FOR SYSTEMS BIOMEDICINE	SRA799471		public	5E2CB4889B58510372457C328402B7C3	E33B7F42A23DDE2EC8AD1782DA7D46B5
SRR8114020	2019-03-26 11:03:15	2018-10-26 12:39:24	3028653	597072205	3024698	197	284		https://sra-downloadb.be-md.ncbi.nlm.nih.gov/sos12/sra-pub-zq-1211/SRR008/114/SRR8114020/SRR8114020.sralite.1	SRX4940492	M1.2-V2-saliva-metaG	WGS	RANDOM	METAGENOMIC	PAIRED	0	0	ILLUMINA	Illumina HiSeq 4000	SRP072561	PRJNA289586	2	289586	SRS3984288	SAMN09837374	simple	447426	human oral metagenome	M1.2-V2-saliva							no					LUXEMBOURG CENTRE FOR SYSTEMS BIOMEDICINE	SRA799471		public	6CE57F87F03816FB96029F3A03BF2084	D1D988E3CD2641A0ADDE1C901ACCDF4D
SRR8114019	2019-03-26 11:03:15	2018-10-26 12:44:28	9792079	2628228054	9735493	268	1083		https://sra-downloadb.be-md.ncbi.nlm.nih.gov/sos9/sra-pub-zq-922/SRR008/114/SRR8114019.sralite.1	SRX4940493	M1.2-V3-saliva-metaG	WGS	RANDOM	METAGENOMIC	PAIRED	0	0	ILLUMINA	NextSeq 500	SRP072561	PRJNA289586	2	289586	SRS3984289	SAMN09837375	simple	447426	human oral metagenome	M1.2-V3-saliva							no					LUXEMBOURG CENTRE FOR SYSTEMS BIOMEDICINE	SRA799471		public	6BFF331062CABFC89A8656351D1E9400	965EADE18ACBABA7741A580A1F5FEDAA
SRR8114041	2019-03-26 11:03:14	2018-10-26 12:40:36	4768163	1273324200	4701237	267	513		https://sra-downloadb.be-md.ncbi.nlm.nih.gov/sos12/sra-pub-zq-1214/SRR008/114/SRR8114041.sralite.1	SRX4940471	M1.3-V1-saliva-metaG	WGS	RANDOM	METAGENOMIC	PAIRED	0	0	ILLUMINA	NextSeq 500	SRP072561	PRJNA289586	2	289586	SRS3984267	SAMN09837376	simple	447426	human oral metagenome	M1.3-V1-saliva							no					LUXEMBOURG CENTRE FOR SYSTEMS BIOMEDICINE	SRA799471		public	DD23747D6BA9E46BA2BD713FC897385D	1287F1764A3582389E7AACD4419CD47A
SRR8114042	2019-03-26 11:03:14	2018-10-26 12:39:42	2430832	638004658	2386840	262	255		https://sra-downloadb.be-md.ncbi.nlm.nih.gov/sos12/sra-pub-zq-1216/SRR008/114/SRR8114042.sralite.1	SRX4940470	M1.3-V2-saliva-metaG	WGS	RANDOM	METAGENOMIC	PAIRED	0	0	ILLUMINA	NextSeq 500	SRP072561	PRJNA289586	2	289586	SRS3984266	SAMN09837377	simple	447426	human oral metagenome	M1.3-V2-saliva							no					LUXEMBOURG CENTRE FOR SYSTEMS BIOMEDICINE	SRA799471		public	CDE4501EFC9F413774CD4BA13F23F8CF	B3B0459C07C3FD86188AB3396B0480EE
SRR8114043	2019-03-26 11:03:14	2018-10-26 12:40:10	4520504	879469211	3956292	194	409		https://sra-downloadb.be-md.ncbi.nlm.nih.gov/sos12/sra-pub-zq-1214/SRR008/114/SRR8114043.sralite.1	SRX4940469	M1.3-V3-saliva-metaG	WGS	RANDOM	METAGENOMIC	PAIRED	0	0	ILLUMINA	Illumina HiSeq 4000	SRP072561	PRJNA289586	2	289586	SRS3984265	SAMN09837378	simple	447426	human oral metagenome	M1.3-V3-saliva							no					LUXEMBOURG CENTRE FOR SYSTEMS BIOMEDICINE	SRA799471		public	293C59F95B053CD628DE5EE0CFAFE2D5	58518EB5F7F444B542A452ACDD16C7D4
SRR8114012	2019-03-26 11:03:15	2018-10-26 12:39:20	2498808	515487191	2310940	206	232		https://sra-downloadb.be-md.ncbi.nlm.nih.gov/sos12/sra-pub-zq-1216/SRR008/114/SRR8114012.sralite.1	SRX4940500	M1.4-V1-saliva-metaG	WGS	RANDOM	METAGENOMIC	PAIRED	0	0	ILLUMINA	Illumina HiSeq 4000	SRP072561	PRJNA289586	2	289586	SRS3984296	SAMN09842353	simple	447426	human oral metagenome	M1.4-V1-saliva							no					LUXEMBOURG CENTRE FOR SYSTEMS BIOMEDICINE	SRA799471		public	4D3150DB079FEFE67D1A083475F38681	300D8271023F623F1AEDEAF56D87A474
SRR8114044	2019-03-26 11:03:14	2018-10-26 12:39:28	2611058	688911061	2590162	263	280		https://sra-downloadb.be-md.ncbi.nlm.nih.gov/sos12/sra-pub-zq-1216/SRR008/114/SRR8114044.sralite.1	SRX4940468	M1.4-V2-saliva-metaG	WGS	RANDOM	METAGENOMIC	PAIRED	0	0	ILLUMINA	NextSeq 500	SRP072561	PRJNA289586	2	289586	SRS3984264	SAMN09837379	simple	447426	human oral metagenome	M1.4-V2-saliva							no					LUXEMBOURG CENTRE FOR SYSTEMS BIOMEDICINE	SRA799471		public	FF647A275FF4CE91AB38A1ADC8DBBB26	B0BADEE65A2A1D3A565346C6F004C762
SRR8114045	2019-03-26 11:03:14	2018-10-26 12:40:29	4349875	1005656563	0	231	434		https://sra-downloadb.be-md.ncbi.nlm.nih.gov/sos12/sra-pub-zq-1214/SRR008/114/SRR8114045.sralite.1	SRX4940467	M1.4-V3-saliva-metaG	WGS	RANDOM	METAGENOMIC	PAIRED	0	0	ILLUMINA	Illumina HiSeq 4000	SRP072561	PRJNA289586	2	289586	SRS3984263	SAMN09837380	simple	447426	human oral metagenome	M1.4-V3-saliva							no					LUXEMBOURG CENTRE FOR SYSTEMS BIOMEDICINE	SRA799471		public		
SRR8114032	2019-03-26 11:03:14	2018-10-26 12:39:11	2689531	509640989	2680094	189	249		https://sra-downloadb.be-md.ncbi.nlm.nih.gov/sos12/sra-pub-zq-1216/SRR008/114/SRR8114032.sralite.1	SRX4940480	M11.1-V1-saliva-metaG	WGS	RANDOM	METAGENOMIC	PAIRED	0	0	ILLUMINA	Illumina HiSeq 4000	SRP072561	PRJNA289586	2	289586	SRS3984276	SAMN09837432	simple	447426	human oral metagenome	M11.1-V1-saliva							no					LUXEMBOURG CENTRE FOR SYSTEMS BIOMEDICINE	SRA799471		public	A6B3809AF106A683E63D3EEB3225594B	E67588EFD9D20E34BC0D3E28152DE28E
SRR8114031	2019-03-26 11:03:14	2018-10-26 12:38:46	1552196	312939873	1537102	201	150		https://sra-downloadb.be-md.ncbi.nlm.nih.gov/sos12/sra-pub-zq-1216/SRR008/114/SRR8114031.sralite.1	SRX4940481	M11.1-V2-saliva-metaG	WGS	RANDOM	METAGENOMIC	PAIRED	0	0	ILLUMINA	Illumina HiSeq 4000	SRP072561	PRJNA289586	2	289586	SRS3984277	SAMN09837433	simple	447426	human oral metagenome	M11.1-V2-saliva							no					LUXEMBOURG CENTRE FOR SYSTEMS BIOMEDICINE	SRA799471		public	5FA0E2F7450438B9BFE45A04BC62A4F4	93198D11C3C902A68E3FDE3F27D7852F
SRR8114038	2019-03-26 11:03:14	2018-10-26 12:38:37	1284863	219900371	1278377	171	112		https://sra-downloadb.be-md.ncbi.nlm.nih.gov/sos9/sra-pub-zq-922/SRR008/114/SRR8114038.sralite.1	SRX4940474	M11.1-V3-saliva-metaG	WGS	RANDOM	METAGENOMIC	PAIRED	0	0	ILLUMINA	Illumina HiSeq 4000	SRP072561	PRJNA289586	2	289586	SRS3984270	SAMN09837434	simple	447426	human oral metagenome	M11.1-V3-saliva							no					LUXEMBOURG CENTRE FOR SYSTEMS BIOMEDICINE	SRA799471		public	0471A29FB76B98025E4B8EDFE5AF939A	20DFECD1636A0CC416EEEA3D83D21A7C
SRR8114037	2019-03-26 11:03:14	2018-10-26 12:40:55	7380196	1444880634	7354029	195	676		https://sra-downloadb.be-md.ncbi.nlm.nih.gov/sos12/sra-pub-zq-1214/SRR008/114/SRR8114037.sralite.1	SRX4940475	M11.4-V1-saliva-metaG	WGS	RANDOM	METAGENOMIC	PAIRED	0	0	ILLUMINA	Illumina HiSeq 4000	SRP072561	PRJNA289586	2	289586	SRS3984271	SAMN09837435	simple	447426	human oral metagenome	M11.4-V1-saliva							no					LUXEMBOURG CENTRE FOR SYSTEMS BIOMEDICINE	SRA799471		public	C96F353F9040CAF1F3A6AF1934DD79F8	088036D00272D3A62F3989D805C018E1
SRR8114036	2019-03-26 11:03:14	2018-10-26 12:41:48	7671182	1852583805	7618288	241	834		https://sra-downloadb.be-md.ncbi.nlm.nih.gov/sos9/sra-pub-zq-922/SRR008/114/SRR8114036.sralite.1	SRX4940476	M11.4-V2-saliva-metaG	WGS	RANDOM	METAGENOMIC	PAIRED	0	0	ILLUMINA	Illumina HiSeq 4000	SRP072561	PRJNA289586	2	289586	SRS3984272	SAMN09837436	simple	447426	human oral metagenome	M11.4-V2-saliva							no					LUXEMBOURG CENTRE FOR SYSTEMS BIOMEDICINE	SRA799471		public	5960A9E7701F26FEFF0FB53B78B881B8	5BA587BC8F47F887AE0567F9508B8EC6
SRR8114035	2019-03-26 11:03:14	2018-10-26 12:44:23	11976875	3245869909	11884740	271	1316		https://sra-downloadb.be-md.ncbi.nlm.nih.gov/sos9/sra-pub-zq-922/SRR008/114/SRR8114035.sralite.1	SRX4940477	M11.4-V3-saliva-metaG	WGS	RANDOM	METAGENOMIC	PAIRED	0	0	ILLUMINA	Illumina HiSeq 4000	SRP072561	PRJNA289586	2	289586	SRS3984273	SAMN09837437	simple	447426	human oral metagenome	M11.4-V3-saliva							no					LUXEMBOURG CENTRE FOR SYSTEMS BIOMEDICINE	SRA799471		public	268FFE4EF682EA9D8FE341B6120ED7C8	7B9378806EE55101ACA3939BD6BCF57E
SRR8114030	2019-03-26 11:03:15	2018-10-26 12:42:39	9558136	2367563273	9251992	247	995		https://sra-downloadb.be-md.ncbi.nlm.nih.gov/sos9/sra-pub-zq-922/SRR008/114/SRR8114030.sralite.1	SRX4940482	M11.5-V1-saliva-metaG	WGS	RANDOM	METAGENOMIC	PAIRED	0	0	ILLUMINA	Illumina HiSeq 4000	SRP072561	PRJNA289586	2	289586	SRS3984278	SAMN09837438	simple	447426	human oral metagenome	M11.5-V1-saliva							no					LUXEMBOURG CENTRE FOR SYSTEMS BIOMEDICINE	SRA799471		public	0A4D22ABF84CD2C59DC0D804BC1484EF	FCFC47847B66A55813CD78B84DFF2BB1
SRR8114029	2019-03-26 11:03:15	2018-11-07 10:35:29	1806533	366049476	1662932	202	167		https://sra-downloadb.be-md.ncbi.nlm.nih.gov/sos12/sra-pub-zq-1211/SRR008/114/SRR8114029/SRR8114029.sralite.1	SRX4940483	M11.5-V2-saliva-metaG	WGS	RANDOM	METAGENOMIC	PAIRED	0	0	ILLUMINA	Illumina HiSeq 4000	SRP072561	PRJNA289586	2	289586	SRS3984279	SAMN09837439	simple	447426	human oral metagenome	M11.5-V2-saliva							no					LUXEMBOURG CENTRE FOR SYSTEMS BIOMEDICINE	SRA799471		public	4F8873C9785055C40E4E39A54F7242A8	129814731DDF98DFE1BB0F0D834B217A
SRR8114015	2019-03-26 11:03:15	2018-10-26 12:39:09	2002419	389249687	1847846	194	181		https://sra-downloadb.be-md.ncbi.nlm.nih.gov/sos12/sra-pub-zq-1216/SRR008/114/SRR8114015.sralite.1	SRX4940497	M11.5-V3-saliva-metaG	WGS	RANDOM	METAGENOMIC	PAIRED	0	0	ILLUMINA	Illumina HiSeq 4000	SRP072561	PRJNA289586	2	289586	SRS3984293	SAMN09837440	simple	447426	human oral metagenome	M11.5-V3-saliva							no					LUXEMBOURG CENTRE FOR SYSTEMS BIOMEDICINE	SRA799471		public	13D93A74332516381A010E8710F630F1	13CB54184983238E303917E70657D08F
SRR8114016	2019-03-26 11:03:15	2018-10-26 12:40:30	5086934	1184551435	5066342	232	547		https://sra-downloadb.be-md.ncbi.nlm.nih.gov/sos12/sra-pub-zq-1214/SRR008/114/SRR8114016.sralite.1	SRX4940496	M11.6-V1-saliva-metaG	WGS	RANDOM	METAGENOMIC	PAIRED	0	0	ILLUMINA	Illumina HiSeq 4000	SRP072561	PRJNA289586	2	289586	SRS3984292	SAMN09837441	simple	447426	human oral metagenome	M11.6-V1-saliva							no					LUXEMBOURG CENTRE FOR SYSTEMS BIOMEDICINE	SRA799471		public	B9D0497499AC870E34961D40E009BB11	18C16A720078BDBA4B3376A42CA5BCFA
SRR8114017	2019-03-26 11:03:15	2018-10-26 12:42:41	8276158	1804926070	8243747	218	830		https://sra-downloadb.be-md.ncbi.nlm.nih.gov/sos12/sra-pub-zq-1216/SRR008/114/SRR8114017.sralite.1	SRX4940495	M11.6-V2-saliva-metaG	WGS	RANDOM	METAGENOMIC	PAIRED	0	0	ILLUMINA	Illumina HiSeq 4000	SRP072561	PRJNA289586	2	289586	SRS3984291	SAMN09837442	simple	447426	human oral metagenome	M11.6-V2-saliva							no					LUXEMBOURG CENTRE FOR SYSTEMS BIOMEDICINE	SRA799471		public	77F565646A7ED66C3A0290211DC4521A	5067165DCD65D52756E82B5BAFD3C1D7
SRR8114028	2019-03-26 11:03:15	2018-10-26 12:42:57	9678285	2657920544	9408830	274	1032		https://sra-downloadb.be-md.ncbi.nlm.nih.gov/sos9/sra-pub-zq-922/SRR008/114/SRR8114028.sralite.1	SRX4940484	M11.6-V3-stool-metaG	WGS	RANDOM	METAGENOMIC	PAIRED	0	0	ILLUMINA	Illumina HiSeq 4000	SRP072561	PRJNA289586	2	289586	SRS3984280	SAMN09837366	simple	408170	human gut metagenome	M11.6-V3-stool							no					LUXEMBOURG CENTRE FOR SYSTEMS BIOMEDICINE	SRA799471		public	25D4F3E04EA475A4BF7DE73C7492774F	55D6CE6D1A162DD890098D035FD5E98D
SRR8114018	2019-03-26 11:03:15	2018-10-26 12:38:29	749966	175517289	746733	234	74		https://sra-downloadb.be-md.ncbi.nlm.nih.gov/sos12/sra-pub-zq-1216/SRR008/114/SRR8114018.sralite.1	SRX4940494	M11.7-V1-saliva-metaG	WGS	RANDOM	METAGENOMIC	PAIRED	0	0	ILLUMINA	Illumina HiSeq 4000	SRP072561	PRJNA289586	2	289586	SRS3984290	SAMN09837443	simple	447426	human oral metagenome	M11.7-V1-saliva							no					LUXEMBOURG CENTRE FOR SYSTEMS BIOMEDICINE	SRA799471		public	CE61C698B00978B472FE26424E4C20D6	7CDAA1ABB91886766119ADF10CE3F557
SRR8114027	2019-03-26 11:03:15	2018-10-26 12:52:59	27579141	7574897344	27005139	274	2972		https://sra-downloadb.be-md.ncbi.nlm.nih.gov/sos12/sra-pub-zq-1214/SRR008/114/SRR8114027.sralite.1	SRX4940485	M11.7-V1-stool-metaG	WGS	RANDOM	METAGENOMIC	PAIRED	0	0	ILLUMINA	Illumina HiSeq 4000	SRP072561	PRJNA289586	2	289586	SRS3984281	SAMN09837367	simple	408170	human gut metagenome	M11.7-V1-stool							no					LUXEMBOURG CENTRE FOR SYSTEMS BIOMEDICINE	SRA799471		public	7498BF35E8F91FD9140C5A67C5A29130	A28704FD38C0537ECBC25BC61962F6F5
SRR8114011	2019-03-26 11:03:15	2018-11-07 10:36:52	2063219	536602504	2054700	260	220		https://sra-downloadb.be-md.ncbi.nlm.nih.gov/sos12/sra-pub-zq-1211/SRR008/114/SRR8114011/SRR8114011.sralite.1	SRX4940501	M11.7-V2-saliva-metaG	WGS	RANDOM	METAGENOMIC	PAIRED	0	0	ILLUMINA	Illumina HiSeq 4000	SRP072561	PRJNA289586	2	289586	SRS3984297	SAMN09837444	simple	447426	human oral metagenome	M11.7-V2-saliva							no					LUXEMBOURG CENTRE FOR SYSTEMS BIOMEDICINE	SRA799471		public	30788D2D2A08053156E258645B0452C8	8BB083F39CDAA19E865E8BBF2D14A204
SRR8114026	2019-03-26 11:03:15	2018-10-26 12:54:31	30517647	8390030275	29933990	274	3295		https://sra-downloadb.be-md.ncbi.nlm.nih.gov/sos9/sra-pub-zq-922/SRR008/114/SRR8114026.sralite.1	SRX4940486	M11.7-V2-stool-metaG	WGS	RANDOM	METAGENOMIC	PAIRED	0	0	ILLUMINA	Illumina HiSeq 4000	SRP072561	PRJNA289586	2	289586	SRS3984282	SAMN09837368	simple	408170	human gut metagenome	M11.7-V2-stool							no					LUXEMBOURG CENTRE FOR SYSTEMS BIOMEDICINE	SRA799471		public	0078EC74C4934710A60A633FA0A5B894	0927E359FCDA190826BC8E9D1FF7234C
SRR8114025	2019-03-26 11:03:15	2018-10-26 12:55:04	33063965	9118454910	32493889	275	3573		https://sra-downloadb.be-md.ncbi.nlm.nih.gov/sos12/sra-pub-zq-1214/SRR008/114/SRR8114025.sralite.1	SRX4940487	M11.7-V3-stool-metaG	WGS	RANDOM	METAGENOMIC	PAIRED	0	0	ILLUMINA	Illumina HiSeq 4000	SRP072561	PRJNA289586	2	289586	SRS3984283	SAMN09837369	simple	408170	human gut metagenome	M11.7-V3-stool							no					LUXEMBOURG CENTRE FOR SYSTEMS BIOMEDICINE	SRA799471		public	CFC4BA8FA525B39BE033996D451A69F5	BC7E30B3D75E7623826D628248676EF6
SRR8114046	2019-03-26 11:03:14	2018-10-26 12:38:57	1452019	344956623	1438729	237	146		https://sra-downloadb.be-md.ncbi.nlm.nih.gov/sos12/sra-pub-zq-1216/SRR008/114/SRR8114046.sralite.1	SRX4940466	M2.1-V1-saliva-metaG	WGS	RANDOM	METAGENOMIC	PAIRED	0	0	ILLUMINA	NextSeq 500	SRP072561	PRJNA289586	2	289586	SRS3984262	SAMN09837381	simple	447426	human oral metagenome	M2.1-V1-saliva							no					LUXEMBOURG CENTRE FOR SYSTEMS BIOMEDICINE	SRA799471		public	A66B3581221598CEE10EB27B4E0CF9A9	2A135566B88A975A74FFDB0F6BDDA914
SRR8114047	2019-03-26 11:03:14	2018-10-26 12:41:50	7353601	1938781945	7314308	263	806		https://sra-downloadb.be-md.ncbi.nlm.nih.gov/sos12/sra-pub-zq-1216/SRR008/114/SRR8114047.sralite.1	SRX4940465	M2.1-V2-saliva-metaG	WGS	RANDOM	METAGENOMIC	PAIRED	0	0	ILLUMINA	NextSeq 500	SRP072561	PRJNA289586	2	289586	SRS3984261	SAMN09837382	simple	447426	human oral metagenome	M2.1-V2-saliva							no					LUXEMBOURG CENTRE FOR SYSTEMS BIOMEDICINE	SRA799471		public	5A399B77DE6C9CE4477CC5CAFA9507F7	26BAFF095D9F24AD0C46662ABADDC622
SRR8114048	2019-03-26 11:03:14	2018-10-26 12:41:24	4130993	1104941171	4077568	267	445		https://sra-downloadb.be-md.ncbi.nlm.nih.gov/sos12/sra-pub-zq-1214/SRR008/114/SRR8114048.sralite.1	SRX4940464	M2.1-V3-saliva-metaG	WGS	RANDOM	METAGENOMIC	PAIRED	0	0	ILLUMINA	NextSeq 500	SRP072561	PRJNA289586	2	289586	SRS3984260	SAMN09837383	simple	447426	human oral metagenome	M2.1-V3-saliva							no					LUXEMBOURG CENTRE FOR SYSTEMS BIOMEDICINE	SRA799471		public	6CE3FE81EE46216FB43886F1D059CC7F	7F0C1D2C8A176F5C9E338114E420BF6E
SRR8114039	2019-03-26 11:03:14	2018-10-26 12:44:27	12661898	3433103835	12622320	271	1403		https://sra-downloadb.be-md.ncbi.nlm.nih.gov/sos9/sra-pub-zq-922/SRR008/114/SRR8114039.sralite.1	SRX4940473	M2.2-V2-saliva-metaG	WGS	RANDOM	METAGENOMIC	PAIRED	0	0	ILLUMINA	NextSeq 500	SRP072561	PRJNA289586	2	289586	SRS3984269	SAMN09837384	simple	447426	human oral metagenome	M2.2-V2-saliva							no					LUXEMBOURG CENTRE FOR SYSTEMS BIOMEDICINE	SRA799471		public	77C5EB89385E68AD3BE3FC4CB905DD33	302E9BD88DBCB496897A641CF34AD36F
SRR8114040	2019-03-26 11:03:14	2018-10-26 12:40:06	4314770	1136086702	4279269	263	464		https://sra-downloadb.be-md.ncbi.nlm.nih.gov/sos12/sra-pub-zq-1214/SRR008/114/SRR8114040.sralite.1	SRX4940472	M2.2-V3-saliva-metaG	WGS	RANDOM	METAGENOMIC	PAIRED	0	0	ILLUMINA	NextSeq 500	SRP072561	PRJNA289586	2	289586	SRS3984268	SAMN09837385	simple	447426	human oral metagenome	M2.2-V3-saliva							no					LUXEMBOURG CENTRE FOR SYSTEMS BIOMEDICINE	SRA799471		public	87A9812014A4225AED8F813874F59E7D	5F806F74FDA2EC6B1FAD943B47B7861A
SRR8114054	2019-03-26 11:03:14	2018-10-26 12:49:57	12695404	3442805832	12591934	271	1403		https://sra-downloadb.be-md.ncbi.nlm.nih.gov/sos12/sra-pub-zq-1216/SRR008/114/SRR8114054.sralite.1	SRX4940458	M2.3-V1-saliva-metaG	WGS	RANDOM	METAGENOMIC	PAIRED	0	0	ILLUMINA	NextSeq 500	SRP072561	PRJNA289586	2	289586	SRS3984254	SAMN09837386	simple	447426	human oral metagenome	M2.3-V1-saliva							no					LUXEMBOURG CENTRE FOR SYSTEMS BIOMEDICINE	SRA799471		public	90D35AE1968085D10B959A3CCFE6027F	C1F858A30918DD50A0D3C0A6FFBAEC8A
SRR8114053	2019-03-26 11:03:14	2018-10-26 12:49:03	20774542	5699194410	20563356	274	2285		https://sra-downloadb.be-md.ncbi.nlm.nih.gov/sos12/sra-pub-zq-1216/SRR008/114/SRR8114053.sralite.1	SRX4940459	M2.3-V2-saliva-metaG	WGS	RANDOM	METAGENOMIC	PAIRED	0	0	ILLUMINA	Illumina HiSeq 4000	SRP072561	PRJNA289586	2	289586	SRS3984256	SAMN09837387	simple	447426	human oral metagenome	M2.3-V2-saliva							no					LUXEMBOURG CENTRE FOR SYSTEMS BIOMEDICINE	SRA799471		public	65ACF1CA908F3ECAE3980954DADFE7E2	2B12A9F0CAC6FF5BD2F9E0F6AD5728D4
SRR8114056	2019-03-26 11:03:14	2018-10-26 12:45:34	14263997	3904766646	14042091	273	1551		https://sra-downloadb.be-md.ncbi.nlm.nih.gov/sos9/sra-pub-zq-922/SRR008/114/SRR8114056.sralite.1	SRX4940456	M2.3-V3-saliva-metaG	WGS	RANDOM	METAGENOMIC	PAIRED	0	0	ILLUMINA	Illumina HiSeq 4000	SRP072561	PRJNA289586	2	289586	SRS3984252	SAMN09837388	simple	447426	human oral metagenome	M2.3-V3-saliva							no					LUXEMBOURG CENTRE FOR SYSTEMS BIOMEDICINE	SRA799471		public	8EB456000B5BEB47A1A4365A4E7714A7	FB4DCB7B3A41AB6F3584AD04C37A8288
SRR8114055	2019-03-26 11:03:14	2018-10-26 12:42:07	8488758	2075722671	8206561	244	878		https://sra-downloadb.be-md.ncbi.nlm.nih.gov/sos12/sra-pub-zq-1216/SRR008/114/SRR8114055.sralite.1	SRX4940457	M2.4-V1-saliva-metaG	WGS	RANDOM	METAGENOMIC	PAIRED	0	0	ILLUMINA	Illumina HiSeq 4000	SRP072561	PRJNA289586	2	289586	SRS3984253	SAMN09837389	simple	447426	human oral metagenome	M2.4-V1-saliva							no					LUXEMBOURG CENTRE FOR SYSTEMS BIOMEDICINE	SRA799471		public	D7C3A419135F79AA3DA433E57D18FD55	B4FF468CF310D58975EBE9B7F86B0885
SRR8114050	2019-03-26 11:03:14	2018-10-26 12:39:10	1685662	404501632	1659515	239	169		https://sra-downloadb.be-md.ncbi.nlm.nih.gov/sos9/sra-pub-zq-922/SRR008/114/SRR8114050.sralite.1	SRX4940462	M2.4-V3-saliva-metaG	WGS	RANDOM	METAGENOMIC	PAIRED	0	0	ILLUMINA	NextSeq 500	SRP072561	PRJNA289586	2	289586	SRS3984258	SAMN09837391	simple	447426	human oral metagenome	M2.4-V3-saliva							no					LUXEMBOURG CENTRE FOR SYSTEMS BIOMEDICINE	SRA799471		public	11A9D1F6951736893CE7855C1C1906C3	CABE8D6580FB822B77CB5AD153C7EBDA
SRR8114049	2019-03-26 11:03:14	2018-10-26 12:40:22	4385869	1171595942	4311604	267	473		https://sra-downloadb.be-md.ncbi.nlm.nih.gov/sos12/sra-pub-zq-1214/SRR008/114/SRR8114049.sralite.1	SRX4940463	M2.5-V1-saliva-metaG	WGS	RANDOM	METAGENOMIC	PAIRED	0	0	ILLUMINA	Illumina HiSeq 4000	SRP072561	PRJNA289586	2	289586	SRS3984259	SAMN09837392	simple	447426	human oral metagenome	M2.5-V1-saliva							no					LUXEMBOURG CENTRE FOR SYSTEMS BIOMEDICINE	SRA799471		public	C1C30CBEB74231CF397009F84778D7A3	F9FF6CFC596427DA5CDBBEED041F2C54
SRR8114013	2019-03-26 11:03:15	2018-10-26 12:43:27	7561313	2032969296	7447718	268	825		https://sra-downloadb.be-md.ncbi.nlm.nih.gov/sos9/sra-pub-zq-922/SRR008/114/SRR8114013.sralite.1	SRX4940499	M3.1-V2-saliva-metaG	WGS	RANDOM	METAGENOMIC	PAIRED	0	0	ILLUMINA	Illumina HiSeq 4000	SRP072561	PRJNA289586	2	289586	SRS3984295	SAMN09842354	simple	447426	human oral metagenome	M3.1-V2-saliva							no					LUXEMBOURG CENTRE FOR SYSTEMS BIOMEDICINE	SRA799471		public	7E5B932A743AEAD9433717BD17ED918C	B7F0DFFFA9BA3233FE682E24564673DA
SRR8114014	2019-03-26 11:03:15	2018-10-26 12:42:54	7328769	1862692487	6869198	254	756		https://sra-downloadb.be-md.ncbi.nlm.nih.gov/sos12/sra-pub-zq-1216/SRR008/114/SRR8114014.sralite.1	SRX4940498	M3.1-V3-saliva-metaG	WGS	RANDOM	METAGENOMIC	PAIRED	0	0	ILLUMINA	Illumina HiSeq 4000	SRP072561	PRJNA289586	2	289586	SRS3984294	SAMN09842355	simple	447426	human oral metagenome	M3.1-V3-saliva							no					LUXEMBOURG CENTRE FOR SYSTEMS BIOMEDICINE	SRA799471		public	1CB7B88D8737BFC1138369BCF3192BEC	D18AAF627B70CC53BA9EFE7D3359DB69
SRR8114009	2019-03-26 11:03:15	2018-10-26 12:42:53	7932510	2060817957	7607503	259	832		https://sra-downloadb.be-md.ncbi.nlm.nih.gov/sos9/sra-pub-zq-922/SRR008/114/SRR8114009.sralite.1	SRX4940503	M3.3-V1-saliva-metaG	WGS	RANDOM	METAGENOMIC	PAIRED	0	0	ILLUMINA	Illumina HiSeq 4000	SRP072561	PRJNA289586	2	289586	SRS3984307	SAMN09842356	simple	447426	human oral metagenome	M3.3-V1-saliva							no					LUXEMBOURG CENTRE FOR SYSTEMS BIOMEDICINE	SRA799471		public	E09B06B3245F8473BB33863EF0E6107D	627C68997785DD08EFC1B714030A7EBA
SRR8114010	2019-03-26 11:03:15	2018-10-26 12:46:25	12106905	3302270265	11974867	272	1335		https://sra-downloadb.be-md.ncbi.nlm.nih.gov/sos12/sra-pub-zq-1216/SRR008/114/SRR8114010.sralite.1	SRX4940502	M3.3-V2-saliva-metaG	WGS	RANDOM	METAGENOMIC	PAIRED	0	0	ILLUMINA	Illumina HiSeq 4000	SRP072561	PRJNA289586	2	289586	SRS3984298	SAMN09842357	simple	447426	human oral metagenome	M3.3-V2-saliva							no					LUXEMBOURG CENTRE FOR SYSTEMS BIOMEDICINE	SRA799471		public	45A2B06BB38E61C1A43EB919052A1FA9	438E12ACC13C5F7A99893CB66956C28E
SRR8114052	2019-03-26 11:03:14	2018-10-26 12:44:01	10380019	2807829624	10267314	270	1145		https://sra-downloadb.be-md.ncbi.nlm.nih.gov/sos9/sra-pub-zq-922/SRR008/114/SRR8114052.sralite.1	SRX4940460	M3.3-V3-saliva-metaG	WGS	RANDOM	METAGENOMIC	PAIRED	0	0	ILLUMINA	Illumina HiSeq 4000	SRP072561	PRJNA289586	2	289586	SRS3984255	SAMN09837394	simple	447426	human oral metagenome	M3.3-V3-saliva							no					LUXEMBOURG CENTRE FOR SYSTEMS BIOMEDICINE	SRA799471		public	3B80C51B4AE315C9E1687EC2C79831A1	5431905BDFED10B5CBF5D0A39C025653
SRR8114064	2019-03-26 11:03:14	2018-10-26 12:44:35	13799692	3386764427	13779417	245	1522		https://sra-downloadb.be-md.ncbi.nlm.nih.gov/sos9/sra-pub-zq-922/SRR008/114/SRR8114064.sralite.1	SRX4940448	M3.4-V1-saliva-metaG	WGS	RANDOM	METAGENOMIC	PAIRED	0	0	ILLUMINA	Illumina HiSeq 4000	SRP072561	PRJNA289586	2	289586	SRS3984244	SAMN09842358	simple	447426	human oral metagenome	M3.4-V1-saliva							no					LUXEMBOURG CENTRE FOR SYSTEMS BIOMEDICINE	SRA799471		public	E246152122F5A16AB3E4B38140C6BD79	835292102C475B34C53B1060CC46AEE5
SRR8114051	2019-03-26 11:03:14	2018-10-26 12:43:22	9342422	2175984282	9316059	232	1010		https://sra-downloadb.be-md.ncbi.nlm.nih.gov/sos12/sra-pub-zq-1211/SRR008/114/SRR8114051/SRR8114051.sralite.1	SRX4940461	M3.4-V2-saliva-metaG	WGS	RANDOM	METAGENOMIC	PAIRED	0	0	ILLUMINA	Illumina HiSeq 4000	SRP072561	PRJNA289586	2	289586	SRS3984257	SAMN09837395	simple	447426	human oral metagenome	M3.4-V2-saliva							no					LUXEMBOURG CENTRE FOR SYSTEMS BIOMEDICINE	SRA799471		public	6D21314095F8CBD981473B3F8E77C380	6F7655C7FA95D8F24159434E7B5E14F6
SRR8114063	2019-03-26 11:03:14	2018-10-26 12:47:36	21102012	4345846073	21072922	205	1964		https://sra-downloadb.be-md.ncbi.nlm.nih.gov/sos12/sra-pub-zq-1216/SRR008/114/SRR8114063.sralite.1	SRX4940449	M3.4-V3-saliva-metaG	WGS	RANDOM	METAGENOMIC	PAIRED	0	0	ILLUMINA	Illumina HiSeq 4000	SRP072561	PRJNA289586	2	289586	SRS3984245	SAMN09842359	simple	447426	human oral metagenome	M3.4-V3-saliva							no					LUXEMBOURG CENTRE FOR SYSTEMS BIOMEDICINE	SRA799471		public	46DBAD0217B716BAA1E45FE42D986ACC	441B4270D64C232FCAAA55AFE8467713
SRR8114058	2019-03-26 11:03:14	2018-10-26 12:44:18	9439260	2541735615	9317430	269	1041		https://sra-downloadb.be-md.ncbi.nlm.nih.gov/sos12/sra-pub-zq-1216/SRR008/114/SRR8114058.sralite.1	SRX4940454	M3.5-V1-saliva-metaG	WGS	RANDOM	METAGENOMIC	PAIRED	0	0	ILLUMINA	Illumina HiSeq 4000	SRP072561	PRJNA289586	2	289586	SRS3984250	SAMN09837396	simple	447426	human oral metagenome	M3.5-V1-saliva							no					LUXEMBOURG CENTRE FOR SYSTEMS BIOMEDICINE	SRA799471		public	EDBBF95FEA1B7C20DC0F8F70E2740392	001E419F59352A3D4A04C3FA20FD537C
SRR8114057	2019-03-26 11:03:14	2018-10-26 12:41:39	5220557	1052913248	5200331	201	495		https://sra-downloadb.be-md.ncbi.nlm.nih.gov/sos12/sra-pub-zq-1216/SRR008/114/SRR8114057.sralite.1	SRX4940455	M4.1-V3-saliva-metaG	WGS	RANDOM	METAGENOMIC	PAIRED	0	0	ILLUMINA	Illumina HiSeq 4000	SRP072561	PRJNA289586	2	289586	SRS3984251	SAMN09837397	simple	447426	human oral metagenome	M4.1-V3-saliva							no					LUXEMBOURG CENTRE FOR SYSTEMS BIOMEDICINE	SRA799471		public	78CB5A87261520D004EDF79F758CDB03	803BE210D711227217F17853C557CCA6
SRR8114065	2019-03-26 11:03:14	2018-10-26 12:40:14	4746091	1082466375	4736131	228	500		https://sra-downloadb.be-md.ncbi.nlm.nih.gov/sos12/sra-pub-zq-1214/SRR008/114/SRR8114065.sralite.1	SRX4940447	M4.2-V1-saliva-metaG	WGS	RANDOM	METAGENOMIC	PAIRED	0	0	ILLUMINA	Illumina HiSeq 4000	SRP072561	PRJNA289586	2	289586	SRS3984243	SAMN09842361	simple	447426	human oral metagenome	M4.2-V1-saliva							no					LUXEMBOURG CENTRE FOR SYSTEMS BIOMEDICINE	SRA799471		public	5C9EC72CFC64A75ABD54778623DA4314	7F6FE1877FB98B5326849B9714A24DD9
SRR8114060	2019-03-26 11:03:14	2018-10-26 12:46:00	11190712	2927691320	10867469	261	1187		https://sra-downloadb.be-md.ncbi.nlm.nih.gov/sos12/sra-pub-zq-1216/SRR008/114/SRR8114060.sralite.1	SRX4940452	M4.3-V3-saliva-metaG	WGS	RANDOM	METAGENOMIC	PAIRED	0	0	ILLUMINA	Illumina HiSeq 4000	SRP072561	PRJNA289586	2	289586	SRS3984248	SAMN09842362	simple	447426	human oral metagenome	M4.3-V3-saliva							no					LUXEMBOURG CENTRE FOR SYSTEMS BIOMEDICINE	SRA799471		public	B27DC6C6BBA3332563CDBD5254F5DCF7	65185BE032D22AB27268542422A1BF80
SRR8114059	2019-03-26 11:03:14	2018-10-26 12:40:21	5331861	950340338	5315756	178	456		https://sra-downloadb.be-md.ncbi.nlm.nih.gov/sos12/sra-pub-zq-1214/SRR008/114/SRR8114059.sralite.1	SRX4940453	M4.5-V1-saliva-metaG	WGS	RANDOM	METAGENOMIC	PAIRED	0	0	ILLUMINA	Illumina HiSeq 4000	SRP072561	PRJNA289586	2	289586	SRS3984249	SAMN09842363	simple	447426	human oral metagenome	M4.5-V1-saliva							no					LUXEMBOURG CENTRE FOR SYSTEMS BIOMEDICINE	SRA799471		public	B5BAE03C89B6F74D044DFAD9E2A69997	576DF382991A7269F286AABE8B3E48FD
SRR8114062	2019-03-26 11:03:14	2018-10-26 12:44:38	5297532	1404463400	5200829	265	574		https://sra-downloadb.be-md.ncbi.nlm.nih.gov/sos9/sra-pub-zq-922/SRR008/114/SRR8114062.sralite.1	SRX4940450	M4.5-V2-saliva-metaG	WGS	RANDOM	METAGENOMIC	PAIRED	0	0	ILLUMINA	Illumina HiSeq 4000	SRP072561	PRJNA289586	2	289586	SRS3984246	SAMN09842364	simple	447426	human oral metagenome	M4.5-V2-saliva							no					LUXEMBOURG CENTRE FOR SYSTEMS BIOMEDICINE	SRA799471		public	15FC255D9B977C44EF998939B52ADE0E	9B07E1DE910D7F17D6B6C34F90DAAB54
SRR8114061	2019-03-26 11:03:14	2018-10-26 12:38:44	1171628	225631876	1071213	192	105		https://sra-downloadb.be-md.ncbi.nlm.nih.gov/sos12/sra-pub-zq-1216/SRR008/114/SRR8114061.sralite.1	SRX4940451	M4.6-V1-saliva-metaG	WGS	RANDOM	METAGENOMIC	PAIRED	0	0	ILLUMINA	Illumina HiSeq 4000	SRP072561	PRJNA289586	2	289586	SRS3984247	SAMN09842365	simple	447426	human oral metagenome	M4.6-V1-saliva							no					LUXEMBOURG CENTRE FOR SYSTEMS BIOMEDICINE	SRA799471		public	FA70BBE16E776144AD97A7229AE987F9	B5BA037C31CA525FBF5322A8A42D1739
SRR8114034	2019-03-26 11:03:14	2018-10-26 12:45:34	14373914	3777170283	14155036	262	1574		https://sra-downloadb.be-md.ncbi.nlm.nih.gov/sos9/sra-pub-zq-922/SRR008/114/SRR8114034.sralite.1	SRX4940478	M8.4-V2-saliva-metaG	WGS	RANDOM	METAGENOMIC	PAIRED	0	0	ILLUMINA	Illumina HiSeq 4000	SRP072561	PRJNA289586	2	289586	SRS3984274	SAMN09837430	simple	447426	human oral metagenome	M8.4-V2-saliva							no					LUXEMBOURG CENTRE FOR SYSTEMS BIOMEDICINE	SRA799471		public	E6A37C65A5A6B369880F4A9F11BCCF45	41017C64ACE2B07E52C4CDD0777BCF48
SRR8114033	2019-03-26 11:03:14	2018-10-26 12:46:05	13378414	3474455598	13097804	259	1456		https://sra-downloadb.be-md.ncbi.nlm.nih.gov/sos12/sra-pub-zq-1216/SRR008/114/SRR8114033.sralite.1	SRX4940479	M8.4-V3-saliva-metaG	WGS	RANDOM	METAGENOMIC	PAIRED	0	0	ILLUMINA	Illumina HiSeq 4000	SRP072561	PRJNA289586	2	289586	SRS3984275	SAMN09837431	simple	447426	human oral metagenome	M8.4-V3-saliva							no					LUXEMBOURG CENTRE FOR SYSTEMS BIOMEDICINE	SRA799471		public	E37BFB6BB6A907DBA39DE725920D555A	BAE5F863C568F26B8982C25D4E556DDB
SRR8114116	2019-03-26 11:03:13	2018-10-26 12:48:30	22296286	4989032882	22288356	223	2275		https://sra-downloadb.be-md.ncbi.nlm.nih.gov/sos9/sra-pub-zq-922/SRR008/114/SRR8114116.sralite.1	SRX4940396	M11.1-V1-stool-metaG	WGS	RANDOM	METAGENOMIC	PAIRED	0	0	ILLUMINA	Illumina HiSeq 4000	SRP072561	PRJNA289586	2	289586	SRS3984191	SAMN09837353	simple	408170	human gut metagenome	M11.1-V1-stool							no					LUXEMBOURG CENTRE FOR SYSTEMS BIOMEDICINE	SRA799471		public	EC3309106539427182B23A61E26F202F	AAC9BA71455B6797848C60AC3EADE51D
SRR8114109	2019-03-26 11:03:13	2018-10-26 12:56:24	33357362	7682865419	33345791	230	3435		https://sra-downloadb.be-md.ncbi.nlm.nih.gov/sos9/sra-pub-zq-922/SRR008/114/SRR8114109.sralite.1	SRX4940403	M11.1-V2-stool-metaG	WGS	RANDOM	METAGENOMIC	PAIRED	0	0	ILLUMINA	Illumina HiSeq 4000	SRP072561	PRJNA289586	2	289586	SRS3984198	SAMN09837354	simple	408170	human gut metagenome	M11.1-V2-stool							no					LUXEMBOURG CENTRE FOR SYSTEMS BIOMEDICINE	SRA799471		public	85AFA1A20E333652371A0E4217E911BE	C3C1917044C158C617BDA1CF97C4ECF5
SRR8114108	2019-03-26 11:03:13	2018-10-26 12:48:25	20358591	4603463936	20353130	226	2078		https://sra-downloadb.be-md.ncbi.nlm.nih.gov/sos12/sra-pub-zq-1216/SRR008/114/SRR8114108.sralite.1	SRX4940404	M11.1-V3-stool-metaG	WGS	RANDOM	METAGENOMIC	PAIRED	0	0	ILLUMINA	Illumina HiSeq 4000	SRP072561	PRJNA289586	2	289586	SRS3984199	SAMN09837355	simple	408170	human gut metagenome	M11.1-V3-stool							no					LUXEMBOURG CENTRE FOR SYSTEMS BIOMEDICINE	SRA799471		public	0CA95D17EF268E0C2E260631C4280E9E	AD873010319316DDF633642A23D5D67E
SRR8114122	2019-03-26 11:03:13	2018-10-26 12:49:51	24597028	5698933709	24590617	231	2520		https://sra-downloadb.be-md.ncbi.nlm.nih.gov/sos12/sra-pub-zq-1216/SRR008/114/SRR8114122.sralite.1	SRX4940390	M11.3-V1-stool-metaG	WGS	RANDOM	METAGENOMIC	PAIRED	0	0	ILLUMINA	Illumina HiSeq 4000	SRP072561	PRJNA289586	2	289586	SRS3984185	SAMN09837356	simple	408170	human gut metagenome	M11.3-V1-stool							no					LUXEMBOURG CENTRE FOR SYSTEMS BIOMEDICINE	SRA799471		public	A03938CEE37221B2197835BC482C832D	56985AA4BE814F517284EADED66627C8
SRR8114123	2019-03-26 11:03:12	2018-10-26 12:51:02	22066971	4964828023	22061819	224	2268		https://sra-downloadb.be-md.ncbi.nlm.nih.gov/sos12/sra-pub-zq-1214/SRR008/114/SRR8114123.sralite.1	SRX4940389	M11.3-V2-stool-metaG	WGS	RANDOM	METAGENOMIC	PAIRED	0	0	ILLUMINA	Illumina HiSeq 4000	SRP072561	PRJNA289586	2	289586	SRS3984184	SAMN09837357	simple	408170	human gut metagenome	M11.3-V2-stool							no					LUXEMBOURG CENTRE FOR SYSTEMS BIOMEDICINE	SRA799471		public	6871DCD072A36B7BC9309E525BC32481	8D88F43293FAEF181DCC6E5D8484F03C
SRR8114120	2019-03-26 11:03:13	2018-10-26 12:50:56	22303128	5085914945	22297389	228	2393		https://sra-downloadb.be-md.ncbi.nlm.nih.gov/sos12/sra-pub-zq-1214/SRR008/114/SRR8114120.sralite.1	SRX4940392	M11.4-V1-stool-metaG	WGS	RANDOM	METAGENOMIC	PAIRED	0	0	ILLUMINA	Illumina HiSeq 4000	SRP072561	PRJNA289586	2	289586	SRS3984188	SAMN09837358	simple	408170	human gut metagenome	M11.4-V1-stool							no					LUXEMBOURG CENTRE FOR SYSTEMS BIOMEDICINE	SRA799471		public	CC3F053C33FF8522EEBD01706EEAC19B	27FDB608DBE22AFCD42E092A30BC1B59
SRR8114121	2019-03-26 11:03:13	2018-10-26 12:46:52	18156008	4366277525	18150129	240	1937		https://sra-downloadb.be-md.ncbi.nlm.nih.gov/sos12/sra-pub-zq-1216/SRR008/114/SRR8114121.sralite.1	SRX4940391	M11.4-V2-stool-metaG	WGS	RANDOM	METAGENOMIC	PAIRED	0	0	ILLUMINA	Illumina HiSeq 4000	SRP072561	PRJNA289586	2	289586	SRS3984186	SAMN09837359	simple	408170	human gut metagenome	M11.4-V2-stool							no					LUXEMBOURG CENTRE FOR SYSTEMS BIOMEDICINE	SRA799471		public	E19F5112404F79650E01D617B50CAFFF	89EB5E92CB4854A2024EFF6D62F70D76
SRR8114124	2019-03-26 11:03:12	2018-10-26 12:48:21	20455313	5011756417	20411735	245	2126		https://sra-downloadb.be-md.ncbi.nlm.nih.gov/sos9/sra-pub-zq-922/SRR008/114/SRR8114124.sralite.1	SRX4940388	M11.5-V2-stool-metaG	WGS	RANDOM	METAGENOMIC	PAIRED	0	0	ILLUMINA	Illumina HiSeq 4000	SRP072561	PRJNA289586	2	289586	SRS3984183	SAMN09837362	simple	408170	human gut metagenome	M11.5-V2-stool							no					LUXEMBOURG CENTRE FOR SYSTEMS BIOMEDICINE	SRA799471		public	0F20BD3F874851A31A375B02DF61E251	E07CB304D318A4CBE076DC8BE261F785
SRR8114125	2019-03-26 11:03:12	2018-10-26 12:53:26	27634554	6707883561	27622200	242	2907		https://sra-downloadb.be-md.ncbi.nlm.nih.gov/sos12/sra-pub-zq-1214/SRR008/114/SRR8114125.sralite.1	SRX4940387	M11.5-V3-stool-metaG	WGS	RANDOM	METAGENOMIC	PAIRED	0	0	ILLUMINA	Illumina HiSeq 4000	SRP072561	PRJNA289586	2	289586	SRS3984182	SAMN09837363	simple	408170	human gut metagenome	M11.5-V3-stool							no					LUXEMBOURG CENTRE FOR SYSTEMS BIOMEDICINE	SRA799471		public	F26A921D3138C21D3E8421FDB5143156	F7BCA778AE6431E498A1FF2A21562919
SRR8114118	2019-03-26 11:03:13	2018-10-26 12:51:01	29540380	6965606071	29530453	235	3143		https://sra-downloadb.be-md.ncbi.nlm.nih.gov/sos12/sra-pub-zq-1216/SRR008/114/SRR8114118.sralite.1	SRX4940394	M11.6-V1-stool-metaG	WGS	RANDOM	METAGENOMIC	PAIRED	0	0	ILLUMINA	Illumina HiSeq 4000	SRP072561	PRJNA289586	2	289586	SRS3984189	SAMN09837364	simple	408170	human gut metagenome	M11.6-V1-stool							no					LUXEMBOURG CENTRE FOR SYSTEMS BIOMEDICINE	SRA799471		public	E3E311374A6FE0A359AEE39F00287B47	A1A3BB4B460A8578755F51B36586FCD9
SRR8114119	2019-03-26 11:03:13	2018-10-26 12:52:10	31592122	7392537636	31579591	233	3317		https://sra-downloadb.be-md.ncbi.nlm.nih.gov/sos12/sra-pub-zq-1214/SRR008/114/SRR8114119.sralite.1	SRX4940393	M11.6-V2-stool-metaG	WGS	RANDOM	METAGENOMIC	PAIRED	0	0	ILLUMINA	Illumina HiSeq 4000	SRP072561	PRJNA289586	2	289586	SRS3984187	SAMN09837365	simple	408170	human gut metagenome	M11.6-V2-stool							no					LUXEMBOURG CENTRE FOR SYSTEMS BIOMEDICINE	SRA799471		public	930907AC40BA87BDD14C738980D7297B	7CAC648E1CE38C16E363253FBA21F663
SRR8114066	2019-03-26 11:03:14	2018-10-26 12:39:29	2911181	639277465	2904132	219	296		https://sra-downloadb.be-md.ncbi.nlm.nih.gov/sos12/sra-pub-zq-1216/SRR008/114/SRR8114066.sralite.1	SRX4940446	M4.1-V1-saliva-metaG	WGS	RANDOM	METAGENOMIC	PAIRED	0	0	ILLUMINA	Illumina HiSeq 4000	SRP072561	PRJNA289586	2	289586	SRS3984242	SAMN09842360	simple	447426	human oral metagenome	M4.1-V1-saliva							no					LUXEMBOURG CENTRE FOR SYSTEMS BIOMEDICINE	SRA799471		public	342C4EBA6840AF0DEEB82A644625BCEA	672D3D3292968FE89BEF06C725017031
SRR8114074	2019-03-26 11:03:14	2018-10-26 12:38:51	1584859	274449866	1575296	173	139		https://sra-downloadb.be-md.ncbi.nlm.nih.gov/sos9/sra-pub-zq-922/SRR008/114/SRR8114074.sralite.1	SRX4940438	M4.2-V2-saliva-metaG	WGS	RANDOM	METAGENOMIC	PAIRED	0	0	ILLUMINA	Illumina HiSeq 4000	SRP072561	PRJNA289586	2	289586	SRS3984233	SAMN09837398	simple	447426	human oral metagenome	M4.2-V2-saliva							no					LUXEMBOURG CENTRE FOR SYSTEMS BIOMEDICINE	SRA799471		public	D09C4AA1016A2C676D52CDD7424F6E3D	39172024020917E6C4C5F77336EE0FB1
SRR8114075	2019-03-26 11:03:14	2018-10-26 12:39:56	3337885	764426582	3076346	229	325		https://sra-downloadb.be-md.ncbi.nlm.nih.gov/sos12/sra-pub-zq-1214/SRR008/114/SRR8114075.sralite.1	SRX4940437	M4.2-V3-saliva-metaG	WGS	RANDOM	METAGENOMIC	PAIRED	0	0	ILLUMINA	Illumina HiSeq 4000	SRP072561	PRJNA289586	2	289586	SRS3984232	SAMN09837399	simple	447426	human oral metagenome	M4.2-V3-saliva							no					LUXEMBOURG CENTRE FOR SYSTEMS BIOMEDICINE	SRA799471		public	136B93A4D4E2BB50444258111D947C72	7B01735F7D23F6E09F61A31846F55F2D
SRR8114072	2019-03-26 11:03:14	2018-10-26 12:42:24	8726678	2257453850	8613301	258	965		https://sra-downloadb.be-md.ncbi.nlm.nih.gov/sos12/sra-pub-zq-1216/SRR008/114/SRR8114072.sralite.1	SRX4940440	M4.3-V1-saliva-metaG	WGS	RANDOM	METAGENOMIC	PAIRED	0	0	ILLUMINA	Illumina HiSeq 4000	SRP072561	PRJNA289586	2	289586	SRS3984235	SAMN09837400	simple	447426	human oral metagenome	M4.3-V1-saliva							no					LUXEMBOURG CENTRE FOR SYSTEMS BIOMEDICINE	SRA799471		public	76212D097F20C13F1565DCA0F12475D7	966FE8B5BF6B03C7CC3E6D0A2C054922
SRR8114073	2019-03-26 11:03:14	2018-10-26 12:50:37	7090927	1830816657	6982061	258	763		https://sra-downloadb.be-md.ncbi.nlm.nih.gov/sos12/sra-pub-zq-1216/SRR008/114/SRR8114073.sralite.1	SRX4940439	M4.4-V1-saliva-metaG	WGS	RANDOM	METAGENOMIC	PAIRED	0	0	ILLUMINA	Illumina HiSeq 4000	SRP072561	PRJNA289586	2	289586	SRS3984234	SAMN09837401	simple	447426	human oral metagenome	M4.4-V1-saliva							no					LUXEMBOURG CENTRE FOR SYSTEMS BIOMEDICINE	SRA799471		public	0BF2D48EFC65A59C1F6C5A66036ACD60	5DB50E1D9C3413F78CD271B8B66F2283
SRR8114070	2019-03-26 11:03:14	2018-10-26 12:42:19	6123398	1582314006	5960386	258	651		https://sra-downloadb.be-md.ncbi.nlm.nih.gov/sos12/sra-pub-zq-1216/SRR008/114/SRR8114070.sralite.1	SRX4940442	M4.4-V3-saliva-metaG	WGS	RANDOM	METAGENOMIC	PAIRED	0	0	ILLUMINA	Illumina HiSeq 4000	SRP072561	PRJNA289586	2	289586	SRS3984237	SAMN09837402	simple	447426	human oral metagenome	M4.4-V3-saliva							no					LUXEMBOURG CENTRE FOR SYSTEMS BIOMEDICINE	SRA799471		public	6DA435A02FFA3376E0DC9C51342F34D5	CCDB3873F45738E53F8441A728985FE8
SRR8114071	2019-03-26 11:03:14	2018-10-26 12:40:44	5142393	1303851460	4983075	253	536		https://sra-downloadb.be-md.ncbi.nlm.nih.gov/sos12/sra-pub-zq-1214/SRR008/114/SRR8114071.sralite.1	SRX4940441	M4.5-V3-saliva-metaG	WGS	RANDOM	METAGENOMIC	PAIRED	0	0	ILLUMINA	Illumina HiSeq 4000	SRP072561	PRJNA289586	2	289586	SRS3984236	SAMN09837403	simple	447426	human oral metagenome	M4.5-V3-saliva							no					LUXEMBOURG CENTRE FOR SYSTEMS BIOMEDICINE	SRA799471		public	79F86E5B40AC4BE0B9DF033CA9E6EB78	FCCAA7B8DEC04C27369B704809F170F8
SRR8114068	2019-03-26 11:03:14	2018-10-26 12:40:28	4114502	1071702038	4069084	260	438		https://sra-downloadb.be-md.ncbi.nlm.nih.gov/sos12/sra-pub-zq-1214/SRR008/114/SRR8114068.sralite.1	SRX4940444	M4.6-V2-saliva-metaG	WGS	RANDOM	METAGENOMIC	PAIRED	0	0	ILLUMINA	Illumina HiSeq 4000	SRP072561	PRJNA289586	2	289586	SRS3984239	SAMN09837404	simple	447426	human oral metagenome	M4.6-V2-saliva							no					LUXEMBOURG CENTRE FOR SYSTEMS BIOMEDICINE	SRA799471		public	BA78DF7F8286E106D6686F794C716D79	23681AEA0BE44D2A92E46260F91F58CC
SRR8114069	2019-03-26 11:03:14	2018-10-26 12:39:39	3177874	752205808	3031704	236	325		https://sra-downloadb.be-md.ncbi.nlm.nih.gov/sos12/sra-pub-zq-1216/SRR008/114/SRR8114069.sralite.1	SRX4940443	M4.6-V3-saliva-metaG	WGS	RANDOM	METAGENOMIC	PAIRED	0	0	ILLUMINA	Illumina HiSeq 4000	SRP072561	PRJNA289586	2	289586	SRS3984238	SAMN09837405	simple	447426	human oral metagenome	M4.6-V3-saliva							no					LUXEMBOURG CENTRE FOR SYSTEMS BIOMEDICINE	SRA799471		public	EC186991F7DE87CF59F19D2E3A346EE8	4AE80B5B2BAD08CB23F1BBDF499C9B64
SRR8114076	2019-03-26 11:03:13	2018-10-26 12:42:09	8019051	2115416906	7942989	263	889		https://sra-downloadb.be-md.ncbi.nlm.nih.gov/sos12/sra-pub-zq-1216/SRR008/114/SRR8114076.sralite.1	SRX4940436	M5.1-V1-saliva-metaG	WGS	RANDOM	METAGENOMIC	PAIRED	0	0	ILLUMINA	Illumina HiSeq 4000	SRP072561	PRJNA289586	2	289586	SRS3984231	SAMN09837406	simple	447426	human oral metagenome	M5.1-V1-saliva							no					LUXEMBOURG CENTRE FOR SYSTEMS BIOMEDICINE	SRA799471		public	3C2F24D04E020F31321872EA47E49739	39C9D75B6BFDFD79DB4C647D819D38BD
SRR8114077	2019-03-26 11:03:13	2018-10-26 12:41:34	5849169	1559232286	5743862	266	638		https://sra-downloadb.be-md.ncbi.nlm.nih.gov/sos9/sra-pub-zq-922/SRR008/114/SRR8114077.sralite.1	SRX4940435	M5.1-V2-saliva-metaG	WGS	RANDOM	METAGENOMIC	PAIRED	0	0	ILLUMINA	Illumina HiSeq 4000	SRP072561	PRJNA289586	2	289586	SRS3984229	SAMN09837407	simple	447426	human oral metagenome	M5.1-V2-saliva							no					LUXEMBOURG CENTRE FOR SYSTEMS BIOMEDICINE	SRA799471		public	BAD0BBD97EED7ABB0A56AD606A07876F	9B38D6CEBE5CA3A5D286AADBC8EB6673
SRR8114083	2019-03-26 11:03:13	2018-10-26 12:39:58	3867743	947072752	3774716	244	407		https://sra-downloadb.be-md.ncbi.nlm.nih.gov/sos12/sra-pub-zq-1216/SRR008/114/SRR8114083.sralite.1	SRX4940429	M5.2-V1-saliva-metaG	WGS	RANDOM	METAGENOMIC	PAIRED	0	0	ILLUMINA	Illumina HiSeq 4000	SRP072561	PRJNA289586	2	289586	SRS3984224	SAMN09837408	simple	447426	human oral metagenome	M5.2-V1-saliva							no					LUXEMBOURG CENTRE FOR SYSTEMS BIOMEDICINE	SRA799471		public	0EC051CC177EA6ACE0EA2BAA9CA33567	8E7EAE6F3F9CB7217A1ECB24BD719696
SRR8114082	2019-03-26 11:03:13	2018-10-26 12:39:50	2050985	507712674	2039260	247	222		https://sra-downloadb.be-md.ncbi.nlm.nih.gov/sos9/sra-pub-zq-922/SRR008/114/SRR8114082.sralite.1	SRX4940430	M5.2-V2-saliva-metaG	WGS	RANDOM	METAGENOMIC	PAIRED	0	0	ILLUMINA	Illumina HiSeq 4000	SRP072561	PRJNA289586	2	289586	SRS3984226	SAMN09837409	simple	447426	human oral metagenome	M5.2-V2-saliva							no					LUXEMBOURG CENTRE FOR SYSTEMS BIOMEDICINE	SRA799471		public	CF9D69912B44FF747012FA017958C197	59AF6BE665EEF36080D8C8FB87705937
SRR8114081	2019-03-26 11:03:13	2018-10-26 12:40:31	2944428	619448475	2691658	210	281		https://sra-downloadb.be-md.ncbi.nlm.nih.gov/sos12/sra-pub-zq-1214/SRR008/114/SRR8114081.sralite.1	SRX4940431	M5.3-V1-saliva-metaG	WGS	RANDOM	METAGENOMIC	PAIRED	0	0	ILLUMINA	Illumina HiSeq 4000	SRP072561	PRJNA289586	2	289586	SRS3984225	SAMN09837410	simple	447426	human oral metagenome	M5.3-V1-saliva							no					LUXEMBOURG CENTRE FOR SYSTEMS BIOMEDICINE	SRA799471		public	084699C0CBF295F67F2952C687335C66	03511616C4B69DE4884EDF56652C4DFA
SRR8114080	2019-03-26 11:03:13	2018-10-26 12:40:25	4098404	917305264	3794519	223	399		https://sra-downloadb.be-md.ncbi.nlm.nih.gov/sos12/sra-pub-zq-1214/SRR008/114/SRR8114080.sralite.1	SRX4940432	M5.3-V2-saliva-metaG	WGS	RANDOM	METAGENOMIC	PAIRED	0	0	ILLUMINA	Illumina HiSeq 4000	SRP072561	PRJNA289586	2	289586	SRS3984227	SAMN09837411	simple	447426	human oral metagenome	M5.3-V2-saliva							no					LUXEMBOURG CENTRE FOR SYSTEMS BIOMEDICINE	SRA799471		public	28545A954958563E15170C89DEDDB850	E73C348339A1B7B88865D7A8ED361AFD
SRR8114087	2019-03-26 11:03:13	2018-10-26 12:41:35	7550206	1738728796	7544485	230	779		https://sra-downloadb.be-md.ncbi.nlm.nih.gov/sos9/sra-pub-zq-922/SRR008/114/SRR8114087.sralite.1	SRX4940425	M5.3-V3-saliva-metaG	WGS	RANDOM	METAGENOMIC	PAIRED	0	0	ILLUMINA	Illumina HiSeq 4000	SRP072561	PRJNA289586	2	289586	SRS3984220	SAMN09837412	simple	447426	human oral metagenome	M5.3-V3-saliva							no					LUXEMBOURG CENTRE FOR SYSTEMS BIOMEDICINE	SRA799471		public	9AE99FCB3BF0A85C21E53312CB1B535E	F3676AFA7331B7D1B33030863DECEEFF
SRR8114086	2019-03-26 11:03:13	2018-10-26 12:40:15	3515304	924418058	3456680	262	379		https://sra-downloadb.be-md.ncbi.nlm.nih.gov/sos12/sra-pub-zq-1214/SRR008/114/SRR8114086.sralite.1	SRX4940426	M5.4-V1-saliva-metaG	WGS	RANDOM	METAGENOMIC	PAIRED	0	0	ILLUMINA	Illumina HiSeq 4000	SRP072561	PRJNA289586	2	289586	SRS3984221	SAMN09837413	simple	447426	human oral metagenome	M5.4-V1-saliva							no					LUXEMBOURG CENTRE FOR SYSTEMS BIOMEDICINE	SRA799471		public	30DE6027730951CE149C860B97FA1F40	773A0CE917A7A4CEDCFB02D605426F1D
SRR8114085	2019-03-26 11:03:13	2018-10-26 12:39:44	2888684	712757255	2775149	246	300		https://sra-downloadb.be-md.ncbi.nlm.nih.gov/sos12/sra-pub-zq-1216/SRR008/114/SRR8114085.sralite.1	SRX4940427	M5.4-V2-saliva-metaG	WGS	RANDOM	METAGENOMIC	PAIRED	0	0	ILLUMINA	Illumina HiSeq 4000	SRP072561	PRJNA289586	2	289586	SRS3984222	SAMN09837414	simple	447426	human oral metagenome	M5.4-V2-saliva							no					LUXEMBOURG CENTRE FOR SYSTEMS BIOMEDICINE	SRA799471		public	F609135CABC48545D387538E587522CC	E5CD9F380602A833DA4B81A5E96344F2
SRR8114084	2019-03-26 11:03:13	2018-10-26 12:41:54	7119996	1876173251	6944238	263	761		https://sra-downloadb.be-md.ncbi.nlm.nih.gov/sos12/sra-pub-zq-1216/SRR008/114/SRR8114084.sralite.1	SRX4940428	M5.4-V3-saliva-metaG	WGS	RANDOM	METAGENOMIC	PAIRED	0	0	ILLUMINA	Illumina HiSeq 4000	SRP072561	PRJNA289586	2	289586	SRS3984223	SAMN09837415	simple	447426	human oral metagenome	M5.4-V3-saliva							no					LUXEMBOURG CENTRE FOR SYSTEMS BIOMEDICINE	SRA799471		public	79419D64ED3346D59FD2C08909CB668E	2F924A6993DE3C54CD49C42C9A773261
SRR8114104	2019-03-26 11:03:13	2018-10-26 12:49:59	24878357	5902078522	24869123	237	2610		https://sra-downloadb.be-md.ncbi.nlm.nih.gov/sos12/sra-pub-zq-1216/SRR008/114/SRR8114104.sralite.1	SRX4940408	M6.1-V1-stool-metaG	WGS	RANDOM	METAGENOMIC	PAIRED	0	0	ILLUMINA	Illumina HiSeq 4000	SRP072561	PRJNA289586	2	289586	SRS3984203	SAMN09837336	simple	408170	human gut metagenome	M6.1-V1-stool							no					LUXEMBOURG CENTRE FOR SYSTEMS BIOMEDICINE	SRA799471		public	FD0601312F1C4EC0A92131454C669B15	A1B75EE98015CA5E9AFE74C680D70E68
SRR8114079	2019-03-26 11:03:13	2018-10-26 12:41:26	7832441	1527424713	7813735	195	710		https://sra-downloadb.be-md.ncbi.nlm.nih.gov/sos12/sra-pub-zq-1214/SRR008/114/SRR8114079.sralite.1	SRX4940433	M6.1-V2-saliva-metaG	WGS	RANDOM	METAGENOMIC	PAIRED	0	0	ILLUMINA	Illumina HiSeq 4000	SRP072561	PRJNA289586	2	289586	SRS3984228	SAMN09837416	simple	447426	human oral metagenome	M6.1-V2-saliva							no					LUXEMBOURG CENTRE FOR SYSTEMS BIOMEDICINE	SRA799471		public	A92179D533043F2C57793FBCC5494034	1CA894B6C621E9845C6F1B24A8AC7978
SRR8114105	2019-03-26 11:03:13	2018-10-26 12:56:40	31050676	7943935482	30623976	255	3471		https://sra-downloadb.be-md.ncbi.nlm.nih.gov/sos9/sra-pub-zq-922/SRR008/114/SRR8114105.sralite.1	SRX4940407	M6.1-V2-stool-metaG	WGS	RANDOM	METAGENOMIC	PAIRED	0	0	ILLUMINA	Illumina HiSeq 4000	SRP072561	PRJNA289586	2	289586	SRS3984202	SAMN09837337	simple	408170	human gut metagenome	M6.1-V2-stool							no					LUXEMBOURG CENTRE FOR SYSTEMS BIOMEDICINE	SRA799471		public	3EA741D9C87CEFD0FF6CDC1298AC0CE9	BA246CB26CC6EEAF1980B5A0DDE34BCD
SRR8114078	2019-03-26 11:03:13	2018-10-26 12:45:50	8519646	2102564261	8479498	246	934		https://sra-downloadb.be-md.ncbi.nlm.nih.gov/sos12/sra-pub-zq-1216/SRR008/114/SRR8114078.sralite.1	SRX4940434	M6.2-V1-saliva-metaG	WGS	RANDOM	METAGENOMIC	PAIRED	0	0	ILLUMINA	Illumina HiSeq 4000	SRP072561	PRJNA289586	2	289586	SRS3984230	SAMN09837417	simple	447426	human oral metagenome	M6.2-V1-saliva							no					LUXEMBOURG CENTRE FOR SYSTEMS BIOMEDICINE	SRA799471		public	71130ED9F15531DBF3A9DE51534CD04B	BC219880C81BE4838066B7AF69DBFB48
SRR8114106	2019-03-26 11:03:13	2018-10-26 12:51:35	24644400	5714293176	24637684	231	2591		https://sra-downloadb.be-md.ncbi.nlm.nih.gov/sos12/sra-pub-zq-1214/SRR008/114/SRR8114106.sralite.1	SRX4940406	M6.2-V1-stool-metaG	WGS	RANDOM	METAGENOMIC	PAIRED	0	0	ILLUMINA	Illumina HiSeq 4000	SRP072561	PRJNA289586	2	289586	SRS3984201	SAMN09837338	simple	408170	human gut metagenome	M6.2-V1-stool							no					LUXEMBOURG CENTRE FOR SYSTEMS BIOMEDICINE	SRA799471		public	6CF26EB077AF4B131066D54F64C9EE94	B2891AB501FB13C2E2DE2FDE23EFE9B0
SRR8114092	2019-03-26 11:03:13	2018-10-26 12:40:39	4500533	1182649582	4367175	262	475		https://sra-downloadb.be-md.ncbi.nlm.nih.gov/sos12/sra-pub-zq-1214/SRR008/114/SRR8114092.sralite.1	SRX4940420	M6.2-V3-saliva-metaG	WGS	RANDOM	METAGENOMIC	PAIRED	0	0	ILLUMINA	Illumina HiSeq 4000	SRP072561	PRJNA289586	2	289586	SRS3984215	SAMN09837418	simple	447426	human oral metagenome	M6.2-V3-saliva							no					LUXEMBOURG CENTRE FOR SYSTEMS BIOMEDICINE	SRA799471		public	E5DF581ECE9B57D35378FDF8C3DE4604	701A8EFA39DB0B5C52D27E6FD1380BEA
SRR8114107	2019-03-26 11:03:13	2018-10-26 12:58:04	40434297	9806558769	40420772	242	4192		https://sra-downloadb.be-md.ncbi.nlm.nih.gov/sos12/sra-pub-zq-1216/SRR008/114/SRR8114107.sralite.1	SRX4940405	M6.2-V3-stool-metaG	WGS	RANDOM	METAGENOMIC	PAIRED	0	0	ILLUMINA	Illumina HiSeq 4000	SRP072561	PRJNA289586	2	289586	SRS3984200	SAMN09837339	simple	408170	human gut metagenome	M6.2-V3-stool							no					LUXEMBOURG CENTRE FOR SYSTEMS BIOMEDICINE	SRA799471		public	EDEB331D931A58E9196D4A9A5CC55489	F2192FF6D943E4097E0B5C94F2AC9C78
SRR8114093	2019-03-26 11:03:13	2018-10-26 12:40:27	4033376	1054534111	3900629	261	427		https://sra-downloadb.be-md.ncbi.nlm.nih.gov/sos12/sra-pub-zq-1214/SRR008/114/SRR8114093.sralite.1	SRX4940419	M6.3-V1-saliva-metaG	WGS	RANDOM	METAGENOMIC	PAIRED	0	0	ILLUMINA	Illumina HiSeq 4000	SRP072561	PRJNA289586	2	289586	SRS3984214	SAMN09837419	simple	447426	human oral metagenome	M6.3-V1-saliva							no					LUXEMBOURG CENTRE FOR SYSTEMS BIOMEDICINE	SRA799471		public	ACD46943B717663A5CF083CBF3D3D1CB	D9CBED12AE28265062E1C47E5B24D712
SRR8114100	2019-03-26 11:03:13	2018-10-26 12:57:09	38720880	9364703497	38708455	241	4045		https://sra-downloadb.be-md.ncbi.nlm.nih.gov/sos9/sra-pub-zq-922/SRR008/114/SRR8114100.sralite.1	SRX4940412	M6.3-V1-stool-metaG	WGS	RANDOM	METAGENOMIC	PAIRED	0	0	ILLUMINA	Illumina HiSeq 4000	SRP072561	PRJNA289586	2	289586	SRS3984207	SAMN09837340	simple	408170	human gut metagenome	M6.3-V1-stool							no					LUXEMBOURG CENTRE FOR SYSTEMS BIOMEDICINE	SRA799471		public	CB1994FF900A5457C649E48BD9702FCC	5B2DB7DB70A43F12441F1802C5024F73
SRR8114067	2019-03-26 11:03:14	2018-10-26 12:45:17	10723873	2650468827	10471780	247	1163		https://sra-downloadb.be-md.ncbi.nlm.nih.gov/sos9/sra-pub-zq-922/SRR008/114/SRR8114067.sralite.1	SRX4940445	M6.3-V2-saliva-metaG	WGS	RANDOM	METAGENOMIC	PAIRED	0	0	ILLUMINA	Illumina HiSeq 4000	SRP072561	PRJNA289586	2	289586	SRS3984240	SAMN09842366	simple	447426	human oral metagenome	M6.3-V2-saliva							no					LUXEMBOURG CENTRE FOR SYSTEMS BIOMEDICINE	SRA799471		public	8300C9265B3FEA0B373885D87C1325E0	4632B9ED555186C3721EF768C1D8ABEC
SRR8114101	2019-03-26 11:03:13	2018-10-26 12:52:54	30154199	7093378761	30136458	235	3167		https://sra-downloadb.be-md.ncbi.nlm.nih.gov/sos12/sra-pub-zq-1214/SRR008/114/SRR8114101.sralite.1	SRX4940411	M6.4-V2-stool-metaG	WGS	RANDOM	METAGENOMIC	PAIRED	0	0	ILLUMINA	Illumina HiSeq 4000	SRP072561	PRJNA289586	2	289586	SRS3984206	SAMN09837341	simple	408170	human gut metagenome	M6.4-V2-stool							no					LUXEMBOURG CENTRE FOR SYSTEMS BIOMEDICINE	SRA799471		public	5E714E1BD7F7230245EDDEDACC863481	4A7ECBF365206E4F0A6C970D7A0B7F2A
SRR8114094	2019-03-26 11:03:13	2018-10-26 12:43:37	9182848	2231512854	9132558	243	996		https://sra-downloadb.be-md.ncbi.nlm.nih.gov/sos9/sra-pub-zq-922/SRR008/114/SRR8114094.sralite.1	SRX4940418	M6.4-V3-saliva-metaG	WGS	RANDOM	METAGENOMIC	PAIRED	0	0	ILLUMINA	Illumina HiSeq 4000	SRP072561	PRJNA289586	2	289586	SRS3984213	SAMN09837421	simple	447426	human oral metagenome	M6.4-V3-saliva							no					LUXEMBOURG CENTRE FOR SYSTEMS BIOMEDICINE	SRA799471		public	B6914B6E716A6ACEB8E8261913DCE351	8E69D30F2C15DB881010F03906310452
SRR8114102	2019-03-26 11:03:13	2018-10-26 12:54:26	30013617	8070681588	29369130	268	3405		https://sra-downloadb.be-md.ncbi.nlm.nih.gov/sos12/sra-pub-zq-1216/SRR008/114/SRR8114102.sralite.1	SRX4940410	M6.4-V3-stool-metaG	WGS	RANDOM	METAGENOMIC	PAIRED	0	0	ILLUMINA	Illumina HiSeq 4000	SRP072561	PRJNA289586	2	289586	SRS3984205	SAMN09837342	simple	408170	human gut metagenome	M6.4-V3-stool							no					LUXEMBOURG CENTRE FOR SYSTEMS BIOMEDICINE	SRA799471		public	A588CB9623BB31EA8A899BD0F40204EA	81EFBEC41EF1B593DAED249CEF4E2E3C
SRR8114103	2019-03-26 11:03:13	2018-10-26 12:56:14	34222012	8219548455	34206838	240	3601		https://sra-downloadb.be-md.ncbi.nlm.nih.gov/sos9/sra-pub-zq-922/SRR008/114/SRR8114103.sralite.1	SRX4940409	M8.1-V1-stool-metaG	WGS	RANDOM	METAGENOMIC	PAIRED	0	0	ILLUMINA	Illumina HiSeq 4000	SRP072561	PRJNA289586	2	289586	SRS3984204	SAMN09837343	simple	408170	human gut metagenome	M8.1-V1-stool							no					LUXEMBOURG CENTRE FOR SYSTEMS BIOMEDICINE	SRA799471		public	2D5B31536971823A6547F68EE9E35EE6	067D05A050740E0456886A297C8A949E
SRR8114095	2019-03-26 11:03:13	2018-10-26 12:42:43	8375652	1795588186	8338517	214	831		https://sra-downloadb.be-md.ncbi.nlm.nih.gov/sos9/sra-pub-zq-922/SRR008/114/SRR8114095.sralite.1	SRX4940417	M8.1-V2-saliva-metaG	WGS	RANDOM	METAGENOMIC	PAIRED	0	0	ILLUMINA	Illumina HiSeq 4000	SRP072561	PRJNA289586	2	289586	SRS3984212	SAMN09837423	simple	447426	human oral metagenome	M8.1-V2-saliva							no					LUXEMBOURG CENTRE FOR SYSTEMS BIOMEDICINE	SRA799471		public	72CCB9ACFB4EED532CFC04A369A58A5D	E66A5E1E2A35C1F6F9963E93557440D5
SRR8114098	2019-03-26 11:03:13	2018-10-26 12:52:40	31954060	7709889312	31943250	241	3420		https://sra-downloadb.be-md.ncbi.nlm.nih.gov/sos12/sra-pub-zq-1214/SRR008/114/SRR8114098.sralite.1	SRX4940414	M8.1-V2-stool-metaG	WGS	RANDOM	METAGENOMIC	PAIRED	0	0	ILLUMINA	Illumina HiSeq 4000	SRP072561	PRJNA289586	2	289586	SRS3984209	SAMN09837344	simple	408170	human gut metagenome	M8.1-V2-stool							no					LUXEMBOURG CENTRE FOR SYSTEMS BIOMEDICINE	SRA799471		public	D6C22E44E28A61481E4C50C9BF7EE0C2	96A0F6EDC1F5D0F45ECE4E5A4F4646D8
SRR8114088	2019-03-26 11:03:13	2018-10-26 12:41:20	5685575	1404282132	5653849	246	625		https://sra-downloadb.be-md.ncbi.nlm.nih.gov/sos12/sra-pub-zq-1214/SRR008/114/SRR8114088.sralite.1	SRX4940424	M8.1-V3-saliva-metaG	WGS	RANDOM	METAGENOMIC	PAIRED	0	0	ILLUMINA	Illumina HiSeq 4000	SRP072561	PRJNA289586	2	289586	SRS3984219	SAMN09837424	simple	447426	human oral metagenome	M8.1-V3-saliva							no					LUXEMBOURG CENTRE FOR SYSTEMS BIOMEDICINE	SRA799471		public	F356DD529E9947A3AF83BD20D9B41FAA	AA9CE2583636A8CA064B62F0C686DB2B
SRR8114099	2019-03-26 11:03:13	2018-10-26 12:59:00	49548019	11687421903	49534597	235	5136		https://sra-downloadb.be-md.ncbi.nlm.nih.gov/sos9/sra-pub-zq-922/SRR008/114/SRR8114099.sralite.1	SRX4940413	M8.1-V3-stool-metaG	WGS	RANDOM	METAGENOMIC	PAIRED	0	0	ILLUMINA	Illumina HiSeq 4000	SRP072561	PRJNA289586	2	289586	SRS3984208	SAMN09837345	simple	408170	human gut metagenome	M8.1-V3-stool							no					LUXEMBOURG CENTRE FOR SYSTEMS BIOMEDICINE	SRA799471		public	16588315ED941AE5ACAA7322516C362A	F5FB3B446B4D31E437A4B405F9C6B721
SRR8114089	2019-03-26 11:03:13	2018-10-26 12:39:34	2688332	634172939	2563986	235	272		https://sra-downloadb.be-md.ncbi.nlm.nih.gov/sos12/sra-pub-zq-1216/SRR008/114/SRR8114089.sralite.1	SRX4940423	M8.2-V1-saliva-metaG	WGS	RANDOM	METAGENOMIC	PAIRED	0	0	ILLUMINA	Illumina HiSeq 4000	SRP072561	PRJNA289586	2	289586	SRS3984218	SAMN09837425	simple	447426	human oral metagenome	M8.2-V1-saliva							no					LUXEMBOURG CENTRE FOR SYSTEMS BIOMEDICINE	SRA799471		public	4237D453BB9B5206B53ABFD0E61AB703	BDEC7ECF7E53918CE9461AAD4734DF46
SRR8114111	2019-03-26 11:03:13	2018-10-26 12:50:12	24693985	5853785377	24682204	237	2642		https://sra-downloadb.be-md.ncbi.nlm.nih.gov/sos9/sra-pub-zq-922/SRR008/114/SRR8114111.sralite.1	SRX4940401	M8.2-V1-stool-metaG	WGS	RANDOM	METAGENOMIC	PAIRED	0	0	ILLUMINA	Illumina HiSeq 4000	SRP072561	PRJNA289586	2	289586	SRS3984196	SAMN09837346	simple	408170	human gut metagenome	M8.2-V1-stool							no					LUXEMBOURG CENTRE FOR SYSTEMS BIOMEDICINE	SRA799471		public	74E95E11ED987C2601B9FF0A991F34C0	4DDE64E34866D5F760DA2E549FC70578
SRR8114090	2019-03-26 11:03:13	2018-10-26 12:39:57	2725484	568671367	2543779	208	262		https://sra-downloadb.be-md.ncbi.nlm.nih.gov/sos12/sra-pub-zq-1214/SRR008/114/SRR8114090.sralite.1	SRX4940422	M8.2-V2-saliva-metaG	WGS	RANDOM	METAGENOMIC	PAIRED	0	0	ILLUMINA	Illumina HiSeq 4000	SRP072561	PRJNA289586	2	289586	SRS3984217	SAMN09837426	simple	447426	human oral metagenome	M8.2-V2-saliva							no					LUXEMBOURG CENTRE FOR SYSTEMS BIOMEDICINE	SRA799471		public	004F72A2B77D9F2649E7A74E1B63DAD4	5FF64B1E901E4C891ED47AD91D112892
SRR8114110	2019-03-26 11:03:13	2018-10-26 12:53:44	31187665	7436015377	31179110	238	3469		https://sra-downloadb.be-md.ncbi.nlm.nih.gov/sos12/sra-pub-zq-1214/SRR008/114/SRR8114110.sralite.1	SRX4940402	M8.2-V2-stool-metaG	WGS	RANDOM	METAGENOMIC	PAIRED	0	0	ILLUMINA	Illumina HiSeq 4000	SRP072561	PRJNA289586	2	289586	SRS3984197	SAMN09837347	simple	408170	human gut metagenome	M8.2-V2-stool							no					LUXEMBOURG CENTRE FOR SYSTEMS BIOMEDICINE	SRA799471		public	EAD1C46A57AC2990072B403CEB92C119	5F8812725D8779EF7E6D2F12EA3D9685
SRR8114091	2019-03-26 11:03:13	2018-10-26 12:40:24	4483527	1100373247	4258731	245	462		https://sra-downloadb.be-md.ncbi.nlm.nih.gov/sos12/sra-pub-zq-1214/SRR008/114/SRR8114091.sralite.1	SRX4940421	M8.2-V3-saliva-metaG	WGS	RANDOM	METAGENOMIC	PAIRED	0	0	ILLUMINA	Illumina HiSeq 4000	SRP072561	PRJNA289586	2	289586	SRS3984216	SAMN09837427	simple	447426	human oral metagenome	M8.2-V3-saliva							no					LUXEMBOURG CENTRE FOR SYSTEMS BIOMEDICINE	SRA799471		public	E82BBCB45F9E5971B86984916D0F5FBA	D9C049352185DB0491D36B1D28D5964E
SRR8114113	2019-03-26 11:03:13	2018-10-26 12:56:26	35170089	8046370229	35155961	228	3609		https://sra-downloadb.be-md.ncbi.nlm.nih.gov/sos12/sra-pub-zq-1216/SRR008/114/SRR8114113.sralite.1	SRX4940399	M8.2-V3-stool-metaG	WGS	RANDOM	METAGENOMIC	PAIRED	0	0	ILLUMINA	Illumina HiSeq 4000	SRP072561	PRJNA289586	2	289586	SRS3984194	SAMN09837348	simple	408170	human gut metagenome	M8.2-V3-stool							no					LUXEMBOURG CENTRE FOR SYSTEMS BIOMEDICINE	SRA799471		public	6D535AF862B5D88F2EFAB5CB0C2114E4	1B013A5F57355316B4106A174EBE2BC0
SRR8114096	2019-03-26 11:03:13	2018-10-26 12:43:12	9357699	2400789579	8997168	256	986		https://sra-downloadb.be-md.ncbi.nlm.nih.gov/sos9/sra-pub-zq-922/SRR008/114/SRR8114096.sralite.1	SRX4940416	M8.3-V1-saliva-metaG	WGS	RANDOM	METAGENOMIC	PAIRED	0	0	ILLUMINA	Illumina HiSeq 4000	SRP072561	PRJNA289586	2	289586	SRS3984211	SAMN09837428	simple	447426	human oral metagenome	M8.3-V1-saliva							no					LUXEMBOURG CENTRE FOR SYSTEMS BIOMEDICINE	SRA799471		public	1A1E495E1ADE8CD222745F0FD25E543B	6CBA2A58D6A419D519112C176443E5BE
SRR8114112	2019-03-26 11:03:13	2018-10-26 12:59:04	36571410	8099812076	36563567	221	3741		https://sra-downloadb.be-md.ncbi.nlm.nih.gov/sos9/sra-pub-zq-922/SRR008/114/SRR8114112.sralite.1	SRX4940400	M8.3-V1-stool-metaG	WGS	RANDOM	METAGENOMIC	PAIRED	0	0	ILLUMINA	Illumina HiSeq 4000	SRP072561	PRJNA289586	2	289586	SRS3984195	SAMN09837349	simple	408170	human gut metagenome	M8.3-V1-stool							no					LUXEMBOURG CENTRE FOR SYSTEMS BIOMEDICINE	SRA799471		public	21F1C2957B9E33BC318A7F66FAAC4C46	B7262489D9E9F3101EC917CC5B3AB5B8
SRR8114097	2019-03-26 11:03:13	2018-10-26 12:42:07	6891313	1738048386	6676740	252	736		https://sra-downloadb.be-md.ncbi.nlm.nih.gov/sos9/sra-pub-zq-922/SRR008/114/SRR8114097.sralite.1	SRX4940415	M8.3-V2-saliva-metaG	WGS	RANDOM	METAGENOMIC	PAIRED	0	0	ILLUMINA	Illumina HiSeq 4000	SRP072561	PRJNA289586	2	289586	SRS3984210	SAMN09837429	simple	447426	human oral metagenome	M8.3-V2-saliva							no					LUXEMBOURG CENTRE FOR SYSTEMS BIOMEDICINE	SRA799471		public	E9B717BB98354E7F1ED3971954561896	154C46438A55C61755B95C0BEEA80C9B
SRR8114115	2019-03-26 11:03:13	2018-10-26 12:52:26	29030962	7505654512	28282887	258	3346		https://sra-downloadb.be-md.ncbi.nlm.nih.gov/sos12/sra-pub-zq-1214/SRR008/114/SRR8114115.sralite.1	SRX4940397	M8.3-V2-stool-metaG	WGS	RANDOM	METAGENOMIC	PAIRED	0	0	ILLUMINA	Illumina HiSeq 4000	SRP072561	PRJNA289586	2	289586	SRS3984192	SAMN09837350	simple	408170	human gut metagenome	M8.3-V2-stool							no					LUXEMBOURG CENTRE FOR SYSTEMS BIOMEDICINE	SRA799471		public	5E1821B7DDFE08EC599388027E2659E4	696888652EE91935B57FACCDD98B5A9D
SRR8114114	2019-03-26 11:03:13	2018-10-26 13:00:30	42467377	9946807448	42452594	234	4333		https://sra-downloadb.be-md.ncbi.nlm.nih.gov/sos9/sra-pub-zq-922/SRR008/114/SRR8114114.sralite.1	SRX4940398	M8.4-V2-stool-metaG	WGS	RANDOM	METAGENOMIC	PAIRED	0	0	ILLUMINA	Illumina HiSeq 4000	SRP072561	PRJNA289586	2	289586	SRS3984193	SAMN09837351	simple	408170	human gut metagenome	M8.4-V2-stool							no					LUXEMBOURG CENTRE FOR SYSTEMS BIOMEDICINE	SRA799471		public	863C26574D71B919D79784E04E80F623	A4DCA82F04EA4D302BC27FB50F4558E2
SRR8114117	2019-03-26 11:03:13	2018-10-26 12:46:42	18051620	4335688683	18026865	240	1886		https://sra-downloadb.be-md.ncbi.nlm.nih.gov/sos9/sra-pub-zq-922/SRR008/114/SRR8114117.sralite.1	SRX4940395	M8.4-V3-stool-metaG	WGS	RANDOM	METAGENOMIC	PAIRED	0	0	ILLUMINA	Illumina HiSeq 4000	SRP072561	PRJNA289586	2	289586	SRS3984190	SAMN09837352	simple	408170	human gut metagenome	M8.4-V3-stool							no					LUXEMBOURG CENTRE FOR SYSTEMS BIOMEDICINE	SRA799471		public	B8D7E5CCC333D802B231007E4A185E7F	5068CBC646D65A9577C427E97C82E620
SRR3313083	2016-08-12 09:46:45	2016-03-30 14:15:53	35084699	9022653967	32968455	257	4621		https://sra-downloadb.be-md.ncbi.nlm.nih.gov/sos12/sra-pub-zq-1211/SRR003/313/SRR3313083/SRR3313083.sralite.1	SRX1670067	M01.1-V1-stool-metaT	RNA-Seq	cDNA	METATRANSCRIPTOMIC	PAIRED	0	0	ILLUMINA	Illumina HiSeq 2500	SRP072561	PRJNA289586	2	289586	SRS1369969	SAMN04571684	simple	408170	human gut metagenome	M01.1-V1-stool							no					LUXEMBOURG CENTRE FOR SYSTEMS BIOMEDICINE	SRA401338		public	15A4F8FCFE1119057E74C1B332BC4A1A	C9E34E0F25D02580883D68E8A3AA046B
SRR3313084	2016-08-12 09:46:45	2016-03-30 14:06:54	31756018	8140561156	29824827	256	4209		https://sra-downloadb.be-md.ncbi.nlm.nih.gov/sos12/sra-pub-zq-1214/SRR003/313/SRR3313084.sralite.1	SRX1670068	M01.1-V2-stool-metaT	RNA-Seq	cDNA	METATRANSCRIPTOMIC	PAIRED	0	0	ILLUMINA	Illumina HiSeq 2500	SRP072561	PRJNA289586	2	289586	SRS1369968	SAMN04571685	simple	408170	human gut metagenome	M01.1-V2-stool							no					LUXEMBOURG CENTRE FOR SYSTEMS BIOMEDICINE	SRA401338		public	76D72D4DD5935AF57655E0AF68414571	D698FB813648235BD33CFDC59C841904
SRR3313085	2016-08-12 09:46:45	2016-04-01 12:04:32	29855975	7686425637	28096060	257	3931		https://sra-downloadb.be-md.ncbi.nlm.nih.gov/sos12/sra-pub-zq-1211/SRR003/313/SRR3313085/SRR3313085.sralite.1	SRX1670069	M01.1-V3-stool-metaT	RNA-Seq	cDNA	METATRANSCRIPTOMIC	PAIRED	0	0	ILLUMINA	Illumina HiSeq 2500	SRP072561	PRJNA289586	2	289586	SRS1369967	SAMN04571686	simple	408170	human gut metagenome	M01.1-V3-stool							no					LUXEMBOURG CENTRE FOR SYSTEMS BIOMEDICINE	SRA401338		public	6AE84C43EC79C1D86DFDAD4E683ABF7F	923A42EE88DBF51B7F43D868DF1BA953
SRR3313086	2016-08-12 09:46:45	2016-03-30 14:01:43	37883785	9405584287	35015907	248	5011		https://sra-downloadb.be-md.ncbi.nlm.nih.gov/sos12/sra-pub-zq-1214/SRR003/313/SRR3313086.sralite.1	SRX1670070	M01.2-V1-stool-metaT	RNA-Seq	cDNA	METATRANSCRIPTOMIC	PAIRED	0	0	ILLUMINA	Illumina HiSeq 2500	SRP072561	PRJNA289586	2	289586	SRS1369966	SAMN04571687	simple	408170	human gut metagenome	M01.2-V1-stool							no					LUXEMBOURG CENTRE FOR SYSTEMS BIOMEDICINE	SRA401338		public	CCE1F1711A8900EA1335BF18EDB92E8E	F2B5D4B238C9E45A5ADC0C451FCD7AC8
SRR3313087	2016-08-12 09:46:45	2016-03-30 13:52:44	28779816	7485319144	27204743	260	3839		https://sra-downloadb.be-md.ncbi.nlm.nih.gov/sos12/sra-pub-zq-1211/SRR003/313/SRR3313087/SRR3313087.sralite.1	SRX1670071	M01.2-V2-stool-metaT	RNA-Seq	cDNA	METATRANSCRIPTOMIC	PAIRED	0	0	ILLUMINA	Illumina HiSeq 2500	SRP072561	PRJNA289586	2	289586	SRS1369965	SAMN04571688	simple	408170	human gut metagenome	M01.2-V2-stool							no					LUXEMBOURG CENTRE FOR SYSTEMS BIOMEDICINE	SRA401338		public	2D7FBEFA9A8644E62713D6475BF11BB5	525794BED56D43B76D136507DF935869
SRR3313088	2016-08-12 09:46:45	2016-03-30 13:55:43	29104771	7209781286	26991405	247	3815		https://sra-downloadb.be-md.ncbi.nlm.nih.gov/sos12/sra-pub-zq-1211/SRR003/313/SRR3313088/SRR3313088.sralite.1	SRX1670072	M01.2-V3-stool-metaT	RNA-Seq	cDNA	METATRANSCRIPTOMIC	PAIRED	0	0	ILLUMINA	Illumina HiSeq 2500	SRP072561	PRJNA289586	2	289586	SRS1369964	SAMN04571689	simple	408170	human gut metagenome	M01.2-V3-stool							no					LUXEMBOURG CENTRE FOR SYSTEMS BIOMEDICINE	SRA401338		public	14B825CC1491D88D4711742F51131081	86F9F43A6386EFEC7FA31BFF9D8801DB
SRR3313079	2016-08-12 09:46:45	2016-03-30 13:50:45	23765899	3963018385	21483399	166	2384		https://sra-downloadb.be-md.ncbi.nlm.nih.gov/sos12/sra-pub-zq-1211/SRR003/313/SRR3313079/SRR3313079.sralite.1	SRX1670063	M01.2-V3-stool-metaG	WGS	RANDOM	METAGENOMIC	PAIRED	0	0	ILLUMINA	Illumina HiSeq 2000	SRP072561	PRJNA289586	2	289586	SRS1369964	SAMN04571689	simple	408170	human gut metagenome	M01.2-V3-stool							no					LUXEMBOURG CENTRE FOR SYSTEMS BIOMEDICINE	SRA401338		public	8A56CC86722CF416FCA7BDF499259D11	DDCDCBCB9E170BC19A0895070AE402E1
SRR3313089	2016-08-12 09:46:45	2016-03-30 13:56:30	26623461	6428310686	24405459	241	3443		https://sra-downloadb.be-md.ncbi.nlm.nih.gov/sos12/sra-pub-zq-1214/SRR003/313/SRR3313089.sralite.1	SRX1670073	M01.3-V1-stool-metaT	RNA-Seq	cDNA	METATRANSCRIPTOMIC	PAIRED	0	0	ILLUMINA	Illumina HiSeq 2500	SRP072561	PRJNA289586	2	289586	SRS1369963	SAMN04571690	simple	408170	human gut metagenome	M01.3-V1-stool							no					LUXEMBOURG CENTRE FOR SYSTEMS BIOMEDICINE	SRA401338		public	400BBEEF98225A1FA0830CC53338F6D9	2C3BFD5486DAFC7874F201C559ABD7FD
SRR3313090	2016-08-12 09:46:45	2016-03-30 13:49:11	23725905	3917751895	21250662	165	2369		https://sra-downloadb.be-md.ncbi.nlm.nih.gov/sos12/sra-pub-zq-1211/SRR003/313/SRR3313090/SRR3313090.sralite.1	SRX1670074	M01.3-V1-stool-metaG	WGS	RANDOM	METAGENOMIC	PAIRED	0	0	ILLUMINA	Illumina HiSeq 2000	SRP072561	PRJNA289586	2	289586	SRS1369963	SAMN04571690	simple	408170	human gut metagenome	M01.3-V1-stool							no					LUXEMBOURG CENTRE FOR SYSTEMS BIOMEDICINE	SRA401338		public	3C7BA85F323DDBB98F9B418C2D5EE4CB	1A1644E3FF3251E52ACA49F8D9C53F0C
SRR3313091	2016-08-12 09:46:45	2016-03-30 13:55:09	25282511	6294104637	23505130	248	3210		https://sra-downloadb.be-md.ncbi.nlm.nih.gov/sos12/sra-pub-zq-1211/SRR003/313/SRR3313091/SRR3313091.sralite.1	SRX1670075	M01.3-V2-stool-metaT	RNA-Seq	cDNA	METATRANSCRIPTOMIC	PAIRED	0	0	ILLUMINA	Illumina HiSeq 2500	SRP072561	PRJNA289586	2	289586	SRS1369954	SAMN04571691	simple	408170	human gut metagenome	M01.3-V2-stool							no					LUXEMBOURG CENTRE FOR SYSTEMS BIOMEDICINE	SRA401338		public	891895B10EFD40424689E6A453170A05	2DEDAC8D20FDAA8C2F8CFF4033FF6258
SRR3313102	2016-08-12 09:46:45	2016-03-30 13:53:26	23674654	3884954552	21166769	164	2356		https://sra-downloadb.be-md.ncbi.nlm.nih.gov/sos12/sra-pub-zq-1214/SRR003/313/SRR3313102.sralite.1	SRX1670085	M01.3-V2-stool-metaG	WGS	RANDOM	METAGENOMIC	PAIRED	0	0	ILLUMINA	Illumina HiSeq 2000	SRP072561	PRJNA289586	2	289586	SRS1369954	SAMN04571691	simple	408170	human gut metagenome	M01.3-V2-stool							no					LUXEMBOURG CENTRE FOR SYSTEMS BIOMEDICINE	SRA401338		public	DB839D92780A1BFB43D8F32294DC75E9	9EBEECF0B7263EC188A99A256F97886C
SRR3313092	2016-08-12 09:46:45	2016-03-30 13:57:36	36774190	6920969823	17488938	188	3697		https://sra-downloadb.be-md.ncbi.nlm.nih.gov/sos12/sra-pub-zq-1211/SRR003/313/SRR3313092/SRR3313092.sralite.1	SRX1670076	M01.3-V3-stool-metaT	RNA-Seq	cDNA	METATRANSCRIPTOMIC	PAIRED	0	0	ILLUMINA	Illumina HiSeq 2500	SRP072561	PRJNA289586	2	289586	SRS1369943	SAMN04571692	simple	408170	human gut metagenome	M01.3-V3-stool							no					LUXEMBOURG CENTRE FOR SYSTEMS BIOMEDICINE	SRA401338		public	A4FF430C4FE18456BFD89EF8FCEDA686	6FA5370D265C36C08179EC23675F0075
SRR3313113	2016-08-12 09:46:45	2016-03-30 13:56:39	24064028	4072514370	22167344	169	2416		https://sra-downloadb.be-md.ncbi.nlm.nih.gov/sos12/sra-pub-zq-1211/SRR003/313/SRR3313113/SRR3313113.sralite.1	SRX1670096	M01.3-V3-stool-metaG	WGS	RANDOM	METAGENOMIC	PAIRED	0	0	ILLUMINA	Illumina HiSeq 2000	SRP072561	PRJNA289586	2	289586	SRS1369943	SAMN04571692	simple	408170	human gut metagenome	M01.3-V3-stool							no					LUXEMBOURG CENTRE FOR SYSTEMS BIOMEDICINE	SRA401338		public	DEB56849AD1E7E1A91A4879CB2A4543B	12853D698333F61DAD44FDEAC7775745
SRR3313123	2016-08-12 09:46:45	2016-04-01 12:03:31	23787913	3947951907	21511001	165	2370		https://sra-downloadb.be-md.ncbi.nlm.nih.gov/sos12/sra-pub-zq-1211/SRR003/313/SRR3313123/SRR3313123.sralite.1	SRX1670106	M01.4-V1-stool-metaG	WGS	RANDOM	METAGENOMIC	PAIRED	0	0	ILLUMINA	Illumina HiSeq 2000	SRP072561	PRJNA289586	2	289586	SRS1369933	SAMN04571693	simple	408170	human gut metagenome	M01.4-V1-stool							no					LUXEMBOURG CENTRE FOR SYSTEMS BIOMEDICINE	SRA401338		public	94E3A74B3853FD78AFAF895F3F0539C1	AB31996F2CBBEBD1E9DEAA30C28B5EE7
SRR3313093	2016-08-12 09:46:45	2016-04-01 12:13:55	29632362	7141243157	26941232	240	3646		https://sra-downloadb.be-md.ncbi.nlm.nih.gov/sos12/sra-pub-zq-1214/SRR003/313/SRR3313093.sralite.1	SRX1670077	M01.4-V2-stool-metaT	RNA-Seq	cDNA	METATRANSCRIPTOMIC	PAIRED	0	0	ILLUMINA	Illumina HiSeq 2500	SRP072561	PRJNA289586	2	289586	SRS1369961	SAMN04571694	simple	408170	human gut metagenome	M01.4-V2-stool							no					LUXEMBOURG CENTRE FOR SYSTEMS BIOMEDICINE	SRA401338		public	DA5A54D5D62983402496DA347EDC1FB8	31DD93BC1573F26D45D828A810E1BEE8
SRR3313094	2016-08-12 09:46:45	2016-03-30 14:04:19	39037386	10070249371	36860615	257	5165		https://sra-downloadb.be-md.ncbi.nlm.nih.gov/sos12/sra-pub-zq-1211/SRR003/313/SRR3313094/SRR3313094.sralite.1	SRX1670078	M01.4-V3-stool-metaT	RNA-Seq	cDNA	METATRANSCRIPTOMIC	PAIRED	0	0	ILLUMINA	Illumina HiSeq 2500	SRP072561	PRJNA289586	2	289586	SRS1369962	SAMN04571695	simple	408170	human gut metagenome	M01.4-V3-stool							no					LUXEMBOURG CENTRE FOR SYSTEMS BIOMEDICINE	SRA401338		public	9FF612ACE530A1BF312F69057A490208	972943449CA37B48E45FC646BC2CBB66
SRR3313095	2016-08-12 09:46:45	2016-03-30 13:54:47	29897751	7217185834	27467871	241	3859		https://sra-downloadb.be-md.ncbi.nlm.nih.gov/sos12/sra-pub-zq-1214/SRR003/313/SRR3313095.sralite.1	SRX1670079	M02.1-V1-stool-metaT	RNA-Seq	cDNA	METATRANSCRIPTOMIC	PAIRED	0	0	ILLUMINA	Illumina HiSeq 2500	SRP072561	PRJNA289586	2	289586	SRS1369960	SAMN04571698	simple	408170	human gut metagenome	M02.1-V1-stool							no					LUXEMBOURG CENTRE FOR SYSTEMS BIOMEDICINE	SRA401338		public	FD02715DF4F9EE5CB167F92D39EDD67E	901B1D4A055374DA92440E7AC28811C3
SRR3313097	2016-08-12 09:46:45	2016-03-30 14:01:00	34330913	8505402793	31834129	247	4343		https://sra-downloadb.be-md.ncbi.nlm.nih.gov/sos12/sra-pub-zq-1211/SRR003/313/SRR3313097/SRR3313097.sralite.1	SRX1670080	M02.1-V2-stool-metaT	RNA-Seq	cDNA	METATRANSCRIPTOMIC	PAIRED	0	0	ILLUMINA	Illumina HiSeq 2500	SRP072561	PRJNA289586	2	289586	SRS1369959	SAMN04571699	simple	408170	human gut metagenome	M02.1-V2-stool							no					LUXEMBOURG CENTRE FOR SYSTEMS BIOMEDICINE	SRA401338		public	3F468660BCBB19658EA92898D4E0602B	6693A40A93D06B14C13B112C0114E6F5
SRR3313098	2016-08-12 09:46:45	2016-03-30 13:57:50	27169831	6526262075	24803485	240	3482		https://sra-downloadb.be-md.ncbi.nlm.nih.gov/sos12/sra-pub-zq-1211/SRR003/313/SRR3313098/SRR3313098.sralite.1	SRX1670081	M02.1-V3-stool-metaT	RNA-Seq	cDNA	METATRANSCRIPTOMIC	PAIRED	0	0	ILLUMINA	Illumina HiSeq 2500	SRP072561	PRJNA289586	2	289586	SRS1369958	SAMN04571700	simple	408170	human gut metagenome	M02.1-V3-stool							no					LUXEMBOURG CENTRE FOR SYSTEMS BIOMEDICINE	SRA401338		public	F7C8931776887A0B9718B058C0D0AA3C	6F2E7BE87DD9E89F54DA47F9F8A8FF90
SRR3313099	2016-08-12 09:46:45	2016-03-30 14:18:02	33742347	8693145647	31570058	257	4460		https://sra-downloadb.be-md.ncbi.nlm.nih.gov/sos12/sra-pub-zq-1211/SRR003/313/SRR3313099/SRR3313099.sralite.1	SRX1670082	M02.2-V2-stool-metaT	RNA-Seq	cDNA	METATRANSCRIPTOMIC	PAIRED	0	0	ILLUMINA	Illumina HiSeq 2500	SRP072561	PRJNA289586	2	289586	SRS1369957	SAMN04571702	simple	408170	human gut metagenome	M02.2-V2-stool							no					LUXEMBOURG CENTRE FOR SYSTEMS BIOMEDICINE	SRA401338		public	3F6A63218DFDD8D570A1D1175A08E013	165C92624539379E78C2F90F85EE7BD6
SRR3313100	2016-08-12 09:46:45	2016-03-30 14:07:13	33356117	8225642120	30933920	246	4182		https://sra-downloadb.be-md.ncbi.nlm.nih.gov/sos12/sra-pub-zq-1214/SRR003/313/SRR3313100.sralite.1	SRX1670083	M02.2-V3-stool-metaT	RNA-Seq	cDNA	METATRANSCRIPTOMIC	PAIRED	0	0	ILLUMINA	Illumina HiSeq 2500	SRP072561	PRJNA289586	2	289586	SRS1369956	SAMN04571703	simple	408170	human gut metagenome	M02.2-V3-stool							no					LUXEMBOURG CENTRE FOR SYSTEMS BIOMEDICINE	SRA401338		public	FE0E49F01EA09797182126C9001F48A0	9C88588A4D74C93D2C785EAF2A056D6F
SRR3313101	2016-08-12 09:46:45	2016-03-30 14:12:04	29771163	7145998754	27096517	240	3807		https://sra-downloadb.be-md.ncbi.nlm.nih.gov/sos12/sra-pub-zq-1211/SRR003/313/SRR3313101/SRR3313101.sralite.1	SRX1670084	M02.3-V1-stool-metaT	RNA-Seq	cDNA	METATRANSCRIPTOMIC	PAIRED	0	0	ILLUMINA	Illumina HiSeq 2500	SRP072561	PRJNA289586	2	289586	SRS1369955	SAMN04571704	simple	408170	human gut metagenome	M02.3-V1-stool							no					LUXEMBOURG CENTRE FOR SYSTEMS BIOMEDICINE	SRA401338		public	C862CA83BB790B9A0D15ADEC85C88D02	3DE5E68060800FA9BD92E0AC35F3E69E
SRR3313103	2016-08-12 09:46:45	2016-03-30 14:07:35	34266546	8406200228	31698747	245	4462		https://sra-downloadb.be-md.ncbi.nlm.nih.gov/sos12/sra-pub-zq-1214/SRR003/313/SRR3313103.sralite.1	SRX1670086	M02.3-V2-stool-metaT	RNA-Seq	cDNA	METATRANSCRIPTOMIC	PAIRED	0	0	ILLUMINA	Illumina HiSeq 2500	SRP072561	PRJNA289586	2	289586	SRS1369953	SAMN04571705	simple	408170	human gut metagenome	M02.3-V2-stool							no					LUXEMBOURG CENTRE FOR SYSTEMS BIOMEDICINE	SRA401338		public	6334489D3DA91F85D1395E01E899E42A	1952F51DFF0AADB5BC0EDA2EFA761F04
SRR3313104	2016-08-12 09:46:45	2016-03-30 14:01:40	31475357	8098679299	29606589	257	4155		https://sra-downloadb.be-md.ncbi.nlm.nih.gov/sos12/sra-pub-zq-1211/SRR003/313/SRR3313104/SRR3313104.sralite.1	SRX1670087	M02.3-V3-stool-metaT	RNA-Seq	cDNA	METATRANSCRIPTOMIC	PAIRED	0	0	ILLUMINA	Illumina HiSeq 2500	SRP072561	PRJNA289586	2	289586	SRS1369952	SAMN04571706	simple	408170	human gut metagenome	M02.3-V3-stool							no					LUXEMBOURG CENTRE FOR SYSTEMS BIOMEDICINE	SRA401338		public	A0F1EC2F77DBA48CBD781EB68EAD0B12	26F23AC6D6CBC59F9285881C6A342B7A
SRR3313105	2016-08-12 09:46:45	2016-03-30 14:09:32	28683676	7145464687	26739483	249	3650		https://sra-downloadb.be-md.ncbi.nlm.nih.gov/sos12/sra-pub-zq-1211/SRR003/313/SRR3313105/SRR3313105.sralite.1	SRX1670088	M02.4-V1-stool-metaT	RNA-Seq	cDNA	METATRANSCRIPTOMIC	PAIRED	0	0	ILLUMINA	Illumina HiSeq 2500	SRP072561	PRJNA289586	2	289586	SRS1369950	SAMN04571707	simple	408170	human gut metagenome	M02.4-V1-stool							no					LUXEMBOURG CENTRE FOR SYSTEMS BIOMEDICINE	SRA401338		public	07B322628A3F7433F10AD6E611CFEC45	90E1647721763687A1F1125E5071FAAB
SRR3313106	2016-08-12 09:46:45	2016-03-30 13:59:09	30321789	7385318991	28001600	243	3779		https://sra-downloadb.be-md.ncbi.nlm.nih.gov/sos12/sra-pub-zq-1211/SRR003/313/SRR3313106/SRR3313106.sralite.1	SRX1670089	M02.4-V2-stool-metaT	RNA-Seq	cDNA	METATRANSCRIPTOMIC	PAIRED	0	0	ILLUMINA	Illumina HiSeq 2500	SRP072561	PRJNA289586	2	289586	SRS1369951	SAMN04571708	simple	408170	human gut metagenome	M02.4-V2-stool							no					LUXEMBOURG CENTRE FOR SYSTEMS BIOMEDICINE	SRA401338		public	CA1159756D1993C9B081D4BFE12B2A17	72E4248DA457F57C20BFDC04EAF8ACB8
SRR3313107	2016-08-12 09:46:45	2016-03-30 14:05:59	31433895	7840323012	29404657	249	4012		https://sra-downloadb.be-md.ncbi.nlm.nih.gov/sos12/sra-pub-zq-1211/SRR003/313/SRR3313107/SRR3313107.sralite.1	SRX1670090	M02.4-V3-stool-metaT	RNA-Seq	cDNA	METATRANSCRIPTOMIC	PAIRED	0	0	ILLUMINA	Illumina HiSeq 2500	SRP072561	PRJNA289586	2	289586	SRS1369949	SAMN04571709	simple	408170	human gut metagenome	M02.4-V3-stool							no					LUXEMBOURG CENTRE FOR SYSTEMS BIOMEDICINE	SRA401338		public	CB2E60FF05FD055FD7749763CFB43EC3	A494AC97768D310A40E0F297BC595B12
SRR3313108	2016-08-12 09:46:45	2016-03-30 14:08:10	34744629	8568448493	32139720	246	4388		https://sra-downloadb.be-md.ncbi.nlm.nih.gov/sos12/sra-pub-zq-1214/SRR003/313/SRR3313108.sralite.1	SRX1670091	M02.5-V1-stool-metaT	RNA-Seq	cDNA	METATRANSCRIPTOMIC	PAIRED	0	0	ILLUMINA	Illumina HiSeq 2500	SRP072561	PRJNA289586	2	289586	SRS1369947	SAMN04571710	simple	408170	human gut metagenome	M02.5-V1-stool							no					LUXEMBOURG CENTRE FOR SYSTEMS BIOMEDICINE	SRA401338		public	1563B12AEE8306E940E56C1838ED5BB9	EDD6AD7A403A30F86DE6195654084189
SRR3313109	2016-08-12 09:46:45	2016-03-30 14:06:51	32541363	8297700127	30232850	254	4269		https://sra-downloadb.be-md.ncbi.nlm.nih.gov/sos12/sra-pub-zq-1211/SRR003/313/SRR3313109/SRR3313109.sralite.1	SRX1670092	M02.5-V2-stool-metaT	RNA-Seq	cDNA	METATRANSCRIPTOMIC	PAIRED	0	0	ILLUMINA	Illumina HiSeq 2500	SRP072561	PRJNA289586	2	289586	SRS1369948	SAMN04571711	simple	408170	human gut metagenome	M02.5-V2-stool							no					LUXEMBOURG CENTRE FOR SYSTEMS BIOMEDICINE	SRA401338		public	4C1B7131D827012A492A4AAB19958906	4E0A8AC3E87877D9FBE1DFB3BCB36343
SRR3313110	2016-08-12 09:46:45	2016-03-30 14:11:35	34785129	8633744068	31992652	248	4440		https://sra-downloadb.be-md.ncbi.nlm.nih.gov/sos12/sra-pub-zq-1214/SRR003/313/SRR3313110.sralite.1	SRX1670093	M03.3-V3-stool-metaT	RNA-Seq	cDNA	METATRANSCRIPTOMIC	PAIRED	0	0	ILLUMINA	Illumina HiSeq 2500	SRP072561	PRJNA289586	2	289586	SRS1369946	SAMN04571716	simple	408170	human gut metagenome	M03.3-V3-stool							no					LUXEMBOURG CENTRE FOR SYSTEMS BIOMEDICINE	SRA401338		public	C65948823C6B7CB665C71F664724BFF1	B5F18235E9428FA7CD6C410AEAC4C76D
SRR3313111	2016-08-12 09:46:45	2016-03-30 14:03:41	31869955	7746463307	28922848	243	3959		https://sra-downloadb.be-md.ncbi.nlm.nih.gov/sos12/sra-pub-zq-1214/SRR003/313/SRR3313111.sralite.1	SRX1670094	M03.4-V2-stool-metaT	RNA-Seq	cDNA	METATRANSCRIPTOMIC	PAIRED	0	0	ILLUMINA	Illumina HiSeq 2500	SRP072561	PRJNA289586	2	289586	SRS1369944	SAMN04571718	simple	408170	human gut metagenome	M03.4-V2-stool							no					LUXEMBOURG CENTRE FOR SYSTEMS BIOMEDICINE	SRA401338		public	D5260F3F5EFBCBB2016158CCC77A53E4	37B327659693144E321E92F74B27CF89
SRR3313112	2016-08-12 09:46:45	2016-03-30 13:56:12	21959506	5393731246	20210966	245	2748		https://sra-downloadb.be-md.ncbi.nlm.nih.gov/sos12/sra-pub-zq-1211/SRR003/313/SRR3313112/SRR3313112.sralite.1	SRX1670095	M03.5-V1-stool-metaT	RNA-Seq	cDNA	METATRANSCRIPTOMIC	PAIRED	0	0	ILLUMINA	Illumina HiSeq 2500	SRP072561	PRJNA289586	2	289586	SRS1369945	SAMN04571720	simple	408170	human gut metagenome	M03.5-V1-stool							no					LUXEMBOURG CENTRE FOR SYSTEMS BIOMEDICINE	SRA401338		public	4974E39C06197DFC2C06FF1E7F182EE2	506CC89C01CB5DFD1953D84A6BB25FA6
SRR3313114	2016-08-12 09:46:45	2016-03-30 14:16:25	30558540	7637921818	28524489	249	3900		https://sra-downloadb.be-md.ncbi.nlm.nih.gov/sos12/sra-pub-zq-1211/SRR003/313/SRR3313114/SRR3313114.sralite.1	SRX1670097	M04.1-V3-stool-metaT	RNA-Seq	cDNA	METATRANSCRIPTOMIC	PAIRED	0	0	ILLUMINA	Illumina HiSeq 2500	SRP072561	PRJNA289586	2	289586	SRS1369942	SAMN04571723	simple	408170	human gut metagenome	M04.1-V3-stool							no					LUXEMBOURG CENTRE FOR SYSTEMS BIOMEDICINE	SRA401338		public	D62596A692A09595E3058FFCA52D1BAB	924FF291A76BBF82983360ECF4BD7478
SRR3313115	2016-08-12 09:46:45	2016-03-30 14:05:28	29988823	7145993120	27066921	238	3661		https://sra-downloadb.be-md.ncbi.nlm.nih.gov/sos12/sra-pub-zq-1214/SRR003/313/SRR3313115.sralite.1	SRX1670098	M04.2-V2-stool-metaT	RNA-Seq	cDNA	METATRANSCRIPTOMIC	PAIRED	0	0	ILLUMINA	Illumina HiSeq 2500	SRP072561	PRJNA289586	2	289586	SRS1369941	SAMN04571725	simple	408170	human gut metagenome	M04.2-V2-stool							no					LUXEMBOURG CENTRE FOR SYSTEMS BIOMEDICINE	SRA401338		public	A2B8F4B8D879C9A86399833C16CC9E93	93F7369093CFDE8312810AC27E1A7CB0
SRR3313116	2016-08-12 09:46:45	2016-03-30 14:08:26	36981053	9141134220	34262374	247	4686		https://sra-downloadb.be-md.ncbi.nlm.nih.gov/sos12/sra-pub-zq-1214/SRR003/313/SRR3313116.sralite.1	SRX1670099	M04.2-V3-stool-metaT	RNA-Seq	cDNA	METATRANSCRIPTOMIC	PAIRED	0	0	ILLUMINA	Illumina HiSeq 2500	SRP072561	PRJNA289586	2	289586	SRS1369940	SAMN04571726	simple	408170	human gut metagenome	M04.2-V3-stool							no					LUXEMBOURG CENTRE FOR SYSTEMS BIOMEDICINE	SRA401338		public	866AE2F65D40CF641B208C05A33B8684	580B977C3200D913CFB86554FFB6816E
SRR3313117	2016-08-12 09:46:45	2016-03-30 14:11:14	33799800	8341634614	30477264	246	4295		https://sra-downloadb.be-md.ncbi.nlm.nih.gov/sos12/sra-pub-zq-1211/SRR003/313/SRR3313117/SRR3313117.sralite.1	SRX1670100	M04.3-V1-stool-metaT	RNA-Seq	cDNA	METATRANSCRIPTOMIC	PAIRED	0	0	ILLUMINA	Illumina HiSeq 2500	SRP072561	PRJNA289586	2	289586	SRS1369939	SAMN04571727	simple	408170	human gut metagenome	M04.3-V1-stool							no					LUXEMBOURG CENTRE FOR SYSTEMS BIOMEDICINE	SRA401338		public	C11E96668AF9962EAF75D3E19B833196	5579151BB4672E91B8B7B616A0E2B15A
SRR3313118	2016-08-12 09:46:45	2016-03-30 14:09:57	34054709	8480066100	31573221	249	4308		https://sra-downloadb.be-md.ncbi.nlm.nih.gov/sos12/sra-pub-zq-1211/SRR003/313/SRR3313118/SRR3313118.sralite.1	SRX1670101	M04.4-V1-stool-metaT	RNA-Seq	cDNA	METATRANSCRIPTOMIC	PAIRED	0	0	ILLUMINA	Illumina HiSeq 2500	SRP072561	PRJNA289586	2	289586	SRS1369938	SAMN04571729	simple	408170	human gut metagenome	M04.4-V1-stool							no					LUXEMBOURG CENTRE FOR SYSTEMS BIOMEDICINE	SRA401338		public	50BF2C2E600186998DE45A2D5A69CD0C	152990D0B875A533C5ABA1AFA83810A5
SRR3313119	2016-08-12 09:46:45	2016-03-30 14:15:48	34396099	8363926524	31240627	243	4271		https://sra-downloadb.be-md.ncbi.nlm.nih.gov/sos12/sra-pub-zq-1211/SRR003/313/SRR3313119/SRR3313119.sralite.1	SRX1670102	M04.4-V3-stool-metaT	RNA-Seq	cDNA	METATRANSCRIPTOMIC	PAIRED	0	0	ILLUMINA	Illumina HiSeq 2500	SRP072561	PRJNA289586	2	289586	SRS1369937	SAMN04571730	simple	408170	human gut metagenome	M04.4-V3-stool							no					LUXEMBOURG CENTRE FOR SYSTEMS BIOMEDICINE	SRA401338		public	CB3F9A04C5CB8E708FC590445F2C77C2	1A10755A70C2F220C31823623201213D
SRR3313075	2016-08-12 09:46:45	2016-03-30 13:54:48	23267149	3770250412	20217447	162	2370		https://sra-downloadb.be-md.ncbi.nlm.nih.gov/sos12/sra-pub-zq-1214/SRR003/313/SRR3313075.sralite.1	SRX1670059	M04.4-V3-stool-metaG	WGS	RANDOM	METAGENOMIC	PAIRED	0	0	ILLUMINA	Illumina HiSeq 2000	SRP072561	PRJNA289586	2	289586	SRS1369937	SAMN04571730	simple	408170	human gut metagenome	M04.4-V3-stool							no					LUXEMBOURG CENTRE FOR SYSTEMS BIOMEDICINE	SRA401338		public	0598C614F4466331615A517FD891D323	34C5E9B1558E65C2119B5E6861AE52CB
SRR3313076	2016-08-12 09:46:45	2016-03-30 13:46:36	23617608	3760089353	20713533	159	2424		https://sra-downloadb.be-md.ncbi.nlm.nih.gov/sos12/sra-pub-zq-1211/SRR003/313/SRR3313076/SRR3313076.sralite.1	SRX1670060	M04.5-V1-stool-metaG	WGS	RANDOM	METAGENOMIC	PAIRED	0	0	ILLUMINA	Illumina HiSeq 2000	SRP072561	PRJNA289586	2	289586	SRS1369972	SAMN04571731	simple	408170	human gut metagenome	M04.5-V1-stool							no					LUXEMBOURG CENTRE FOR SYSTEMS BIOMEDICINE	SRA401338		public	0B5731509BAC8EFE5AABDB548008BEA1	56DC52C16E387C206780FA0C2B6E1C61
SRR3313077	2016-08-12 09:46:45	2016-03-30 13:48:53	23742240	3891975721	20977055	163	2408		https://sra-downloadb.be-md.ncbi.nlm.nih.gov/sos12/sra-pub-zq-1214/SRR003/313/SRR3313077.sralite.1	SRX1670061	M04.5-V2-stool-metaG	WGS	RANDOM	METAGENOMIC	PAIRED	0	0	ILLUMINA	Illumina HiSeq 2000	SRP072561	PRJNA289586	2	289586	SRS1369971	SAMN04571732	simple	408170	human gut metagenome	M04.5-V2-stool							no					LUXEMBOURG CENTRE FOR SYSTEMS BIOMEDICINE	SRA401338		public	4F70E01F10C11B15145DE98C420BCD58	8CE5C6A6CE4E270BFC64BCAA52260A59
SRR3313078	2016-08-12 09:46:45	2016-03-30 13:45:42	23475489	3783596569	20655398	161	2414		https://sra-downloadb.be-md.ncbi.nlm.nih.gov/sos12/sra-pub-zq-1214/SRR003/313/SRR3313078.sralite.1	SRX1670062	M04.5-V3-stool-metaG	WGS	RANDOM	METAGENOMIC	PAIRED	0	0	ILLUMINA	Illumina HiSeq 2000	SRP072561	PRJNA289586	2	289586	SRS1369935	SAMN04571733	simple	408170	human gut metagenome	M04.5-V3-stool							no					LUXEMBOURG CENTRE FOR SYSTEMS BIOMEDICINE	SRA401338		public	BB78FCF0F667E38882820334BE1C756B	AB20E9CA25D8085B02130D43931BA7CC
SRR3313120	2016-08-12 09:46:45	2016-03-30 14:06:39	32852999	8183808333	30474526	249	4170		https://sra-downloadb.be-md.ncbi.nlm.nih.gov/sos12/sra-pub-zq-1211/SRR003/313/SRR3313120/SRR3313120.sralite.1	SRX1670103	M04.5-V3-stool-metaT	RNA-Seq	cDNA	METATRANSCRIPTOMIC	PAIRED	0	0	ILLUMINA	Illumina HiSeq 2500	SRP072561	PRJNA289586	2	289586	SRS1369935	SAMN04571733	simple	408170	human gut metagenome	M04.5-V3-stool							no					LUXEMBOURG CENTRE FOR SYSTEMS BIOMEDICINE	SRA401338		public	A8F43A4B2945E7F377C9BB3798F3E334	BAAAEB0C790D74897B54E116D42BAFD8
SRR3313080	2016-08-12 09:46:45	2016-03-30 13:57:41	23461079	3913809968	21025444	166	2408		https://sra-downloadb.be-md.ncbi.nlm.nih.gov/sos12/sra-pub-zq-1214/SRR003/313/SRR3313080.sralite.1	SRX1670064	M04.6-V1-stool-metaG	WGS	RANDOM	METAGENOMIC	PAIRED	0	0	ILLUMINA	Illumina HiSeq 2000	SRP072561	PRJNA289586	2	289586	SRS1369970	SAMN04571734	simple	408170	human gut metagenome	M04.6-V1-stool							no					LUXEMBOURG CENTRE FOR SYSTEMS BIOMEDICINE	SRA401338		public	B5A5712D449C974FA8DAA180CA31975D	81744D4343D199452B7D705082E3B4D2
SRR3313081	2016-08-12 09:46:45	2016-03-30 13:50:02	22836028	3704568088	20214806	162	2369		https://sra-downloadb.be-md.ncbi.nlm.nih.gov/sos12/sra-pub-zq-1211/SRR003/313/SRR3313081/SRR3313081.sralite.1	SRX1670065	M04.6-V2-stool-metaG	WGS	RANDOM	METAGENOMIC	PAIRED	0	0	ILLUMINA	Illumina HiSeq 2000	SRP072561	PRJNA289586	2	289586	SRS1369936	SAMN04571735	simple	408170	human gut metagenome	M04.6-V2-stool							no					LUXEMBOURG CENTRE FOR SYSTEMS BIOMEDICINE	SRA401338		public	2E8DCC436D8F79E36821FB772477E915	ABB879294A273852FFCFDCA341A92179
SRR3313121	2016-08-12 09:46:45	2016-03-30 14:04:18	31700082	7945550327	29575072	250	4082		https://sra-downloadb.be-md.ncbi.nlm.nih.gov/sos12/sra-pub-zq-1214/SRR003/313/SRR3313121.sralite.1	SRX1670104	M04.6-V2-stool-metaT	RNA-Seq	cDNA	METATRANSCRIPTOMIC	PAIRED	0	0	ILLUMINA	Illumina HiSeq 2500	SRP072561	PRJNA289586	2	289586	SRS1369936	SAMN04571735	simple	408170	human gut metagenome	M04.6-V2-stool							no					LUXEMBOURG CENTRE FOR SYSTEMS BIOMEDICINE	SRA401338		public	D3B7413FE3D0470E48B0A0549339BF2E	54ACDB6DE181B19AFC2102FADE41E823
SRR3313122	2016-08-12 09:46:45	2016-03-30 14:18:40	34959182	9193066568	33028648	262	4701		https://sra-downloadb.be-md.ncbi.nlm.nih.gov/sos12/sra-pub-zq-1211/SRR003/313/SRR3313122/SRR3313122.sralite.1	SRX1670105	M04.6-V3-stool-metaT	RNA-Seq	cDNA	METATRANSCRIPTOMIC	PAIRED	0	0	ILLUMINA	Illumina HiSeq 2500	SRP072561	PRJNA289586	2	289586	SRS1369934	SAMN04571736	simple	408170	human gut metagenome	M04.6-V3-stool							no					LUXEMBOURG CENTRE FOR SYSTEMS BIOMEDICINE	SRA401338		public	4A6FD587F4AE3E7888480577849DBDE0	A052B39B5D6AE1A183EDC05C20496ED2
SRR3313082	2016-08-12 09:46:45	2016-03-30 13:46:00	23539029	3789271836	20754399	160	2419		https://sra-downloadb.be-md.ncbi.nlm.nih.gov/sos12/sra-pub-zq-1214/SRR003/313/SRR3313082.sralite.1	SRX1670066	M04.6-V3-stool-metaG	WGS	RANDOM	METAGENOMIC	PAIRED	0	0	ILLUMINA	Illumina HiSeq 2000	SRP072561	PRJNA289586	2	289586	SRS1369934	SAMN04571736	simple	408170	human gut metagenome	M04.6-V3-stool							no					LUXEMBOURG CENTRE FOR SYSTEMS BIOMEDICINE	SRA401338		public	E03DE95B30B3D05A6D2026DE7EF9912D	C9CBA8BD91C88BD0A1DCBBE60D8966EF
SRR8114126	2019-03-26 11:03:12	2018-10-26 12:49:56	16850939	3893061688	16845966	231	1789		https://sra-downloadb.be-md.ncbi.nlm.nih.gov/sos9/sra-pub-zq-922/SRR008/114/SRR8114126.sralite.1	SRX4940386	M11.4-V3-stool-metaG	WGS	RANDOM	METAGENOMIC	PAIRED	0	0	ILLUMINA	Illumina HiSeq 4000	SRP072561	PRJNA289586	2	289586	SRS3984181	SAMN09837360	simple	408170	human gut metagenome	M11.4-V3-stool							no					LUXEMBOURG CENTRE FOR SYSTEMS BIOMEDICINE	SRA799471		public	F521C5ECAD229CD81DC97B50233E43F0	91ABB980D7C8E4D67C64402C6E62DECF
SRR8114127	2019-03-26 11:03:12	2018-10-26 12:52:27	30016338	6915290229	29649368	230	3104		https://sra-downloadb.be-md.ncbi.nlm.nih.gov/sos12/sra-pub-zq-1214/SRR008/114/SRR8114127.sralite.1	SRX4940385	M11.5-V1-stool-metaG	WGS	RANDOM	METAGENOMIC	PAIRED	0	0	ILLUMINA	Illumina HiSeq 4000	SRP072561	PRJNA289586	2	289586	SRS3984180	SAMN09837361	simple	408170	human gut metagenome	M11.5-V1-stool							no					LUXEMBOURG CENTRE FOR SYSTEMS BIOMEDICINE	SRA799471		public	19B4602C1D8D4641FF8583AE0F7EBF5A	74DC3014A3CF6D83B71C97193410EBAB
SRR8114130	2019-03-26 11:03:12	2018-10-26 12:53:09	26767949	7087737414	25858017	264	3006		https://sra-downloadb.be-md.ncbi.nlm.nih.gov/sos12/sra-pub-zq-1214/SRR008/114/SRR8114130.sralite.1	SRX4940382	M5.1-V1-stool-metaG	WGS	RANDOM	METAGENOMIC	PAIRED	0	0	ILLUMINA	Illumina HiSeq 4000	SRP072561	PRJNA289586	2	289586	SRS3984177	SAMN09837326	simple	408170	human gut metagenome	M5.1-V1-stool							no					LUXEMBOURG CENTRE FOR SYSTEMS BIOMEDICINE	SRA799471		public	35A7CB977981BD24C881DC09694F7569	9F68C16D1117CDA0FC35F5B407EFFB72
SRR8114131	2019-03-26 11:03:12	2018-10-26 12:53:17	28653520	6902141937	28641412	240	3000		https://sra-downloadb.be-md.ncbi.nlm.nih.gov/sos12/sra-pub-zq-1214/SRR008/114/SRR8114131.sralite.1	SRX4940381	M5.2-V1-stool-metaG	WGS	RANDOM	METAGENOMIC	PAIRED	0	0	ILLUMINA	Illumina HiSeq 4000	SRP072561	PRJNA289586	2	289586	SRS3984176	SAMN09837327	simple	408170	human gut metagenome	M5.2-V1-stool							no					LUXEMBOURG CENTRE FOR SYSTEMS BIOMEDICINE	SRA799471		public	0A52FE91A5D37B26CB456AA9A32864FD	B2FC903C8DE51AB1A15239704C56F165
SRR8114132	2019-03-26 11:03:12	2018-10-26 12:51:18	29920387	7150515796	29912316	238	3141		https://sra-downloadb.be-md.ncbi.nlm.nih.gov/sos12/sra-pub-zq-1214/SRR008/114/SRR8114132.sralite.1	SRX4940380	M5.2-V2-stool-metaG	WGS	RANDOM	METAGENOMIC	PAIRED	0	0	ILLUMINA	Illumina HiSeq 4000	SRP072561	PRJNA289586	2	289586	SRS3984175	SAMN09837328	simple	408170	human gut metagenome	M5.2-V2-stool							no					LUXEMBOURG CENTRE FOR SYSTEMS BIOMEDICINE	SRA799471		public	20EEAC5B4AAAB815636F7C1C08717E7A	3FE4DB0904B1DC442A382F47D786429E
SRR8114133	2019-03-26 11:03:12	2018-10-26 12:54:20	30155978	7315231292	30142385	242	3143		https://sra-downloadb.be-md.ncbi.nlm.nih.gov/sos9/sra-pub-zq-922/SRR008/114/SRR8114133.sralite.1	SRX4940379	M5.2-V3-stool-metaG	WGS	RANDOM	METAGENOMIC	PAIRED	0	0	ILLUMINA	Illumina HiSeq 4000	SRP072561	PRJNA289586	2	289586	SRS3984174	SAMN09837329	simple	408170	human gut metagenome	M5.2-V3-stool							no					LUXEMBOURG CENTRE FOR SYSTEMS BIOMEDICINE	SRA799471		public	5816506D0CF39E1D066E6225BF6584C1	A1DDD31A7A5AD67E185517B00856EE9C
SRR8114134	2019-03-26 11:03:12	2018-10-26 12:54:58	27774298	7173994534	27317352	258	3223		https://sra-downloadb.be-md.ncbi.nlm.nih.gov/sos9/sra-pub-zq-922/SRR008/114/SRR8114134.sralite.1	SRX4940378	M5.3-V1-stool-metaG	WGS	RANDOM	METAGENOMIC	PAIRED	0	0	ILLUMINA	Illumina HiSeq 4000	SRP072561	PRJNA289586	2	289586	SRS3984173	SAMN09837330	simple	408170	human gut metagenome	M5.3-V1-stool							no					LUXEMBOURG CENTRE FOR SYSTEMS BIOMEDICINE	SRA799471		public	7BAAB88B5E7FAC0AE951DB88123283ED	342264BA3F8D17073155AD2434794C98
SRR8114135	2019-03-26 11:03:12	2018-10-26 12:52:38	35097483	8178221238	34382512	233	3676		https://sra-downloadb.be-md.ncbi.nlm.nih.gov/sos12/sra-pub-zq-1214/SRR008/114/SRR8114135.sralite.1	SRX4940377	M5.3-V2-stool-metaG	WGS	RANDOM	METAGENOMIC	PAIRED	0	0	ILLUMINA	Illumina HiSeq 4000	SRP072561	PRJNA289586	2	289586	SRS3984172	SAMN09837331	simple	408170	human gut metagenome	M5.3-V2-stool							no					LUXEMBOURG CENTRE FOR SYSTEMS BIOMEDICINE	SRA799471		public	3F51208660E795DDC8BE61A603BF2629	B3B6A001BB498B06975509FCAA3BACFB
SRR8114136	2019-03-26 11:03:12	2018-10-26 12:56:53	31575474	8381295803	31245101	265	3621		https://sra-downloadb.be-md.ncbi.nlm.nih.gov/sos12/sra-pub-zq-1216/SRR008/114/SRR8114136.sralite.1	SRX4940376	M5.3-V3-stool-metaG	WGS	RANDOM	METAGENOMIC	PAIRED	0	0	ILLUMINA	Illumina HiSeq 4000	SRP072561	PRJNA289586	2	289586	SRS3984171	SAMN09837332	simple	408170	human gut metagenome	M5.3-V3-stool							no					LUXEMBOURG CENTRE FOR SYSTEMS BIOMEDICINE	SRA799471		public	671190376A611DD7940345E6FE275833	0E860E6551B95015A2D444BDF1453C49
SRR8114137	2019-03-26 11:03:12	2018-10-26 12:51:18	26003141	6160234797	25994850	236	2742		https://sra-downloadb.be-md.ncbi.nlm.nih.gov/sos12/sra-pub-zq-1214/SRR008/114/SRR8114137.sralite.1	SRX4940375	M5.4-V1-stool-metaG	WGS	RANDOM	METAGENOMIC	PAIRED	0	0	ILLUMINA	Illumina HiSeq 4000	SRP072561	PRJNA289586	2	289586	SRS3984170	SAMN09837333	simple	408170	human gut metagenome	M5.4-V1-stool							no					LUXEMBOURG CENTRE FOR SYSTEMS BIOMEDICINE	SRA799471		public	76E02A896CE2A35AF022C1C915B1C1F5	8C483EF00398FA813438707F3B2BFAE9
SRR8114128	2019-03-26 11:03:12	2018-11-07 10:54:16	26087228	6965157841	25538679	266	2980		https://sra-downloadb.be-md.ncbi.nlm.nih.gov/sos12/sra-pub-zq-1211/SRR008/114/SRR8114128/SRR8114128.sralite.1	SRX4940384	M5.4-V2-stool-metaG	WGS	RANDOM	METAGENOMIC	PAIRED	0	0	ILLUMINA	Illumina HiSeq 4000	SRP072561	PRJNA289586	2	289586	SRS3984179	SAMN09837334	simple	408170	human gut metagenome	M5.4-V2-stool							no					LUXEMBOURG CENTRE FOR SYSTEMS BIOMEDICINE	SRA799471		public	BAB6A2E83DA93FBF0F678B7A1D12EBC9	9FB3B65813773335A4CC444336E11B04
SRR8114129	2019-03-26 11:03:12	2018-10-26 12:53:49	32637524	7695352947	32628157	235	3558		https://sra-downloadb.be-md.ncbi.nlm.nih.gov/sos12/sra-pub-zq-1214/SRR008/114/SRR8114129.sralite.1	SRX4940383	M5.4-V3-stool-metaG	WGS	RANDOM	METAGENOMIC	PAIRED	0	0	ILLUMINA	Illumina HiSeq 4000	SRP072561	PRJNA289586	2	289586	SRS3984178	SAMN09837335	simple	408170	human gut metagenome	M5.4-V3-stool							no					LUXEMBOURG CENTRE FOR SYSTEMS BIOMEDICINE	SRA799471		public	251D728074C645CA2A5E51EC42A18A5A	C968D1CAC510CC38C44D27DBB70E1D36
SRR3313034	2016-08-12 09:46:45	2016-03-30 13:36:43	23813711	3944980633	21292859	165	2423		https://sra-downloadb.be-md.ncbi.nlm.nih.gov/sos12/sra-pub-zq-1211/SRR003/313/SRR3313034/SRR3313034.sralite.1	SRX1670018	M01.1-V1-stool-metaG	WGS	RANDOM	METAGENOMIC	PAIRED	0	0	ILLUMINA	Illumina HiSeq 2000	SRP072561	PRJNA289586	2	289586	SRS1369969	SAMN04571684	simple	408170	human gut metagenome	M01.1-V1-stool							no					LUXEMBOURG CENTRE FOR SYSTEMS BIOMEDICINE	SRA401338		public	09BA1BAC9D2092A596D7BD108233F940	4AADAC15093B196D396D2458B293700A
SRR3313035	2016-08-12 09:46:45	2016-03-30 13:37:49	23835573	3965920086	21348557	166	2432		https://sra-downloadb.be-md.ncbi.nlm.nih.gov/sos12/sra-pub-zq-1211/SRR003/313/SRR3313035/SRR3313035.sralite.1	SRX1670019	M01.1-V2-stool-metaG	WGS	RANDOM	METAGENOMIC	PAIRED	0	0	ILLUMINA	Illumina HiSeq 2000	SRP072561	PRJNA289586	2	289586	SRS1369968	SAMN04571685	simple	408170	human gut metagenome	M01.1-V2-stool							no					LUXEMBOURG CENTRE FOR SYSTEMS BIOMEDICINE	SRA401338		public	1B70E38F3E1BDF5EC67A74C2A9BE0EB9	CD2CB286E06E0A610714C9BD530BDCDE
SRR3313046	2016-08-12 09:46:45	2016-03-30 13:46:52	23792233	3912734051	21153934	164	2409		https://sra-downloadb.be-md.ncbi.nlm.nih.gov/sos12/sra-pub-zq-1211/SRR003/313/SRR3313046/SRR3313046.sralite.1	SRX1670030	M01.1-V3-stool-metaG	WGS	RANDOM	METAGENOMIC	PAIRED	0	0	ILLUMINA	Illumina HiSeq 2000	SRP072561	PRJNA289586	2	289586	SRS1369967	SAMN04571686	simple	408170	human gut metagenome	M01.1-V3-stool							no					LUXEMBOURG CENTRE FOR SYSTEMS BIOMEDICINE	SRA401338		public	E340E61906F12620163A66D506B8975F	73ACA981F9F81A6A642C0B507796706F
SRR3313057	2016-08-12 09:46:45	2016-03-30 13:49:02	23809887	3890515253	21130779	163	2398		https://sra-downloadb.be-md.ncbi.nlm.nih.gov/sos12/sra-pub-zq-1211/SRR003/313/SRR3313057/SRR3313057.sralite.1	SRX1670041	M01.2-V1-stool-metaG	WGS	RANDOM	METAGENOMIC	PAIRED	0	0	ILLUMINA	Illumina HiSeq 2000	SRP072561	PRJNA289586	2	289586	SRS1369966	SAMN04571687	simple	408170	human gut metagenome	M01.2-V1-stool							no					LUXEMBOURG CENTRE FOR SYSTEMS BIOMEDICINE	SRA401338		public	B2845BC6BCF2B273F78EE192499CA392	BBD2B1F1BD9E63DA490B118C9513BC5F
SRR3313068	2016-08-12 09:46:45	2016-03-30 13:50:41	23722769	3942289796	21418514	166	2375		https://sra-downloadb.be-md.ncbi.nlm.nih.gov/sos12/sra-pub-zq-1214/SRR003/313/SRR3313068.sralite.1	SRX1670052	M01.2-V2-stool-metaG	WGS	RANDOM	METAGENOMIC	PAIRED	0	0	ILLUMINA	Illumina HiSeq 2000	SRP072561	PRJNA289586	2	289586	SRS1369965	SAMN04571688	simple	408170	human gut metagenome	M01.2-V2-stool							no					LUXEMBOURG CENTRE FOR SYSTEMS BIOMEDICINE	SRA401338		public	0DBD156D57EB27EC92FB20FE68945ABD	024B265FBDCFC03335C507FF3EE98113
SRR3313036	2016-08-12 09:46:45	2016-03-30 13:44:20	23261390	3844484834	20896822	165	2312		https://sra-downloadb.be-md.ncbi.nlm.nih.gov/sos12/sra-pub-zq-1211/SRR003/313/SRR3313036/SRR3313036.sralite.1	SRX1670020	M01.4-V2-stool-metaG	WGS	RANDOM	METAGENOMIC	PAIRED	0	0	ILLUMINA	Illumina HiSeq 2000	SRP072561	PRJNA289586	2	289586	SRS1369961	SAMN04571694	simple	408170	human gut metagenome	M01.4-V2-stool							no					LUXEMBOURG CENTRE FOR SYSTEMS BIOMEDICINE	SRA401338		public	CA52DCAEE479060A84CC39AFCAE636BA	A64A08DA89711BEE6206EAD7BED57F20
SRR3313037	2016-08-12 09:46:45	2016-03-30 13:45:45	23745638	3960315346	21482557	166	2384		https://sra-downloadb.be-md.ncbi.nlm.nih.gov/sos12/sra-pub-zq-1211/SRR003/313/SRR3313037/SRR3313037.sralite.1	SRX1670021	M01.4-V3-stool-metaG	WGS	RANDOM	METAGENOMIC	PAIRED	0	0	ILLUMINA	Illumina HiSeq 2000	SRP072561	PRJNA289586	2	289586	SRS1369962	SAMN04571695	simple	408170	human gut metagenome	M01.4-V3-stool							no					LUXEMBOURG CENTRE FOR SYSTEMS BIOMEDICINE	SRA401338		public	59BFAB6E7365D61911DEEE846FD610D8	44087EE20558FAAF3FD11C397AD807C3
SRR3313038	2016-08-12 09:46:45	2016-03-30 13:43:23	24185151	4158197344	22455343	171	2435		https://sra-downloadb.be-md.ncbi.nlm.nih.gov/sos12/sra-pub-zq-1214/SRR003/313/SRR3313038.sralite.1	SRX1670022	M01.5-V2-stool-metaG	WGS	RANDOM	METAGENOMIC	PAIRED	0	0	ILLUMINA	Illumina HiSeq 2000	SRP072561	PRJNA289586	2	289586	SRS1369985	SAMN04571696	simple	408170	human gut metagenome	M01.5-V2-stool							no					LUXEMBOURG CENTRE FOR SYSTEMS BIOMEDICINE	SRA401338		public	0C936477BD1F13D48796E38A10DD4E6F	6A3AF345949B0690A558E53B1B8FFEBC
SRR3313039	2016-08-12 09:46:45	2016-03-30 13:42:21	23704705	3943135434	21401193	166	2377		https://sra-downloadb.be-md.ncbi.nlm.nih.gov/sos12/sra-pub-zq-1211/SRR003/313/SRR3313039/SRR3313039.sralite.1	SRX1670023	M01.5-V3-stool-metaG	WGS	RANDOM	METAGENOMIC	PAIRED	0	0	ILLUMINA	Illumina HiSeq 2000	SRP072561	PRJNA289586	2	289586	SRS1369984	SAMN04571697	simple	408170	human gut metagenome	M01.5-V3-stool							no					LUXEMBOURG CENTRE FOR SYSTEMS BIOMEDICINE	SRA401338		public	9CD0C73E490F3C1074DA0D393F556C08	A87BF5ECCD7C77EEC9DAE4F5F1DE178E
SRR3313040	2016-08-12 09:46:45	2016-03-30 13:40:45	23488878	3716716305	20496214	158	2400		https://sra-downloadb.be-md.ncbi.nlm.nih.gov/sos12/sra-pub-zq-1211/SRR003/313/SRR3313040/SRR3313040.sralite.1	SRX1670024	M02.1-V1-stool-metaG	WGS	RANDOM	METAGENOMIC	PAIRED	0	0	ILLUMINA	Illumina HiSeq 2000	SRP072561	PRJNA289586	2	289586	SRS1369960	SAMN04571698	simple	408170	human gut metagenome	M02.1-V1-stool							no					LUXEMBOURG CENTRE FOR SYSTEMS BIOMEDICINE	SRA401338		public	7E84860ADF590DDA38895E44E659C7F2	68B51F17F66A852A9B5E3EB85248956C
SRR3313041	2016-08-12 09:46:45	2016-03-30 13:40:29	23340364	3648009708	20217218	156	2373		https://sra-downloadb.be-md.ncbi.nlm.nih.gov/sos12/sra-pub-zq-1211/SRR003/313/SRR3313041/SRR3313041.sralite.1	SRX1670025	M02.1-V2-stool-metaG	WGS	RANDOM	METAGENOMIC	PAIRED	0	0	ILLUMINA	Illumina HiSeq 2000	SRP072561	PRJNA289586	2	289586	SRS1369959	SAMN04571699	simple	408170	human gut metagenome	M02.1-V2-stool							no					LUXEMBOURG CENTRE FOR SYSTEMS BIOMEDICINE	SRA401338		public	1EBF7797A3051E07742909C350D7EAF0	CF2640C7AA71CD1FB2A69CA253CDFEC6
SRR3313042	2016-08-12 09:46:45	2016-03-30 13:42:15	23427386	3796622656	20380255	162	2376		https://sra-downloadb.be-md.ncbi.nlm.nih.gov/sos12/sra-pub-zq-1214/SRR003/313/SRR3313042.sralite.1	SRX1670026	M02.1-V3-stool-metaG	WGS	RANDOM	METAGENOMIC	PAIRED	0	0	ILLUMINA	Illumina HiSeq 2000	SRP072561	PRJNA289586	2	289586	SRS1369958	SAMN04571700	simple	408170	human gut metagenome	M02.1-V3-stool							no					LUXEMBOURG CENTRE FOR SYSTEMS BIOMEDICINE	SRA401338		public	D2E65B0F906B6A5B51AB07E6290E940C	3405477DB1013B373B799F3506AED090
SRR3313043	2016-08-12 09:46:45	2016-03-30 13:52:26	23506996	3726043309	20523869	158	2394		https://sra-downloadb.be-md.ncbi.nlm.nih.gov/sos12/sra-pub-zq-1214/SRR003/313/SRR3313043.sralite.1	SRX1670027	M02.2-V1-stool-metaG	WGS	RANDOM	METAGENOMIC	PAIRED	0	0	ILLUMINA	Illumina HiSeq 2000	SRP072561	PRJNA289586	2	289586	SRS1369983	SAMN04571701	simple	408170	human gut metagenome	M02.2-V1-stool							no					LUXEMBOURG CENTRE FOR SYSTEMS BIOMEDICINE	SRA401338		public	A3897F0AE838A445A83C37EA5F9101E8	CEB2319449263CB923D63BFC918102B3
SRR3313044	2016-08-12 09:46:45	2016-03-30 13:40:58	23215739	3777185147	20275427	162	2359		https://sra-downloadb.be-md.ncbi.nlm.nih.gov/sos12/sra-pub-zq-1214/SRR003/313/SRR3313044.sralite.1	SRX1670028	M02.2-V2-stool-metaG	WGS	RANDOM	METAGENOMIC	PAIRED	0	0	ILLUMINA	Illumina HiSeq 2000	SRP072561	PRJNA289586	2	289586	SRS1369957	SAMN04571702	simple	408170	human gut metagenome	M02.2-V2-stool							no					LUXEMBOURG CENTRE FOR SYSTEMS BIOMEDICINE	SRA401338		public	FF8A9CCF2B7C7FFF8C1467A651F841D0	BF24F98C25574B7A83CFA076874F973F
SRR3313045	2016-08-12 09:46:45	2016-03-30 13:41:47	23197874	3725953650	19974314	160	2345		https://sra-downloadb.be-md.ncbi.nlm.nih.gov/sos12/sra-pub-zq-1214/SRR003/313/SRR3313045.sralite.1	SRX1670029	M02.2-V3-stool-metaG	WGS	RANDOM	METAGENOMIC	PAIRED	0	0	ILLUMINA	Illumina HiSeq 2000	SRP072561	PRJNA289586	2	289586	SRS1369956	SAMN04571703	simple	408170	human gut metagenome	M02.2-V3-stool							no					LUXEMBOURG CENTRE FOR SYSTEMS BIOMEDICINE	SRA401338		public	F262C3F2EC6D07DBD60501370F5E0103	9D2FB2D45CAFAC68E4613E5736152B0D
SRR3313047	2016-08-12 09:46:45	2016-03-30 13:42:35	23407522	3729351480	20203109	159	2345		https://sra-downloadb.be-md.ncbi.nlm.nih.gov/sos12/sra-pub-zq-1214/SRR003/313/SRR3313047.sralite.1	SRX1670031	M02.3-V1-stool-metaG	WGS	RANDOM	METAGENOMIC	PAIRED	0	0	ILLUMINA	Illumina HiSeq 2000	SRP072561	PRJNA289586	2	289586	SRS1369955	SAMN04571704	simple	408170	human gut metagenome	M02.3-V1-stool							no					LUXEMBOURG CENTRE FOR SYSTEMS BIOMEDICINE	SRA401338		public	8CCAAA69A9D7737D3BBD0DAC4ED2E75B	6758863C3BADAF5E329990BF9C3DCC67
SRR3313048	2016-08-12 09:46:45	2016-03-30 13:41:55	23358469	3736460027	20181648	159	2355		https://sra-downloadb.be-md.ncbi.nlm.nih.gov/sos12/sra-pub-zq-1211/SRR003/313/SRR3313048/SRR3313048.sralite.1	SRX1670032	M02.3-V2-stool-metaG	WGS	RANDOM	METAGENOMIC	PAIRED	0	0	ILLUMINA	Illumina HiSeq 2000	SRP072561	PRJNA289586	2	289586	SRS1369953	SAMN04571705	simple	408170	human gut metagenome	M02.3-V2-stool							no					LUXEMBOURG CENTRE FOR SYSTEMS BIOMEDICINE	SRA401338		public	C8693B39C519654CBE7B8E3086E38A16	3544A044FF99A0B71FA5824326012E05
SRR3313049	2016-08-12 09:46:45	2016-03-30 13:53:30	23350458	3727590314	20144247	159	2351		https://sra-downloadb.be-md.ncbi.nlm.nih.gov/sos12/sra-pub-zq-1211/SRR003/313/SRR3313049/SRR3313049.sralite.1	SRX1670033	M02.3-V3-stool-metaG	WGS	RANDOM	METAGENOMIC	PAIRED	0	0	ILLUMINA	Illumina HiSeq 2000	SRP072561	PRJNA289586	2	289586	SRS1369952	SAMN04571706	simple	408170	human gut metagenome	M02.3-V3-stool							no					LUXEMBOURG CENTRE FOR SYSTEMS BIOMEDICINE	SRA401338		public	2BA1A36B70F983F43276B3C92F1602CB	5BA18EC04D0B46D23763AFEA0E29ED0B
SRR3313050	2016-08-12 09:46:45	2016-03-30 13:43:26	23243757	3695479563	20008345	158	2331		https://sra-downloadb.be-md.ncbi.nlm.nih.gov/sos12/sra-pub-zq-1211/SRR003/313/SRR3313050/SRR3313050.sralite.1	SRX1670034	M02.4-V1-stool-metaG	WGS	RANDOM	METAGENOMIC	PAIRED	0	0	ILLUMINA	Illumina HiSeq 2000	SRP072561	PRJNA289586	2	289586	SRS1369950	SAMN04571707	simple	408170	human gut metagenome	M02.4-V1-stool							no					LUXEMBOURG CENTRE FOR SYSTEMS BIOMEDICINE	SRA401338		public	43F66B75AA9558DB2E5E9732FAD9DFE0	66E25B9014D0797AA8AC32CD59EE2C6B
SRR3313051	2016-08-12 09:46:45	2016-03-30 13:45:26	23168909	3555645057	0	153	2259		https://sra-downloadb.be-md.ncbi.nlm.nih.gov/sos12/sra-pub-zq-1214/SRR003/313/SRR3313051.sralite.1	SRX1670035	M02.4-V2-stool-metaG	WGS	RANDOM	METAGENOMIC	PAIRED	0	0	ILLUMINA	Illumina HiSeq 2000	SRP072561	PRJNA289586	2	289586	SRS1369951	SAMN04571708	simple	408170	human gut metagenome	M02.4-V2-stool							no					LUXEMBOURG CENTRE FOR SYSTEMS BIOMEDICINE	SRA401338		public		
SRR3313052	2016-08-12 09:46:45	2016-03-30 13:43:43	23705583	3868163830	21016996	163	2383		https://sra-downloadb.be-md.ncbi.nlm.nih.gov/sos12/sra-pub-zq-1211/SRR003/313/SRR3313052/SRR3313052.sralite.1	SRX1670036	M02.4-V3-stool-metaG	WGS	RANDOM	METAGENOMIC	PAIRED	0	0	ILLUMINA	Illumina HiSeq 2000	SRP072561	PRJNA289586	2	289586	SRS1369949	SAMN04571709	simple	408170	human gut metagenome	M02.4-V3-stool							no					LUXEMBOURG CENTRE FOR SYSTEMS BIOMEDICINE	SRA401338		public	FBFB9583BFD4BA3DCE1A6D08EB0AAE21	13BC4191F2490CF6DE5584955CBF917B
SRR3313053	2016-08-12 09:46:45	2016-03-30 13:41:10	23135268	3677283214	19801261	158	2329		https://sra-downloadb.be-md.ncbi.nlm.nih.gov/sos12/sra-pub-zq-1211/SRR003/313/SRR3313053/SRR3313053.sralite.1	SRX1670037	M02.5-V1-stool-metaG	WGS	RANDOM	METAGENOMIC	PAIRED	0	0	ILLUMINA	Illumina HiSeq 2000	SRP072561	PRJNA289586	2	289586	SRS1369947	SAMN04571710	simple	408170	human gut metagenome	M02.5-V1-stool							no					LUXEMBOURG CENTRE FOR SYSTEMS BIOMEDICINE	SRA401338		public	32A3965A17A4371E191788A29BEAB650	224A332581B854F5F929860860236273
SRR3313054	2016-08-12 09:46:45	2016-03-30 13:49:08	23953471	3981307064	21464681	166	2445		https://sra-downloadb.be-md.ncbi.nlm.nih.gov/sos12/sra-pub-zq-1211/SRR003/313/SRR3313054/SRR3313054.sralite.1	SRX1670038	M02.5-V2-stool-metaG	WGS	RANDOM	METAGENOMIC	PAIRED	0	0	ILLUMINA	Illumina HiSeq 2000	SRP072561	PRJNA289586	2	289586	SRS1369948	SAMN04571711	simple	408170	human gut metagenome	M02.5-V2-stool							no					LUXEMBOURG CENTRE FOR SYSTEMS BIOMEDICINE	SRA401338		public	1B9E2A227BCB34CDF510FF008DBD69D3	9726D100175F5027BB5FF7651681FDEA
SRR3313055	2016-08-12 09:46:45	2016-04-04 10:31:44	23506659	3762993930	20401280	160	2336		https://sra-downloadb.be-md.ncbi.nlm.nih.gov/sos12/sra-pub-zq-1214/SRR003/313/SRR3313055.sralite.1	SRX1670039	M03.1-V2-stool-metaG	WGS	RANDOM	METAGENOMIC	PAIRED	0	0	ILLUMINA	Illumina HiSeq 2000	SRP072561	PRJNA289586	2	289586	SRS1369982	SAMN04571712	simple	408170	human gut metagenome	M03.1-V2-stool							no					LUXEMBOURG CENTRE FOR SYSTEMS BIOMEDICINE	SRA401338		public	3047E0F56E21BBF966D14C320E7729BF	F6B889B0BF4FAC00E6DDD36961D2B936
SRR3313056	2016-08-12 09:46:45	2016-03-30 13:43:20	23566854	3790413153	20513781	160	2351		https://sra-downloadb.be-md.ncbi.nlm.nih.gov/sos12/sra-pub-zq-1214/SRR003/313/SRR3313056.sralite.1	SRX1670040	M03.1-V3-stool-metaG	WGS	RANDOM	METAGENOMIC	PAIRED	0	0	ILLUMINA	Illumina HiSeq 2000	SRP072561	PRJNA289586	2	289586	SRS1369981	SAMN04571713	simple	408170	human gut metagenome	M03.1-V3-stool							no					LUXEMBOURG CENTRE FOR SYSTEMS BIOMEDICINE	SRA401338		public	7474FAF2B1921CBEC14A87D5C97489B9	394275A910B8B8530810B46CA616D730
SRR3313058	2016-08-12 09:46:45	2016-03-30 13:41:51	23581417	3839750492	20762559	162	2385		https://sra-downloadb.be-md.ncbi.nlm.nih.gov/sos12/sra-pub-zq-1211/SRR003/313/SRR3313058/SRR3313058.sralite.1	SRX1670042	M03.3-V1-stool-metaG	WGS	RANDOM	METAGENOMIC	PAIRED	0	0	ILLUMINA	Illumina HiSeq 2000	SRP072561	PRJNA289586	2	289586	SRS1369980	SAMN04571714	simple	408170	human gut metagenome	M03.3-V1-stool							no					LUXEMBOURG CENTRE FOR SYSTEMS BIOMEDICINE	SRA401338		public	C51A26D194D6919E0807D77C96C99C65	F05E24C177F87658435E73051758AB78
SRR3313059	2016-08-12 09:46:45	2016-03-30 13:43:56	23615730	3888196749	20897849	164	2405		https://sra-downloadb.be-md.ncbi.nlm.nih.gov/sos12/sra-pub-zq-1211/SRR003/313/SRR3313059/SRR3313059.sralite.1	SRX1670043	M03.3-V2-stool-metaG	WGS	RANDOM	METAGENOMIC	PAIRED	0	0	ILLUMINA	Illumina HiSeq 2000	SRP072561	PRJNA289586	2	289586	SRS1369979	SAMN04571715	simple	408170	human gut metagenome	M03.3-V2-stool							no					LUXEMBOURG CENTRE FOR SYSTEMS BIOMEDICINE	SRA401338		public	687E7FBD0F16669C95310E3673963684	CED11A63BF31F5C5B04F36D1430CA24D
SRR3313060	2016-08-12 09:46:45	2016-03-30 13:43:38	23655144	3864044851	20855334	163	2393		https://sra-downloadb.be-md.ncbi.nlm.nih.gov/sos12/sra-pub-zq-1211/SRR003/313/SRR3313060/SRR3313060.sralite.1	SRX1670044	M03.3-V3-stool-metaG	WGS	RANDOM	METAGENOMIC	PAIRED	0	0	ILLUMINA	Illumina HiSeq 2000	SRP072561	PRJNA289586	2	289586	SRS1369946	SAMN04571716	simple	408170	human gut metagenome	M03.3-V3-stool							no					LUXEMBOURG CENTRE FOR SYSTEMS BIOMEDICINE	SRA401338		public	2E271AAEC0FC59A6835CF8164896C309	F555C5C4EFD2DD8F3512D61F25103FB7
SRR3313061	2016-08-12 09:46:45	2016-03-30 13:43:26	23513251	3837217311	20700070	163	2389		https://sra-downloadb.be-md.ncbi.nlm.nih.gov/sos12/sra-pub-zq-1214/SRR003/313/SRR3313061.sralite.1	SRX1670045	M03.4-V1-stool-metaG	WGS	RANDOM	METAGENOMIC	PAIRED	0	0	ILLUMINA	Illumina HiSeq 2000	SRP072561	PRJNA289586	2	289586	SRS1369978	SAMN04571717	simple	408170	human gut metagenome	M03.4-V1-stool							no					LUXEMBOURG CENTRE FOR SYSTEMS BIOMEDICINE	SRA401338		public	A12C509D0442BD02B1C3FAD616BA9991	EA81161AF4ACC57825978267783544FE
SRR3313062	2016-08-12 09:46:45	2016-03-30 13:46:38	23601999	3851320144	20934261	163	2377		https://sra-downloadb.be-md.ncbi.nlm.nih.gov/sos12/sra-pub-zq-1211/SRR003/313/SRR3313062/SRR3313062.sralite.1	SRX1670046	M03.4-V2-stool-metaG	WGS	RANDOM	METAGENOMIC	PAIRED	0	0	ILLUMINA	Illumina HiSeq 2000	SRP072561	PRJNA289586	2	289586	SRS1369944	SAMN04571718	simple	408170	human gut metagenome	M03.4-V2-stool							no					LUXEMBOURG CENTRE FOR SYSTEMS BIOMEDICINE	SRA401338		public	C2C9B0CEFDD2B98B44FB241F861D8564	6FC9F255316156EE8A90DB8471A7CB21
SRR3313063	2016-08-12 09:46:45	2016-03-30 13:44:51	23733198	3890135930	21045180	163	2395		https://sra-downloadb.be-md.ncbi.nlm.nih.gov/sos12/sra-pub-zq-1211/SRR003/313/SRR3313063/SRR3313063.sralite.1	SRX1670047	M03.4-V3-stool-metaG	WGS	RANDOM	METAGENOMIC	PAIRED	0	0	ILLUMINA	Illumina HiSeq 2000	SRP072561	PRJNA289586	2	289586	SRS1369977	SAMN04571719	simple	408170	human gut metagenome	M03.4-V3-stool							no					LUXEMBOURG CENTRE FOR SYSTEMS BIOMEDICINE	SRA401338		public	598C14E81F3AB80A9D3B8B4102238C0A	4E94C668F5B8A06894E0B7EBB70558D7
SRR3313064	2016-08-12 09:46:45	2016-03-30 13:46:48	23662576	3935539926	21092103	166	2426		https://sra-downloadb.be-md.ncbi.nlm.nih.gov/sos12/sra-pub-zq-1211/SRR003/313/SRR3313064/SRR3313064.sralite.1	SRX1670048	M03.5-V1-stool-metaG	WGS	RANDOM	METAGENOMIC	PAIRED	0	0	ILLUMINA	Illumina HiSeq 2000	SRP072561	PRJNA289586	2	289586	SRS1369945	SAMN04571720	simple	408170	human gut metagenome	M03.5-V1-stool							no					LUXEMBOURG CENTRE FOR SYSTEMS BIOMEDICINE	SRA401338		public	0D6D87AF092BC84ED8D94253BFB76C18	DE016766B9FB6F5C5531C8430CF10625
SRR3313065	2016-08-12 09:46:45	2016-03-30 13:44:58	23782972	3961685083	21442925	166	2429		https://sra-downloadb.be-md.ncbi.nlm.nih.gov/sos12/sra-pub-zq-1214/SRR003/313/SRR3313065.sralite.1	SRX1670049	M03.5-V2-stool-metaG	WGS	RANDOM	METAGENOMIC	PAIRED	0	0	ILLUMINA	Illumina HiSeq 2000	SRP072561	PRJNA289586	2	289586	SRS1369976	SAMN04571721	simple	408170	human gut metagenome	M03.5-V2-stool							no					LUXEMBOURG CENTRE FOR SYSTEMS BIOMEDICINE	SRA401338		public	77ED6A2BC5D33B3CE14D6482FBD70D08	7636E54DC1BA10FCC64F59B0520D3470
SRR3313066	2016-08-12 09:46:45	2016-03-30 13:55:05	23981173	4015172162	21882454	167	2485		https://sra-downloadb.be-md.ncbi.nlm.nih.gov/sos12/sra-pub-zq-1211/SRR003/313/SRR3313066/SRR3313066.sralite.1	SRX1670050	M04.1-V1-stool-metaG	WGS	RANDOM	METAGENOMIC	PAIRED	0	0	ILLUMINA	Illumina HiSeq 2000	SRP072561	PRJNA289586	2	289586	SRS1369975	SAMN04571722	simple	408170	human gut metagenome	M04.1-V1-stool							no					LUXEMBOURG CENTRE FOR SYSTEMS BIOMEDICINE	SRA401338		public	37EFFE79EE07BF5BB1C26A0F54664F6E	170ED07AF61817A602AA80BFB02880E8
SRR3313067	2016-08-12 09:46:45	2016-03-30 13:43:35	23231539	3856812120	21141811	166	2387		https://sra-downloadb.be-md.ncbi.nlm.nih.gov/sos12/sra-pub-zq-1211/SRR003/313/SRR3313067/SRR3313067.sralite.1	SRX1670051	M04.1-V3-stool-metaG	WGS	RANDOM	METAGENOMIC	PAIRED	0	0	ILLUMINA	Illumina HiSeq 2000	SRP072561	PRJNA289586	2	289586	SRS1369942	SAMN04571723	simple	408170	human gut metagenome	M04.1-V3-stool							no					LUXEMBOURG CENTRE FOR SYSTEMS BIOMEDICINE	SRA401338		public	A4A4E84BEBE619B59F3957D2AAD91A92	76A471DBCB4D6476635D63A668FCA347
SRR3313069	2016-08-12 09:46:45	2016-03-30 13:47:33	22712416	3811864502	20743222	167	2356		https://sra-downloadb.be-md.ncbi.nlm.nih.gov/sos12/sra-pub-zq-1214/SRR003/313/SRR3313069.sralite.1	SRX1670053	M04.2-V1-stool-metaG	WGS	RANDOM	METAGENOMIC	PAIRED	0	0	ILLUMINA	Illumina HiSeq 2000	SRP072561	PRJNA289586	2	289586	SRS1369974	SAMN04571724	simple	408170	human gut metagenome	M04.2-V1-stool							no					LUXEMBOURG CENTRE FOR SYSTEMS BIOMEDICINE	SRA401338		public	15A3F30C6B46D3F62CB7667C658FD1E7	56A104A2C81E40CA0235801C83D98397
SRR3313070	2016-08-12 09:46:45	2016-03-30 13:57:14	24050060	3997535425	21848185	166	2474		https://sra-downloadb.be-md.ncbi.nlm.nih.gov/sos12/sra-pub-zq-1211/SRR003/313/SRR3313070/SRR3313070.sralite.1	SRX1670054	M04.2-V2-stool-metaG	WGS	RANDOM	METAGENOMIC	PAIRED	0	0	ILLUMINA	Illumina HiSeq 2000	SRP072561	PRJNA289586	2	289586	SRS1369941	SAMN04571725	simple	408170	human gut metagenome	M04.2-V2-stool							no					LUXEMBOURG CENTRE FOR SYSTEMS BIOMEDICINE	SRA401338		public	9242FA3CD71A0348B8160A84BF3BB6BF	C0CD9679512E8B33B82695A26C9DE9F6
SRR3313071	2016-08-12 09:46:45	2016-03-30 13:45:23	23829791	3941547752	21677254	165	2455		https://sra-downloadb.be-md.ncbi.nlm.nih.gov/sos12/sra-pub-zq-1211/SRR003/313/SRR3313071/SRR3313071.sralite.1	SRX1670055	M04.2-V3-stool-metaG	WGS	RANDOM	METAGENOMIC	PAIRED	0	0	ILLUMINA	Illumina HiSeq 2000	SRP072561	PRJNA289586	2	289586	SRS1369940	SAMN04571726	simple	408170	human gut metagenome	M04.2-V3-stool							no					LUXEMBOURG CENTRE FOR SYSTEMS BIOMEDICINE	SRA401338		public	8EAE408EF8BBB36D49A198160AAE0E32	9F3941C7677835EC55F1BC7C23C32844
SRR3313072	2016-08-12 09:46:45	2016-03-30 13:48:59	23738112	3808830478	20723582	160	2341		https://sra-downloadb.be-md.ncbi.nlm.nih.gov/sos12/sra-pub-zq-1211/SRR003/313/SRR3313072/SRR3313072.sralite.1	SRX1670056	M04.3-V1-stool-metaG	WGS	RANDOM	METAGENOMIC	PAIRED	0	0	ILLUMINA	Illumina HiSeq 2000	SRP072561	PRJNA289586	2	289586	SRS1369939	SAMN04571727	simple	408170	human gut metagenome	M04.3-V1-stool							no					LUXEMBOURG CENTRE FOR SYSTEMS BIOMEDICINE	SRA401338		public	7BC797CB5A2DCB2650C180A630E17344	2C6D2B41D0585E94C24C53F2F35D3E67
SRR3313073	2016-08-12 09:46:45	2016-03-30 13:52:03	23742112	3928453567	20973814	165	2431		https://sra-downloadb.be-md.ncbi.nlm.nih.gov/sos12/sra-pub-zq-1211/SRR003/313/SRR3313073/SRR3313073.sralite.1	SRX1670057	M04.3-V3-stool-metaG	WGS	RANDOM	METAGENOMIC	PAIRED	0	0	ILLUMINA	Illumina HiSeq 2000	SRP072561	PRJNA289586	2	289586	SRS1369973	SAMN04571728	simple	408170	human gut metagenome	M04.3-V3-stool							no					LUXEMBOURG CENTRE FOR SYSTEMS BIOMEDICINE	SRA401338		public	E31991CFE9AE31A98C01F4D42C308252	A4F26A4D471CB5571DB2CE10112A894C
SRR3313074	2016-08-12 09:46:45	2016-03-30 13:52:38	23481010	3732742611	20382828	158	2380		https://sra-downloadb.be-md.ncbi.nlm.nih.gov/sos12/sra-pub-zq-1211/SRR003/313/SRR3313074/SRR3313074.sralite.1	SRX1670058	M04.4-V1-stool-metaG	WGS	RANDOM	METAGENOMIC	PAIRED	0	0	ILLUMINA	Illumina HiSeq 2000	SRP072561	PRJNA289586	2	289586	SRS1369938	SAMN04571729	simple	408170	human gut metagenome	M04.4-V1-stool							no					LUXEMBOURG CENTRE FOR SYSTEMS BIOMEDICINE	SRA401338		public	DC9EE226561708C4634A6B4983C64A25	A3E02EDB2B6EF858193D51609EDC9A01
