study_name	subject_id	sample_id	target_condition	target_condition_ontology_term_id	control	control_ontology_term_id	country	country_ontology_term_id	body_site	body_site_ontology_term_id	age_group	age_group_ontology_term_id	age	age_unit	age_years	uncurated_age_month	days_from_first_collection	antibiotics_current_use	curator	disease	disease_details	disease_details_ontology_term_id	disease_ontology_term_id	dna_extraction_kit	hla	hla_ontology_term_id	ncbi_accession	pmid	sequencing_platform	sex	sex_ontology_term_id	treatment	treatment_ontology_term_id	westernized	host_species
VatanenT_2016	E002338	G78823	Otitis Media;Pneumonia;bronchitis;Upper Respiratory Tract Infection;Septicemia;Skin Infection;Cough;Gastroenteritis;Tonsillitis;Pyelonephritis;Cystitis;Fever;Infectious Disorder;Stomatitis;Salmonellosis	NCIT:C34885;NCIT:C3333;NCIT:C2911;NCIT:C35650;NCIT:C3364;NCIT:C35025;NCIT:C37935;NCIT:C34632;NCIT:C116006;NCIT:C34965;NCIT:C26738;NCIT:C3038;NCIT:C128320;NCIT:C26887;NCIT:C157974	Study Control	NCIT:C142703	Finland	NCIT:C16584	feces	UBERON:0001988	Child	NCIT:C49683	1089	Day	3	36	1031	No	Paolo_Manghi,Svetlana_Ugarcina_Perovic	Healthy	NA	NA	NCIT:C115935	Qiagen	HLA protein complex with DQ5 serotype	MRO:0001626	SRR4305321	27133167	IlluminaHiSeq	Female	NCIT:C16576	NA	NA	Yes	Homo sapiens
VatanenT_2016	E002338	G80490	Otitis Media;Pneumonia;bronchitis;Upper Respiratory Tract Infection;Septicemia;Skin Infection;Cough;Gastroenteritis;Tonsillitis;Pyelonephritis;Cystitis;Fever;Infectious Disorder;Stomatitis;Salmonellosis	NCIT:C34885;NCIT:C3333;NCIT:C2911;NCIT:C35650;NCIT:C3364;NCIT:C35025;NCIT:C37935;NCIT:C34632;NCIT:C116006;NCIT:C34965;NCIT:C26738;NCIT:C3038;NCIT:C128320;NCIT:C26887;NCIT:C157974	Study Control	NCIT:C142703	Finland	NCIT:C16584	feces	UBERON:0001988	Infant	NCIT:C27956	58	Day	0.2	2	0	No	Paolo_Manghi,Svetlana_Ugarcina_Perovic	Healthy	NA	NA	NCIT:C115935	Qiagen	HLA protein complex with DQ5 serotype	MRO:0001626	SRR4408075	27133167	IlluminaHiSeq	Female	NCIT:C16576	NA	NA	Yes	Homo sapiens
VatanenT_2016	E002338	G80513	Otitis Media;Pneumonia;bronchitis;Upper Respiratory Tract Infection;Septicemia;Skin Infection;Cough;Gastroenteritis;Tonsillitis;Pyelonephritis;Cystitis;Fever;Infectious Disorder;Stomatitis;Salmonellosis	NCIT:C34885;NCIT:C3333;NCIT:C2911;NCIT:C35650;NCIT:C3364;NCIT:C35025;NCIT:C37935;NCIT:C34632;NCIT:C116006;NCIT:C34965;NCIT:C26738;NCIT:C3038;NCIT:C128320;NCIT:C26887;NCIT:C157974	Case	NCIT:C49152	Finland	NCIT:C16584	feces	UBERON:0001988	Infant	NCIT:C27956	399	Day	1.1	13	341	Yes	Paolo_Manghi,Svetlana_Ugarcina_Perovic	Pyelonephritis	NA	NA	NCIT:C34965	Qiagen	HLA protein complex with DQ5 serotype	MRO:0001626	SRR4408099	27133167	IlluminaHiSeq	Female	NCIT:C16576	Cephalosporin Antibiotic;Penicillin Antibiotic;Sulfonamide Anti-Infective Agent	NCIT:C357;NCIT:C1500;NCIT:C29739	Yes	Homo sapiens
VatanenT_2016	E002338	G80537	Otitis Media;Pneumonia;bronchitis;Upper Respiratory Tract Infection;Septicemia;Skin Infection;Cough;Gastroenteritis;Tonsillitis;Pyelonephritis;Cystitis;Fever;Infectious Disorder;Stomatitis;Salmonellosis	NCIT:C34885;NCIT:C3333;NCIT:C2911;NCIT:C35650;NCIT:C3364;NCIT:C35025;NCIT:C37935;NCIT:C34632;NCIT:C116006;NCIT:C34965;NCIT:C26738;NCIT:C3038;NCIT:C128320;NCIT:C26887;NCIT:C157974	Case	NCIT:C49152	Finland	NCIT:C16584	feces	UBERON:0001988	Infant	NCIT:C27956	493	Day	1.3	16	435	Yes	Paolo_Manghi,Svetlana_Ugarcina_Perovic	Pyelonephritis	NA	NA	NCIT:C34965	Qiagen	HLA protein complex with DQ5 serotype	MRO:0001626	SRR4408133	27133167	IlluminaHiSeq	Female	NCIT:C16576	Cephalosporin Antibiotic;Penicillin Antibiotic;Sulfonamide Anti-Infective Agent	NCIT:C357;NCIT:C1500;NCIT:C29739	Yes	Homo sapiens
VatanenT_2016	E002338	G80538	Otitis Media;Pneumonia;bronchitis;Upper Respiratory Tract Infection;Septicemia;Skin Infection;Cough;Gastroenteritis;Tonsillitis;Pyelonephritis;Cystitis;Fever;Infectious Disorder;Stomatitis;Salmonellosis	NCIT:C34885;NCIT:C3333;NCIT:C2911;NCIT:C35650;NCIT:C3364;NCIT:C35025;NCIT:C37935;NCIT:C34632;NCIT:C116006;NCIT:C34965;NCIT:C26738;NCIT:C3038;NCIT:C128320;NCIT:C26887;NCIT:C157974	Study Control	NCIT:C142703	Finland	NCIT:C16584	feces	UBERON:0001988	Infant	NCIT:C27956	122	Day	0.3	4	64	No	Paolo_Manghi,Svetlana_Ugarcina_Perovic	Healthy	NA	NA	NCIT:C115935	Qiagen	HLA protein complex with DQ5 serotype	MRO:0001626	SRR4408134	27133167	IlluminaHiSeq	Female	NCIT:C16576	NA	NA	Yes	Homo sapiens
VatanenT_2016	E002338	G80541	Otitis Media;Pneumonia;bronchitis;Upper Respiratory Tract Infection;Septicemia;Skin Infection;Cough;Gastroenteritis;Tonsillitis;Pyelonephritis;Cystitis;Fever;Infectious Disorder;Stomatitis;Salmonellosis	NCIT:C34885;NCIT:C3333;NCIT:C2911;NCIT:C35650;NCIT:C3364;NCIT:C35025;NCIT:C37935;NCIT:C34632;NCIT:C116006;NCIT:C34965;NCIT:C26738;NCIT:C3038;NCIT:C128320;NCIT:C26887;NCIT:C157974	Study Control	NCIT:C142703	Finland	NCIT:C16584	feces	UBERON:0001988	Infant	NCIT:C27956	304	Day	0.8	10	246	No	Paolo_Manghi,Svetlana_Ugarcina_Perovic	Healthy	NA	NA	NCIT:C115935	Qiagen	HLA protein complex with DQ5 serotype	MRO:0001626	SRR4408137	27133167	IlluminaHiSeq	Female	NCIT:C16576	NA	NA	Yes	Homo sapiens
VatanenT_2016	E002338	G80322	Otitis Media;Pneumonia;bronchitis;Upper Respiratory Tract Infection;Septicemia;Skin Infection;Cough;Gastroenteritis;Tonsillitis;Pyelonephritis;Cystitis;Fever;Infectious Disorder;Stomatitis;Salmonellosis	NCIT:C34885;NCIT:C3333;NCIT:C2911;NCIT:C35650;NCIT:C3364;NCIT:C35025;NCIT:C37935;NCIT:C34632;NCIT:C116006;NCIT:C34965;NCIT:C26738;NCIT:C3038;NCIT:C128320;NCIT:C26887;NCIT:C157974	Study Control	NCIT:C142703	Finland	NCIT:C16584	feces	UBERON:0001988	Child	NCIT:C49683	852	Day	2.3	28	794	No	Paolo_Manghi,Svetlana_Ugarcina_Perovic	Healthy	NA	NA	NCIT:C115935	Qiagen	HLA protein complex with DQ5 serotype	MRO:0001626	SRR4408217	27133167	IlluminaHiSeq	Female	NCIT:C16576	NA	NA	Yes	Homo sapiens
VatanenT_2016	E002473	G78579	Otitis Media;Pneumonia;bronchitis;Upper Respiratory Tract Infection;Septicemia;Skin Infection;Cough;Gastroenteritis;Tonsillitis;Pyelonephritis;Cystitis;Fever;Infectious Disorder;Stomatitis;Salmonellosis	NCIT:C34885;NCIT:C3333;NCIT:C2911;NCIT:C35650;NCIT:C3364;NCIT:C35025;NCIT:C37935;NCIT:C34632;NCIT:C116006;NCIT:C34965;NCIT:C26738;NCIT:C3038;NCIT:C128320;NCIT:C26887;NCIT:C157974	Case	NCIT:C49152	Finland	NCIT:C16584	feces	UBERON:0001988	Child	NCIT:C49683	848	Day	2.3	28	806	Yes	Paolo_Manghi,Svetlana_Ugarcina_Perovic	Otitis Media	NA	NA	NCIT:C34885	Qiagen	HLA protein complex with DQ5 serotype	MRO:0001626	SRR4305107	27133167	IlluminaHiSeq	Female	NCIT:C16576	Cephalosporin Antibiotic	NCIT:C357	Yes	Homo sapiens
VatanenT_2016	E002473	G80455	Otitis Media;Pneumonia;bronchitis;Upper Respiratory Tract Infection;Septicemia;Skin Infection;Cough;Gastroenteritis;Tonsillitis;Pyelonephritis;Cystitis;Fever;Infectious Disorder;Stomatitis;Salmonellosis	NCIT:C34885;NCIT:C3333;NCIT:C2911;NCIT:C35650;NCIT:C3364;NCIT:C35025;NCIT:C37935;NCIT:C34632;NCIT:C116006;NCIT:C34965;NCIT:C26738;NCIT:C3038;NCIT:C128320;NCIT:C26887;NCIT:C157974	Study Control	NCIT:C142703	Finland	NCIT:C16584	feces	UBERON:0001988	Infant	NCIT:C27956	213	Day	0.6	7	171	No	Paolo_Manghi,Svetlana_Ugarcina_Perovic	Healthy	NA	NA	NCIT:C115935	Qiagen	HLA protein complex with DQ5 serotype	MRO:0001626	SRR4408039	27133167	IlluminaHiSeq	Female	NCIT:C16576	NA	NA	Yes	Homo sapiens
VatanenT_2016	E002473	G80482	Otitis Media;Pneumonia;bronchitis;Upper Respiratory Tract Infection;Septicemia;Skin Infection;Cough;Gastroenteritis;Tonsillitis;Pyelonephritis;Cystitis;Fever;Infectious Disorder;Stomatitis;Salmonellosis	NCIT:C34885;NCIT:C3333;NCIT:C2911;NCIT:C35650;NCIT:C3364;NCIT:C35025;NCIT:C37935;NCIT:C34632;NCIT:C116006;NCIT:C34965;NCIT:C26738;NCIT:C3038;NCIT:C128320;NCIT:C26887;NCIT:C157974	Study Control	NCIT:C142703	Finland	NCIT:C16584	feces	UBERON:0001988	Infant	NCIT:C27956	396	Day	1.1	13	354	No	Paolo_Manghi,Svetlana_Ugarcina_Perovic	Healthy	NA	NA	NCIT:C115935	Qiagen	HLA protein complex with DQ5 serotype	MRO:0001626	SRR4408066	27133167	IlluminaHiSeq	Female	NCIT:C16576	NA	NA	Yes	Homo sapiens
VatanenT_2016	E002473	G80498	Otitis Media;Pneumonia;bronchitis;Upper Respiratory Tract Infection;Septicemia;Skin Infection;Cough;Gastroenteritis;Tonsillitis;Pyelonephritis;Cystitis;Fever;Infectious Disorder;Stomatitis;Salmonellosis	NCIT:C34885;NCIT:C3333;NCIT:C2911;NCIT:C35650;NCIT:C3364;NCIT:C35025;NCIT:C37935;NCIT:C34632;NCIT:C116006;NCIT:C34965;NCIT:C26738;NCIT:C3038;NCIT:C128320;NCIT:C26887;NCIT:C157974	Study Control	NCIT:C142703	Finland	NCIT:C16584	feces	UBERON:0001988	Infant	NCIT:C27956	42	Day	0.1	1	0	No	Paolo_Manghi,Svetlana_Ugarcina_Perovic	Healthy	NA	NA	NCIT:C115935	Qiagen	HLA protein complex with DQ5 serotype	MRO:0001626	SRR4408084	27133167	IlluminaHiSeq	Female	NCIT:C16576	NA	NA	Yes	Homo sapiens
VatanenT_2016	E002473	G80387	Otitis Media;Pneumonia;bronchitis;Upper Respiratory Tract Infection;Septicemia;Skin Infection;Cough;Gastroenteritis;Tonsillitis;Pyelonephritis;Cystitis;Fever;Infectious Disorder;Stomatitis;Salmonellosis	NCIT:C34885;NCIT:C3333;NCIT:C2911;NCIT:C35650;NCIT:C3364;NCIT:C35025;NCIT:C37935;NCIT:C34632;NCIT:C116006;NCIT:C34965;NCIT:C26738;NCIT:C3038;NCIT:C128320;NCIT:C26887;NCIT:C157974	Study Control	NCIT:C142703	Finland	NCIT:C16584	feces	UBERON:0001988	Child	NCIT:C49683	1109	Day	3	36	1067	No	Paolo_Manghi,Svetlana_Ugarcina_Perovic	Healthy	NA	NA	NCIT:C115935	Qiagen	HLA protein complex with DQ5 serotype	MRO:0001626	SRR4408257	27133167	IlluminaHiSeq	Female	NCIT:C16576	NA	NA	Yes	Homo sapiens
VatanenT_2016	E002681	G80461	Otitis Media;Pneumonia;bronchitis;Upper Respiratory Tract Infection;Septicemia;Skin Infection;Cough;Gastroenteritis;Tonsillitis;Pyelonephritis;Cystitis;Fever;Infectious Disorder;Stomatitis;Salmonellosis	NCIT:C34885;NCIT:C3333;NCIT:C2911;NCIT:C35650;NCIT:C3364;NCIT:C35025;NCIT:C37935;NCIT:C34632;NCIT:C116006;NCIT:C34965;NCIT:C26738;NCIT:C3038;NCIT:C128320;NCIT:C26887;NCIT:C157974	Study Control	NCIT:C142703	Finland	NCIT:C16584	feces	UBERON:0001988	Infant	NCIT:C27956	498	Day	1.4	16	283	No	Paolo_Manghi,Svetlana_Ugarcina_Perovic	Healthy	NA	NA	NCIT:C115935	Qiagen	HLA protein complex with DQ3 serotype;HLA protein complex with DQ5 serotype	MRO:0001622;MRO:0001626	SRR4408045	27133167	IlluminaHiSeq	Female	NCIT:C16576	NA	NA	Yes	Homo sapiens
VatanenT_2016	E002681	G80527	Otitis Media;Pneumonia;bronchitis;Upper Respiratory Tract Infection;Septicemia;Skin Infection;Cough;Gastroenteritis;Tonsillitis;Pyelonephritis;Cystitis;Fever;Infectious Disorder;Stomatitis;Salmonellosis	NCIT:C34885;NCIT:C3333;NCIT:C2911;NCIT:C35650;NCIT:C3364;NCIT:C35025;NCIT:C37935;NCIT:C34632;NCIT:C116006;NCIT:C34965;NCIT:C26738;NCIT:C3038;NCIT:C128320;NCIT:C26887;NCIT:C157974	Case	NCIT:C49152	Finland	NCIT:C16584	feces	UBERON:0001988	Infant	NCIT:C27956	319	Day	0.9	10	104	Yes	Paolo_Manghi,Svetlana_Ugarcina_Perovic	Otitis Media	NA	NA	NCIT:C34885	Qiagen	HLA protein complex with DQ3 serotype;HLA protein complex with DQ5 serotype	MRO:0001622;MRO:0001626	SRR4408122	27133167	IlluminaHiSeq	Female	NCIT:C16576	Beta-lactamase Inhibitor;Penicillin Antibiotic	NCIT:C183118;NCIT:C1500	Yes	Homo sapiens
VatanenT_2016	E002681	G80621	Otitis Media;Pneumonia;bronchitis;Upper Respiratory Tract Infection;Septicemia;Skin Infection;Cough;Gastroenteritis;Tonsillitis;Pyelonephritis;Cystitis;Fever;Infectious Disorder;Stomatitis;Salmonellosis	NCIT:C34885;NCIT:C3333;NCIT:C2911;NCIT:C35650;NCIT:C3364;NCIT:C35025;NCIT:C37935;NCIT:C34632;NCIT:C116006;NCIT:C34965;NCIT:C26738;NCIT:C3038;NCIT:C128320;NCIT:C26887;NCIT:C157974	Case	NCIT:C49152	Finland	NCIT:C16584	feces	UBERON:0001988	Infant	NCIT:C27956	215	Day	0.6	7	0	Yes	Paolo_Manghi,Svetlana_Ugarcina_Perovic	Otitis Media	NA	NA	NCIT:C34885	Qiagen	HLA protein complex with DQ3 serotype;HLA protein complex with DQ5 serotype	MRO:0001622;MRO:0001626	SRR4408213	27133167	IlluminaHiSeq	Female	NCIT:C16576	Beta-lactamase Inhibitor;Penicillin Antibiotic	NCIT:C183118;NCIT:C1500	Yes	Homo sapiens
VatanenT_2016	E002825	G80533	Otitis Media;Pneumonia;bronchitis;Upper Respiratory Tract Infection;Septicemia;Skin Infection;Cough;Gastroenteritis;Tonsillitis;Pyelonephritis;Cystitis;Fever;Infectious Disorder;Stomatitis;Salmonellosis	NCIT:C34885;NCIT:C3333;NCIT:C2911;NCIT:C35650;NCIT:C3364;NCIT:C35025;NCIT:C37935;NCIT:C34632;NCIT:C116006;NCIT:C34965;NCIT:C26738;NCIT:C3038;NCIT:C128320;NCIT:C26887;NCIT:C157974	Case	NCIT:C49152	Finland	NCIT:C16584	feces	UBERON:0001988	Infant	NCIT:C27956	312	Day	0.9	10	0	Yes	Paolo_Manghi,Svetlana_Ugarcina_Perovic	Otitis Media	NA	NA	NCIT:C34885	Qiagen	HLA-DRB1*04:01 protein complex;HLA protein complex with DQ3 serotype;HLA protein complex with DQ5 serotype	MRO:0001290;MRO:0001622;MRO:0001626	SRR4408128	27133167	IlluminaHiSeq	Male	NCIT:C20197	Sulfonamide Anti-Infective Agent	NCIT:C29739	Yes	Homo sapiens
VatanenT_2016	E003393	G80506	Otitis Media;Pneumonia;bronchitis;Upper Respiratory Tract Infection;Septicemia;Skin Infection;Cough;Gastroenteritis;Tonsillitis;Pyelonephritis;Cystitis;Fever;Infectious Disorder;Stomatitis;Salmonellosis	NCIT:C34885;NCIT:C3333;NCIT:C2911;NCIT:C35650;NCIT:C3364;NCIT:C35025;NCIT:C37935;NCIT:C34632;NCIT:C116006;NCIT:C34965;NCIT:C26738;NCIT:C3038;NCIT:C128320;NCIT:C26887;NCIT:C157974	Study Control	NCIT:C142703	Finland	NCIT:C16584	feces	UBERON:0001988	Infant	NCIT:C27956	74	Day	0.2	2	0	No	Paolo_Manghi,Svetlana_Ugarcina_Perovic	Healthy	NA	NA	NCIT:C115935	Qiagen	HLA protein complex with DQ3 serotype;HLA protein complex with DQ5 serotype	MRO:0001622;MRO:0001626	SRR4408092	27133167	IlluminaHiSeq	Female	NCIT:C16576	NA	NA	Yes	Homo sapiens
VatanenT_2016	E003393	G80580	Otitis Media;Pneumonia;bronchitis;Upper Respiratory Tract Infection;Septicemia;Skin Infection;Cough;Gastroenteritis;Tonsillitis;Pyelonephritis;Cystitis;Fever;Infectious Disorder;Stomatitis;Salmonellosis	NCIT:C34885;NCIT:C3333;NCIT:C2911;NCIT:C35650;NCIT:C3364;NCIT:C35025;NCIT:C37935;NCIT:C34632;NCIT:C116006;NCIT:C34965;NCIT:C26738;NCIT:C3038;NCIT:C128320;NCIT:C26887;NCIT:C157974	Study Control	NCIT:C142703	Finland	NCIT:C16584	feces	UBERON:0001988	Infant	NCIT:C27956	288	Day	0.8	9	214	No	Paolo_Manghi,Svetlana_Ugarcina_Perovic	Healthy	NA	NA	NCIT:C115935	Qiagen	HLA protein complex with DQ3 serotype;HLA protein complex with DQ5 serotype	MRO:0001622;MRO:0001626	SRR4408174	27133167	IlluminaHiSeq	Female	NCIT:C16576	NA	NA	Yes	Homo sapiens
VatanenT_2016	E004071	G80548	Otitis Media;Pneumonia;bronchitis;Upper Respiratory Tract Infection;Septicemia;Skin Infection;Cough;Gastroenteritis;Tonsillitis;Pyelonephritis;Cystitis;Fever;Infectious Disorder;Stomatitis;Salmonellosis	NCIT:C34885;NCIT:C3333;NCIT:C2911;NCIT:C35650;NCIT:C3364;NCIT:C35025;NCIT:C37935;NCIT:C34632;NCIT:C116006;NCIT:C34965;NCIT:C26738;NCIT:C3038;NCIT:C128320;NCIT:C26887;NCIT:C157974	Study Control	NCIT:C142703	Finland	NCIT:C16584	feces	UBERON:0001988	Infant	NCIT:C27956	549	Day	1.5	18	0	No	Paolo_Manghi,Svetlana_Ugarcina_Perovic	Healthy	NA	NA	NCIT:C115935	Qiagen	HLA-DRB1*04:04 protein complex	MRO:0001293	SRR4408142	27133167	IlluminaHiSeq	Female	NCIT:C16576	NA	NA	Yes	Homo sapiens
VatanenT_2016	E004080	G80475	Otitis Media;Pneumonia;bronchitis;Upper Respiratory Tract Infection;Septicemia;Skin Infection;Cough;Gastroenteritis;Tonsillitis;Pyelonephritis;Cystitis;Fever;Infectious Disorder;Stomatitis;Salmonellosis	NCIT:C34885;NCIT:C3333;NCIT:C2911;NCIT:C35650;NCIT:C3364;NCIT:C35025;NCIT:C37935;NCIT:C34632;NCIT:C116006;NCIT:C34965;NCIT:C26738;NCIT:C3038;NCIT:C128320;NCIT:C26887;NCIT:C157974	Study Control	NCIT:C142703	Finland	NCIT:C16584	feces	UBERON:0001988	Infant	NCIT:C27956	159	Day	0.4	5	0	No	Paolo_Manghi,Svetlana_Ugarcina_Perovic	Healthy	NA	NA	NCIT:C115935	Qiagen	HLA protein complex with DQ5 serotype	MRO:0001626	SRR4408059	27133167	IlluminaHiSeq	Male	NCIT:C20197	NA	NA	Yes	Homo sapiens
VatanenT_2016	E004080	G80554	Otitis Media;Pneumonia;bronchitis;Upper Respiratory Tract Infection;Septicemia;Skin Infection;Cough;Gastroenteritis;Tonsillitis;Pyelonephritis;Cystitis;Fever;Infectious Disorder;Stomatitis;Salmonellosis	NCIT:C34885;NCIT:C3333;NCIT:C2911;NCIT:C35650;NCIT:C3364;NCIT:C35025;NCIT:C37935;NCIT:C34632;NCIT:C116006;NCIT:C34965;NCIT:C26738;NCIT:C3038;NCIT:C128320;NCIT:C26887;NCIT:C157974	Study Control	NCIT:C142703	Finland	NCIT:C16584	feces	UBERON:0001988	Infant	NCIT:C27956	198	Day	0.5	7	39	No	Paolo_Manghi,Svetlana_Ugarcina_Perovic	Healthy	NA	NA	NCIT:C115935	Qiagen	HLA protein complex with DQ5 serotype	MRO:0001626	SRR4408147	27133167	IlluminaHiSeq	Male	NCIT:C20197	NA	NA	Yes	Homo sapiens
VatanenT_2016	E004080	G80561	Otitis Media;Pneumonia;bronchitis;Upper Respiratory Tract Infection;Septicemia;Skin Infection;Cough;Gastroenteritis;Tonsillitis;Pyelonephritis;Cystitis;Fever;Infectious Disorder;Stomatitis;Salmonellosis	NCIT:C34885;NCIT:C3333;NCIT:C2911;NCIT:C35650;NCIT:C3364;NCIT:C35025;NCIT:C37935;NCIT:C34632;NCIT:C116006;NCIT:C34965;NCIT:C26738;NCIT:C3038;NCIT:C128320;NCIT:C26887;NCIT:C157974	Study Control	NCIT:C142703	Finland	NCIT:C16584	feces	UBERON:0001988	Infant	NCIT:C27956	303	Day	0.8	10	144	No	Paolo_Manghi,Svetlana_Ugarcina_Perovic	Healthy	NA	NA	NCIT:C115935	Qiagen	HLA protein complex with DQ5 serotype	MRO:0001626	SRR4408153	27133167	IlluminaHiSeq	Male	NCIT:C20197	NA	NA	Yes	Homo sapiens
VatanenT_2016	E004781	G78826	Otitis Media;Pneumonia;bronchitis;Upper Respiratory Tract Infection;Septicemia;Skin Infection;Cough;Gastroenteritis;Tonsillitis;Pyelonephritis;Cystitis;Fever;Infectious Disorder;Stomatitis;Salmonellosis	NCIT:C34885;NCIT:C3333;NCIT:C2911;NCIT:C35650;NCIT:C3364;NCIT:C35025;NCIT:C37935;NCIT:C34632;NCIT:C116006;NCIT:C34965;NCIT:C26738;NCIT:C3038;NCIT:C128320;NCIT:C26887;NCIT:C157974	Study Control	NCIT:C142703	Finland	NCIT:C16584	feces	UBERON:0001988	Infant	NCIT:C27956	685	Day	1.9	23	634	No	Paolo_Manghi,Svetlana_Ugarcina_Perovic	Healthy	NA	NA	NCIT:C115935	Qiagen	HLA-DRB1*04:04 protein complex;HLA protein complex with DQ3 serotype;HLA protein complex with DQ5 serotype	MRO:0001293;MRO:0001622;MRO:0001626	SRR4305325	27133167	IlluminaHiSeq	Female	NCIT:C16576	NA	NA	Yes	Homo sapiens
VatanenT_2016	E004781	G80331	Otitis Media;Pneumonia;bronchitis;Upper Respiratory Tract Infection;Septicemia;Skin Infection;Cough;Gastroenteritis;Tonsillitis;Pyelonephritis;Cystitis;Fever;Infectious Disorder;Stomatitis;Salmonellosis	NCIT:C34885;NCIT:C3333;NCIT:C2911;NCIT:C35650;NCIT:C3364;NCIT:C35025;NCIT:C37935;NCIT:C34632;NCIT:C116006;NCIT:C34965;NCIT:C26738;NCIT:C3038;NCIT:C128320;NCIT:C26887;NCIT:C157974	Study Control	NCIT:C142703	Finland	NCIT:C16584	feces	UBERON:0001988	Infant	NCIT:C27956	583	Day	1.6	19	532	No	Paolo_Manghi,Svetlana_Ugarcina_Perovic	Healthy	NA	NA	NCIT:C115935	Qiagen	HLA-DRB1*04:04 protein complex;HLA protein complex with DQ3 serotype;HLA protein complex with DQ5 serotype	MRO:0001293;MRO:0001622;MRO:0001626	SRR4408025	27133167	IlluminaHiSeq	Female	NCIT:C16576	NA	NA	Yes	Homo sapiens
VatanenT_2016	E004781	G80469	Otitis Media;Pneumonia;bronchitis;Upper Respiratory Tract Infection;Septicemia;Skin Infection;Cough;Gastroenteritis;Tonsillitis;Pyelonephritis;Cystitis;Fever;Infectious Disorder;Stomatitis;Salmonellosis	NCIT:C34885;NCIT:C3333;NCIT:C2911;NCIT:C35650;NCIT:C3364;NCIT:C35025;NCIT:C37935;NCIT:C34632;NCIT:C116006;NCIT:C34965;NCIT:C26738;NCIT:C3038;NCIT:C128320;NCIT:C26887;NCIT:C157974	Case	NCIT:C49152	Finland	NCIT:C16584	feces	UBERON:0001988	Infant	NCIT:C27956	492	Day	1.3	16	441	Yes	Paolo_Manghi,Svetlana_Ugarcina_Perovic	Otitis Media	NA	NA	NCIT:C34885	Qiagen	HLA-DRB1*04:04 protein complex;HLA protein complex with DQ3 serotype;HLA protein complex with DQ5 serotype	MRO:0001293;MRO:0001622;MRO:0001626	SRR4408053	27133167	IlluminaHiSeq	Female	NCIT:C16576	Penicillin Antibiotic;Sulfonamide Anti-Infective Agent	NCIT:C1500;NCIT:C29739	Yes	Homo sapiens
VatanenT_2016	E004781	G80477	Otitis Media;Pneumonia;bronchitis;Upper Respiratory Tract Infection;Septicemia;Skin Infection;Cough;Gastroenteritis;Tonsillitis;Pyelonephritis;Cystitis;Fever;Infectious Disorder;Stomatitis;Salmonellosis	NCIT:C34885;NCIT:C3333;NCIT:C2911;NCIT:C35650;NCIT:C3364;NCIT:C35025;NCIT:C37935;NCIT:C34632;NCIT:C116006;NCIT:C34965;NCIT:C26738;NCIT:C3038;NCIT:C128320;NCIT:C26887;NCIT:C157974	Case	NCIT:C49152	Finland	NCIT:C16584	feces	UBERON:0001988	Infant	NCIT:C27956	371	Day	1	12	320	Yes	Paolo_Manghi,Svetlana_Ugarcina_Perovic	Otitis Media	NA	NA	NCIT:C34885	Qiagen	HLA-DRB1*04:04 protein complex;HLA protein complex with DQ3 serotype;HLA protein complex with DQ5 serotype	MRO:0001293;MRO:0001622;MRO:0001626	SRR4408061	27133167	IlluminaHiSeq	Female	NCIT:C16576	Penicillin Antibiotic;Sulfonamide Anti-Infective Agent	NCIT:C1500;NCIT:C29739	Yes	Homo sapiens
VatanenT_2016	E004781	G80483	Otitis Media;Pneumonia;bronchitis;Upper Respiratory Tract Infection;Septicemia;Skin Infection;Cough;Gastroenteritis;Tonsillitis;Pyelonephritis;Cystitis;Fever;Infectious Disorder;Stomatitis;Salmonellosis	NCIT:C34885;NCIT:C3333;NCIT:C2911;NCIT:C35650;NCIT:C3364;NCIT:C35025;NCIT:C37935;NCIT:C34632;NCIT:C116006;NCIT:C34965;NCIT:C26738;NCIT:C3038;NCIT:C128320;NCIT:C26887;NCIT:C157974	Study Control	NCIT:C142703	Finland	NCIT:C16584	feces	UBERON:0001988	Infant	NCIT:C27956	121	Day	0.3	4	70	No	Paolo_Manghi,Svetlana_Ugarcina_Perovic	Healthy	NA	NA	NCIT:C115935	Qiagen	HLA-DRB1*04:04 protein complex;HLA protein complex with DQ3 serotype;HLA protein complex with DQ5 serotype	MRO:0001293;MRO:0001622;MRO:0001626	SRR4408067	27133167	IlluminaHiSeq	Female	NCIT:C16576	NA	NA	Yes	Homo sapiens
VatanenT_2016	E004781	G80522	Otitis Media;Pneumonia;bronchitis;Upper Respiratory Tract Infection;Septicemia;Skin Infection;Cough;Gastroenteritis;Tonsillitis;Pyelonephritis;Cystitis;Fever;Infectious Disorder;Stomatitis;Salmonellosis	NCIT:C34885;NCIT:C3333;NCIT:C2911;NCIT:C35650;NCIT:C3364;NCIT:C35025;NCIT:C37935;NCIT:C34632;NCIT:C116006;NCIT:C34965;NCIT:C26738;NCIT:C3038;NCIT:C128320;NCIT:C26887;NCIT:C157974	Study Control	NCIT:C142703	Finland	NCIT:C16584	feces	UBERON:0001988	Infant	NCIT:C27956	51	Day	0.1	2	0	No	Paolo_Manghi,Svetlana_Ugarcina_Perovic	Healthy	NA	NA	NCIT:C115935	Qiagen	HLA-DRB1*04:04 protein complex;HLA protein complex with DQ3 serotype;HLA protein complex with DQ5 serotype	MRO:0001293;MRO:0001622;MRO:0001626	SRR4408108	27133167	IlluminaHiSeq	Female	NCIT:C16576	NA	NA	Yes	Homo sapiens
VatanenT_2016	E004781	G80574	Otitis Media;Pneumonia;bronchitis;Upper Respiratory Tract Infection;Septicemia;Skin Infection;Cough;Gastroenteritis;Tonsillitis;Pyelonephritis;Cystitis;Fever;Infectious Disorder;Stomatitis;Salmonellosis	NCIT:C34885;NCIT:C3333;NCIT:C2911;NCIT:C35650;NCIT:C3364;NCIT:C35025;NCIT:C37935;NCIT:C34632;NCIT:C116006;NCIT:C34965;NCIT:C26738;NCIT:C3038;NCIT:C128320;NCIT:C26887;NCIT:C157974	Case	NCIT:C49152	Finland	NCIT:C16584	feces	UBERON:0001988	Infant	NCIT:C27956	208	Day	0.6	7	157	Yes	Paolo_Manghi,Svetlana_Ugarcina_Perovic	Otitis Media	NA	NA	NCIT:C34885	Qiagen	HLA-DRB1*04:04 protein complex;HLA protein complex with DQ3 serotype;HLA protein complex with DQ5 serotype	MRO:0001293;MRO:0001622;MRO:0001626	SRR4408168	27133167	IlluminaHiSeq	Female	NCIT:C16576	Penicillin Antibiotic	NCIT:C1500	Yes	Homo sapiens
VatanenT_2016	E004934	G78580	Otitis Media;Pneumonia;bronchitis;Upper Respiratory Tract Infection;Septicemia;Skin Infection;Cough;Gastroenteritis;Tonsillitis;Pyelonephritis;Cystitis;Fever;Infectious Disorder;Stomatitis;Salmonellosis	NCIT:C34885;NCIT:C3333;NCIT:C2911;NCIT:C35650;NCIT:C3364;NCIT:C35025;NCIT:C37935;NCIT:C34632;NCIT:C116006;NCIT:C34965;NCIT:C26738;NCIT:C3038;NCIT:C128320;NCIT:C26887;NCIT:C157974	Case	NCIT:C49152	Finland	NCIT:C16584	feces	UBERON:0001988	Child	NCIT:C49683	855	Day	2.3	28	785	Yes	Paolo_Manghi,Svetlana_Ugarcina_Perovic	Otitis Media	NA	NA	NCIT:C34885	Qiagen	HLA protein complex with DQ5 serotype;HLA protein complex with DQ5 serotype	MRO:0001626;MRO:0001626	SRR4305108	27133167	IlluminaHiSeq	Female	NCIT:C16576	Cephalosporin Antibiotic	NCIT:C357	Yes	Homo sapiens
VatanenT_2016	E004934	G80485	Otitis Media;Pneumonia;bronchitis;Upper Respiratory Tract Infection;Septicemia;Skin Infection;Cough;Gastroenteritis;Tonsillitis;Pyelonephritis;Cystitis;Fever;Infectious Disorder;Stomatitis;Salmonellosis	NCIT:C34885;NCIT:C3333;NCIT:C2911;NCIT:C35650;NCIT:C3364;NCIT:C35025;NCIT:C37935;NCIT:C34632;NCIT:C116006;NCIT:C34965;NCIT:C26738;NCIT:C3038;NCIT:C128320;NCIT:C26887;NCIT:C157974	Study Control	NCIT:C142703	Finland	NCIT:C16584	feces	UBERON:0001988	Infant	NCIT:C27956	492	Day	1.3	16	422	No	Paolo_Manghi,Svetlana_Ugarcina_Perovic	Healthy	NA	NA	NCIT:C115935	Qiagen	HLA protein complex with DQ5 serotype;HLA protein complex with DQ5 serotype	MRO:0001626;MRO:0001626	SRR4408070	27133167	IlluminaHiSeq	Female	NCIT:C16576	NA	NA	Yes	Homo sapiens
VatanenT_2016	E004934	G80514	Otitis Media;Pneumonia;bronchitis;Upper Respiratory Tract Infection;Septicemia;Skin Infection;Cough;Gastroenteritis;Tonsillitis;Pyelonephritis;Cystitis;Fever;Infectious Disorder;Stomatitis;Salmonellosis	NCIT:C34885;NCIT:C3333;NCIT:C2911;NCIT:C35650;NCIT:C3364;NCIT:C35025;NCIT:C37935;NCIT:C34632;NCIT:C116006;NCIT:C34965;NCIT:C26738;NCIT:C3038;NCIT:C128320;NCIT:C26887;NCIT:C157974	Study Control	NCIT:C142703	Finland	NCIT:C16584	feces	UBERON:0001988	Infant	NCIT:C27956	70	Day	0.2	2	0	No	Paolo_Manghi,Svetlana_Ugarcina_Perovic	Healthy	NA	NA	NCIT:C115935	Qiagen	HLA protein complex with DQ5 serotype;HLA protein complex with DQ5 serotype	MRO:0001626;MRO:0001626	SRR4408100	27133167	IlluminaHiSeq	Female	NCIT:C16576	NA	NA	Yes	Homo sapiens
VatanenT_2016	E005804	G78827	Otitis Media;Pneumonia;bronchitis;Upper Respiratory Tract Infection;Septicemia;Skin Infection;Cough;Gastroenteritis;Tonsillitis;Pyelonephritis;Cystitis;Fever;Infectious Disorder;Stomatitis;Salmonellosis	NCIT:C34885;NCIT:C3333;NCIT:C2911;NCIT:C35650;NCIT:C3364;NCIT:C35025;NCIT:C37935;NCIT:C34632;NCIT:C116006;NCIT:C34965;NCIT:C26738;NCIT:C3038;NCIT:C128320;NCIT:C26887;NCIT:C157974	Case	NCIT:C49152	Finland	NCIT:C16584	feces	UBERON:0001988	Infant	NCIT:C27956	609	Day	1.7	20	318	Yes	Paolo_Manghi,Svetlana_Ugarcina_Perovic	Pneumonia	NA	NA	NCIT:C3333	Qiagen	HLA-DRB1*04:01 protein complex;HLA protein complex with DQ3 serotype;HLA protein complex with DQ5 serotype	MRO:0001290;MRO:0001622;MRO:0001626	SRR4305326	27133167	IlluminaHiSeq	Male	NCIT:C20197	Sulfonamide Anti-Infective Agent	NCIT:C29739	Yes	Homo sapiens
VatanenT_2016	E005804	G80562	Otitis Media;Pneumonia;bronchitis;Upper Respiratory Tract Infection;Septicemia;Skin Infection;Cough;Gastroenteritis;Tonsillitis;Pyelonephritis;Cystitis;Fever;Infectious Disorder;Stomatitis;Salmonellosis	NCIT:C34885;NCIT:C3333;NCIT:C2911;NCIT:C35650;NCIT:C3364;NCIT:C35025;NCIT:C37935;NCIT:C34632;NCIT:C116006;NCIT:C34965;NCIT:C26738;NCIT:C3038;NCIT:C128320;NCIT:C26887;NCIT:C157974	Case	NCIT:C49152	Finland	NCIT:C16584	feces	UBERON:0001988	Infant	NCIT:C27956	291	Day	0.8	10	0	Yes	Paolo_Manghi,Svetlana_Ugarcina_Perovic	Otitis Media	NA	NA	NCIT:C34885	Qiagen	HLA-DRB1*04:01 protein complex;HLA protein complex with DQ3 serotype;HLA protein complex with DQ5 serotype	MRO:0001290;MRO:0001622;MRO:0001626	SRR4408155	27133167	IlluminaHiSeq	Male	NCIT:C20197	Penicillin Antibiotic	NCIT:C1500	Yes	Homo sapiens
VatanenT_2016	E006871	G80446	Otitis Media;Pneumonia;bronchitis;Upper Respiratory Tract Infection;Septicemia;Skin Infection;Cough;Gastroenteritis;Tonsillitis;Pyelonephritis;Cystitis;Fever;Infectious Disorder;Stomatitis;Salmonellosis	NCIT:C34885;NCIT:C3333;NCIT:C2911;NCIT:C35650;NCIT:C3364;NCIT:C35025;NCIT:C37935;NCIT:C34632;NCIT:C116006;NCIT:C34965;NCIT:C26738;NCIT:C3038;NCIT:C128320;NCIT:C26887;NCIT:C157974	Case	NCIT:C49152	Finland	NCIT:C16584	feces	UBERON:0001988	Infant	NCIT:C27956	296	Day	0.8	10	244	Yes	Paolo_Manghi,Svetlana_Ugarcina_Perovic	Otitis Media	NA	NA	NCIT:C34885	Qiagen	HLA-DRB1*04:04 protein complex	MRO:0001293	SRR4408029	27133167	IlluminaHiSeq	Female	NCIT:C16576	Penicillin Antibiotic;Sulfonamide Anti-Infective Agent	NCIT:C1500;NCIT:C29739	Yes	Homo sapiens
VatanenT_2016	E006871	G80530	Otitis Media;Pneumonia;bronchitis;Upper Respiratory Tract Infection;Septicemia;Skin Infection;Cough;Gastroenteritis;Tonsillitis;Pyelonephritis;Cystitis;Fever;Infectious Disorder;Stomatitis;Salmonellosis	NCIT:C34885;NCIT:C3333;NCIT:C2911;NCIT:C35650;NCIT:C3364;NCIT:C35025;NCIT:C37935;NCIT:C34632;NCIT:C116006;NCIT:C34965;NCIT:C26738;NCIT:C3038;NCIT:C128320;NCIT:C26887;NCIT:C157974	Study Control	NCIT:C142703	Finland	NCIT:C16584	feces	UBERON:0001988	Infant	NCIT:C27956	52	Day	0.1	2	0	No	Paolo_Manghi,Svetlana_Ugarcina_Perovic	Healthy	NA	NA	NCIT:C115935	Qiagen	HLA-DRB1*04:04 protein complex	MRO:0001293	SRR4408125	27133167	IlluminaHiSeq	Female	NCIT:C16576	NA	NA	Yes	Homo sapiens
VatanenT_2016	E006871	G80535	Otitis Media;Pneumonia;bronchitis;Upper Respiratory Tract Infection;Septicemia;Skin Infection;Cough;Gastroenteritis;Tonsillitis;Pyelonephritis;Cystitis;Fever;Infectious Disorder;Stomatitis;Salmonellosis	NCIT:C34885;NCIT:C3333;NCIT:C2911;NCIT:C35650;NCIT:C3364;NCIT:C35025;NCIT:C37935;NCIT:C34632;NCIT:C116006;NCIT:C34965;NCIT:C26738;NCIT:C3038;NCIT:C128320;NCIT:C26887;NCIT:C157974	Study Control	NCIT:C142703	Finland	NCIT:C16584	feces	UBERON:0001988	Infant	NCIT:C27956	113	Day	0.3	4	61	No	Paolo_Manghi,Svetlana_Ugarcina_Perovic	Healthy	NA	NA	NCIT:C115935	Qiagen	HLA-DRB1*04:04 protein complex	MRO:0001293	SRR4408130	27133167	IlluminaHiSeq	Female	NCIT:C16576	NA	NA	Yes	Homo sapiens
VatanenT_2016	E007303	G78522	Otitis Media;Pneumonia;bronchitis;Upper Respiratory Tract Infection;Septicemia;Skin Infection;Cough;Gastroenteritis;Tonsillitis;Pyelonephritis;Cystitis;Fever;Infectious Disorder;Stomatitis;Salmonellosis	NCIT:C34885;NCIT:C3333;NCIT:C2911;NCIT:C35650;NCIT:C3364;NCIT:C35025;NCIT:C37935;NCIT:C34632;NCIT:C116006;NCIT:C34965;NCIT:C26738;NCIT:C3038;NCIT:C128320;NCIT:C26887;NCIT:C157974	Study Control	NCIT:C142703	Finland	NCIT:C16584	feces	UBERON:0001988	Infant	NCIT:C27956	649	Day	1.8	21	544	No	Paolo_Manghi,Svetlana_Ugarcina_Perovic	Healthy	NA	NA	NCIT:C115935	Qiagen	HLA protein complex with DQ5 serotype;HLA protein complex with DQ3 serotype	MRO:0001626;MRO:0001622	SRR4305050	27133167	IlluminaHiSeq	Male	NCIT:C20197	NA	NA	Yes	Homo sapiens
VatanenT_2016	E007303	G78523	Otitis Media;Pneumonia;bronchitis;Upper Respiratory Tract Infection;Septicemia;Skin Infection;Cough;Gastroenteritis;Tonsillitis;Pyelonephritis;Cystitis;Fever;Infectious Disorder;Stomatitis;Salmonellosis	NCIT:C34885;NCIT:C3333;NCIT:C2911;NCIT:C35650;NCIT:C3364;NCIT:C35025;NCIT:C37935;NCIT:C34632;NCIT:C116006;NCIT:C34965;NCIT:C26738;NCIT:C3038;NCIT:C128320;NCIT:C26887;NCIT:C157974	Study Control	NCIT:C142703	Finland	NCIT:C16584	feces	UBERON:0001988	Infant	NCIT:C27956	588	Day	1.6	19	483	No	Paolo_Manghi,Svetlana_Ugarcina_Perovic	Healthy	NA	NA	NCIT:C115935	Qiagen	HLA protein complex with DQ5 serotype;HLA protein complex with DQ3 serotype	MRO:0001626;MRO:0001622	SRR4305051	27133167	IlluminaHiSeq	Male	NCIT:C20197	NA	NA	Yes	Homo sapiens
VatanenT_2016	E007303	G78653	Otitis Media;Pneumonia;bronchitis;Upper Respiratory Tract Infection;Septicemia;Skin Infection;Cough;Gastroenteritis;Tonsillitis;Pyelonephritis;Cystitis;Fever;Infectious Disorder;Stomatitis;Salmonellosis	NCIT:C34885;NCIT:C3333;NCIT:C2911;NCIT:C35650;NCIT:C3364;NCIT:C35025;NCIT:C37935;NCIT:C34632;NCIT:C116006;NCIT:C34965;NCIT:C26738;NCIT:C3038;NCIT:C128320;NCIT:C26887;NCIT:C157974	Study Control	NCIT:C142703	Finland	NCIT:C16584	feces	UBERON:0001988	Child	NCIT:C49683	858	Day	2.3	28	753	No	Paolo_Manghi,Svetlana_Ugarcina_Perovic	Healthy	NA	NA	NCIT:C115935	Qiagen	HLA protein complex with DQ5 serotype;HLA protein complex with DQ3 serotype	MRO:0001626;MRO:0001622	SRR4305183	27133167	IlluminaHiSeq	Male	NCIT:C20197	NA	NA	Yes	Homo sapiens
VatanenT_2016	E007303	G80302	Otitis Media;Pneumonia;bronchitis;Upper Respiratory Tract Infection;Septicemia;Skin Infection;Cough;Gastroenteritis;Tonsillitis;Pyelonephritis;Cystitis;Fever;Infectious Disorder;Stomatitis;Salmonellosis	NCIT:C34885;NCIT:C3333;NCIT:C2911;NCIT:C35650;NCIT:C3364;NCIT:C35025;NCIT:C37935;NCIT:C34632;NCIT:C116006;NCIT:C34965;NCIT:C26738;NCIT:C3038;NCIT:C128320;NCIT:C26887;NCIT:C157974	Study Control	NCIT:C142703	Finland	NCIT:C16584	feces	UBERON:0001988	Infant	NCIT:C27956	506	Day	1.4	17	401	No	Paolo_Manghi,Svetlana_Ugarcina_Perovic	Healthy	NA	NA	NCIT:C115935	Qiagen	HLA protein complex with DQ5 serotype;HLA protein complex with DQ3 serotype	MRO:0001626;MRO:0001622	SRR4305462	27133167	IlluminaHiSeq	Male	NCIT:C20197	NA	NA	Yes	Homo sapiens
VatanenT_2016	E007303	G80318	Otitis Media;Pneumonia;bronchitis;Upper Respiratory Tract Infection;Septicemia;Skin Infection;Cough;Gastroenteritis;Tonsillitis;Pyelonephritis;Cystitis;Fever;Infectious Disorder;Stomatitis;Salmonellosis	NCIT:C34885;NCIT:C3333;NCIT:C2911;NCIT:C35650;NCIT:C3364;NCIT:C35025;NCIT:C37935;NCIT:C34632;NCIT:C116006;NCIT:C34965;NCIT:C26738;NCIT:C3038;NCIT:C128320;NCIT:C26887;NCIT:C157974	Study Control	NCIT:C142703	Finland	NCIT:C16584	feces	UBERON:0001988	Child	NCIT:C49683	1106	Day	3	36	1001	No	Paolo_Manghi,Svetlana_Ugarcina_Perovic	Healthy	NA	NA	NCIT:C115935	Qiagen	HLA protein complex with DQ5 serotype;HLA protein complex with DQ3 serotype	MRO:0001626;MRO:0001622	SRR4408001	27133167	IlluminaHiSeq	Male	NCIT:C20197	NA	NA	Yes	Homo sapiens
VatanenT_2016	E007303	G80454	Otitis Media;Pneumonia;bronchitis;Upper Respiratory Tract Infection;Septicemia;Skin Infection;Cough;Gastroenteritis;Tonsillitis;Pyelonephritis;Cystitis;Fever;Infectious Disorder;Stomatitis;Salmonellosis	NCIT:C34885;NCIT:C3333;NCIT:C2911;NCIT:C35650;NCIT:C3364;NCIT:C35025;NCIT:C37935;NCIT:C34632;NCIT:C116006;NCIT:C34965;NCIT:C26738;NCIT:C3038;NCIT:C128320;NCIT:C26887;NCIT:C157974	Case	NCIT:C49152	Finland	NCIT:C16584	feces	UBERON:0001988	Infant	NCIT:C27956	291	Day	0.8	10	186	Yes	Paolo_Manghi,Svetlana_Ugarcina_Perovic	bronchitis	NA	NA	NCIT:C2911	Qiagen	HLA protein complex with DQ5 serotype;HLA protein complex with DQ3 serotype	MRO:0001626;MRO:0001622	SRR4408038	27133167	IlluminaHiSeq	Male	NCIT:C20197	Penicillin Antibiotic	NCIT:C1500	Yes	Homo sapiens
VatanenT_2016	E007303	G80512	Otitis Media;Pneumonia;bronchitis;Upper Respiratory Tract Infection;Septicemia;Skin Infection;Cough;Gastroenteritis;Tonsillitis;Pyelonephritis;Cystitis;Fever;Infectious Disorder;Stomatitis;Salmonellosis	NCIT:C34885;NCIT:C3333;NCIT:C2911;NCIT:C35650;NCIT:C3364;NCIT:C35025;NCIT:C37935;NCIT:C34632;NCIT:C116006;NCIT:C34965;NCIT:C26738;NCIT:C3038;NCIT:C128320;NCIT:C26887;NCIT:C157974	Case	NCIT:C49152	Finland	NCIT:C16584	feces	UBERON:0001988	Infant	NCIT:C27956	197	Day	0.5	6	92	Yes	Paolo_Manghi,Svetlana_Ugarcina_Perovic	bronchitis	NA	NA	NCIT:C2911	Qiagen	HLA protein complex with DQ5 serotype;HLA protein complex with DQ3 serotype	MRO:0001626;MRO:0001622	SRR4408098	27133167	IlluminaHiSeq	Male	NCIT:C20197	Penicillin Antibiotic	NCIT:C1500	Yes	Homo sapiens
VatanenT_2016	E007303	G80520	Otitis Media;Pneumonia;bronchitis;Upper Respiratory Tract Infection;Septicemia;Skin Infection;Cough;Gastroenteritis;Tonsillitis;Pyelonephritis;Cystitis;Fever;Infectious Disorder;Stomatitis;Salmonellosis	NCIT:C34885;NCIT:C3333;NCIT:C2911;NCIT:C35650;NCIT:C3364;NCIT:C35025;NCIT:C37935;NCIT:C34632;NCIT:C116006;NCIT:C34965;NCIT:C26738;NCIT:C3038;NCIT:C128320;NCIT:C26887;NCIT:C157974	Study Control	NCIT:C142703	Finland	NCIT:C16584	feces	UBERON:0001988	Infant	NCIT:C27956	105	Day	0.3	3	0	No	Paolo_Manghi,Svetlana_Ugarcina_Perovic	Healthy	NA	NA	NCIT:C115935	Qiagen	HLA protein complex with DQ5 serotype;HLA protein complex with DQ3 serotype	MRO:0001626;MRO:0001622	SRR4408106	27133167	IlluminaHiSeq	Male	NCIT:C20197	NA	NA	Yes	Homo sapiens
VatanenT_2016	E007743	G78586	Otitis Media;Pneumonia;bronchitis;Upper Respiratory Tract Infection;Septicemia;Skin Infection;Cough;Gastroenteritis;Tonsillitis;Pyelonephritis;Cystitis;Fever;Infectious Disorder;Stomatitis;Salmonellosis	NCIT:C34885;NCIT:C3333;NCIT:C2911;NCIT:C35650;NCIT:C3364;NCIT:C35025;NCIT:C37935;NCIT:C34632;NCIT:C116006;NCIT:C34965;NCIT:C26738;NCIT:C3038;NCIT:C128320;NCIT:C26887;NCIT:C157974	Study Control	NCIT:C142703	Finland	NCIT:C16584	feces	UBERON:0001988	Infant	NCIT:C27956	668	Day	1.8	22	359	No	Paolo_Manghi,Svetlana_Ugarcina_Perovic	Healthy	NA	NA	NCIT:C115935	Qiagen	HLA protein complex with DQ5 serotype	MRO:0001626	SRR4305114	27133167	IlluminaHiSeq	Male	NCIT:C20197	NA	NA	Yes	Homo sapiens
VatanenT_2016	E007743	G78587	Otitis Media;Pneumonia;bronchitis;Upper Respiratory Tract Infection;Septicemia;Skin Infection;Cough;Gastroenteritis;Tonsillitis;Pyelonephritis;Cystitis;Fever;Infectious Disorder;Stomatitis;Salmonellosis	NCIT:C34885;NCIT:C3333;NCIT:C2911;NCIT:C35650;NCIT:C3364;NCIT:C35025;NCIT:C37935;NCIT:C34632;NCIT:C116006;NCIT:C34965;NCIT:C26738;NCIT:C3038;NCIT:C128320;NCIT:C26887;NCIT:C157974	Study Control	NCIT:C142703	Finland	NCIT:C16584	feces	UBERON:0001988	Infant	NCIT:C27956	583	Day	1.6	19	274	No	Paolo_Manghi,Svetlana_Ugarcina_Perovic	Healthy	NA	NA	NCIT:C115935	Qiagen	HLA protein complex with DQ5 serotype	MRO:0001626	SRR4305115	27133167	IlluminaHiSeq	Male	NCIT:C20197	NA	NA	Yes	Homo sapiens
VatanenT_2016	E007743	G78654	Otitis Media;Pneumonia;bronchitis;Upper Respiratory Tract Infection;Septicemia;Skin Infection;Cough;Gastroenteritis;Tonsillitis;Pyelonephritis;Cystitis;Fever;Infectious Disorder;Stomatitis;Salmonellosis	NCIT:C34885;NCIT:C3333;NCIT:C2911;NCIT:C35650;NCIT:C3364;NCIT:C35025;NCIT:C37935;NCIT:C34632;NCIT:C116006;NCIT:C34965;NCIT:C26738;NCIT:C3038;NCIT:C128320;NCIT:C26887;NCIT:C157974	Study Control	NCIT:C142703	Finland	NCIT:C16584	feces	UBERON:0001988	Child	NCIT:C49683	1098	Day	3	36	789	No	Paolo_Manghi,Svetlana_Ugarcina_Perovic	Healthy	NA	NA	NCIT:C115935	Qiagen	HLA protein complex with DQ5 serotype	MRO:0001626	SRR4305184	27133167	IlluminaHiSeq	Male	NCIT:C20197	NA	NA	Yes	Homo sapiens
VatanenT_2016	E007743	G78655	Otitis Media;Pneumonia;bronchitis;Upper Respiratory Tract Infection;Septicemia;Skin Infection;Cough;Gastroenteritis;Tonsillitis;Pyelonephritis;Cystitis;Fever;Infectious Disorder;Stomatitis;Salmonellosis	NCIT:C34885;NCIT:C3333;NCIT:C2911;NCIT:C35650;NCIT:C3364;NCIT:C35025;NCIT:C37935;NCIT:C34632;NCIT:C116006;NCIT:C34965;NCIT:C26738;NCIT:C3038;NCIT:C128320;NCIT:C26887;NCIT:C157974	Study Control	NCIT:C142703	Finland	NCIT:C16584	feces	UBERON:0001988	Child	NCIT:C49683	854	Day	2.3	28	545	No	Paolo_Manghi,Svetlana_Ugarcina_Perovic	Healthy	NA	NA	NCIT:C115935	Qiagen	HLA protein complex with DQ5 serotype	MRO:0001626	SRR4305185	27133167	IlluminaHiSeq	Male	NCIT:C20197	NA	NA	Yes	Homo sapiens
VatanenT_2016	E007743	G80422	Otitis Media;Pneumonia;bronchitis;Upper Respiratory Tract Infection;Septicemia;Skin Infection;Cough;Gastroenteritis;Tonsillitis;Pyelonephritis;Cystitis;Fever;Infectious Disorder;Stomatitis;Salmonellosis	NCIT:C34885;NCIT:C3333;NCIT:C2911;NCIT:C35650;NCIT:C3364;NCIT:C35025;NCIT:C37935;NCIT:C34632;NCIT:C116006;NCIT:C34965;NCIT:C26738;NCIT:C3038;NCIT:C128320;NCIT:C26887;NCIT:C157974	Study Control	NCIT:C142703	Finland	NCIT:C16584	feces	UBERON:0001988	Infant	NCIT:C27956	395	Day	1.1	13	86	No	Paolo_Manghi,Svetlana_Ugarcina_Perovic	Healthy	NA	NA	NCIT:C115935	Qiagen	HLA protein complex with DQ5 serotype	MRO:0001626	SRR4408005	27133167	IlluminaHiSeq	Male	NCIT:C20197	NA	NA	Yes	Homo sapiens
VatanenT_2016	E007743	G80450	Otitis Media;Pneumonia;bronchitis;Upper Respiratory Tract Infection;Septicemia;Skin Infection;Cough;Gastroenteritis;Tonsillitis;Pyelonephritis;Cystitis;Fever;Infectious Disorder;Stomatitis;Salmonellosis	NCIT:C34885;NCIT:C3333;NCIT:C2911;NCIT:C35650;NCIT:C3364;NCIT:C35025;NCIT:C37935;NCIT:C34632;NCIT:C116006;NCIT:C34965;NCIT:C26738;NCIT:C3038;NCIT:C128320;NCIT:C26887;NCIT:C157974	Study Control	NCIT:C142703	Finland	NCIT:C16584	feces	UBERON:0001988	Infant	NCIT:C27956	518	Day	1.4	17	209	No	Paolo_Manghi,Svetlana_Ugarcina_Perovic	Healthy	NA	NA	NCIT:C115935	Qiagen	HLA protein complex with DQ5 serotype	MRO:0001626	SRR4408033	27133167	IlluminaHiSeq	Male	NCIT:C20197	NA	NA	Yes	Homo sapiens
VatanenT_2016	E007743	G80578	Otitis Media;Pneumonia;bronchitis;Upper Respiratory Tract Infection;Septicemia;Skin Infection;Cough;Gastroenteritis;Tonsillitis;Pyelonephritis;Cystitis;Fever;Infectious Disorder;Stomatitis;Salmonellosis	NCIT:C34885;NCIT:C3333;NCIT:C2911;NCIT:C35650;NCIT:C3364;NCIT:C35025;NCIT:C37935;NCIT:C34632;NCIT:C116006;NCIT:C34965;NCIT:C26738;NCIT:C3038;NCIT:C128320;NCIT:C26887;NCIT:C157974	Study Control	NCIT:C142703	Finland	NCIT:C16584	feces	UBERON:0001988	Infant	NCIT:C27956	309	Day	0.8	10	0	No	Paolo_Manghi,Svetlana_Ugarcina_Perovic	Healthy	NA	NA	NCIT:C115935	Qiagen	HLA protein complex with DQ5 serotype	MRO:0001626	SRR4408172	27133167	IlluminaHiSeq	Male	NCIT:C20197	NA	NA	Yes	Homo sapiens
VatanenT_2016	E007980	G80285	Otitis Media;Pneumonia;bronchitis;Upper Respiratory Tract Infection;Septicemia;Skin Infection;Cough;Gastroenteritis;Tonsillitis;Pyelonephritis;Cystitis;Fever;Infectious Disorder;Stomatitis;Salmonellosis	NCIT:C34885;NCIT:C3333;NCIT:C2911;NCIT:C35650;NCIT:C3364;NCIT:C35025;NCIT:C37935;NCIT:C34632;NCIT:C116006;NCIT:C34965;NCIT:C26738;NCIT:C3038;NCIT:C128320;NCIT:C26887;NCIT:C157974	Study Control	NCIT:C142703	Finland	NCIT:C16584	feces	UBERON:0001988	Infant	NCIT:C27956	682	Day	1.9	22	91	No	Paolo_Manghi,Svetlana_Ugarcina_Perovic	Healthy	NA	NA	NCIT:C115935	Qiagen	HLA-DRB1*04:04 protein complex;HLA protein complex with DQ3 serotype;HLA protein complex with DQ5 serotype	MRO:0001293;MRO:0001622;MRO:0001626	SRR4305444	27133167	IlluminaHiSeq	Male	NCIT:C20197	NA	NA	Yes	Homo sapiens
VatanenT_2016	E007980	G80369	Otitis Media;Pneumonia;bronchitis;Upper Respiratory Tract Infection;Septicemia;Skin Infection;Cough;Gastroenteritis;Tonsillitis;Pyelonephritis;Cystitis;Fever;Infectious Disorder;Stomatitis;Salmonellosis	NCIT:C34885;NCIT:C3333;NCIT:C2911;NCIT:C35650;NCIT:C3364;NCIT:C35025;NCIT:C37935;NCIT:C34632;NCIT:C116006;NCIT:C34965;NCIT:C26738;NCIT:C3038;NCIT:C128320;NCIT:C26887;NCIT:C157974	Study Control	NCIT:C142703	Finland	NCIT:C16584	feces	UBERON:0001988	Infant	NCIT:C27956	591	Day	1.6	19	0	No	Paolo_Manghi,Svetlana_Ugarcina_Perovic	Healthy	NA	NA	NCIT:C115935	Qiagen	HLA-DRB1*04:04 protein complex;HLA protein complex with DQ3 serotype;HLA protein complex with DQ5 serotype	MRO:0001293;MRO:0001622;MRO:0001626	SRR4408237	27133167	IlluminaHiSeq	Male	NCIT:C20197	NA	NA	Yes	Homo sapiens
VatanenT_2016	E008241	G80528	Otitis Media;Pneumonia;bronchitis;Upper Respiratory Tract Infection;Septicemia;Skin Infection;Cough;Gastroenteritis;Tonsillitis;Pyelonephritis;Cystitis;Fever;Infectious Disorder;Stomatitis;Salmonellosis	NCIT:C34885;NCIT:C3333;NCIT:C2911;NCIT:C35650;NCIT:C3364;NCIT:C35025;NCIT:C37935;NCIT:C34632;NCIT:C116006;NCIT:C34965;NCIT:C26738;NCIT:C3038;NCIT:C128320;NCIT:C26887;NCIT:C157974	Study Control	NCIT:C142703	Finland	NCIT:C16584	feces	UBERON:0001988	Infant	NCIT:C27956	125	Day	0.3	4	0	No	Paolo_Manghi,Svetlana_Ugarcina_Perovic	Healthy	NA	NA	NCIT:C115935	Qiagen	HLA-DQA1*02:01 protein complex;HLA protein complex with DQ5 serotype	MRO:0001211;MRO:0001626	SRR4408123	27133167	IlluminaHiSeq	Male	NCIT:C20197	NA	NA	Yes	Homo sapiens
VatanenT_2016	E008241	G80590	Otitis Media;Pneumonia;bronchitis;Upper Respiratory Tract Infection;Septicemia;Skin Infection;Cough;Gastroenteritis;Tonsillitis;Pyelonephritis;Cystitis;Fever;Infectious Disorder;Stomatitis;Salmonellosis	NCIT:C34885;NCIT:C3333;NCIT:C2911;NCIT:C35650;NCIT:C3364;NCIT:C35025;NCIT:C37935;NCIT:C34632;NCIT:C116006;NCIT:C34965;NCIT:C26738;NCIT:C3038;NCIT:C128320;NCIT:C26887;NCIT:C157974	Case	NCIT:C49152	Finland	NCIT:C16584	feces	UBERON:0001988	Infant	NCIT:C27956	358	Day	1	12	233	Yes	Paolo_Manghi,Svetlana_Ugarcina_Perovic	Otitis Media	NA	NA	NCIT:C34885	Qiagen	HLA-DQA1*02:01 protein complex;HLA protein complex with DQ5 serotype	MRO:0001211;MRO:0001626	SRR4408184	27133167	IlluminaHiSeq	Male	NCIT:C20197	Penicillin Antibiotic	NCIT:C1500	Yes	Homo sapiens
VatanenT_2016	E008241	G80596	Otitis Media;Pneumonia;bronchitis;Upper Respiratory Tract Infection;Septicemia;Skin Infection;Cough;Gastroenteritis;Tonsillitis;Pyelonephritis;Cystitis;Fever;Infectious Disorder;Stomatitis;Salmonellosis	NCIT:C34885;NCIT:C3333;NCIT:C2911;NCIT:C35650;NCIT:C3364;NCIT:C35025;NCIT:C37935;NCIT:C34632;NCIT:C116006;NCIT:C34965;NCIT:C26738;NCIT:C3038;NCIT:C128320;NCIT:C26887;NCIT:C157974	Case	NCIT:C49152	Finland	NCIT:C16584	feces	UBERON:0001988	Infant	NCIT:C27956	318	Day	0.9	10	193	Yes	Paolo_Manghi,Svetlana_Ugarcina_Perovic	Otitis Media	NA	NA	NCIT:C34885	Qiagen	HLA-DQA1*02:01 protein complex;HLA protein complex with DQ5 serotype	MRO:0001211;MRO:0001626	SRR4408191	27133167	IlluminaHiSeq	Male	NCIT:C20197	Penicillin Antibiotic	NCIT:C1500	Yes	Homo sapiens
VatanenT_2016	E008241	G80602	Otitis Media;Pneumonia;bronchitis;Upper Respiratory Tract Infection;Septicemia;Skin Infection;Cough;Gastroenteritis;Tonsillitis;Pyelonephritis;Cystitis;Fever;Infectious Disorder;Stomatitis;Salmonellosis	NCIT:C34885;NCIT:C3333;NCIT:C2911;NCIT:C35650;NCIT:C3364;NCIT:C35025;NCIT:C37935;NCIT:C34632;NCIT:C116006;NCIT:C34965;NCIT:C26738;NCIT:C3038;NCIT:C128320;NCIT:C26887;NCIT:C157974	Case	NCIT:C49152	Finland	NCIT:C16584	feces	UBERON:0001988	Infant	NCIT:C27956	237	Day	0.6	8	112	Yes	Paolo_Manghi,Svetlana_Ugarcina_Perovic	Otitis Media	NA	NA	NCIT:C34885	Qiagen	HLA-DQA1*02:01 protein complex;HLA protein complex with DQ5 serotype	MRO:0001211;MRO:0001626	SRR4408195	27133167	IlluminaHiSeq	Male	NCIT:C20197	Penicillin Antibiotic	NCIT:C1500	Yes	Homo sapiens
VatanenT_2016	E008357	G80414	Otitis Media;Pneumonia;bronchitis;Upper Respiratory Tract Infection;Septicemia;Skin Infection;Cough;Gastroenteritis;Tonsillitis;Pyelonephritis;Cystitis;Fever;Infectious Disorder;Stomatitis;Salmonellosis	NCIT:C34885;NCIT:C3333;NCIT:C2911;NCIT:C35650;NCIT:C3364;NCIT:C35025;NCIT:C37935;NCIT:C34632;NCIT:C116006;NCIT:C34965;NCIT:C26738;NCIT:C3038;NCIT:C128320;NCIT:C26887;NCIT:C157974	Study Control	NCIT:C142703	Finland	NCIT:C16584	feces	UBERON:0001988	Infant	NCIT:C27956	485	Day	1.3	16	0	Yes	Paolo_Manghi,Svetlana_Ugarcina_Perovic	Healthy	NA	NA	NCIT:C115935	Qiagen	HLA-DRB1*04:01 protein complex	MRO:0001290	SRR4408287	27133167	IlluminaHiSeq	Female	NCIT:C16576	Cephalosporin Antibiotic	NCIT:C357	Yes	Homo sapiens
VatanenT_2016	E008437	G78533	Otitis Media;Pneumonia;bronchitis;Upper Respiratory Tract Infection;Septicemia;Skin Infection;Cough;Gastroenteritis;Tonsillitis;Pyelonephritis;Cystitis;Fever;Infectious Disorder;Stomatitis;Salmonellosis	NCIT:C34885;NCIT:C3333;NCIT:C2911;NCIT:C35650;NCIT:C3364;NCIT:C35025;NCIT:C37935;NCIT:C34632;NCIT:C116006;NCIT:C34965;NCIT:C26738;NCIT:C3038;NCIT:C128320;NCIT:C26887;NCIT:C157974	Study Control	NCIT:C142703	Finland	NCIT:C16584	feces	UBERON:0001988	Infant	NCIT:C27956	669	Day	1.8	22	551	No	Paolo_Manghi,Svetlana_Ugarcina_Perovic	Healthy	NA	NA	NCIT:C115935	Qiagen	HLA protein complex with DQ3 serotype;HLA protein complex with DQ5 serotype	MRO:0001622;MRO:0001626	SRR4305062	27133167	IlluminaHiSeq	Female	NCIT:C16576	NA	NA	Yes	Homo sapiens
VatanenT_2016	E008437	G80496	Otitis Media;Pneumonia;bronchitis;Upper Respiratory Tract Infection;Septicemia;Skin Infection;Cough;Gastroenteritis;Tonsillitis;Pyelonephritis;Cystitis;Fever;Infectious Disorder;Stomatitis;Salmonellosis	NCIT:C34885;NCIT:C3333;NCIT:C2911;NCIT:C35650;NCIT:C3364;NCIT:C35025;NCIT:C37935;NCIT:C34632;NCIT:C116006;NCIT:C34965;NCIT:C26738;NCIT:C3038;NCIT:C128320;NCIT:C26887;NCIT:C157974	Case	NCIT:C49152	Finland	NCIT:C16584	feces	UBERON:0001988	Infant	NCIT:C27956	118	Day	0.3	4	0	Yes	Paolo_Manghi,Svetlana_Ugarcina_Perovic	Otitis Media	NA	NA	NCIT:C34885	Qiagen	HLA protein complex with DQ3 serotype;HLA protein complex with DQ5 serotype	MRO:0001622;MRO:0001626	SRR4408082	27133167	IlluminaHiSeq	Female	NCIT:C16576	Macrolide Antibiotic	NCIT:C261	Yes	Homo sapiens
VatanenT_2016	E008437	G80552	Otitis Media;Pneumonia;bronchitis;Upper Respiratory Tract Infection;Septicemia;Skin Infection;Cough;Gastroenteritis;Tonsillitis;Pyelonephritis;Cystitis;Fever;Infectious Disorder;Stomatitis;Salmonellosis	NCIT:C34885;NCIT:C3333;NCIT:C2911;NCIT:C35650;NCIT:C3364;NCIT:C35025;NCIT:C37935;NCIT:C34632;NCIT:C116006;NCIT:C34965;NCIT:C26738;NCIT:C3038;NCIT:C128320;NCIT:C26887;NCIT:C157974	Study Control	NCIT:C142703	Finland	NCIT:C16584	feces	UBERON:0001988	Infant	NCIT:C27956	209	Day	0.6	7	91	No	Paolo_Manghi,Svetlana_Ugarcina_Perovic	Healthy	NA	NA	NCIT:C115935	Qiagen	HLA protein complex with DQ3 serotype;HLA protein complex with DQ5 serotype	MRO:0001622;MRO:0001626	SRR4408145	27133167	IlluminaHiSeq	Female	NCIT:C16576	NA	NA	Yes	Homo sapiens
VatanenT_2016	E008643	G78534	Otitis Media;Pneumonia;bronchitis;Upper Respiratory Tract Infection;Septicemia;Skin Infection;Cough;Gastroenteritis;Tonsillitis;Pyelonephritis;Cystitis;Fever;Infectious Disorder;Stomatitis;Salmonellosis	NCIT:C34885;NCIT:C3333;NCIT:C2911;NCIT:C35650;NCIT:C3364;NCIT:C35025;NCIT:C37935;NCIT:C34632;NCIT:C116006;NCIT:C34965;NCIT:C26738;NCIT:C3038;NCIT:C128320;NCIT:C26887;NCIT:C157974	Study Control	NCIT:C142703	Finland	NCIT:C16584	feces	UBERON:0001988	Infant	NCIT:C27956	676	Day	1.9	22	463	No	Paolo_Manghi,Svetlana_Ugarcina_Perovic	Healthy	NA	NA	NCIT:C115935	Qiagen	HLA protein complex with DQ5 serotype	MRO:0001626	SRR4305063	27133167	IlluminaHiSeq	Female	NCIT:C16576	NA	NA	Yes	Homo sapiens
VatanenT_2016	E008643	G80614	Otitis Media;Pneumonia;bronchitis;Upper Respiratory Tract Infection;Septicemia;Skin Infection;Cough;Gastroenteritis;Tonsillitis;Pyelonephritis;Cystitis;Fever;Infectious Disorder;Stomatitis;Salmonellosis	NCIT:C34885;NCIT:C3333;NCIT:C2911;NCIT:C35650;NCIT:C3364;NCIT:C35025;NCIT:C37935;NCIT:C34632;NCIT:C116006;NCIT:C34965;NCIT:C26738;NCIT:C3038;NCIT:C128320;NCIT:C26887;NCIT:C157974	Study Control	NCIT:C142703	Finland	NCIT:C16584	feces	UBERON:0001988	Infant	NCIT:C27956	213	Day	0.6	7	0	No	Paolo_Manghi,Svetlana_Ugarcina_Perovic	Healthy	NA	NA	NCIT:C115935	Qiagen	HLA protein complex with DQ5 serotype	MRO:0001626	SRR4408207	27133167	IlluminaHiSeq	Female	NCIT:C16576	NA	NA	Yes	Homo sapiens
VatanenT_2016	E008643	G80620	Otitis Media;Pneumonia;bronchitis;Upper Respiratory Tract Infection;Septicemia;Skin Infection;Cough;Gastroenteritis;Tonsillitis;Pyelonephritis;Cystitis;Fever;Infectious Disorder;Stomatitis;Salmonellosis	NCIT:C34885;NCIT:C3333;NCIT:C2911;NCIT:C35650;NCIT:C3364;NCIT:C35025;NCIT:C37935;NCIT:C34632;NCIT:C116006;NCIT:C34965;NCIT:C26738;NCIT:C3038;NCIT:C128320;NCIT:C26887;NCIT:C157974	Study Control	NCIT:C142703	Finland	NCIT:C16584	feces	UBERON:0001988	Infant	NCIT:C27956	314	Day	0.9	10	101	No	Paolo_Manghi,Svetlana_Ugarcina_Perovic	Healthy	NA	NA	NCIT:C115935	Qiagen	HLA protein complex with DQ5 serotype	MRO:0001626	SRR4408212	27133167	IlluminaHiSeq	Female	NCIT:C16576	NA	NA	Yes	Homo sapiens
VatanenT_2016	E009020	G78833	Otitis Media;Pneumonia;bronchitis;Upper Respiratory Tract Infection;Septicemia;Skin Infection;Cough;Gastroenteritis;Tonsillitis;Pyelonephritis;Cystitis;Fever;Infectious Disorder;Stomatitis;Salmonellosis	NCIT:C34885;NCIT:C3333;NCIT:C2911;NCIT:C35650;NCIT:C3364;NCIT:C35025;NCIT:C37935;NCIT:C34632;NCIT:C116006;NCIT:C34965;NCIT:C26738;NCIT:C3038;NCIT:C128320;NCIT:C26887;NCIT:C157974	Case	NCIT:C49152	Finland	NCIT:C16584	feces	UBERON:0001988	Infant	NCIT:C27956	579	Day	1.6	19	275	Yes	Paolo_Manghi,Svetlana_Ugarcina_Perovic	Otitis Media	NA	NA	NCIT:C34885	Qiagen	HLA protein complex with DQ3 serotype;HLA protein complex with DQ5 serotype	MRO:0001622;MRO:0001626	SRR4305332	27133167	IlluminaHiSeq	Female	NCIT:C16576	Penicillin Antibiotic	NCIT:C1500	Yes	Homo sapiens
VatanenT_2016	E009020	G80584	Otitis Media;Pneumonia;bronchitis;Upper Respiratory Tract Infection;Septicemia;Skin Infection;Cough;Gastroenteritis;Tonsillitis;Pyelonephritis;Cystitis;Fever;Infectious Disorder;Stomatitis;Salmonellosis	NCIT:C34885;NCIT:C3333;NCIT:C2911;NCIT:C35650;NCIT:C3364;NCIT:C35025;NCIT:C37935;NCIT:C34632;NCIT:C116006;NCIT:C34965;NCIT:C26738;NCIT:C3038;NCIT:C128320;NCIT:C26887;NCIT:C157974	Case	NCIT:C49152	Finland	NCIT:C16584	feces	UBERON:0001988	Infant	NCIT:C27956	304	Day	0.8	10	0	Yes	Paolo_Manghi,Svetlana_Ugarcina_Perovic	Otitis Media	NA	NA	NCIT:C34885	Qiagen	HLA protein complex with DQ3 serotype;HLA protein complex with DQ5 serotype	MRO:0001622;MRO:0001626	SRR4408179	27133167	IlluminaHiSeq	Female	NCIT:C16576	Penicillin Antibiotic	NCIT:C1500	Yes	Homo sapiens
VatanenT_2016	E009667	G69173	Otitis Media;Pneumonia;bronchitis;Upper Respiratory Tract Infection;Septicemia;Skin Infection;Cough;Gastroenteritis;Tonsillitis;Pyelonephritis;Cystitis;Fever;Infectious Disorder;Stomatitis;Salmonellosis	NCIT:C34885;NCIT:C3333;NCIT:C2911;NCIT:C35650;NCIT:C3364;NCIT:C35025;NCIT:C37935;NCIT:C34632;NCIT:C116006;NCIT:C34965;NCIT:C26738;NCIT:C3038;NCIT:C128320;NCIT:C26887;NCIT:C157974	Case	NCIT:C49152	Finland	NCIT:C16584	feces	UBERON:0001988	Infant	NCIT:C27956	682	Day	1.9	22	469	Yes	Paolo_Manghi,Svetlana_Ugarcina_Perovic	Otitis Media	NA	NA	NCIT:C34885	Qiagen	HLA-DQA1*02:01 protein complex;HLA protein complex with DQ5 serotype	MRO:0001211;MRO:0001626	SRR4305177	27133167	IlluminaHiSeq	Female	NCIT:C16576	Penicillin Antibiotic;Sulfonamide Anti-Infective Agent	NCIT:C1500;NCIT:C29739	Yes	Homo sapiens
VatanenT_2016	E009667	G69174	Otitis Media;Pneumonia;bronchitis;Upper Respiratory Tract Infection;Septicemia;Skin Infection;Cough;Gastroenteritis;Tonsillitis;Pyelonephritis;Cystitis;Fever;Infectious Disorder;Stomatitis;Salmonellosis	NCIT:C34885;NCIT:C3333;NCIT:C2911;NCIT:C35650;NCIT:C3364;NCIT:C35025;NCIT:C37935;NCIT:C34632;NCIT:C116006;NCIT:C34965;NCIT:C26738;NCIT:C3038;NCIT:C128320;NCIT:C26887;NCIT:C157974	Case	NCIT:C49152	Finland	NCIT:C16584	feces	UBERON:0001988	Infant	NCIT:C27956	565	Day	1.5	19	352	Yes	Paolo_Manghi,Svetlana_Ugarcina_Perovic	Otitis Media	NA	NA	NCIT:C34885	Qiagen	HLA-DQA1*02:01 protein complex;HLA protein complex with DQ5 serotype	MRO:0001211;MRO:0001626	SRR4305188	27133167	IlluminaHiSeq	Female	NCIT:C16576	Penicillin Antibiotic;Sulfonamide Anti-Infective Agent	NCIT:C1500;NCIT:C29739	Yes	Homo sapiens
VatanenT_2016	E009667	G69225	Otitis Media;Pneumonia;bronchitis;Upper Respiratory Tract Infection;Septicemia;Skin Infection;Cough;Gastroenteritis;Tonsillitis;Pyelonephritis;Cystitis;Fever;Infectious Disorder;Stomatitis;Salmonellosis	NCIT:C34885;NCIT:C3333;NCIT:C2911;NCIT:C35650;NCIT:C3364;NCIT:C35025;NCIT:C37935;NCIT:C34632;NCIT:C116006;NCIT:C34965;NCIT:C26738;NCIT:C3038;NCIT:C128320;NCIT:C26887;NCIT:C157974	Study Control	NCIT:C142703	Finland	NCIT:C16584	feces	UBERON:0001988	Child	NCIT:C49683	888	Day	2.4	29	675	No	Paolo_Manghi,Svetlana_Ugarcina_Perovic	Healthy	NA	NA	NCIT:C115935	Qiagen	HLA-DQA1*02:01 protein complex;HLA protein complex with DQ5 serotype	MRO:0001211;MRO:0001626	SRR4305504	27133167	IlluminaHiSeq	Female	NCIT:C16576	NA	NA	Yes	Homo sapiens
VatanenT_2016	E009667	G80567	Otitis Media;Pneumonia;bronchitis;Upper Respiratory Tract Infection;Septicemia;Skin Infection;Cough;Gastroenteritis;Tonsillitis;Pyelonephritis;Cystitis;Fever;Infectious Disorder;Stomatitis;Salmonellosis	NCIT:C34885;NCIT:C3333;NCIT:C2911;NCIT:C35650;NCIT:C3364;NCIT:C35025;NCIT:C37935;NCIT:C34632;NCIT:C116006;NCIT:C34965;NCIT:C26738;NCIT:C3038;NCIT:C128320;NCIT:C26887;NCIT:C157974	Study Control	NCIT:C142703	Finland	NCIT:C16584	feces	UBERON:0001988	Infant	NCIT:C27956	213	Day	0.6	7	0	No	Paolo_Manghi,Svetlana_Ugarcina_Perovic	Healthy	NA	NA	NCIT:C115935	Qiagen	HLA-DQA1*02:01 protein complex;HLA protein complex with DQ5 serotype	MRO:0001211;MRO:0001626	SRR4408160	27133167	IlluminaHiSeq	Female	NCIT:C16576	NA	NA	Yes	Homo sapiens
VatanenT_2016	E009676	G78835	Otitis Media;Pneumonia;bronchitis;Upper Respiratory Tract Infection;Septicemia;Skin Infection;Cough;Gastroenteritis;Tonsillitis;Pyelonephritis;Cystitis;Fever;Infectious Disorder;Stomatitis;Salmonellosis	NCIT:C34885;NCIT:C3333;NCIT:C2911;NCIT:C35650;NCIT:C3364;NCIT:C35025;NCIT:C37935;NCIT:C34632;NCIT:C116006;NCIT:C34965;NCIT:C26738;NCIT:C3038;NCIT:C128320;NCIT:C26887;NCIT:C157974	Case	NCIT:C49152	Finland	NCIT:C16584	feces	UBERON:0001988	Infant	NCIT:C27956	691	Day	1.9	23	388	Yes	Paolo_Manghi,Svetlana_Ugarcina_Perovic	Otitis Media	NA	NA	NCIT:C34885	Qiagen	HLA-DRB1*04:01 protein complex	MRO:0001290	SRR4305335	27133167	IlluminaHiSeq	Female	NCIT:C16576	Macrolide Antibiotic	NCIT:C261	Yes	Homo sapiens
VatanenT_2016	E009676	G80437	Otitis Media;Pneumonia;bronchitis;Upper Respiratory Tract Infection;Septicemia;Skin Infection;Cough;Gastroenteritis;Tonsillitis;Pyelonephritis;Cystitis;Fever;Infectious Disorder;Stomatitis;Salmonellosis	NCIT:C34885;NCIT:C3333;NCIT:C2911;NCIT:C35650;NCIT:C3364;NCIT:C35025;NCIT:C37935;NCIT:C34632;NCIT:C116006;NCIT:C34965;NCIT:C26738;NCIT:C3038;NCIT:C128320;NCIT:C26887;NCIT:C157974	Case	NCIT:C49152	Finland	NCIT:C16584	feces	UBERON:0001988	Infant	NCIT:C27956	559	Day	1.5	18	256	Yes	Paolo_Manghi,Svetlana_Ugarcina_Perovic	Otitis Media	NA	NA	NCIT:C34885	Qiagen	HLA-DRB1*04:01 protein complex	MRO:0001290	SRR4408021	27133167	IlluminaHiSeq	Female	NCIT:C16576	Macrolide Antibiotic	NCIT:C261	Yes	Homo sapiens
VatanenT_2016	E009676	G80545	Otitis Media;Pneumonia;bronchitis;Upper Respiratory Tract Infection;Septicemia;Skin Infection;Cough;Gastroenteritis;Tonsillitis;Pyelonephritis;Cystitis;Fever;Infectious Disorder;Stomatitis;Salmonellosis	NCIT:C34885;NCIT:C3333;NCIT:C2911;NCIT:C35650;NCIT:C3364;NCIT:C35025;NCIT:C37935;NCIT:C34632;NCIT:C116006;NCIT:C34965;NCIT:C26738;NCIT:C3038;NCIT:C128320;NCIT:C26887;NCIT:C157974	Study Control	NCIT:C142703	Finland	NCIT:C16584	feces	UBERON:0001988	Infant	NCIT:C27956	303	Day	0.8	10	0	No	Paolo_Manghi,Svetlana_Ugarcina_Perovic	Healthy	NA	NA	NCIT:C115935	Qiagen	HLA-DRB1*04:01 protein complex	MRO:0001290	SRR4408140	27133167	IlluminaHiSeq	Female	NCIT:C16576	NA	NA	Yes	Homo sapiens
VatanenT_2016	E011183	G78673	Otitis Media;Pneumonia;bronchitis;Upper Respiratory Tract Infection;Septicemia;Skin Infection;Cough;Gastroenteritis;Tonsillitis;Pyelonephritis;Cystitis;Fever;Infectious Disorder;Stomatitis;Salmonellosis	NCIT:C34885;NCIT:C3333;NCIT:C2911;NCIT:C35650;NCIT:C3364;NCIT:C35025;NCIT:C37935;NCIT:C34632;NCIT:C116006;NCIT:C34965;NCIT:C26738;NCIT:C3038;NCIT:C128320;NCIT:C26887;NCIT:C157974	Study Control	NCIT:C142703	Finland	NCIT:C16584	feces	UBERON:0001988	Infant	NCIT:C27956	96	Day	0.3	3	0	No	Paolo_Manghi,Svetlana_Ugarcina_Perovic	Healthy	NA	NA	NCIT:C115935	Qiagen	HLA-DRB1*04:01 protein complex;HLA protein complex with DQ3 serotype;HLA protein complex with DQ3 serotype	MRO:0001290;MRO:0001622;MRO:0001622	SRR4305202	27133167	IlluminaHiSeq	Female	NCIT:C16576	NA	NA	Yes	Homo sapiens
VatanenT_2016	E011183	G78674	Otitis Media;Pneumonia;bronchitis;Upper Respiratory Tract Infection;Septicemia;Skin Infection;Cough;Gastroenteritis;Tonsillitis;Pyelonephritis;Cystitis;Fever;Infectious Disorder;Stomatitis;Salmonellosis	NCIT:C34885;NCIT:C3333;NCIT:C2911;NCIT:C35650;NCIT:C3364;NCIT:C35025;NCIT:C37935;NCIT:C34632;NCIT:C116006;NCIT:C34965;NCIT:C26738;NCIT:C3038;NCIT:C128320;NCIT:C26887;NCIT:C157974	Study Control	NCIT:C142703	Finland	NCIT:C16584	feces	UBERON:0001988	Infant	NCIT:C27956	191	Day	0.5	6	95	No	Paolo_Manghi,Svetlana_Ugarcina_Perovic	Healthy	NA	NA	NCIT:C115935	Qiagen	HLA-DRB1*04:01 protein complex;HLA protein complex with DQ3 serotype;HLA protein complex with DQ3 serotype	MRO:0001290;MRO:0001622;MRO:0001622	SRR4305203	27133167	IlluminaHiSeq	Female	NCIT:C16576	NA	NA	Yes	Homo sapiens
VatanenT_2016	E011183	G78680	Otitis Media;Pneumonia;bronchitis;Upper Respiratory Tract Infection;Septicemia;Skin Infection;Cough;Gastroenteritis;Tonsillitis;Pyelonephritis;Cystitis;Fever;Infectious Disorder;Stomatitis;Salmonellosis	NCIT:C34885;NCIT:C3333;NCIT:C2911;NCIT:C35650;NCIT:C3364;NCIT:C35025;NCIT:C37935;NCIT:C34632;NCIT:C116006;NCIT:C34965;NCIT:C26738;NCIT:C3038;NCIT:C128320;NCIT:C26887;NCIT:C157974	Study Control	NCIT:C142703	Finland	NCIT:C16584	feces	UBERON:0001988	Infant	NCIT:C27956	279	Day	0.8	9	183	No	Paolo_Manghi,Svetlana_Ugarcina_Perovic	Healthy	NA	NA	NCIT:C115935	Qiagen	HLA-DRB1*04:01 protein complex;HLA protein complex with DQ3 serotype;HLA protein complex with DQ3 serotype	MRO:0001290;MRO:0001622;MRO:0001622	SRR4305208	27133167	IlluminaHiSeq	Female	NCIT:C16576	NA	NA	Yes	Homo sapiens
VatanenT_2016	E011183	G78773	Otitis Media;Pneumonia;bronchitis;Upper Respiratory Tract Infection;Septicemia;Skin Infection;Cough;Gastroenteritis;Tonsillitis;Pyelonephritis;Cystitis;Fever;Infectious Disorder;Stomatitis;Salmonellosis	NCIT:C34885;NCIT:C3333;NCIT:C2911;NCIT:C35650;NCIT:C3364;NCIT:C35025;NCIT:C37935;NCIT:C34632;NCIT:C116006;NCIT:C34965;NCIT:C26738;NCIT:C3038;NCIT:C128320;NCIT:C26887;NCIT:C157974	Case	NCIT:C49152	Finland	NCIT:C16584	feces	UBERON:0001988	Infant	NCIT:C27956	676	Day	1.9	22	580	Yes	Paolo_Manghi,Svetlana_Ugarcina_Perovic	Otitis Media	NA	NA	NCIT:C34885	Qiagen	HLA-DRB1*04:01 protein complex;HLA protein complex with DQ3 serotype;HLA protein complex with DQ3 serotype	MRO:0001290;MRO:0001622;MRO:0001622	SRR4305277	27133167	IlluminaHiSeq	Female	NCIT:C16576	Macrolide Antibiotic;Penicillin Antibiotic	NCIT:C261;NCIT:C1500	Yes	Homo sapiens
VatanenT_2016	E011183	G78878	Otitis Media;Pneumonia;bronchitis;Upper Respiratory Tract Infection;Septicemia;Skin Infection;Cough;Gastroenteritis;Tonsillitis;Pyelonephritis;Cystitis;Fever;Infectious Disorder;Stomatitis;Salmonellosis	NCIT:C34885;NCIT:C3333;NCIT:C2911;NCIT:C35650;NCIT:C3364;NCIT:C35025;NCIT:C37935;NCIT:C34632;NCIT:C116006;NCIT:C34965;NCIT:C26738;NCIT:C3038;NCIT:C128320;NCIT:C26887;NCIT:C157974	Study Control	NCIT:C142703	Finland	NCIT:C16584	feces	UBERON:0001988	Infant	NCIT:C27956	404	Day	1.1	13	308	No	Paolo_Manghi,Svetlana_Ugarcina_Perovic	Healthy	NA	NA	NCIT:C115935	Qiagen	HLA-DRB1*04:01 protein complex;HLA protein complex with DQ3 serotype;HLA protein complex with DQ3 serotype	MRO:0001290;MRO:0001622;MRO:0001622	SRR4305381	27133167	IlluminaHiSeq	Female	NCIT:C16576	NA	NA	Yes	Homo sapiens
VatanenT_2016	E011183	G78879	Otitis Media;Pneumonia;bronchitis;Upper Respiratory Tract Infection;Septicemia;Skin Infection;Cough;Gastroenteritis;Tonsillitis;Pyelonephritis;Cystitis;Fever;Infectious Disorder;Stomatitis;Salmonellosis	NCIT:C34885;NCIT:C3333;NCIT:C2911;NCIT:C35650;NCIT:C3364;NCIT:C35025;NCIT:C37935;NCIT:C34632;NCIT:C116006;NCIT:C34965;NCIT:C26738;NCIT:C3038;NCIT:C128320;NCIT:C26887;NCIT:C157974	Study Control	NCIT:C142703	Finland	NCIT:C16584	feces	UBERON:0001988	Infant	NCIT:C27956	496	Day	1.4	16	400	No	Paolo_Manghi,Svetlana_Ugarcina_Perovic	Healthy	NA	NA	NCIT:C115935	Qiagen	HLA-DRB1*04:01 protein complex;HLA protein complex with DQ3 serotype;HLA protein complex with DQ3 serotype	MRO:0001290;MRO:0001622;MRO:0001622	SRR4305382	27133167	IlluminaHiSeq	Female	NCIT:C16576	NA	NA	Yes	Homo sapiens
VatanenT_2016	E011459	G78535	Otitis Media;Pneumonia;bronchitis;Upper Respiratory Tract Infection;Septicemia;Skin Infection;Cough;Gastroenteritis;Tonsillitis;Pyelonephritis;Cystitis;Fever;Infectious Disorder;Stomatitis;Salmonellosis	NCIT:C34885;NCIT:C3333;NCIT:C2911;NCIT:C35650;NCIT:C3364;NCIT:C35025;NCIT:C37935;NCIT:C34632;NCIT:C116006;NCIT:C34965;NCIT:C26738;NCIT:C3038;NCIT:C128320;NCIT:C26887;NCIT:C157974	Case	NCIT:C49152	Finland	NCIT:C16584	feces	UBERON:0001988	Infant	NCIT:C27956	670	Day	1.8	22	114	Yes	Paolo_Manghi,Svetlana_Ugarcina_Perovic	Otitis Media	NA	NA	NCIT:C34885	Qiagen	HLA-DRB1*04:04 protein complex	MRO:0001293	SRR4305064	27133167	IlluminaHiSeq	Male	NCIT:C20197	Macrolide Antibiotic	NCIT:C261	Yes	Homo sapiens
VatanenT_2016	E011459	G78536	Otitis Media;Pneumonia;bronchitis;Upper Respiratory Tract Infection;Septicemia;Skin Infection;Cough;Gastroenteritis;Tonsillitis;Pyelonephritis;Cystitis;Fever;Infectious Disorder;Stomatitis;Salmonellosis	NCIT:C34885;NCIT:C3333;NCIT:C2911;NCIT:C35650;NCIT:C3364;NCIT:C35025;NCIT:C37935;NCIT:C34632;NCIT:C116006;NCIT:C34965;NCIT:C26738;NCIT:C3038;NCIT:C128320;NCIT:C26887;NCIT:C157974	Case	NCIT:C49152	Finland	NCIT:C16584	feces	UBERON:0001988	Infant	NCIT:C27956	556	Day	1.5	18	0	Yes	Paolo_Manghi,Svetlana_Ugarcina_Perovic	Otitis Media	NA	NA	NCIT:C34885	Qiagen	HLA-DRB1*04:04 protein complex	MRO:0001293	SRR4305065	27133167	IlluminaHiSeq	Male	NCIT:C20197	Macrolide Antibiotic	NCIT:C261	Yes	Homo sapiens
VatanenT_2016	E011459	G78687	Otitis Media;Pneumonia;bronchitis;Upper Respiratory Tract Infection;Septicemia;Skin Infection;Cough;Gastroenteritis;Tonsillitis;Pyelonephritis;Cystitis;Fever;Infectious Disorder;Stomatitis;Salmonellosis	NCIT:C34885;NCIT:C3333;NCIT:C2911;NCIT:C35650;NCIT:C3364;NCIT:C35025;NCIT:C37935;NCIT:C34632;NCIT:C116006;NCIT:C34965;NCIT:C26738;NCIT:C3038;NCIT:C128320;NCIT:C26887;NCIT:C157974	Study Control	NCIT:C142703	Finland	NCIT:C16584	feces	UBERON:0001988	Child	NCIT:C49683	857	Day	2.3	28	301	No	Paolo_Manghi,Svetlana_Ugarcina_Perovic	Healthy	NA	NA	NCIT:C115935	Qiagen	HLA-DRB1*04:04 protein complex	MRO:0001293	SRR4305216	27133167	IlluminaHiSeq	Male	NCIT:C20197	NA	NA	Yes	Homo sapiens
VatanenT_2016	E012115	G78675	Otitis Media;Pneumonia;bronchitis;Upper Respiratory Tract Infection;Septicemia;Skin Infection;Cough;Gastroenteritis;Tonsillitis;Pyelonephritis;Cystitis;Fever;Infectious Disorder;Stomatitis;Salmonellosis	NCIT:C34885;NCIT:C3333;NCIT:C2911;NCIT:C35650;NCIT:C3364;NCIT:C35025;NCIT:C37935;NCIT:C34632;NCIT:C116006;NCIT:C34965;NCIT:C26738;NCIT:C3038;NCIT:C128320;NCIT:C26887;NCIT:C157974	Study Control	NCIT:C142703	Finland	NCIT:C16584	feces	UBERON:0001988	Infant	NCIT:C27956	122	Day	0.3	4	0	No	Paolo_Manghi,Svetlana_Ugarcina_Perovic	Healthy	NA	NA	NCIT:C115935	Qiagen	HLA protein complex with DQ5 serotype	MRO:0001626	SRR4305204	27133167	IlluminaHiSeq	Male	NCIT:C20197	NA	NA	Yes	Homo sapiens
VatanenT_2016	E012115	G78774	Otitis Media;Pneumonia;bronchitis;Upper Respiratory Tract Infection;Septicemia;Skin Infection;Cough;Gastroenteritis;Tonsillitis;Pyelonephritis;Cystitis;Fever;Infectious Disorder;Stomatitis;Salmonellosis	NCIT:C34885;NCIT:C3333;NCIT:C2911;NCIT:C35650;NCIT:C3364;NCIT:C35025;NCIT:C37935;NCIT:C34632;NCIT:C116006;NCIT:C34965;NCIT:C26738;NCIT:C3038;NCIT:C128320;NCIT:C26887;NCIT:C157974	Study Control	NCIT:C142703	Finland	NCIT:C16584	feces	UBERON:0001988	Infant	NCIT:C27956	673	Day	1.8	22	551	No	Paolo_Manghi,Svetlana_Ugarcina_Perovic	Healthy	NA	NA	NCIT:C115935	Qiagen	HLA protein complex with DQ5 serotype	MRO:0001626	SRR4305279	27133167	IlluminaHiSeq	Male	NCIT:C20197	NA	NA	Yes	Homo sapiens
VatanenT_2016	E012115	G78873	Otitis Media;Pneumonia;bronchitis;Upper Respiratory Tract Infection;Septicemia;Skin Infection;Cough;Gastroenteritis;Tonsillitis;Pyelonephritis;Cystitis;Fever;Infectious Disorder;Stomatitis;Salmonellosis	NCIT:C34885;NCIT:C3333;NCIT:C2911;NCIT:C35650;NCIT:C3364;NCIT:C35025;NCIT:C37935;NCIT:C34632;NCIT:C116006;NCIT:C34965;NCIT:C26738;NCIT:C3038;NCIT:C128320;NCIT:C26887;NCIT:C157974	Study Control	NCIT:C142703	Finland	NCIT:C16584	feces	UBERON:0001988	Infant	NCIT:C27956	217	Day	0.6	7	95	No	Paolo_Manghi,Svetlana_Ugarcina_Perovic	Healthy	NA	NA	NCIT:C115935	Qiagen	HLA protein complex with DQ5 serotype	MRO:0001626	SRR4305374	27133167	IlluminaHiSeq	Male	NCIT:C20197	NA	NA	Yes	Homo sapiens
VatanenT_2016	E012115	G78874	Otitis Media;Pneumonia;bronchitis;Upper Respiratory Tract Infection;Septicemia;Skin Infection;Cough;Gastroenteritis;Tonsillitis;Pyelonephritis;Cystitis;Fever;Infectious Disorder;Stomatitis;Salmonellosis	NCIT:C34885;NCIT:C3333;NCIT:C2911;NCIT:C35650;NCIT:C3364;NCIT:C35025;NCIT:C37935;NCIT:C34632;NCIT:C116006;NCIT:C34965;NCIT:C26738;NCIT:C3038;NCIT:C128320;NCIT:C26887;NCIT:C157974	Case	NCIT:C49152	Finland	NCIT:C16584	feces	UBERON:0001988	Infant	NCIT:C27956	361	Day	1	12	239	Yes	Paolo_Manghi,Svetlana_Ugarcina_Perovic	Otitis Media	NA	NA	NCIT:C34885	Qiagen	HLA protein complex with DQ5 serotype	MRO:0001626	SRR4305375	27133167	IlluminaHiSeq	Male	NCIT:C20197	Penicillin Antibiotic	NCIT:C1500	Yes	Homo sapiens
VatanenT_2016	E012115	G80447	Otitis Media;Pneumonia;bronchitis;Upper Respiratory Tract Infection;Septicemia;Skin Infection;Cough;Gastroenteritis;Tonsillitis;Pyelonephritis;Cystitis;Fever;Infectious Disorder;Stomatitis;Salmonellosis	NCIT:C34885;NCIT:C3333;NCIT:C2911;NCIT:C35650;NCIT:C3364;NCIT:C35025;NCIT:C37935;NCIT:C34632;NCIT:C116006;NCIT:C34965;NCIT:C26738;NCIT:C3038;NCIT:C128320;NCIT:C26887;NCIT:C157974	Study Control	NCIT:C142703	Finland	NCIT:C16584	feces	UBERON:0001988	Infant	NCIT:C27956	321	Day	0.9	11	199	No	Paolo_Manghi,Svetlana_Ugarcina_Perovic	Healthy	NA	NA	NCIT:C115935	Qiagen	HLA protein complex with DQ5 serotype	MRO:0001626	SRR4408030	27133167	IlluminaHiSeq	Male	NCIT:C20197	NA	NA	Yes	Homo sapiens
VatanenT_2016	E012124	G78819	Otitis Media;Pneumonia;bronchitis;Upper Respiratory Tract Infection;Septicemia;Skin Infection;Cough;Gastroenteritis;Tonsillitis;Pyelonephritis;Cystitis;Fever;Infectious Disorder;Stomatitis;Salmonellosis	NCIT:C34885;NCIT:C3333;NCIT:C2911;NCIT:C35650;NCIT:C3364;NCIT:C35025;NCIT:C37935;NCIT:C34632;NCIT:C116006;NCIT:C34965;NCIT:C26738;NCIT:C3038;NCIT:C128320;NCIT:C26887;NCIT:C157974	Case	NCIT:C49152	Finland	NCIT:C16584	feces	UBERON:0001988	Infant	NCIT:C27956	297	Day	0.8	10	211	Yes	Paolo_Manghi,Svetlana_Ugarcina_Perovic	Otitis Media	NA	NA	NCIT:C34885	Qiagen	HLA-DRB1*04:01 protein complex	MRO:0001290	SRR4305316	27133167	IlluminaHiSeq	Male	NCIT:C20197	Penicillin Antibiotic	NCIT:C1500	Yes	Homo sapiens
VatanenT_2016	E012124	G78820	Otitis Media;Pneumonia;bronchitis;Upper Respiratory Tract Infection;Septicemia;Skin Infection;Cough;Gastroenteritis;Tonsillitis;Pyelonephritis;Cystitis;Fever;Infectious Disorder;Stomatitis;Salmonellosis	NCIT:C34885;NCIT:C3333;NCIT:C2911;NCIT:C35650;NCIT:C3364;NCIT:C35025;NCIT:C37935;NCIT:C34632;NCIT:C116006;NCIT:C34965;NCIT:C26738;NCIT:C3038;NCIT:C128320;NCIT:C26887;NCIT:C157974	Case	NCIT:C49152	Finland	NCIT:C16584	feces	UBERON:0001988	Infant	NCIT:C27956	204	Day	0.6	7	118	Yes	Paolo_Manghi,Svetlana_Ugarcina_Perovic	Otitis Media	NA	NA	NCIT:C34885	Qiagen	HLA-DRB1*04:01 protein complex	MRO:0001290	SRR4305317	27133167	IlluminaHiSeq	Male	NCIT:C20197	Penicillin Antibiotic	NCIT:C1500	Yes	Homo sapiens
VatanenT_2016	E012124	G78821	Otitis Media;Pneumonia;bronchitis;Upper Respiratory Tract Infection;Septicemia;Skin Infection;Cough;Gastroenteritis;Tonsillitis;Pyelonephritis;Cystitis;Fever;Infectious Disorder;Stomatitis;Salmonellosis	NCIT:C34885;NCIT:C3333;NCIT:C2911;NCIT:C35650;NCIT:C3364;NCIT:C35025;NCIT:C37935;NCIT:C34632;NCIT:C116006;NCIT:C34965;NCIT:C26738;NCIT:C3038;NCIT:C128320;NCIT:C26887;NCIT:C157974	Case	NCIT:C49152	Finland	NCIT:C16584	feces	UBERON:0001988	Infant	NCIT:C27956	386	Day	1.1	13	300	Yes	Paolo_Manghi,Svetlana_Ugarcina_Perovic	Otitis Media	NA	NA	NCIT:C34885	Qiagen	HLA-DRB1*04:01 protein complex	MRO:0001290	SRR4305318	27133167	IlluminaHiSeq	Male	NCIT:C20197	Macrolide Antibiotic;Penicillin Antibiotic	NCIT:C261;NCIT:C1500	Yes	Homo sapiens
VatanenT_2016	E012124	G78822	Otitis Media;Pneumonia;bronchitis;Upper Respiratory Tract Infection;Septicemia;Skin Infection;Cough;Gastroenteritis;Tonsillitis;Pyelonephritis;Cystitis;Fever;Infectious Disorder;Stomatitis;Salmonellosis	NCIT:C34885;NCIT:C3333;NCIT:C2911;NCIT:C35650;NCIT:C3364;NCIT:C35025;NCIT:C37935;NCIT:C34632;NCIT:C116006;NCIT:C34965;NCIT:C26738;NCIT:C3038;NCIT:C128320;NCIT:C26887;NCIT:C157974	Case	NCIT:C49152	Finland	NCIT:C16584	feces	UBERON:0001988	Infant	NCIT:C27956	665	Day	1.8	22	579	Yes	Paolo_Manghi,Svetlana_Ugarcina_Perovic	Otitis Media	NA	NA	NCIT:C34885	Qiagen	HLA-DRB1*04:01 protein complex	MRO:0001290	SRR4305319	27133167	IlluminaHiSeq	Male	NCIT:C20197	Penicillin Antibiotic	NCIT:C1500	Yes	Homo sapiens
VatanenT_2016	E012124	G78840	Otitis Media;Pneumonia;bronchitis;Upper Respiratory Tract Infection;Septicemia;Skin Infection;Cough;Gastroenteritis;Tonsillitis;Pyelonephritis;Cystitis;Fever;Infectious Disorder;Stomatitis;Salmonellosis	NCIT:C34885;NCIT:C3333;NCIT:C2911;NCIT:C35650;NCIT:C3364;NCIT:C35025;NCIT:C37935;NCIT:C34632;NCIT:C116006;NCIT:C34965;NCIT:C26738;NCIT:C3038;NCIT:C128320;NCIT:C26887;NCIT:C157974	Study Control	NCIT:C142703	Finland	NCIT:C16584	feces	UBERON:0001988	Infant	NCIT:C27956	86	Day	0.2	3	0	No	Paolo_Manghi,Svetlana_Ugarcina_Perovic	Healthy	NA	NA	NCIT:C115935	Qiagen	HLA-DRB1*04:01 protein complex	MRO:0001290	SRR4305340	27133167	IlluminaHiSeq	Male	NCIT:C20197	NA	NA	Yes	Homo sapiens
VatanenT_2016	E012124	G78488	Otitis Media;Pneumonia;bronchitis;Upper Respiratory Tract Infection;Septicemia;Skin Infection;Cough;Gastroenteritis;Tonsillitis;Pyelonephritis;Cystitis;Fever;Infectious Disorder;Stomatitis;Salmonellosis	NCIT:C34885;NCIT:C3333;NCIT:C2911;NCIT:C35650;NCIT:C3364;NCIT:C35025;NCIT:C37935;NCIT:C34632;NCIT:C116006;NCIT:C34965;NCIT:C26738;NCIT:C3038;NCIT:C128320;NCIT:C26887;NCIT:C157974	Case	NCIT:C49152	Finland	NCIT:C16584	feces	UBERON:0001988	Infant	NCIT:C27956	569	Day	1.6	19	483	Yes	Paolo_Manghi,Svetlana_Ugarcina_Perovic	Otitis Media	NA	NA	NCIT:C34885	Qiagen	HLA-DRB1*04:01 protein complex	MRO:0001290	SRR4305519	27133167	IlluminaHiSeq	Male	NCIT:C20197	Penicillin Antibiotic	NCIT:C1500	Yes	Homo sapiens
VatanenT_2016	E012124	G78489	Otitis Media;Pneumonia;bronchitis;Upper Respiratory Tract Infection;Septicemia;Skin Infection;Cough;Gastroenteritis;Tonsillitis;Pyelonephritis;Cystitis;Fever;Infectious Disorder;Stomatitis;Salmonellosis	NCIT:C34885;NCIT:C3333;NCIT:C2911;NCIT:C35650;NCIT:C3364;NCIT:C35025;NCIT:C37935;NCIT:C34632;NCIT:C116006;NCIT:C34965;NCIT:C26738;NCIT:C3038;NCIT:C128320;NCIT:C26887;NCIT:C157974	Study Control	NCIT:C142703	Finland	NCIT:C16584	feces	UBERON:0001988	Child	NCIT:C49683	858	Day	2.3	28	772	No	Paolo_Manghi,Svetlana_Ugarcina_Perovic	Healthy	NA	NA	NCIT:C115935	Qiagen	HLA-DRB1*04:01 protein complex	MRO:0001290	SRR4305520	27133167	IlluminaHiSeq	Male	NCIT:C20197	NA	NA	Yes	Homo sapiens
VatanenT_2016	E012124	G78490	Otitis Media;Pneumonia;bronchitis;Upper Respiratory Tract Infection;Septicemia;Skin Infection;Cough;Gastroenteritis;Tonsillitis;Pyelonephritis;Cystitis;Fever;Infectious Disorder;Stomatitis;Salmonellosis	NCIT:C34885;NCIT:C3333;NCIT:C2911;NCIT:C35650;NCIT:C3364;NCIT:C35025;NCIT:C37935;NCIT:C34632;NCIT:C116006;NCIT:C34965;NCIT:C26738;NCIT:C3038;NCIT:C128320;NCIT:C26887;NCIT:C157974	Study Control	NCIT:C142703	Finland	NCIT:C16584	feces	UBERON:0001988	Child	NCIT:C49683	1084	Day	3	36	998	No	Paolo_Manghi,Svetlana_Ugarcina_Perovic	Healthy	NA	NA	NCIT:C115935	Qiagen	HLA-DRB1*04:01 protein complex	MRO:0001290	SRR4305521	27133167	IlluminaHiSeq	Male	NCIT:C20197	NA	NA	Yes	Homo sapiens
VatanenT_2016	E012124	G80328	Otitis Media;Pneumonia;bronchitis;Upper Respiratory Tract Infection;Septicemia;Skin Infection;Cough;Gastroenteritis;Tonsillitis;Pyelonephritis;Cystitis;Fever;Infectious Disorder;Stomatitis;Salmonellosis	NCIT:C34885;NCIT:C3333;NCIT:C2911;NCIT:C35650;NCIT:C3364;NCIT:C35025;NCIT:C37935;NCIT:C34632;NCIT:C116006;NCIT:C34965;NCIT:C26738;NCIT:C3038;NCIT:C128320;NCIT:C26887;NCIT:C157974	Case	NCIT:C49152	Finland	NCIT:C16584	feces	UBERON:0001988	Infant	NCIT:C27956	489	Day	1.3	16	403	Yes	Paolo_Manghi,Svetlana_Ugarcina_Perovic	Otitis Media	NA	NA	NCIT:C34885	Qiagen	HLA-DRB1*04:01 protein complex	MRO:0001290	SRR4408283	27133167	IlluminaHiSeq	Male	NCIT:C20197	Macrolide Antibiotic;Penicillin Antibiotic	NCIT:C261;NCIT:C1500	Yes	Homo sapiens
VatanenT_2016	E012393	G78615	Otitis Media;Pneumonia;bronchitis;Upper Respiratory Tract Infection;Septicemia;Skin Infection;Cough;Gastroenteritis;Tonsillitis;Pyelonephritis;Cystitis;Fever;Infectious Disorder;Stomatitis;Salmonellosis	NCIT:C34885;NCIT:C3333;NCIT:C2911;NCIT:C35650;NCIT:C3364;NCIT:C35025;NCIT:C37935;NCIT:C34632;NCIT:C116006;NCIT:C34965;NCIT:C26738;NCIT:C3038;NCIT:C128320;NCIT:C26887;NCIT:C157974	Study Control	NCIT:C142703	Finland	NCIT:C16584	feces	UBERON:0001988	Infant	NCIT:C27956	569	Day	1.6	19	448	No	Paolo_Manghi,Svetlana_Ugarcina_Perovic	Healthy	NA	NA	NCIT:C115935	Qiagen	HLA protein complex with DQ5 serotype	MRO:0001626	SRR4305147	27133167	IlluminaHiSeq	Male	NCIT:C20197	NA	NA	Yes	Homo sapiens
VatanenT_2016	E012393	G78692	Otitis Media;Pneumonia;bronchitis;Upper Respiratory Tract Infection;Septicemia;Skin Infection;Cough;Gastroenteritis;Tonsillitis;Pyelonephritis;Cystitis;Fever;Infectious Disorder;Stomatitis;Salmonellosis	NCIT:C34885;NCIT:C3333;NCIT:C2911;NCIT:C35650;NCIT:C3364;NCIT:C35025;NCIT:C37935;NCIT:C34632;NCIT:C116006;NCIT:C34965;NCIT:C26738;NCIT:C3038;NCIT:C128320;NCIT:C26887;NCIT:C157974	Study Control	NCIT:C142703	Finland	NCIT:C16584	feces	UBERON:0001988	Infant	NCIT:C27956	661	Day	1.8	22	540	No	Paolo_Manghi,Svetlana_Ugarcina_Perovic	Healthy	NA	NA	NCIT:C115935	Qiagen	HLA protein complex with DQ5 serotype	MRO:0001626	SRR4305219	27133167	IlluminaHiSeq	Male	NCIT:C20197	NA	NA	Yes	Homo sapiens
VatanenT_2016	E012393	G80593	Otitis Media;Pneumonia;bronchitis;Upper Respiratory Tract Infection;Septicemia;Skin Infection;Cough;Gastroenteritis;Tonsillitis;Pyelonephritis;Cystitis;Fever;Infectious Disorder;Stomatitis;Salmonellosis	NCIT:C34885;NCIT:C3333;NCIT:C2911;NCIT:C35650;NCIT:C3364;NCIT:C35025;NCIT:C37935;NCIT:C34632;NCIT:C116006;NCIT:C34965;NCIT:C26738;NCIT:C3038;NCIT:C128320;NCIT:C26887;NCIT:C157974	Study Control	NCIT:C142703	Finland	NCIT:C16584	feces	UBERON:0001988	Infant	NCIT:C27956	121	Day	0.3	4	0	No	Paolo_Manghi,Svetlana_Ugarcina_Perovic	Healthy	NA	NA	NCIT:C115935	Qiagen	HLA protein complex with DQ5 serotype	MRO:0001626	SRR4408188	27133167	IlluminaHiSeq	Male	NCIT:C20197	NA	NA	Yes	Homo sapiens
VatanenT_2016	E012678	G69187	Otitis Media;Pneumonia;bronchitis;Upper Respiratory Tract Infection;Septicemia;Skin Infection;Cough;Gastroenteritis;Tonsillitis;Pyelonephritis;Cystitis;Fever;Infectious Disorder;Stomatitis;Salmonellosis	NCIT:C34885;NCIT:C3333;NCIT:C2911;NCIT:C35650;NCIT:C3364;NCIT:C35025;NCIT:C37935;NCIT:C34632;NCIT:C116006;NCIT:C34965;NCIT:C26738;NCIT:C3038;NCIT:C128320;NCIT:C26887;NCIT:C157974	Study Control	NCIT:C142703	Finland	NCIT:C16584	feces	UBERON:0001988	Infant	NCIT:C27956	130	Day	0.4	4	0	No	Paolo_Manghi,Svetlana_Ugarcina_Perovic	Healthy	NA	NA	NCIT:C115935	Qiagen	HLA protein complex with DQ5 serotype	MRO:0001626	SRR4305334	27133167	IlluminaHiSeq	Female	NCIT:C16576	NA	NA	Yes	Homo sapiens
VatanenT_2016	E012678	G78898	Otitis Media;Pneumonia;bronchitis;Upper Respiratory Tract Infection;Septicemia;Skin Infection;Cough;Gastroenteritis;Tonsillitis;Pyelonephritis;Cystitis;Fever;Infectious Disorder;Stomatitis;Salmonellosis	NCIT:C34885;NCIT:C3333;NCIT:C2911;NCIT:C35650;NCIT:C3364;NCIT:C35025;NCIT:C37935;NCIT:C34632;NCIT:C116006;NCIT:C34965;NCIT:C26738;NCIT:C3038;NCIT:C128320;NCIT:C26887;NCIT:C157974	Study Control	NCIT:C142703	Finland	NCIT:C16584	feces	UBERON:0001988	Infant	NCIT:C27956	536	Day	1.5	18	406	No	Paolo_Manghi,Svetlana_Ugarcina_Perovic	Healthy	NA	NA	NCIT:C115935	Qiagen	HLA protein complex with DQ5 serotype	MRO:0001626	SRR4305401	27133167	IlluminaHiSeq	Female	NCIT:C16576	NA	NA	Yes	Homo sapiens
VatanenT_2016	E012678	G69206	Otitis Media;Pneumonia;bronchitis;Upper Respiratory Tract Infection;Septicemia;Skin Infection;Cough;Gastroenteritis;Tonsillitis;Pyelonephritis;Cystitis;Fever;Infectious Disorder;Stomatitis;Salmonellosis	NCIT:C34885;NCIT:C3333;NCIT:C2911;NCIT:C35650;NCIT:C3364;NCIT:C35025;NCIT:C37935;NCIT:C34632;NCIT:C116006;NCIT:C34965;NCIT:C26738;NCIT:C3038;NCIT:C128320;NCIT:C26887;NCIT:C157974	Study Control	NCIT:C142703	Finland	NCIT:C16584	feces	UBERON:0001988	Infant	NCIT:C27956	481	Day	1.3	16	351	No	Paolo_Manghi,Svetlana_Ugarcina_Perovic	Healthy	NA	NA	NCIT:C115935	Qiagen	HLA protein complex with DQ5 serotype	MRO:0001626	SRR4305484	27133167	IlluminaHiSeq	Female	NCIT:C16576	NA	NA	Yes	Homo sapiens
VatanenT_2016	E012678	G69227	Otitis Media;Pneumonia;bronchitis;Upper Respiratory Tract Infection;Septicemia;Skin Infection;Cough;Gastroenteritis;Tonsillitis;Pyelonephritis;Cystitis;Fever;Infectious Disorder;Stomatitis;Salmonellosis	NCIT:C34885;NCIT:C3333;NCIT:C2911;NCIT:C35650;NCIT:C3364;NCIT:C35025;NCIT:C37935;NCIT:C34632;NCIT:C116006;NCIT:C34965;NCIT:C26738;NCIT:C3038;NCIT:C128320;NCIT:C26887;NCIT:C157974	Study Control	NCIT:C142703	Finland	NCIT:C16584	feces	UBERON:0001988	Infant	NCIT:C27956	314	Day	0.9	10	184	No	Paolo_Manghi,Svetlana_Ugarcina_Perovic	Healthy	NA	NA	NCIT:C115935	Qiagen	HLA protein complex with DQ5 serotype	MRO:0001626	SRR4305506	27133167	IlluminaHiSeq	Female	NCIT:C16576	NA	NA	Yes	Homo sapiens
VatanenT_2016	E012971	G78804	Otitis Media;Pneumonia;bronchitis;Upper Respiratory Tract Infection;Septicemia;Skin Infection;Cough;Gastroenteritis;Tonsillitis;Pyelonephritis;Cystitis;Fever;Infectious Disorder;Stomatitis;Salmonellosis	NCIT:C34885;NCIT:C3333;NCIT:C2911;NCIT:C35650;NCIT:C3364;NCIT:C35025;NCIT:C37935;NCIT:C34632;NCIT:C116006;NCIT:C34965;NCIT:C26738;NCIT:C3038;NCIT:C128320;NCIT:C26887;NCIT:C157974	Study Control	NCIT:C142703	Finland	NCIT:C16584	feces	UBERON:0001988	Child	NCIT:C49683	1096	Day	3	36	275	No	Paolo_Manghi,Svetlana_Ugarcina_Perovic	Healthy	NA	NA	NCIT:C115935	Qiagen	HLA-DRB1*04:04 protein complex	MRO:0001293	SRR4305306	27133167	IlluminaHiSeq	Male	NCIT:C20197	NA	NA	Yes	Homo sapiens
VatanenT_2016	E012971	G80424	Otitis Media;Pneumonia;bronchitis;Upper Respiratory Tract Infection;Septicemia;Skin Infection;Cough;Gastroenteritis;Tonsillitis;Pyelonephritis;Cystitis;Fever;Infectious Disorder;Stomatitis;Salmonellosis	NCIT:C34885;NCIT:C3333;NCIT:C2911;NCIT:C35650;NCIT:C3364;NCIT:C35025;NCIT:C37935;NCIT:C34632;NCIT:C116006;NCIT:C34965;NCIT:C26738;NCIT:C3038;NCIT:C128320;NCIT:C26887;NCIT:C157974	Study Control	NCIT:C142703	Finland	NCIT:C16584	feces	UBERON:0001988	Child	NCIT:C49683	821	Day	2.2	27	0	No	Paolo_Manghi,Svetlana_Ugarcina_Perovic	Healthy	NA	NA	NCIT:C115935	Qiagen	HLA-DRB1*04:04 protein complex	MRO:0001293	SRR4408007	27133167	IlluminaHiSeq	Male	NCIT:C20197	NA	NA	Yes	Homo sapiens
VatanenT_2016	E013394	G78676	Otitis Media;Pneumonia;bronchitis;Upper Respiratory Tract Infection;Septicemia;Skin Infection;Cough;Gastroenteritis;Tonsillitis;Pyelonephritis;Cystitis;Fever;Infectious Disorder;Stomatitis;Salmonellosis	NCIT:C34885;NCIT:C3333;NCIT:C2911;NCIT:C35650;NCIT:C3364;NCIT:C35025;NCIT:C37935;NCIT:C34632;NCIT:C116006;NCIT:C34965;NCIT:C26738;NCIT:C3038;NCIT:C128320;NCIT:C26887;NCIT:C157974	Study Control	NCIT:C142703	Finland	NCIT:C16584	feces	UBERON:0001988	Infant	NCIT:C27956	103	Day	0.3	3	37	No	Paolo_Manghi,Svetlana_Ugarcina_Perovic	Healthy	NA	NA	NCIT:C115935	Qiagen	HLA-DRB1*04:04 protein complex;HLA protein complex with DQ3 serotype;HLA protein complex with DQ3 serotype	MRO:0001293;MRO:0001622;MRO:0001622	SRR4305205	27133167	IlluminaHiSeq	Male	NCIT:C20197	NA	NA	Yes	Homo sapiens
VatanenT_2016	E013394	G78876	Otitis Media;Pneumonia;bronchitis;Upper Respiratory Tract Infection;Septicemia;Skin Infection;Cough;Gastroenteritis;Tonsillitis;Pyelonephritis;Cystitis;Fever;Infectious Disorder;Stomatitis;Salmonellosis	NCIT:C34885;NCIT:C3333;NCIT:C2911;NCIT:C35650;NCIT:C3364;NCIT:C35025;NCIT:C37935;NCIT:C34632;NCIT:C116006;NCIT:C34965;NCIT:C26738;NCIT:C3038;NCIT:C128320;NCIT:C26887;NCIT:C157974	Case	NCIT:C49152	Finland	NCIT:C16584	feces	UBERON:0001988	Infant	NCIT:C27956	295	Day	0.8	10	229	Yes	Paolo_Manghi,Svetlana_Ugarcina_Perovic	Septicemia	NA	NA	NCIT:C3364	Qiagen	HLA-DRB1*04:04 protein complex;HLA protein complex with DQ3 serotype;HLA protein complex with DQ3 serotype	MRO:0001293;MRO:0001622;MRO:0001622	SRR4305377	27133167	IlluminaHiSeq	Male	NCIT:C20197	Penicillin Antibiotic	NCIT:C1500	Yes	Homo sapiens
VatanenT_2016	E013394	G80298	Otitis Media;Pneumonia;bronchitis;Upper Respiratory Tract Infection;Septicemia;Skin Infection;Cough;Gastroenteritis;Tonsillitis;Pyelonephritis;Cystitis;Fever;Infectious Disorder;Stomatitis;Salmonellosis	NCIT:C34885;NCIT:C3333;NCIT:C2911;NCIT:C35650;NCIT:C3364;NCIT:C35025;NCIT:C37935;NCIT:C34632;NCIT:C116006;NCIT:C34965;NCIT:C26738;NCIT:C3038;NCIT:C128320;NCIT:C26887;NCIT:C157974	Case	NCIT:C49152	Finland	NCIT:C16584	feces	UBERON:0001988	Child	NCIT:C49683	883	Day	2.4	29	817	Yes	Paolo_Manghi,Svetlana_Ugarcina_Perovic	Upper Respiratory Tract Infection	NA	NA	NCIT:C35650	Qiagen	HLA-DRB1*04:04 protein complex;HLA protein complex with DQ3 serotype;HLA protein complex with DQ3 serotype	MRO:0001293;MRO:0001622;MRO:0001622	SRR4305458	27133167	IlluminaHiSeq	Male	NCIT:C20197	Beta-lactamase Inhibitor;Penicillin Antibiotic;Sulfonamide Anti-Infective Agent	NCIT:C183118;NCIT:C1500;NCIT:C29739	Yes	Homo sapiens
VatanenT_2016	E013394	G80612	Otitis Media;Pneumonia;bronchitis;Upper Respiratory Tract Infection;Septicemia;Skin Infection;Cough;Gastroenteritis;Tonsillitis;Pyelonephritis;Cystitis;Fever;Infectious Disorder;Stomatitis;Salmonellosis	NCIT:C34885;NCIT:C3333;NCIT:C2911;NCIT:C35650;NCIT:C3364;NCIT:C35025;NCIT:C37935;NCIT:C34632;NCIT:C116006;NCIT:C34965;NCIT:C26738;NCIT:C3038;NCIT:C128320;NCIT:C26887;NCIT:C157974	Study Control	NCIT:C142703	Finland	NCIT:C16584	feces	UBERON:0001988	Infant	NCIT:C27956	66	Day	0.2	2	0	No	Paolo_Manghi,Svetlana_Ugarcina_Perovic	Healthy	NA	NA	NCIT:C115935	Qiagen	HLA-DRB1*04:04 protein complex;HLA protein complex with DQ3 serotype;HLA protein complex with DQ3 serotype	MRO:0001293;MRO:0001622;MRO:0001622	SRR4408205	27133167	IlluminaHiSeq	Male	NCIT:C20197	NA	NA	Yes	Homo sapiens
VatanenT_2016	E014953	G78623	Otitis Media;Pneumonia;bronchitis;Upper Respiratory Tract Infection;Septicemia;Skin Infection;Cough;Gastroenteritis;Tonsillitis;Pyelonephritis;Cystitis;Fever;Infectious Disorder;Stomatitis;Salmonellosis	NCIT:C34885;NCIT:C3333;NCIT:C2911;NCIT:C35650;NCIT:C3364;NCIT:C35025;NCIT:C37935;NCIT:C34632;NCIT:C116006;NCIT:C34965;NCIT:C26738;NCIT:C3038;NCIT:C128320;NCIT:C26887;NCIT:C157974	Case	NCIT:C49152	Finland	NCIT:C16584	feces	UBERON:0001988	Infant	NCIT:C27956	569	Day	1.6	19	0	Yes	Paolo_Manghi,Svetlana_Ugarcina_Perovic	Otitis Media	NA	NA	NCIT:C34885	Qiagen	HLA-DRB1*04:04 protein complex	MRO:0001293	SRR4305156	27133167	IlluminaHiSeq	Male	NCIT:C20197	Penicillin Antibiotic	NCIT:C1500	Yes	Homo sapiens
VatanenT_2016	E014953	G80360	Otitis Media;Pneumonia;bronchitis;Upper Respiratory Tract Infection;Septicemia;Skin Infection;Cough;Gastroenteritis;Tonsillitis;Pyelonephritis;Cystitis;Fever;Infectious Disorder;Stomatitis;Salmonellosis	NCIT:C34885;NCIT:C3333;NCIT:C2911;NCIT:C35650;NCIT:C3364;NCIT:C35025;NCIT:C37935;NCIT:C34632;NCIT:C116006;NCIT:C34965;NCIT:C26738;NCIT:C3038;NCIT:C128320;NCIT:C26887;NCIT:C157974	Case	NCIT:C49152	Finland	NCIT:C16584	feces	UBERON:0001988	Infant	NCIT:C27956	659	Day	1.8	22	90	Yes	Paolo_Manghi,Svetlana_Ugarcina_Perovic	Otitis Media	NA	NA	NCIT:C34885	Qiagen	HLA-DRB1*04:04 protein complex	MRO:0001293	SRR4408227	27133167	IlluminaHiSeq	Male	NCIT:C20197	Penicillin Antibiotic	NCIT:C1500	Yes	Homo sapiens
VatanenT_2016	E015208	G78624	Otitis Media;Pneumonia;bronchitis;Upper Respiratory Tract Infection;Septicemia;Skin Infection;Cough;Gastroenteritis;Tonsillitis;Pyelonephritis;Cystitis;Fever;Infectious Disorder;Stomatitis;Salmonellosis	NCIT:C34885;NCIT:C3333;NCIT:C2911;NCIT:C35650;NCIT:C3364;NCIT:C35025;NCIT:C37935;NCIT:C34632;NCIT:C116006;NCIT:C34965;NCIT:C26738;NCIT:C3038;NCIT:C128320;NCIT:C26887;NCIT:C157974	Study Control	NCIT:C142703	Finland	NCIT:C16584	feces	UBERON:0001988	Child	NCIT:C49683	1087	Day	3	36	861	No	Paolo_Manghi,Svetlana_Ugarcina_Perovic	Healthy	NA	NA	NCIT:C115935	Qiagen	HLA-DQA1*02:01 protein complex;HLA protein complex with DQ5 serotype	MRO:0001211;MRO:0001626	SRR4305157	27133167	IlluminaHiSeq	Male	NCIT:C20197	NA	NA	Yes	Homo sapiens
VatanenT_2016	E015208	G80493	Otitis Media;Pneumonia;bronchitis;Upper Respiratory Tract Infection;Septicemia;Skin Infection;Cough;Gastroenteritis;Tonsillitis;Pyelonephritis;Cystitis;Fever;Infectious Disorder;Stomatitis;Salmonellosis	NCIT:C34885;NCIT:C3333;NCIT:C2911;NCIT:C35650;NCIT:C3364;NCIT:C35025;NCIT:C37935;NCIT:C34632;NCIT:C116006;NCIT:C34965;NCIT:C26738;NCIT:C3038;NCIT:C128320;NCIT:C26887;NCIT:C157974	Study Control	NCIT:C142703	Finland	NCIT:C16584	feces	UBERON:0001988	Infant	NCIT:C27956	226	Day	0.6	7	0	No	Paolo_Manghi,Svetlana_Ugarcina_Perovic	Healthy	NA	NA	NCIT:C115935	Qiagen	HLA-DQA1*02:01 protein complex;HLA protein complex with DQ5 serotype	MRO:0001211;MRO:0001626	SRR4408078	27133167	IlluminaHiSeq	Male	NCIT:C20197	NA	NA	Yes	Homo sapiens
VatanenT_2016	E015378	G78682	Otitis Media;Pneumonia;bronchitis;Upper Respiratory Tract Infection;Septicemia;Skin Infection;Cough;Gastroenteritis;Tonsillitis;Pyelonephritis;Cystitis;Fever;Infectious Disorder;Stomatitis;Salmonellosis	NCIT:C34885;NCIT:C3333;NCIT:C2911;NCIT:C35650;NCIT:C3364;NCIT:C35025;NCIT:C37935;NCIT:C34632;NCIT:C116006;NCIT:C34965;NCIT:C26738;NCIT:C3038;NCIT:C128320;NCIT:C26887;NCIT:C157974	Case	NCIT:C49152	Finland	NCIT:C16584	feces	UBERON:0001988	Infant	NCIT:C27956	662	Day	1.8	22	539	Yes	Paolo_Manghi,Svetlana_Ugarcina_Perovic	Otitis Media	NA	NA	NCIT:C34885	Qiagen	HLA-DRB1*04:04 protein complex;HLA-DRB1*04:04 protein complex	MRO:0001293;MRO:0001293	SRR4305211	27133167	IlluminaHiSeq	Female	NCIT:C16576	Penicillin Antibiotic	NCIT:C1500	Yes	Homo sapiens
VatanenT_2016	E015378	G78869	Otitis Media;Pneumonia;bronchitis;Upper Respiratory Tract Infection;Septicemia;Skin Infection;Cough;Gastroenteritis;Tonsillitis;Pyelonephritis;Cystitis;Fever;Infectious Disorder;Stomatitis;Salmonellosis	NCIT:C34885;NCIT:C3333;NCIT:C2911;NCIT:C35650;NCIT:C3364;NCIT:C35025;NCIT:C37935;NCIT:C34632;NCIT:C116006;NCIT:C34965;NCIT:C26738;NCIT:C3038;NCIT:C128320;NCIT:C26887;NCIT:C157974	Case	NCIT:C49152	Finland	NCIT:C16584	feces	UBERON:0001988	Child	NCIT:C49683	1075	Day	2.9	35	952	Yes	Paolo_Manghi,Svetlana_Ugarcina_Perovic	bronchitis	NA	NA	NCIT:C2911	Qiagen	HLA-DRB1*04:04 protein complex;HLA-DRB1*04:04 protein complex	MRO:0001293;MRO:0001293	SRR4305370	27133167	IlluminaHiSeq	Female	NCIT:C16576	Penicillin Antibiotic	NCIT:C1500	Yes	Homo sapiens
VatanenT_2016	E015378	G80460	Otitis Media;Pneumonia;bronchitis;Upper Respiratory Tract Infection;Septicemia;Skin Infection;Cough;Gastroenteritis;Tonsillitis;Pyelonephritis;Cystitis;Fever;Infectious Disorder;Stomatitis;Salmonellosis	NCIT:C34885;NCIT:C3333;NCIT:C2911;NCIT:C35650;NCIT:C3364;NCIT:C35025;NCIT:C37935;NCIT:C34632;NCIT:C116006;NCIT:C34965;NCIT:C26738;NCIT:C3038;NCIT:C128320;NCIT:C26887;NCIT:C157974	Study Control	NCIT:C142703	Finland	NCIT:C16584	feces	UBERON:0001988	Infant	NCIT:C27956	221	Day	0.6	7	98	No	Paolo_Manghi,Svetlana_Ugarcina_Perovic	Healthy	NA	NA	NCIT:C115935	Qiagen	HLA-DRB1*04:04 protein complex;HLA-DRB1*04:04 protein complex	MRO:0001293;MRO:0001293	SRR4408044	27133167	IlluminaHiSeq	Female	NCIT:C16576	NA	NA	Yes	Homo sapiens
VatanenT_2016	E015378	G80547	Otitis Media;Pneumonia;bronchitis;Upper Respiratory Tract Infection;Septicemia;Skin Infection;Cough;Gastroenteritis;Tonsillitis;Pyelonephritis;Cystitis;Fever;Infectious Disorder;Stomatitis;Salmonellosis	NCIT:C34885;NCIT:C3333;NCIT:C2911;NCIT:C35650;NCIT:C3364;NCIT:C35025;NCIT:C37935;NCIT:C34632;NCIT:C116006;NCIT:C34965;NCIT:C26738;NCIT:C3038;NCIT:C128320;NCIT:C26887;NCIT:C157974	Study Control	NCIT:C142703	Finland	NCIT:C16584	feces	UBERON:0001988	Infant	NCIT:C27956	343	Day	0.9	11	220	No	Paolo_Manghi,Svetlana_Ugarcina_Perovic	Healthy	NA	NA	NCIT:C115935	Qiagen	HLA-DRB1*04:04 protein complex;HLA-DRB1*04:04 protein complex	MRO:0001293;MRO:0001293	SRR4408141	27133167	IlluminaHiSeq	Female	NCIT:C16576	NA	NA	Yes	Homo sapiens
VatanenT_2016	E015378	G80610	Otitis Media;Pneumonia;bronchitis;Upper Respiratory Tract Infection;Septicemia;Skin Infection;Cough;Gastroenteritis;Tonsillitis;Pyelonephritis;Cystitis;Fever;Infectious Disorder;Stomatitis;Salmonellosis	NCIT:C34885;NCIT:C3333;NCIT:C2911;NCIT:C35650;NCIT:C3364;NCIT:C35025;NCIT:C37935;NCIT:C34632;NCIT:C116006;NCIT:C34965;NCIT:C26738;NCIT:C3038;NCIT:C128320;NCIT:C26887;NCIT:C157974	Study Control	NCIT:C142703	Finland	NCIT:C16584	feces	UBERON:0001988	Infant	NCIT:C27956	123	Day	0.3	4	0	No	Paolo_Manghi,Svetlana_Ugarcina_Perovic	Healthy	NA	NA	NCIT:C115935	Qiagen	HLA-DRB1*04:04 protein complex;HLA-DRB1*04:04 protein complex	MRO:0001293;MRO:0001293	SRR4408203	27133167	IlluminaHiSeq	Female	NCIT:C16576	NA	NA	Yes	Homo sapiens
VatanenT_2016	E015991	G78721	Otitis Media;Pneumonia;bronchitis;Upper Respiratory Tract Infection;Septicemia;Skin Infection;Cough;Gastroenteritis;Tonsillitis;Pyelonephritis;Cystitis;Fever;Infectious Disorder;Stomatitis;Salmonellosis	NCIT:C34885;NCIT:C3333;NCIT:C2911;NCIT:C35650;NCIT:C3364;NCIT:C35025;NCIT:C37935;NCIT:C34632;NCIT:C116006;NCIT:C34965;NCIT:C26738;NCIT:C3038;NCIT:C128320;NCIT:C26887;NCIT:C157974	Study Control	NCIT:C142703	Finland	NCIT:C16584	feces	UBERON:0001988	Infant	NCIT:C27956	573	Day	1.6	19	0	No	Paolo_Manghi,Svetlana_Ugarcina_Perovic	Healthy	NA	NA	NCIT:C115935	Qiagen	HLA-DRB1*04:01 protein complex	MRO:0001290	SRR4305241	27133167	IlluminaHiSeq	Female	NCIT:C16576	NA	NA	Yes	Homo sapiens
VatanenT_2016	E015991	G78870	Otitis Media;Pneumonia;bronchitis;Upper Respiratory Tract Infection;Septicemia;Skin Infection;Cough;Gastroenteritis;Tonsillitis;Pyelonephritis;Cystitis;Fever;Infectious Disorder;Stomatitis;Salmonellosis	NCIT:C34885;NCIT:C3333;NCIT:C2911;NCIT:C35650;NCIT:C3364;NCIT:C35025;NCIT:C37935;NCIT:C34632;NCIT:C116006;NCIT:C34965;NCIT:C26738;NCIT:C3038;NCIT:C128320;NCIT:C26887;NCIT:C157974	Study Control	NCIT:C142703	Finland	NCIT:C16584	feces	UBERON:0001988	Child	NCIT:C49683	1052	Day	2.9	35	479	No	Paolo_Manghi,Svetlana_Ugarcina_Perovic	Healthy	NA	NA	NCIT:C115935	Qiagen	HLA-DRB1*04:01 protein complex	MRO:0001290	SRR4305371	27133167	IlluminaHiSeq	Female	NCIT:C16576	NA	NA	Yes	Homo sapiens
VatanenT_2016	E015991	G78871	Otitis Media;Pneumonia;bronchitis;Upper Respiratory Tract Infection;Septicemia;Skin Infection;Cough;Gastroenteritis;Tonsillitis;Pyelonephritis;Cystitis;Fever;Infectious Disorder;Stomatitis;Salmonellosis	NCIT:C34885;NCIT:C3333;NCIT:C2911;NCIT:C35650;NCIT:C3364;NCIT:C35025;NCIT:C37935;NCIT:C34632;NCIT:C116006;NCIT:C34965;NCIT:C26738;NCIT:C3038;NCIT:C128320;NCIT:C26887;NCIT:C157974	Study Control	NCIT:C142703	Finland	NCIT:C16584	feces	UBERON:0001988	Child	NCIT:C49683	890	Day	2.4	29	317	No	Paolo_Manghi,Svetlana_Ugarcina_Perovic	Healthy	NA	NA	NCIT:C115935	Qiagen	HLA-DRB1*04:01 protein complex	MRO:0001290	SRR4305372	27133167	IlluminaHiSeq	Female	NCIT:C16576	NA	NA	Yes	Homo sapiens
VatanenT_2016	E015991	G69191	Otitis Media;Pneumonia;bronchitis;Upper Respiratory Tract Infection;Septicemia;Skin Infection;Cough;Gastroenteritis;Tonsillitis;Pyelonephritis;Cystitis;Fever;Infectious Disorder;Stomatitis;Salmonellosis	NCIT:C34885;NCIT:C3333;NCIT:C2911;NCIT:C35650;NCIT:C3364;NCIT:C35025;NCIT:C37935;NCIT:C34632;NCIT:C116006;NCIT:C34965;NCIT:C26738;NCIT:C3038;NCIT:C128320;NCIT:C26887;NCIT:C157974	Study Control	NCIT:C142703	Finland	NCIT:C16584	feces	UBERON:0001988	Infant	NCIT:C27956	669	Day	1.8	22	96	No	Paolo_Manghi,Svetlana_Ugarcina_Perovic	Healthy	NA	NA	NCIT:C115935	Qiagen	HLA-DRB1*04:01 protein complex	MRO:0001290	SRR4305380	27133167	IlluminaHiSeq	Female	NCIT:C16576	NA	NA	Yes	Homo sapiens
VatanenT_2016	E016148	G69178	Otitis Media;Pneumonia;bronchitis;Upper Respiratory Tract Infection;Septicemia;Skin Infection;Cough;Gastroenteritis;Tonsillitis;Pyelonephritis;Cystitis;Fever;Infectious Disorder;Stomatitis;Salmonellosis	NCIT:C34885;NCIT:C3333;NCIT:C2911;NCIT:C35650;NCIT:C3364;NCIT:C35025;NCIT:C37935;NCIT:C34632;NCIT:C116006;NCIT:C34965;NCIT:C26738;NCIT:C3038;NCIT:C128320;NCIT:C26887;NCIT:C157974	Study Control	NCIT:C142703	Finland	NCIT:C16584	feces	UBERON:0001988	Child	NCIT:C49683	838	Day	2.3	28	618	No	Paolo_Manghi,Svetlana_Ugarcina_Perovic	Healthy	NA	NA	NCIT:C115935	Qiagen	HLA protein complex with DQ3 serotype;HLA protein complex with DQ5 serotype	MRO:0001622;MRO:0001626	SRR4305232	27133167	IlluminaHiSeq	Female	NCIT:C16576	NA	NA	Yes	Homo sapiens
VatanenT_2016	E016148	G69192	Otitis Media;Pneumonia;bronchitis;Upper Respiratory Tract Infection;Septicemia;Skin Infection;Cough;Gastroenteritis;Tonsillitis;Pyelonephritis;Cystitis;Fever;Infectious Disorder;Stomatitis;Salmonellosis	NCIT:C34885;NCIT:C3333;NCIT:C2911;NCIT:C35650;NCIT:C3364;NCIT:C35025;NCIT:C37935;NCIT:C34632;NCIT:C116006;NCIT:C34965;NCIT:C26738;NCIT:C3038;NCIT:C128320;NCIT:C26887;NCIT:C157974	Case	NCIT:C49152	Finland	NCIT:C16584	feces	UBERON:0001988	Infant	NCIT:C27956	577	Day	1.6	19	357	Yes	Paolo_Manghi,Svetlana_Ugarcina_Perovic	Otitis Media	NA	NA	NCIT:C34885	Qiagen	HLA protein complex with DQ3 serotype;HLA protein complex with DQ5 serotype	MRO:0001622;MRO:0001626	SRR4305391	27133167	IlluminaHiSeq	Female	NCIT:C16576	Beta-lactamase Inhibitor;Penicillin Antibiotic	NCIT:C183118;NCIT:C1500	Yes	Homo sapiens
VatanenT_2016	E016148	G69193	Otitis Media;Pneumonia;bronchitis;Upper Respiratory Tract Infection;Septicemia;Skin Infection;Cough;Gastroenteritis;Tonsillitis;Pyelonephritis;Cystitis;Fever;Infectious Disorder;Stomatitis;Salmonellosis	NCIT:C34885;NCIT:C3333;NCIT:C2911;NCIT:C35650;NCIT:C3364;NCIT:C35025;NCIT:C37935;NCIT:C34632;NCIT:C116006;NCIT:C34965;NCIT:C26738;NCIT:C3038;NCIT:C128320;NCIT:C26887;NCIT:C157974	Case	NCIT:C49152	Finland	NCIT:C16584	feces	UBERON:0001988	Infant	NCIT:C27956	667	Day	1.8	22	447	Yes	Paolo_Manghi,Svetlana_Ugarcina_Perovic	Otitis Media	NA	NA	NCIT:C34885	Qiagen	HLA protein complex with DQ3 serotype;HLA protein complex with DQ5 serotype	MRO:0001622;MRO:0001626	SRR4305402	27133167	IlluminaHiSeq	Female	NCIT:C16576	Beta-lactamase Inhibitor;Penicillin Antibiotic	NCIT:C183118;NCIT:C1500	Yes	Homo sapiens
VatanenT_2016	E016148	G80491	Otitis Media;Pneumonia;bronchitis;Upper Respiratory Tract Infection;Septicemia;Skin Infection;Cough;Gastroenteritis;Tonsillitis;Pyelonephritis;Cystitis;Fever;Infectious Disorder;Stomatitis;Salmonellosis	NCIT:C34885;NCIT:C3333;NCIT:C2911;NCIT:C35650;NCIT:C3364;NCIT:C35025;NCIT:C37935;NCIT:C34632;NCIT:C116006;NCIT:C34965;NCIT:C26738;NCIT:C3038;NCIT:C128320;NCIT:C26887;NCIT:C157974	Case	NCIT:C49152	Finland	NCIT:C16584	feces	UBERON:0001988	Infant	NCIT:C27956	220	Day	0.6	7	0	Yes	Paolo_Manghi,Svetlana_Ugarcina_Perovic	bronchitis	NA	NA	NCIT:C2911	Qiagen	HLA protein complex with DQ3 serotype;HLA protein complex with DQ5 serotype	MRO:0001622;MRO:0001626	SRR4408076	27133167	IlluminaHiSeq	Female	NCIT:C16576	Penicillin Antibiotic	NCIT:C1500	Yes	Homo sapiens
VatanenT_2016	E016444	G78521	Otitis Media;Pneumonia;bronchitis;Upper Respiratory Tract Infection;Septicemia;Skin Infection;Cough;Gastroenteritis;Tonsillitis;Pyelonephritis;Cystitis;Fever;Infectious Disorder;Stomatitis;Salmonellosis	NCIT:C34885;NCIT:C3333;NCIT:C2911;NCIT:C35650;NCIT:C3364;NCIT:C35025;NCIT:C37935;NCIT:C34632;NCIT:C116006;NCIT:C34965;NCIT:C26738;NCIT:C3038;NCIT:C128320;NCIT:C26887;NCIT:C157974	Case	NCIT:C49152	Finland	NCIT:C16584	feces	UBERON:0001988	Infant	NCIT:C27956	400	Day	1.1	13	0	Yes	Paolo_Manghi,Svetlana_Ugarcina_Perovic	Otitis Media	NA	NA	NCIT:C34885	Qiagen	HLA-DRB1*04:04 protein complex;HLA-DRB1*04:01 protein complex	MRO:0001293;MRO:0001290	SRR4305049	27133167	IlluminaHiSeq	Male	NCIT:C20197	Beta-lactamase Inhibitor;Penicillin Antibiotic	NCIT:C183118;NCIT:C1500	Yes	Homo sapiens
VatanenT_2016	E016444	G78527	Otitis Media;Pneumonia;bronchitis;Upper Respiratory Tract Infection;Septicemia;Skin Infection;Cough;Gastroenteritis;Tonsillitis;Pyelonephritis;Cystitis;Fever;Infectious Disorder;Stomatitis;Salmonellosis	NCIT:C34885;NCIT:C3333;NCIT:C2911;NCIT:C35650;NCIT:C3364;NCIT:C35025;NCIT:C37935;NCIT:C34632;NCIT:C116006;NCIT:C34965;NCIT:C26738;NCIT:C3038;NCIT:C128320;NCIT:C26887;NCIT:C157974	Case	NCIT:C49152	Finland	NCIT:C16584	feces	UBERON:0001988	Child	NCIT:C49683	1075	Day	2.9	35	675	Yes	Paolo_Manghi,Svetlana_Ugarcina_Perovic	Otitis Media	NA	NA	NCIT:C34885	Qiagen	HLA-DRB1*04:04 protein complex;HLA-DRB1*04:01 protein complex	MRO:0001293;MRO:0001290	SRR4305056	27133167	IlluminaHiSeq	Male	NCIT:C20197	Macrolide Antibiotic;Penicillin Antibiotic	NCIT:C261;NCIT:C1500	Yes	Homo sapiens
VatanenT_2016	E016444	G78681	Otitis Media;Pneumonia;bronchitis;Upper Respiratory Tract Infection;Septicemia;Skin Infection;Cough;Gastroenteritis;Tonsillitis;Pyelonephritis;Cystitis;Fever;Infectious Disorder;Stomatitis;Salmonellosis	NCIT:C34885;NCIT:C3333;NCIT:C2911;NCIT:C35650;NCIT:C3364;NCIT:C35025;NCIT:C37935;NCIT:C34632;NCIT:C116006;NCIT:C34965;NCIT:C26738;NCIT:C3038;NCIT:C128320;NCIT:C26887;NCIT:C157974	Study Control	NCIT:C142703	Finland	NCIT:C16584	feces	UBERON:0001988	Infant	NCIT:C27956	583	Day	1.6	19	183	No	Paolo_Manghi,Svetlana_Ugarcina_Perovic	Healthy	NA	NA	NCIT:C115935	Qiagen	HLA-DRB1*04:04 protein complex;HLA-DRB1*04:01 protein complex	MRO:0001293;MRO:0001290	SRR4305209	27133167	IlluminaHiSeq	Male	NCIT:C20197	NA	NA	Yes	Homo sapiens
VatanenT_2016	E016681	G78684	Otitis Media;Pneumonia;bronchitis;Upper Respiratory Tract Infection;Septicemia;Skin Infection;Cough;Gastroenteritis;Tonsillitis;Pyelonephritis;Cystitis;Fever;Infectious Disorder;Stomatitis;Salmonellosis	NCIT:C34885;NCIT:C3333;NCIT:C2911;NCIT:C35650;NCIT:C3364;NCIT:C35025;NCIT:C37935;NCIT:C34632;NCIT:C116006;NCIT:C34965;NCIT:C26738;NCIT:C3038;NCIT:C128320;NCIT:C26887;NCIT:C157974	Study Control	NCIT:C142703	Finland	NCIT:C16584	feces	UBERON:0001988	Infant	NCIT:C27956	660	Day	1.8	22	261	No	Paolo_Manghi,Svetlana_Ugarcina_Perovic	Healthy	NA	NA	NCIT:C115935	Qiagen	HLA-DRB1*04:01 protein complex	MRO:0001290	SRR4305213	27133167	IlluminaHiSeq	Male	NCIT:C20197	NA	NA	Yes	Homo sapiens
VatanenT_2016	E016681	G80374	Otitis Media;Pneumonia;bronchitis;Upper Respiratory Tract Infection;Septicemia;Skin Infection;Cough;Gastroenteritis;Tonsillitis;Pyelonephritis;Cystitis;Fever;Infectious Disorder;Stomatitis;Salmonellosis	NCIT:C34885;NCIT:C3333;NCIT:C2911;NCIT:C35650;NCIT:C3364;NCIT:C35025;NCIT:C37935;NCIT:C34632;NCIT:C116006;NCIT:C34965;NCIT:C26738;NCIT:C3038;NCIT:C128320;NCIT:C26887;NCIT:C157974	Case	NCIT:C49152	Finland	NCIT:C16584	feces	UBERON:0001988	Infant	NCIT:C27956	399	Day	1.1	13	0	Yes	Paolo_Manghi,Svetlana_Ugarcina_Perovic	Otitis Media	NA	NA	NCIT:C34885	Qiagen	HLA-DRB1*04:01 protein complex	MRO:0001290	SRR4408243	27133167	IlluminaHiSeq	Male	NCIT:C20197	Penicillin Antibiotic	NCIT:C1500	Yes	Homo sapiens
VatanenT_2016	E016870	G78526	Otitis Media;Pneumonia;bronchitis;Upper Respiratory Tract Infection;Septicemia;Skin Infection;Cough;Gastroenteritis;Tonsillitis;Pyelonephritis;Cystitis;Fever;Infectious Disorder;Stomatitis;Salmonellosis	NCIT:C34885;NCIT:C3333;NCIT:C2911;NCIT:C35650;NCIT:C3364;NCIT:C35025;NCIT:C37935;NCIT:C34632;NCIT:C116006;NCIT:C34965;NCIT:C26738;NCIT:C3038;NCIT:C128320;NCIT:C26887;NCIT:C157974	Study Control	NCIT:C142703	Finland	NCIT:C16584	feces	UBERON:0001988	Infant	NCIT:C27956	431	Day	1.2	14	205	No	Paolo_Manghi,Svetlana_Ugarcina_Perovic	Healthy	NA	NA	NCIT:C115935	Qiagen	HLA-DRB1*04:04 protein complex;HLA-DRB1*04:04 protein complex	MRO:0001293;MRO:0001293	SRR4305054	27133167	IlluminaHiSeq	Female	NCIT:C16576	NA	NA	Yes	Homo sapiens
VatanenT_2016	E016870	G78857	Otitis Media;Pneumonia;bronchitis;Upper Respiratory Tract Infection;Septicemia;Skin Infection;Cough;Gastroenteritis;Tonsillitis;Pyelonephritis;Cystitis;Fever;Infectious Disorder;Stomatitis;Salmonellosis	NCIT:C34885;NCIT:C3333;NCIT:C2911;NCIT:C35650;NCIT:C3364;NCIT:C35025;NCIT:C37935;NCIT:C34632;NCIT:C116006;NCIT:C34965;NCIT:C26738;NCIT:C3038;NCIT:C128320;NCIT:C26887;NCIT:C157974	Study Control	NCIT:C142703	Finland	NCIT:C16584	feces	UBERON:0001988	Child	NCIT:C49683	1162	Day	3.2	38	936	No	Paolo_Manghi,Svetlana_Ugarcina_Perovic	Healthy	NA	NA	NCIT:C115935	Qiagen	HLA-DRB1*04:04 protein complex;HLA-DRB1*04:04 protein complex	MRO:0001293;MRO:0001293	SRR4305355	27133167	IlluminaHiSeq	Female	NCIT:C16576	NA	NA	Yes	Homo sapiens
VatanenT_2016	E016870	G80312	Otitis Media;Pneumonia;bronchitis;Upper Respiratory Tract Infection;Septicemia;Skin Infection;Cough;Gastroenteritis;Tonsillitis;Pyelonephritis;Cystitis;Fever;Infectious Disorder;Stomatitis;Salmonellosis	NCIT:C34885;NCIT:C3333;NCIT:C2911;NCIT:C35650;NCIT:C3364;NCIT:C35025;NCIT:C37935;NCIT:C34632;NCIT:C116006;NCIT:C34965;NCIT:C26738;NCIT:C3038;NCIT:C128320;NCIT:C26887;NCIT:C157974	Study Control	NCIT:C142703	Finland	NCIT:C16584	feces	UBERON:0001988	Child	NCIT:C49683	829	Day	2.3	27	603	No	Paolo_Manghi,Svetlana_Ugarcina_Perovic	Healthy	NA	NA	NCIT:C115935	Qiagen	HLA-DRB1*04:04 protein complex;HLA-DRB1*04:04 protein complex	MRO:0001293;MRO:0001293	SRR4305472	27133167	IlluminaHiSeq	Female	NCIT:C16576	NA	NA	Yes	Homo sapiens
VatanenT_2016	E016870	G80406	Otitis Media;Pneumonia;bronchitis;Upper Respiratory Tract Infection;Septicemia;Skin Infection;Cough;Gastroenteritis;Tonsillitis;Pyelonephritis;Cystitis;Fever;Infectious Disorder;Stomatitis;Salmonellosis	NCIT:C34885;NCIT:C3333;NCIT:C2911;NCIT:C35650;NCIT:C3364;NCIT:C35025;NCIT:C37935;NCIT:C34632;NCIT:C116006;NCIT:C34965;NCIT:C26738;NCIT:C3038;NCIT:C128320;NCIT:C26887;NCIT:C157974	Case	NCIT:C49152	Finland	NCIT:C16584	feces	UBERON:0001988	Infant	NCIT:C27956	226	Day	0.6	7	0	Yes	Paolo_Manghi,Svetlana_Ugarcina_Perovic	Otitis Media	NA	NA	NCIT:C34885	Qiagen	HLA-DRB1*04:04 protein complex;HLA-DRB1*04:04 protein complex	MRO:0001293;MRO:0001293	SRR4408278	27133167	IlluminaHiSeq	Female	NCIT:C16576	Macrolide Antibiotic;Penicillin Antibiotic	NCIT:C261;NCIT:C1500	Yes	Homo sapiens
VatanenT_2016	E017049	G78582	Otitis Media;Pneumonia;bronchitis;Upper Respiratory Tract Infection;Septicemia;Skin Infection;Cough;Gastroenteritis;Tonsillitis;Pyelonephritis;Cystitis;Fever;Infectious Disorder;Stomatitis;Salmonellosis	NCIT:C34885;NCIT:C3333;NCIT:C2911;NCIT:C35650;NCIT:C3364;NCIT:C35025;NCIT:C37935;NCIT:C34632;NCIT:C116006;NCIT:C34965;NCIT:C26738;NCIT:C3038;NCIT:C128320;NCIT:C26887;NCIT:C157974	Case	NCIT:C49152	Finland	NCIT:C16584	feces	UBERON:0001988	Infant	NCIT:C27956	481	Day	1.3	16	426	Yes	Paolo_Manghi,Svetlana_Ugarcina_Perovic	Otitis Media	NA	NA	NCIT:C34885	Qiagen	HLA-DRB1*04:01 protein complex;HLA protein complex with DQ3 serotype;HLA protein complex with DQ5 serotype	MRO:0001290;MRO:0001622;MRO:0001626	SRR4305111	27133167	IlluminaHiSeq	Male	NCIT:C20197	Penicillin Antibiotic	NCIT:C1500	Yes	Homo sapiens
VatanenT_2016	E017049	G78583	Otitis Media;Pneumonia;bronchitis;Upper Respiratory Tract Infection;Septicemia;Skin Infection;Cough;Gastroenteritis;Tonsillitis;Pyelonephritis;Cystitis;Fever;Infectious Disorder;Stomatitis;Salmonellosis	NCIT:C34885;NCIT:C3333;NCIT:C2911;NCIT:C35650;NCIT:C3364;NCIT:C35025;NCIT:C37935;NCIT:C34632;NCIT:C116006;NCIT:C34965;NCIT:C26738;NCIT:C3038;NCIT:C128320;NCIT:C26887;NCIT:C157974	Case	NCIT:C49152	Finland	NCIT:C16584	feces	UBERON:0001988	Infant	NCIT:C27956	390	Day	1.1	13	335	Yes	Paolo_Manghi,Svetlana_Ugarcina_Perovic	Otitis Media	NA	NA	NCIT:C34885	Qiagen	HLA-DRB1*04:01 protein complex;HLA protein complex with DQ3 serotype;HLA protein complex with DQ5 serotype	MRO:0001290;MRO:0001622;MRO:0001626	SRR4305112	27133167	IlluminaHiSeq	Male	NCIT:C20197	Penicillin Antibiotic	NCIT:C1500	Yes	Homo sapiens
VatanenT_2016	E017049	G78604	Otitis Media;Pneumonia;bronchitis;Upper Respiratory Tract Infection;Septicemia;Skin Infection;Cough;Gastroenteritis;Tonsillitis;Pyelonephritis;Cystitis;Fever;Infectious Disorder;Stomatitis;Salmonellosis	NCIT:C34885;NCIT:C3333;NCIT:C2911;NCIT:C35650;NCIT:C3364;NCIT:C35025;NCIT:C37935;NCIT:C34632;NCIT:C116006;NCIT:C34965;NCIT:C26738;NCIT:C3038;NCIT:C128320;NCIT:C26887;NCIT:C157974	Study Control	NCIT:C142703	Finland	NCIT:C16584	feces	UBERON:0001988	Infant	NCIT:C27956	665	Day	1.8	22	610	No	Paolo_Manghi,Svetlana_Ugarcina_Perovic	Healthy	NA	NA	NCIT:C115935	Qiagen	HLA-DRB1*04:01 protein complex;HLA protein complex with DQ3 serotype;HLA protein complex with DQ5 serotype	MRO:0001290;MRO:0001622;MRO:0001626	SRR4305134	27133167	IlluminaHiSeq	Male	NCIT:C20197	NA	NA	Yes	Homo sapiens
VatanenT_2016	E017049	G78605	Otitis Media;Pneumonia;bronchitis;Upper Respiratory Tract Infection;Septicemia;Skin Infection;Cough;Gastroenteritis;Tonsillitis;Pyelonephritis;Cystitis;Fever;Infectious Disorder;Stomatitis;Salmonellosis	NCIT:C34885;NCIT:C3333;NCIT:C2911;NCIT:C35650;NCIT:C3364;NCIT:C35025;NCIT:C37935;NCIT:C34632;NCIT:C116006;NCIT:C34965;NCIT:C26738;NCIT:C3038;NCIT:C128320;NCIT:C26887;NCIT:C157974	Study Control	NCIT:C142703	Finland	NCIT:C16584	feces	UBERON:0001988	Infant	NCIT:C27956	580	Day	1.6	19	525	No	Paolo_Manghi,Svetlana_Ugarcina_Perovic	Healthy	NA	NA	NCIT:C115935	Qiagen	HLA-DRB1*04:01 protein complex;HLA protein complex with DQ3 serotype;HLA protein complex with DQ5 serotype	MRO:0001290;MRO:0001622;MRO:0001626	SRR4305135	27133167	IlluminaHiSeq	Male	NCIT:C20197	NA	NA	Yes	Homo sapiens
VatanenT_2016	E017049	G78613	Otitis Media;Pneumonia;bronchitis;Upper Respiratory Tract Infection;Septicemia;Skin Infection;Cough;Gastroenteritis;Tonsillitis;Pyelonephritis;Cystitis;Fever;Infectious Disorder;Stomatitis;Salmonellosis	NCIT:C34885;NCIT:C3333;NCIT:C2911;NCIT:C35650;NCIT:C3364;NCIT:C35025;NCIT:C37935;NCIT:C34632;NCIT:C116006;NCIT:C34965;NCIT:C26738;NCIT:C3038;NCIT:C128320;NCIT:C26887;NCIT:C157974	Case	NCIT:C49152	Finland	NCIT:C16584	feces	UBERON:0001988	Child	NCIT:C49683	1077	Day	2.9	35	1022	Yes	Paolo_Manghi,Svetlana_Ugarcina_Perovic	Otitis Media	NA	NA	NCIT:C34885	Qiagen	HLA-DRB1*04:01 protein complex;HLA protein complex with DQ3 serotype;HLA protein complex with DQ5 serotype	MRO:0001290;MRO:0001622;MRO:0001626	SRR4305145	27133167	IlluminaHiSeq	Male	NCIT:C20197	Penicillin Antibiotic	NCIT:C1500	Yes	Homo sapiens
VatanenT_2016	E017049	G78914	Otitis Media;Pneumonia;bronchitis;Upper Respiratory Tract Infection;Septicemia;Skin Infection;Cough;Gastroenteritis;Tonsillitis;Pyelonephritis;Cystitis;Fever;Infectious Disorder;Stomatitis;Salmonellosis	NCIT:C34885;NCIT:C3333;NCIT:C2911;NCIT:C35650;NCIT:C3364;NCIT:C35025;NCIT:C37935;NCIT:C34632;NCIT:C116006;NCIT:C34965;NCIT:C26738;NCIT:C3038;NCIT:C128320;NCIT:C26887;NCIT:C157974	Case	NCIT:C49152	Finland	NCIT:C16584	feces	UBERON:0001988	Child	NCIT:C49683	846	Day	2.3	28	791	Yes	Paolo_Manghi,Svetlana_Ugarcina_Perovic	Otitis Media	NA	NA	NCIT:C34885	Qiagen	HLA-DRB1*04:01 protein complex;HLA protein complex with DQ3 serotype;HLA protein complex with DQ5 serotype	MRO:0001290;MRO:0001622;MRO:0001626	SRR4305419	27133167	IlluminaHiSeq	Male	NCIT:C20197	Penicillin Antibiotic	NCIT:C1500	Yes	Homo sapiens
VatanenT_2016	E017049	G80438	Otitis Media;Pneumonia;bronchitis;Upper Respiratory Tract Infection;Septicemia;Skin Infection;Cough;Gastroenteritis;Tonsillitis;Pyelonephritis;Cystitis;Fever;Infectious Disorder;Stomatitis;Salmonellosis	NCIT:C34885;NCIT:C3333;NCIT:C2911;NCIT:C35650;NCIT:C3364;NCIT:C35025;NCIT:C37935;NCIT:C34632;NCIT:C116006;NCIT:C34965;NCIT:C26738;NCIT:C3038;NCIT:C128320;NCIT:C26887;NCIT:C157974	Study Control	NCIT:C142703	Finland	NCIT:C16584	feces	UBERON:0001988	Infant	NCIT:C27956	117	Day	0.3	4	62	No	Paolo_Manghi,Svetlana_Ugarcina_Perovic	Healthy	NA	NA	NCIT:C115935	Qiagen	HLA-DRB1*04:01 protein complex;HLA protein complex with DQ3 serotype;HLA protein complex with DQ5 serotype	MRO:0001290;MRO:0001622;MRO:0001626	SRR4408022	27133167	IlluminaHiSeq	Male	NCIT:C20197	NA	NA	Yes	Homo sapiens
VatanenT_2016	E017049	G80539	Otitis Media;Pneumonia;bronchitis;Upper Respiratory Tract Infection;Septicemia;Skin Infection;Cough;Gastroenteritis;Tonsillitis;Pyelonephritis;Cystitis;Fever;Infectious Disorder;Stomatitis;Salmonellosis	NCIT:C34885;NCIT:C3333;NCIT:C2911;NCIT:C35650;NCIT:C3364;NCIT:C35025;NCIT:C37935;NCIT:C34632;NCIT:C116006;NCIT:C34965;NCIT:C26738;NCIT:C3038;NCIT:C128320;NCIT:C26887;NCIT:C157974	Case	NCIT:C49152	Finland	NCIT:C16584	feces	UBERON:0001988	Infant	NCIT:C27956	208	Day	0.6	7	153	Yes	Paolo_Manghi,Svetlana_Ugarcina_Perovic	Otitis Media	NA	NA	NCIT:C34885	Qiagen	HLA-DRB1*04:01 protein complex;HLA protein complex with DQ3 serotype;HLA protein complex with DQ5 serotype	MRO:0001290;MRO:0001622;MRO:0001626	SRR4408135	27133167	IlluminaHiSeq	Male	NCIT:C20197	Beta-lactamase Inhibitor;Penicillin Antibiotic	NCIT:C183118;NCIT:C1500	Yes	Homo sapiens
VatanenT_2016	E017049	G80587	Otitis Media;Pneumonia;bronchitis;Upper Respiratory Tract Infection;Septicemia;Skin Infection;Cough;Gastroenteritis;Tonsillitis;Pyelonephritis;Cystitis;Fever;Infectious Disorder;Stomatitis;Salmonellosis	NCIT:C34885;NCIT:C3333;NCIT:C2911;NCIT:C35650;NCIT:C3364;NCIT:C35025;NCIT:C37935;NCIT:C34632;NCIT:C116006;NCIT:C34965;NCIT:C26738;NCIT:C3038;NCIT:C128320;NCIT:C26887;NCIT:C157974	Study Control	NCIT:C142703	Finland	NCIT:C16584	feces	UBERON:0001988	Infant	NCIT:C27956	55	Day	0.2	2	0	No	Paolo_Manghi,Svetlana_Ugarcina_Perovic	Healthy	NA	NA	NCIT:C115935	Qiagen	HLA-DRB1*04:01 protein complex;HLA protein complex with DQ3 serotype;HLA protein complex with DQ5 serotype	MRO:0001290;MRO:0001622;MRO:0001626	SRR4408181	27133167	IlluminaHiSeq	Male	NCIT:C20197	NA	NA	Yes	Homo sapiens
VatanenT_2016	E017715	G78612	Otitis Media;Pneumonia;bronchitis;Upper Respiratory Tract Infection;Septicemia;Skin Infection;Cough;Gastroenteritis;Tonsillitis;Pyelonephritis;Cystitis;Fever;Infectious Disorder;Stomatitis;Salmonellosis	NCIT:C34885;NCIT:C3333;NCIT:C2911;NCIT:C35650;NCIT:C3364;NCIT:C35025;NCIT:C37935;NCIT:C34632;NCIT:C116006;NCIT:C34965;NCIT:C26738;NCIT:C3038;NCIT:C128320;NCIT:C26887;NCIT:C157974	Case	NCIT:C49152	Finland	NCIT:C16584	feces	UBERON:0001988	Child	NCIT:C49683	883	Day	2.4	29	667	Yes	Paolo_Manghi,Svetlana_Ugarcina_Perovic	Otitis Media	NA	NA	NCIT:C34885	Qiagen	HLA protein complex with DQ5 serotype;HLA protein complex with DQ5 serotype	MRO:0001626;MRO:0001626	SRR4305142	27133167	IlluminaHiSeq	Male	NCIT:C20197	Penicillin Antibiotic	NCIT:C1500	Yes	Homo sapiens
VatanenT_2016	E017715	G78685	Otitis Media;Pneumonia;bronchitis;Upper Respiratory Tract Infection;Septicemia;Skin Infection;Cough;Gastroenteritis;Tonsillitis;Pyelonephritis;Cystitis;Fever;Infectious Disorder;Stomatitis;Salmonellosis	NCIT:C34885;NCIT:C3333;NCIT:C2911;NCIT:C35650;NCIT:C3364;NCIT:C35025;NCIT:C37935;NCIT:C34632;NCIT:C116006;NCIT:C34965;NCIT:C26738;NCIT:C3038;NCIT:C128320;NCIT:C26887;NCIT:C157974	Study Control	NCIT:C142703	Finland	NCIT:C16584	feces	UBERON:0001988	Infant	NCIT:C27956	578	Day	1.6	19	362	No	Paolo_Manghi,Svetlana_Ugarcina_Perovic	Healthy	NA	NA	NCIT:C115935	Qiagen	HLA protein complex with DQ5 serotype;HLA protein complex with DQ5 serotype	MRO:0001626;MRO:0001626	SRR4305214	27133167	IlluminaHiSeq	Male	NCIT:C20197	NA	NA	Yes	Homo sapiens
VatanenT_2016	E017715	G80269	Otitis Media;Pneumonia;bronchitis;Upper Respiratory Tract Infection;Septicemia;Skin Infection;Cough;Gastroenteritis;Tonsillitis;Pyelonephritis;Cystitis;Fever;Infectious Disorder;Stomatitis;Salmonellosis	NCIT:C34885;NCIT:C3333;NCIT:C2911;NCIT:C35650;NCIT:C3364;NCIT:C35025;NCIT:C37935;NCIT:C34632;NCIT:C116006;NCIT:C34965;NCIT:C26738;NCIT:C3038;NCIT:C128320;NCIT:C26887;NCIT:C157974	Study Control	NCIT:C142703	Finland	NCIT:C16584	feces	UBERON:0001988	Infant	NCIT:C27956	396	Day	1.1	13	180	No	Paolo_Manghi,Svetlana_Ugarcina_Perovic	Healthy	NA	NA	NCIT:C115935	Qiagen	HLA protein complex with DQ5 serotype;HLA protein complex with DQ5 serotype	MRO:0001626;MRO:0001626	SRR4305428	27133167	IlluminaHiSeq	Male	NCIT:C20197	NA	NA	Yes	Homo sapiens
VatanenT_2016	E017715	G80356	Otitis Media;Pneumonia;bronchitis;Upper Respiratory Tract Infection;Septicemia;Skin Infection;Cough;Gastroenteritis;Tonsillitis;Pyelonephritis;Cystitis;Fever;Infectious Disorder;Stomatitis;Salmonellosis	NCIT:C34885;NCIT:C3333;NCIT:C2911;NCIT:C35650;NCIT:C3364;NCIT:C35025;NCIT:C37935;NCIT:C34632;NCIT:C116006;NCIT:C34965;NCIT:C26738;NCIT:C3038;NCIT:C128320;NCIT:C26887;NCIT:C157974	Study Control	NCIT:C142703	Finland	NCIT:C16584	feces	UBERON:0001988	Infant	NCIT:C27956	498	Day	1.4	16	282	No	Paolo_Manghi,Svetlana_Ugarcina_Perovic	Healthy	NA	NA	NCIT:C115935	Qiagen	HLA protein complex with DQ5 serotype;HLA protein complex with DQ5 serotype	MRO:0001626;MRO:0001626	SRR4408223	27133167	IlluminaHiSeq	Male	NCIT:C20197	NA	NA	Yes	Homo sapiens
VatanenT_2016	E017715	G80398	Otitis Media;Pneumonia;bronchitis;Upper Respiratory Tract Infection;Septicemia;Skin Infection;Cough;Gastroenteritis;Tonsillitis;Pyelonephritis;Cystitis;Fever;Infectious Disorder;Stomatitis;Salmonellosis	NCIT:C34885;NCIT:C3333;NCIT:C2911;NCIT:C35650;NCIT:C3364;NCIT:C35025;NCIT:C37935;NCIT:C34632;NCIT:C116006;NCIT:C34965;NCIT:C26738;NCIT:C3038;NCIT:C128320;NCIT:C26887;NCIT:C157974	Study Control	NCIT:C142703	Finland	NCIT:C16584	feces	UBERON:0001988	Infant	NCIT:C27956	216	Day	0.6	7	0	No	Paolo_Manghi,Svetlana_Ugarcina_Perovic	Healthy	NA	NA	NCIT:C115935	Qiagen	HLA protein complex with DQ5 serotype;HLA protein complex with DQ5 serotype	MRO:0001626;MRO:0001626	SRR4408269	27133167	IlluminaHiSeq	Male	NCIT:C20197	NA	NA	Yes	Homo sapiens
VatanenT_2016	E018421	G78601	Otitis Media;Pneumonia;bronchitis;Upper Respiratory Tract Infection;Septicemia;Skin Infection;Cough;Gastroenteritis;Tonsillitis;Pyelonephritis;Cystitis;Fever;Infectious Disorder;Stomatitis;Salmonellosis	NCIT:C34885;NCIT:C3333;NCIT:C2911;NCIT:C35650;NCIT:C3364;NCIT:C35025;NCIT:C37935;NCIT:C34632;NCIT:C116006;NCIT:C34965;NCIT:C26738;NCIT:C3038;NCIT:C128320;NCIT:C26887;NCIT:C157974	Case	NCIT:C49152	Finland	NCIT:C16584	feces	UBERON:0001988	Child	NCIT:C49683	845	Day	2.3	28	730	Yes	Paolo_Manghi,Svetlana_Ugarcina_Perovic	Otitis Media	NA	NA	NCIT:C34885	Qiagen	HLA-DQA1*02:01 protein complex;HLA protein complex with DQ5 serotype	MRO:0001211;MRO:0001626	SRR4305130	27133167	IlluminaHiSeq	Male	NCIT:C20197	Beta-lactamase Inhibitor;Penicillin Antibiotic	NCIT:C183118;NCIT:C1500	Yes	Homo sapiens
VatanenT_2016	E018421	G78775	Otitis Media;Pneumonia;bronchitis;Upper Respiratory Tract Infection;Septicemia;Skin Infection;Cough;Gastroenteritis;Tonsillitis;Pyelonephritis;Cystitis;Fever;Infectious Disorder;Stomatitis;Salmonellosis	NCIT:C34885;NCIT:C3333;NCIT:C2911;NCIT:C35650;NCIT:C3364;NCIT:C35025;NCIT:C37935;NCIT:C34632;NCIT:C116006;NCIT:C34965;NCIT:C26738;NCIT:C3038;NCIT:C128320;NCIT:C26887;NCIT:C157974	Case	NCIT:C49152	Finland	NCIT:C16584	feces	UBERON:0001988	Infant	NCIT:C27956	391	Day	1.1	13	276	Yes	Paolo_Manghi,Svetlana_Ugarcina_Perovic	Otitis Media	NA	NA	NCIT:C34885	Qiagen	HLA-DQA1*02:01 protein complex;HLA protein complex with DQ5 serotype	MRO:0001211;MRO:0001626	SRR4305280	27133167	IlluminaHiSeq	Male	NCIT:C20197	Macrolide Antibiotic;Penicillin Antibiotic	NCIT:C261;NCIT:C1500	Yes	Homo sapiens
VatanenT_2016	E018421	G69188	Otitis Media;Pneumonia;bronchitis;Upper Respiratory Tract Infection;Septicemia;Skin Infection;Cough;Gastroenteritis;Tonsillitis;Pyelonephritis;Cystitis;Fever;Infectious Disorder;Stomatitis;Salmonellosis	NCIT:C34885;NCIT:C3333;NCIT:C2911;NCIT:C35650;NCIT:C3364;NCIT:C35025;NCIT:C37935;NCIT:C34632;NCIT:C116006;NCIT:C34965;NCIT:C26738;NCIT:C3038;NCIT:C128320;NCIT:C26887;NCIT:C157974	Study Control	NCIT:C142703	Finland	NCIT:C16584	feces	UBERON:0001988	Infant	NCIT:C27956	663	Day	1.8	22	548	No	Paolo_Manghi,Svetlana_Ugarcina_Perovic	Healthy	NA	NA	NCIT:C115935	Qiagen	HLA-DQA1*02:01 protein complex;HLA protein complex with DQ5 serotype	MRO:0001211;MRO:0001626	SRR4305345	27133167	IlluminaHiSeq	Male	NCIT:C20197	NA	NA	Yes	Homo sapiens
VatanenT_2016	E018421	G80309	Otitis Media;Pneumonia;bronchitis;Upper Respiratory Tract Infection;Septicemia;Skin Infection;Cough;Gastroenteritis;Tonsillitis;Pyelonephritis;Cystitis;Fever;Infectious Disorder;Stomatitis;Salmonellosis	NCIT:C34885;NCIT:C3333;NCIT:C2911;NCIT:C35650;NCIT:C3364;NCIT:C35025;NCIT:C37935;NCIT:C34632;NCIT:C116006;NCIT:C34965;NCIT:C26738;NCIT:C3038;NCIT:C128320;NCIT:C26887;NCIT:C157974	Study Control	NCIT:C142703	Finland	NCIT:C16584	feces	UBERON:0001988	Infant	NCIT:C27956	571	Day	1.6	19	456	No	Paolo_Manghi,Svetlana_Ugarcina_Perovic	Healthy	NA	NA	NCIT:C115935	Qiagen	HLA-DQA1*02:01 protein complex;HLA protein complex with DQ5 serotype	MRO:0001211;MRO:0001626	SRR4305470	27133167	IlluminaHiSeq	Male	NCIT:C20197	NA	NA	Yes	Homo sapiens
VatanenT_2016	E018421	G69207	Otitis Media;Pneumonia;bronchitis;Upper Respiratory Tract Infection;Septicemia;Skin Infection;Cough;Gastroenteritis;Tonsillitis;Pyelonephritis;Cystitis;Fever;Infectious Disorder;Stomatitis;Salmonellosis	NCIT:C34885;NCIT:C3333;NCIT:C2911;NCIT:C35650;NCIT:C3364;NCIT:C35025;NCIT:C37935;NCIT:C34632;NCIT:C116006;NCIT:C34965;NCIT:C26738;NCIT:C3038;NCIT:C128320;NCIT:C26887;NCIT:C157974	Case	NCIT:C49152	Finland	NCIT:C16584	feces	UBERON:0001988	Infant	NCIT:C27956	482	Day	1.3	16	367	Yes	Paolo_Manghi,Svetlana_Ugarcina_Perovic	Otitis Media	NA	NA	NCIT:C34885	Qiagen	HLA-DQA1*02:01 protein complex;HLA protein complex with DQ5 serotype	MRO:0001211;MRO:0001626	SRR4305485	27133167	IlluminaHiSeq	Male	NCIT:C20197	Macrolide Antibiotic;Penicillin Antibiotic	NCIT:C261;NCIT:C1500	Yes	Homo sapiens
VatanenT_2016	E018421	G80608	Otitis Media;Pneumonia;bronchitis;Upper Respiratory Tract Infection;Septicemia;Skin Infection;Cough;Gastroenteritis;Tonsillitis;Pyelonephritis;Cystitis;Fever;Infectious Disorder;Stomatitis;Salmonellosis	NCIT:C34885;NCIT:C3333;NCIT:C2911;NCIT:C35650;NCIT:C3364;NCIT:C35025;NCIT:C37935;NCIT:C34632;NCIT:C116006;NCIT:C34965;NCIT:C26738;NCIT:C3038;NCIT:C128320;NCIT:C26887;NCIT:C157974	Study Control	NCIT:C142703	Finland	NCIT:C16584	feces	UBERON:0001988	Infant	NCIT:C27956	115	Day	0.3	4	0	No	Paolo_Manghi,Svetlana_Ugarcina_Perovic	Healthy	NA	NA	NCIT:C115935	Qiagen	HLA-DQA1*02:01 protein complex;HLA protein complex with DQ5 serotype	MRO:0001211;MRO:0001626	SRR4408201	27133167	IlluminaHiSeq	Male	NCIT:C20197	NA	NA	Yes	Homo sapiens
VatanenT_2016	E018421	G80420	Otitis Media;Pneumonia;bronchitis;Upper Respiratory Tract Infection;Septicemia;Skin Infection;Cough;Gastroenteritis;Tonsillitis;Pyelonephritis;Cystitis;Fever;Infectious Disorder;Stomatitis;Salmonellosis	NCIT:C34885;NCIT:C3333;NCIT:C2911;NCIT:C35650;NCIT:C3364;NCIT:C35025;NCIT:C37935;NCIT:C34632;NCIT:C116006;NCIT:C34965;NCIT:C26738;NCIT:C3038;NCIT:C128320;NCIT:C26887;NCIT:C157974	Study Control	NCIT:C142703	Finland	NCIT:C16584	feces	UBERON:0001988	Child	NCIT:C49683	1093	Day	3	36	978	No	Paolo_Manghi,Svetlana_Ugarcina_Perovic	Healthy	NA	NA	NCIT:C115935	Qiagen	HLA-DQA1*02:01 protein complex;HLA protein complex with DQ5 serotype	MRO:0001211;MRO:0001626	SRR4408293	27133167	IlluminaHiSeq	Male	NCIT:C20197	NA	NA	Yes	Homo sapiens
VatanenT_2016	E018574	G78588	Otitis Media;Pneumonia;bronchitis;Upper Respiratory Tract Infection;Septicemia;Skin Infection;Cough;Gastroenteritis;Tonsillitis;Pyelonephritis;Cystitis;Fever;Infectious Disorder;Stomatitis;Salmonellosis	NCIT:C34885;NCIT:C3333;NCIT:C2911;NCIT:C35650;NCIT:C3364;NCIT:C35025;NCIT:C37935;NCIT:C34632;NCIT:C116006;NCIT:C34965;NCIT:C26738;NCIT:C3038;NCIT:C128320;NCIT:C26887;NCIT:C157974	Case	NCIT:C49152	Finland	NCIT:C16584	feces	UBERON:0001988	Infant	NCIT:C27956	403	Day	1.1	13	325	Yes	Paolo_Manghi,Svetlana_Ugarcina_Perovic	Otitis Media	NA	NA	NCIT:C34885	Qiagen	HLA protein complex with DQ5 serotype	MRO:0001626	SRR4305116	27133167	IlluminaHiSeq	Female	NCIT:C16576	Penicillin Antibiotic	NCIT:C1500	Yes	Homo sapiens
VatanenT_2016	E018574	G78627	Otitis Media;Pneumonia;bronchitis;Upper Respiratory Tract Infection;Septicemia;Skin Infection;Cough;Gastroenteritis;Tonsillitis;Pyelonephritis;Cystitis;Fever;Infectious Disorder;Stomatitis;Salmonellosis	NCIT:C34885;NCIT:C3333;NCIT:C2911;NCIT:C35650;NCIT:C3364;NCIT:C35025;NCIT:C37935;NCIT:C34632;NCIT:C116006;NCIT:C34965;NCIT:C26738;NCIT:C3038;NCIT:C128320;NCIT:C26887;NCIT:C157974	Study Control	NCIT:C142703	Finland	NCIT:C16584	feces	UBERON:0001988	Infant	NCIT:C27956	588	Day	1.6	19	510	No	Paolo_Manghi,Svetlana_Ugarcina_Perovic	Healthy	NA	NA	NCIT:C115935	Qiagen	HLA protein complex with DQ5 serotype	MRO:0001626	SRR4305160	27133167	IlluminaHiSeq	Female	NCIT:C16576	NA	NA	Yes	Homo sapiens
VatanenT_2016	E018574	G78628	Otitis Media;Pneumonia;bronchitis;Upper Respiratory Tract Infection;Septicemia;Skin Infection;Cough;Gastroenteritis;Tonsillitis;Pyelonephritis;Cystitis;Fever;Infectious Disorder;Stomatitis;Salmonellosis	NCIT:C34885;NCIT:C3333;NCIT:C2911;NCIT:C35650;NCIT:C3364;NCIT:C35025;NCIT:C37935;NCIT:C34632;NCIT:C116006;NCIT:C34965;NCIT:C26738;NCIT:C3038;NCIT:C128320;NCIT:C26887;NCIT:C157974	Study Control	NCIT:C142703	Finland	NCIT:C16584	feces	UBERON:0001988	Infant	NCIT:C27956	680	Day	1.9	22	602	No	Paolo_Manghi,Svetlana_Ugarcina_Perovic	Healthy	NA	NA	NCIT:C115935	Qiagen	HLA protein complex with DQ5 serotype	MRO:0001626	SRR4305161	27133167	IlluminaHiSeq	Female	NCIT:C16576	NA	NA	Yes	Homo sapiens
VatanenT_2016	E018574	G78856	Otitis Media;Pneumonia;bronchitis;Upper Respiratory Tract Infection;Septicemia;Skin Infection;Cough;Gastroenteritis;Tonsillitis;Pyelonephritis;Cystitis;Fever;Infectious Disorder;Stomatitis;Salmonellosis	NCIT:C34885;NCIT:C3333;NCIT:C2911;NCIT:C35650;NCIT:C3364;NCIT:C35025;NCIT:C37935;NCIT:C34632;NCIT:C116006;NCIT:C34965;NCIT:C26738;NCIT:C3038;NCIT:C128320;NCIT:C26887;NCIT:C157974	Study Control	NCIT:C142703	Finland	NCIT:C16584	feces	UBERON:0001988	Child	NCIT:C49683	1076	Day	2.9	35	998	No	Paolo_Manghi,Svetlana_Ugarcina_Perovic	Healthy	NA	NA	NCIT:C115935	Qiagen	HLA protein complex with DQ5 serotype	MRO:0001626	SRR4305354	27133167	IlluminaHiSeq	Female	NCIT:C16576	NA	NA	Yes	Homo sapiens
VatanenT_2016	E018574	G80268	Otitis Media;Pneumonia;bronchitis;Upper Respiratory Tract Infection;Septicemia;Skin Infection;Cough;Gastroenteritis;Tonsillitis;Pyelonephritis;Cystitis;Fever;Infectious Disorder;Stomatitis;Salmonellosis	NCIT:C34885;NCIT:C3333;NCIT:C2911;NCIT:C35650;NCIT:C3364;NCIT:C35025;NCIT:C37935;NCIT:C34632;NCIT:C116006;NCIT:C34965;NCIT:C26738;NCIT:C3038;NCIT:C128320;NCIT:C26887;NCIT:C157974	Study Control	NCIT:C142703	Finland	NCIT:C16584	feces	UBERON:0001988	Child	NCIT:C49683	864	Day	2.4	28	786	No	Paolo_Manghi,Svetlana_Ugarcina_Perovic	Healthy	NA	NA	NCIT:C115935	Qiagen	HLA protein complex with DQ5 serotype	MRO:0001626	SRR4305427	27133167	IlluminaHiSeq	Female	NCIT:C16576	NA	NA	Yes	Homo sapiens
VatanenT_2016	E018574	G80294	Otitis Media;Pneumonia;bronchitis;Upper Respiratory Tract Infection;Septicemia;Skin Infection;Cough;Gastroenteritis;Tonsillitis;Pyelonephritis;Cystitis;Fever;Infectious Disorder;Stomatitis;Salmonellosis	NCIT:C34885;NCIT:C3333;NCIT:C2911;NCIT:C35650;NCIT:C3364;NCIT:C35025;NCIT:C37935;NCIT:C34632;NCIT:C116006;NCIT:C34965;NCIT:C26738;NCIT:C3038;NCIT:C128320;NCIT:C26887;NCIT:C157974	Case	NCIT:C49152	Finland	NCIT:C16584	feces	UBERON:0001988	Infant	NCIT:C27956	487	Day	1.3	16	409	Yes	Paolo_Manghi,Svetlana_Ugarcina_Perovic	Otitis Media	NA	NA	NCIT:C34885	Qiagen	HLA protein complex with DQ5 serotype	MRO:0001626	SRR4305453	27133167	IlluminaHiSeq	Female	NCIT:C16576	Penicillin Antibiotic	NCIT:C1500	Yes	Homo sapiens
VatanenT_2016	E018574	G80553	Otitis Media;Pneumonia;bronchitis;Upper Respiratory Tract Infection;Septicemia;Skin Infection;Cough;Gastroenteritis;Tonsillitis;Pyelonephritis;Cystitis;Fever;Infectious Disorder;Stomatitis;Salmonellosis	NCIT:C34885;NCIT:C3333;NCIT:C2911;NCIT:C35650;NCIT:C3364;NCIT:C35025;NCIT:C37935;NCIT:C34632;NCIT:C116006;NCIT:C34965;NCIT:C26738;NCIT:C3038;NCIT:C128320;NCIT:C26887;NCIT:C157974	Study Control	NCIT:C142703	Finland	NCIT:C16584	feces	UBERON:0001988	Infant	NCIT:C27956	118	Day	0.3	4	40	No	Paolo_Manghi,Svetlana_Ugarcina_Perovic	Healthy	NA	NA	NCIT:C115935	Qiagen	HLA protein complex with DQ5 serotype	MRO:0001626	SRR4408146	27133167	IlluminaHiSeq	Female	NCIT:C16576	NA	NA	Yes	Homo sapiens
VatanenT_2016	E018574	G80616	Otitis Media;Pneumonia;bronchitis;Upper Respiratory Tract Infection;Septicemia;Skin Infection;Cough;Gastroenteritis;Tonsillitis;Pyelonephritis;Cystitis;Fever;Infectious Disorder;Stomatitis;Salmonellosis	NCIT:C34885;NCIT:C3333;NCIT:C2911;NCIT:C35650;NCIT:C3364;NCIT:C35025;NCIT:C37935;NCIT:C34632;NCIT:C116006;NCIT:C34965;NCIT:C26738;NCIT:C3038;NCIT:C128320;NCIT:C26887;NCIT:C157974	Study Control	NCIT:C142703	Finland	NCIT:C16584	feces	UBERON:0001988	Infant	NCIT:C27956	78	Day	0.2	3	0	No	Paolo_Manghi,Svetlana_Ugarcina_Perovic	Healthy	NA	NA	NCIT:C115935	Qiagen	HLA protein complex with DQ5 serotype	MRO:0001626	SRR4408210	27133167	IlluminaHiSeq	Female	NCIT:C16576	NA	NA	Yes	Homo sapiens
VatanenT_2016	E019160	G78532	Otitis Media;Pneumonia;bronchitis;Upper Respiratory Tract Infection;Septicemia;Skin Infection;Cough;Gastroenteritis;Tonsillitis;Pyelonephritis;Cystitis;Fever;Infectious Disorder;Stomatitis;Salmonellosis	NCIT:C34885;NCIT:C3333;NCIT:C2911;NCIT:C35650;NCIT:C3364;NCIT:C35025;NCIT:C37935;NCIT:C34632;NCIT:C116006;NCIT:C34965;NCIT:C26738;NCIT:C3038;NCIT:C128320;NCIT:C26887;NCIT:C157974	Case	NCIT:C49152	Finland	NCIT:C16584	feces	UBERON:0001988	Infant	NCIT:C27956	392	Day	1.1	13	0	Yes	Paolo_Manghi,Svetlana_Ugarcina_Perovic	Otitis Media	NA	NA	NCIT:C34885	Qiagen	HLA protein complex with DQ5 serotype	MRO:0001626	SRR4305061	27133167	IlluminaHiSeq	Male	NCIT:C20197	Cephalosporin Antibiotic	NCIT:C357	Yes	Homo sapiens
VatanenT_2016	E019160	G78590	Otitis Media;Pneumonia;bronchitis;Upper Respiratory Tract Infection;Septicemia;Skin Infection;Cough;Gastroenteritis;Tonsillitis;Pyelonephritis;Cystitis;Fever;Infectious Disorder;Stomatitis;Salmonellosis	NCIT:C34885;NCIT:C3333;NCIT:C2911;NCIT:C35650;NCIT:C3364;NCIT:C35025;NCIT:C37935;NCIT:C34632;NCIT:C116006;NCIT:C34965;NCIT:C26738;NCIT:C3038;NCIT:C128320;NCIT:C26887;NCIT:C157974	Case	NCIT:C49152	Finland	NCIT:C16584	feces	UBERON:0001988	Infant	NCIT:C27956	482	Day	1.3	16	90	Yes	Paolo_Manghi,Svetlana_Ugarcina_Perovic	Otitis Media	NA	NA	NCIT:C34885	Qiagen	HLA protein complex with DQ5 serotype	MRO:0001626	SRR4305118	27133167	IlluminaHiSeq	Male	NCIT:C20197	Cephalosporin Antibiotic	NCIT:C357	Yes	Homo sapiens
VatanenT_2016	E019160	G78600	Otitis Media;Pneumonia;bronchitis;Upper Respiratory Tract Infection;Septicemia;Skin Infection;Cough;Gastroenteritis;Tonsillitis;Pyelonephritis;Cystitis;Fever;Infectious Disorder;Stomatitis;Salmonellosis	NCIT:C34885;NCIT:C3333;NCIT:C2911;NCIT:C35650;NCIT:C3364;NCIT:C35025;NCIT:C37935;NCIT:C34632;NCIT:C116006;NCIT:C34965;NCIT:C26738;NCIT:C3038;NCIT:C128320;NCIT:C26887;NCIT:C157974	Study Control	NCIT:C142703	Finland	NCIT:C16584	feces	UBERON:0001988	Child	NCIT:C49683	852	Day	2.3	28	460	No	Paolo_Manghi,Svetlana_Ugarcina_Perovic	Healthy	NA	NA	NCIT:C115935	Qiagen	HLA protein complex with DQ5 serotype	MRO:0001626	SRR4305129	27133167	IlluminaHiSeq	Male	NCIT:C20197	NA	NA	Yes	Homo sapiens
VatanenT_2016	E019160	G78629	Otitis Media;Pneumonia;bronchitis;Upper Respiratory Tract Infection;Septicemia;Skin Infection;Cough;Gastroenteritis;Tonsillitis;Pyelonephritis;Cystitis;Fever;Infectious Disorder;Stomatitis;Salmonellosis	NCIT:C34885;NCIT:C3333;NCIT:C2911;NCIT:C35650;NCIT:C3364;NCIT:C35025;NCIT:C37935;NCIT:C34632;NCIT:C116006;NCIT:C34965;NCIT:C26738;NCIT:C3038;NCIT:C128320;NCIT:C26887;NCIT:C157974	Case	NCIT:C49152	Finland	NCIT:C16584	feces	UBERON:0001988	Infant	NCIT:C27956	584	Day	1.6	19	192	Yes	Paolo_Manghi,Svetlana_Ugarcina_Perovic	Otitis Media	NA	NA	NCIT:C34885	Qiagen	HLA protein complex with DQ5 serotype	MRO:0001626	SRR4305162	27133167	IlluminaHiSeq	Male	NCIT:C20197	Penicillin Antibiotic	NCIT:C1500	Yes	Homo sapiens
VatanenT_2016	E019187	G78599	Otitis Media;Pneumonia;bronchitis;Upper Respiratory Tract Infection;Septicemia;Skin Infection;Cough;Gastroenteritis;Tonsillitis;Pyelonephritis;Cystitis;Fever;Infectious Disorder;Stomatitis;Salmonellosis	NCIT:C34885;NCIT:C3333;NCIT:C2911;NCIT:C35650;NCIT:C3364;NCIT:C35025;NCIT:C37935;NCIT:C34632;NCIT:C116006;NCIT:C34965;NCIT:C26738;NCIT:C3038;NCIT:C128320;NCIT:C26887;NCIT:C157974	Study Control	NCIT:C142703	Finland	NCIT:C16584	feces	UBERON:0001988	Child	NCIT:C49683	1096	Day	3	36	975	No	Paolo_Manghi,Svetlana_Ugarcina_Perovic	Healthy	NA	NA	NCIT:C115935	Qiagen	HLA protein complex with DQ5 serotype;HLA protein complex with DQ5 serotype	MRO:0001626;MRO:0001626	SRR4305128	27133167	IlluminaHiSeq	Female	NCIT:C16576	NA	NA	Yes	Homo sapiens
VatanenT_2016	E019187	G78719	Otitis Media;Pneumonia;bronchitis;Upper Respiratory Tract Infection;Septicemia;Skin Infection;Cough;Gastroenteritis;Tonsillitis;Pyelonephritis;Cystitis;Fever;Infectious Disorder;Stomatitis;Salmonellosis	NCIT:C34885;NCIT:C3333;NCIT:C2911;NCIT:C35650;NCIT:C3364;NCIT:C35025;NCIT:C37935;NCIT:C34632;NCIT:C116006;NCIT:C34965;NCIT:C26738;NCIT:C3038;NCIT:C128320;NCIT:C26887;NCIT:C157974	Case	NCIT:C49152	Finland	NCIT:C16584	feces	UBERON:0001988	Infant	NCIT:C27956	668	Day	1.8	22	547	Yes	Paolo_Manghi,Svetlana_Ugarcina_Perovic	Otitis Media	NA	NA	NCIT:C34885	Qiagen	HLA protein complex with DQ5 serotype;HLA protein complex with DQ5 serotype	MRO:0001626;MRO:0001626	SRR4305239	27133167	IlluminaHiSeq	Female	NCIT:C16576	Penicillin Antibiotic	NCIT:C1500	Yes	Homo sapiens
VatanenT_2016	E019187	G78720	Otitis Media;Pneumonia;bronchitis;Upper Respiratory Tract Infection;Septicemia;Skin Infection;Cough;Gastroenteritis;Tonsillitis;Pyelonephritis;Cystitis;Fever;Infectious Disorder;Stomatitis;Salmonellosis	NCIT:C34885;NCIT:C3333;NCIT:C2911;NCIT:C35650;NCIT:C3364;NCIT:C35025;NCIT:C37935;NCIT:C34632;NCIT:C116006;NCIT:C34965;NCIT:C26738;NCIT:C3038;NCIT:C128320;NCIT:C26887;NCIT:C157974	Case	NCIT:C49152	Finland	NCIT:C16584	feces	UBERON:0001988	Infant	NCIT:C27956	575	Day	1.6	19	454	Yes	Paolo_Manghi,Svetlana_Ugarcina_Perovic	Otitis Media	NA	NA	NCIT:C34885	Qiagen	HLA protein complex with DQ5 serotype;HLA protein complex with DQ5 serotype	MRO:0001626;MRO:0001626	SRR4305240	27133167	IlluminaHiSeq	Female	NCIT:C16576	Penicillin Antibiotic	NCIT:C1500	Yes	Homo sapiens
VatanenT_2016	E019187	G78832	Otitis Media;Pneumonia;bronchitis;Upper Respiratory Tract Infection;Septicemia;Skin Infection;Cough;Gastroenteritis;Tonsillitis;Pyelonephritis;Cystitis;Fever;Infectious Disorder;Stomatitis;Salmonellosis	NCIT:C34885;NCIT:C3333;NCIT:C2911;NCIT:C35650;NCIT:C3364;NCIT:C35025;NCIT:C37935;NCIT:C34632;NCIT:C116006;NCIT:C34965;NCIT:C26738;NCIT:C3038;NCIT:C128320;NCIT:C26887;NCIT:C157974	Study Control	NCIT:C142703	Finland	NCIT:C16584	feces	UBERON:0001988	Infant	NCIT:C27956	489	Day	1.3	16	368	No	Paolo_Manghi,Svetlana_Ugarcina_Perovic	Healthy	NA	NA	NCIT:C115935	Qiagen	HLA protein complex with DQ5 serotype;HLA protein complex with DQ5 serotype	MRO:0001626;MRO:0001626	SRR4305331	27133167	IlluminaHiSeq	Female	NCIT:C16576	NA	NA	Yes	Homo sapiens
VatanenT_2016	E019187	G80276	Otitis Media;Pneumonia;bronchitis;Upper Respiratory Tract Infection;Septicemia;Skin Infection;Cough;Gastroenteritis;Tonsillitis;Pyelonephritis;Cystitis;Fever;Infectious Disorder;Stomatitis;Salmonellosis	NCIT:C34885;NCIT:C3333;NCIT:C2911;NCIT:C35650;NCIT:C3364;NCIT:C35025;NCIT:C37935;NCIT:C34632;NCIT:C116006;NCIT:C34965;NCIT:C26738;NCIT:C3038;NCIT:C128320;NCIT:C26887;NCIT:C157974	Study Control	NCIT:C142703	Finland	NCIT:C16584	feces	UBERON:0001988	Infant	NCIT:C27956	401	Day	1.1	13	280	No	Paolo_Manghi,Svetlana_Ugarcina_Perovic	Healthy	NA	NA	NCIT:C115935	Qiagen	HLA protein complex with DQ5 serotype;HLA protein complex with DQ5 serotype	MRO:0001626;MRO:0001626	SRR4305434	27133167	IlluminaHiSeq	Female	NCIT:C16576	NA	NA	Yes	Homo sapiens
VatanenT_2016	E019187	G80560	Otitis Media;Pneumonia;bronchitis;Upper Respiratory Tract Infection;Septicemia;Skin Infection;Cough;Gastroenteritis;Tonsillitis;Pyelonephritis;Cystitis;Fever;Infectious Disorder;Stomatitis;Salmonellosis	NCIT:C34885;NCIT:C3333;NCIT:C2911;NCIT:C35650;NCIT:C3364;NCIT:C35025;NCIT:C37935;NCIT:C34632;NCIT:C116006;NCIT:C34965;NCIT:C26738;NCIT:C3038;NCIT:C128320;NCIT:C26887;NCIT:C157974	Study Control	NCIT:C142703	Finland	NCIT:C16584	feces	UBERON:0001988	Infant	NCIT:C27956	121	Day	0.3	4	0	No	Paolo_Manghi,Svetlana_Ugarcina_Perovic	Healthy	NA	NA	NCIT:C115935	Qiagen	HLA protein complex with DQ5 serotype;HLA protein complex with DQ5 serotype	MRO:0001626;MRO:0001626	SRR4408152	27133167	IlluminaHiSeq	Female	NCIT:C16576	NA	NA	Yes	Homo sapiens
VatanenT_2016	E019349	G80316	Otitis Media;Pneumonia;bronchitis;Upper Respiratory Tract Infection;Septicemia;Skin Infection;Cough;Gastroenteritis;Tonsillitis;Pyelonephritis;Cystitis;Fever;Infectious Disorder;Stomatitis;Salmonellosis	NCIT:C34885;NCIT:C3333;NCIT:C2911;NCIT:C35650;NCIT:C3364;NCIT:C35025;NCIT:C37935;NCIT:C34632;NCIT:C116006;NCIT:C34965;NCIT:C26738;NCIT:C3038;NCIT:C128320;NCIT:C26887;NCIT:C157974	Study Control	NCIT:C142703	Finland	NCIT:C16584	feces	UBERON:0001988	Infant	NCIT:C27956	496	Day	1.4	16	441	No	Paolo_Manghi,Svetlana_Ugarcina_Perovic	Healthy	NA	NA	NCIT:C115935	Qiagen	HLA-DRB1*04:04 protein complex	MRO:0001293	SRR4305476	27133167	IlluminaHiSeq	Male	NCIT:C20197	NA	NA	Yes	Homo sapiens
VatanenT_2016	E019349	G80341	Otitis Media;Pneumonia;bronchitis;Upper Respiratory Tract Infection;Septicemia;Skin Infection;Cough;Gastroenteritis;Tonsillitis;Pyelonephritis;Cystitis;Fever;Infectious Disorder;Stomatitis;Salmonellosis	NCIT:C34885;NCIT:C3333;NCIT:C2911;NCIT:C35650;NCIT:C3364;NCIT:C35025;NCIT:C37935;NCIT:C34632;NCIT:C116006;NCIT:C34965;NCIT:C26738;NCIT:C3038;NCIT:C128320;NCIT:C26887;NCIT:C157974	Study Control	NCIT:C142703	Finland	NCIT:C16584	feces	UBERON:0001988	Infant	NCIT:C27956	405	Day	1.1	13	350	No	Paolo_Manghi,Svetlana_Ugarcina_Perovic	Healthy	NA	NA	NCIT:C115935	Qiagen	HLA-DRB1*04:04 protein complex	MRO:0001293	SRR4408132	27133167	IlluminaHiSeq	Male	NCIT:C20197	NA	NA	Yes	Homo sapiens
VatanenT_2016	E019349	G80568	Otitis Media;Pneumonia;bronchitis;Upper Respiratory Tract Infection;Septicemia;Skin Infection;Cough;Gastroenteritis;Tonsillitis;Pyelonephritis;Cystitis;Fever;Infectious Disorder;Stomatitis;Salmonellosis	NCIT:C34885;NCIT:C3333;NCIT:C2911;NCIT:C35650;NCIT:C3364;NCIT:C35025;NCIT:C37935;NCIT:C34632;NCIT:C116006;NCIT:C34965;NCIT:C26738;NCIT:C3038;NCIT:C128320;NCIT:C26887;NCIT:C157974	Study Control	NCIT:C142703	Finland	NCIT:C16584	feces	UBERON:0001988	Infant	NCIT:C27956	55	Day	0.2	2	0	No	Paolo_Manghi,Svetlana_Ugarcina_Perovic	Healthy	NA	NA	NCIT:C115935	Qiagen	HLA-DRB1*04:04 protein complex	MRO:0001293	SRR4408161	27133167	IlluminaHiSeq	Male	NCIT:C20197	NA	NA	Yes	Homo sapiens
VatanenT_2016	E019349	G80573	Otitis Media;Pneumonia;bronchitis;Upper Respiratory Tract Infection;Septicemia;Skin Infection;Cough;Gastroenteritis;Tonsillitis;Pyelonephritis;Cystitis;Fever;Infectious Disorder;Stomatitis;Salmonellosis	NCIT:C34885;NCIT:C3333;NCIT:C2911;NCIT:C35650;NCIT:C3364;NCIT:C35025;NCIT:C37935;NCIT:C34632;NCIT:C116006;NCIT:C34965;NCIT:C26738;NCIT:C3038;NCIT:C128320;NCIT:C26887;NCIT:C157974	Case	NCIT:C49152	Finland	NCIT:C16584	feces	UBERON:0001988	Infant	NCIT:C27956	206	Day	0.6	7	151	Yes	Paolo_Manghi,Svetlana_Ugarcina_Perovic	Otitis Media	NA	NA	NCIT:C34885	Qiagen	HLA-DRB1*04:04 protein complex	MRO:0001293	SRR4408167	27133167	IlluminaHiSeq	Male	NCIT:C20197	Penicillin Antibiotic	NCIT:C1500	Yes	Homo sapiens
VatanenT_2016	E019793	G78715	Otitis Media;Pneumonia;bronchitis;Upper Respiratory Tract Infection;Septicemia;Skin Infection;Cough;Gastroenteritis;Tonsillitis;Pyelonephritis;Cystitis;Fever;Infectious Disorder;Stomatitis;Salmonellosis	NCIT:C34885;NCIT:C3333;NCIT:C2911;NCIT:C35650;NCIT:C3364;NCIT:C35025;NCIT:C37935;NCIT:C34632;NCIT:C116006;NCIT:C34965;NCIT:C26738;NCIT:C3038;NCIT:C128320;NCIT:C26887;NCIT:C157974	Study Control	NCIT:C142703	Finland	NCIT:C16584	feces	UBERON:0001988	Infant	NCIT:C27956	670	Day	1.8	22	627	No	Paolo_Manghi,Svetlana_Ugarcina_Perovic	Healthy	NA	NA	NCIT:C115935	Qiagen	HLA-DQA1*02:01 protein complex;HLA protein complex with DQ5 serotype	MRO:0001211;MRO:0001626	SRR4305235	27133167	IlluminaHiSeq	Male	NCIT:C20197	NA	NA	Yes	Homo sapiens
VatanenT_2016	E019793	G78805	Otitis Media;Pneumonia;bronchitis;Upper Respiratory Tract Infection;Septicemia;Skin Infection;Cough;Gastroenteritis;Tonsillitis;Pyelonephritis;Cystitis;Fever;Infectious Disorder;Stomatitis;Salmonellosis	NCIT:C34885;NCIT:C3333;NCIT:C2911;NCIT:C35650;NCIT:C3364;NCIT:C35025;NCIT:C37935;NCIT:C34632;NCIT:C116006;NCIT:C34965;NCIT:C26738;NCIT:C3038;NCIT:C128320;NCIT:C26887;NCIT:C157974	Study Control	NCIT:C142703	Finland	NCIT:C16584	feces	UBERON:0001988	Child	NCIT:C49683	1097	Day	3	36	1054	No	Paolo_Manghi,Svetlana_Ugarcina_Perovic	Healthy	NA	NA	NCIT:C115935	Qiagen	HLA-DQA1*02:01 protein complex;HLA protein complex with DQ5 serotype	MRO:0001211;MRO:0001626	SRR4305307	27133167	IlluminaHiSeq	Male	NCIT:C20197	NA	NA	Yes	Homo sapiens
VatanenT_2016	E019793	G78834	Otitis Media;Pneumonia;bronchitis;Upper Respiratory Tract Infection;Septicemia;Skin Infection;Cough;Gastroenteritis;Tonsillitis;Pyelonephritis;Cystitis;Fever;Infectious Disorder;Stomatitis;Salmonellosis	NCIT:C34885;NCIT:C3333;NCIT:C2911;NCIT:C35650;NCIT:C3364;NCIT:C35025;NCIT:C37935;NCIT:C34632;NCIT:C116006;NCIT:C34965;NCIT:C26738;NCIT:C3038;NCIT:C128320;NCIT:C26887;NCIT:C157974	Case	NCIT:C49152	Finland	NCIT:C16584	feces	UBERON:0001988	Infant	NCIT:C27956	523	Day	1.4	17	480	Yes	Paolo_Manghi,Svetlana_Ugarcina_Perovic	Otitis Media	NA	NA	NCIT:C34885	Qiagen	HLA-DQA1*02:01 protein complex;HLA protein complex with DQ5 serotype	MRO:0001211;MRO:0001626	SRR4305333	27133167	IlluminaHiSeq	Male	NCIT:C20197	Penicillin Antibiotic	NCIT:C1500	Yes	Homo sapiens
VatanenT_2016	E019793	G80569	Otitis Media;Pneumonia;bronchitis;Upper Respiratory Tract Infection;Septicemia;Skin Infection;Cough;Gastroenteritis;Tonsillitis;Pyelonephritis;Cystitis;Fever;Infectious Disorder;Stomatitis;Salmonellosis	NCIT:C34885;NCIT:C3333;NCIT:C2911;NCIT:C35650;NCIT:C3364;NCIT:C35025;NCIT:C37935;NCIT:C34632;NCIT:C116006;NCIT:C34965;NCIT:C26738;NCIT:C3038;NCIT:C128320;NCIT:C26887;NCIT:C157974	Study Control	NCIT:C142703	Finland	NCIT:C16584	feces	UBERON:0001988	Infant	NCIT:C27956	43	Day	0.1	1	0	No	Paolo_Manghi,Svetlana_Ugarcina_Perovic	Healthy	NA	NA	NCIT:C115935	Qiagen	HLA-DQA1*02:01 protein complex;HLA protein complex with DQ5 serotype	MRO:0001211;MRO:0001626	SRR4408162	27133167	IlluminaHiSeq	Male	NCIT:C20197	NA	NA	Yes	Homo sapiens
VatanenT_2016	E020682	G78679	Otitis Media;Pneumonia;bronchitis;Upper Respiratory Tract Infection;Septicemia;Skin Infection;Cough;Gastroenteritis;Tonsillitis;Pyelonephritis;Cystitis;Fever;Infectious Disorder;Stomatitis;Salmonellosis	NCIT:C34885;NCIT:C3333;NCIT:C2911;NCIT:C35650;NCIT:C3364;NCIT:C35025;NCIT:C37935;NCIT:C34632;NCIT:C116006;NCIT:C34965;NCIT:C26738;NCIT:C3038;NCIT:C128320;NCIT:C26887;NCIT:C157974	Study Control	NCIT:C142703	Finland	NCIT:C16584	feces	UBERON:0001988	Infant	NCIT:C27956	113	Day	0.3	4	0	No	Paolo_Manghi,Svetlana_Ugarcina_Perovic	Healthy	NA	NA	NCIT:C115935	Qiagen	HLA protein complex with DQ5 serotype	MRO:0001626	SRR4305207	27133167	IlluminaHiSeq	Female	NCIT:C16576	NA	NA	Yes	Homo sapiens
VatanenT_2016	E020682	G78877	Otitis Media;Pneumonia;bronchitis;Upper Respiratory Tract Infection;Septicemia;Skin Infection;Cough;Gastroenteritis;Tonsillitis;Pyelonephritis;Cystitis;Fever;Infectious Disorder;Stomatitis;Salmonellosis	NCIT:C34885;NCIT:C3333;NCIT:C2911;NCIT:C35650;NCIT:C3364;NCIT:C35025;NCIT:C37935;NCIT:C34632;NCIT:C116006;NCIT:C34965;NCIT:C26738;NCIT:C3038;NCIT:C128320;NCIT:C26887;NCIT:C157974	Study Control	NCIT:C142703	Finland	NCIT:C16584	feces	UBERON:0001988	Infant	NCIT:C27956	206	Day	0.6	7	93	No	Paolo_Manghi,Svetlana_Ugarcina_Perovic	Healthy	NA	NA	NCIT:C115935	Qiagen	HLA protein complex with DQ5 serotype	MRO:0001626	SRR4305379	27133167	IlluminaHiSeq	Female	NCIT:C16576	NA	NA	Yes	Homo sapiens
VatanenT_2016	E020781	G78807	Otitis Media;Pneumonia;bronchitis;Upper Respiratory Tract Infection;Septicemia;Skin Infection;Cough;Gastroenteritis;Tonsillitis;Pyelonephritis;Cystitis;Fever;Infectious Disorder;Stomatitis;Salmonellosis	NCIT:C34885;NCIT:C3333;NCIT:C2911;NCIT:C35650;NCIT:C3364;NCIT:C35025;NCIT:C37935;NCIT:C34632;NCIT:C116006;NCIT:C34965;NCIT:C26738;NCIT:C3038;NCIT:C128320;NCIT:C26887;NCIT:C157974	Study Control	NCIT:C142703	Finland	NCIT:C16584	feces	UBERON:0001988	Infant	NCIT:C27956	589	Day	1.6	19	532	Yes	Paolo_Manghi,Svetlana_Ugarcina_Perovic	Healthy	NA	NA	NCIT:C115935	Qiagen	HLA-DRB1*04:01 protein complex;HLA protein complex with DQ3 serotype;HLA-DQA1*02:01 protein complex	MRO:0001290;MRO:0001622;MRO:0001211	SRR4305309	27133167	IlluminaHiSeq	Male	NCIT:C20197	Penicillin Antibiotic	NCIT:C1500	Yes	Homo sapiens
VatanenT_2016	E020781	G78838	Otitis Media;Pneumonia;bronchitis;Upper Respiratory Tract Infection;Septicemia;Skin Infection;Cough;Gastroenteritis;Tonsillitis;Pyelonephritis;Cystitis;Fever;Infectious Disorder;Stomatitis;Salmonellosis	NCIT:C34885;NCIT:C3333;NCIT:C2911;NCIT:C35650;NCIT:C3364;NCIT:C35025;NCIT:C37935;NCIT:C34632;NCIT:C116006;NCIT:C34965;NCIT:C26738;NCIT:C3038;NCIT:C128320;NCIT:C26887;NCIT:C157974	Study Control	NCIT:C142703	Finland	NCIT:C16584	feces	UBERON:0001988	Infant	NCIT:C27956	402	Day	1.1	13	345	No	Paolo_Manghi,Svetlana_Ugarcina_Perovic	Healthy	NA	NA	NCIT:C115935	Qiagen	HLA-DRB1*04:01 protein complex;HLA protein complex with DQ3 serotype;HLA-DQA1*02:01 protein complex	MRO:0001290;MRO:0001622;MRO:0001211	SRR4305338	27133167	IlluminaHiSeq	Male	NCIT:C20197	NA	NA	Yes	Homo sapiens
VatanenT_2016	E020781	G80283	Otitis Media;Pneumonia;bronchitis;Upper Respiratory Tract Infection;Septicemia;Skin Infection;Cough;Gastroenteritis;Tonsillitis;Pyelonephritis;Cystitis;Fever;Infectious Disorder;Stomatitis;Salmonellosis	NCIT:C34885;NCIT:C3333;NCIT:C2911;NCIT:C35650;NCIT:C3364;NCIT:C35025;NCIT:C37935;NCIT:C34632;NCIT:C116006;NCIT:C34965;NCIT:C26738;NCIT:C3038;NCIT:C128320;NCIT:C26887;NCIT:C157974	Study Control	NCIT:C142703	Finland	NCIT:C16584	feces	UBERON:0001988	Infant	NCIT:C27956	502	Day	1.4	16	445	No	Paolo_Manghi,Svetlana_Ugarcina_Perovic	Healthy	NA	NA	NCIT:C115935	Qiagen	HLA-DRB1*04:01 protein complex;HLA protein complex with DQ3 serotype;HLA-DQA1*02:01 protein complex	MRO:0001290;MRO:0001622;MRO:0001211	SRR4305442	27133167	IlluminaHiSeq	Male	NCIT:C20197	NA	NA	Yes	Homo sapiens
VatanenT_2016	E020781	G80297	Otitis Media;Pneumonia;bronchitis;Upper Respiratory Tract Infection;Septicemia;Skin Infection;Cough;Gastroenteritis;Tonsillitis;Pyelonephritis;Cystitis;Fever;Infectious Disorder;Stomatitis;Salmonellosis	NCIT:C34885;NCIT:C3333;NCIT:C2911;NCIT:C35650;NCIT:C3364;NCIT:C35025;NCIT:C37935;NCIT:C34632;NCIT:C116006;NCIT:C34965;NCIT:C26738;NCIT:C3038;NCIT:C128320;NCIT:C26887;NCIT:C157974	Study Control	NCIT:C142703	Finland	NCIT:C16584	feces	UBERON:0001988	Child	NCIT:C49683	856	Day	2.3	28	799	No	Paolo_Manghi,Svetlana_Ugarcina_Perovic	Healthy	NA	NA	NCIT:C115935	Qiagen	HLA-DRB1*04:01 protein complex;HLA protein complex with DQ3 serotype;HLA-DQA1*02:01 protein complex	MRO:0001290;MRO:0001622;MRO:0001211	SRR4305456	27133167	IlluminaHiSeq	Male	NCIT:C20197	NA	NA	Yes	Homo sapiens
VatanenT_2016	E020781	G80575	Otitis Media;Pneumonia;bronchitis;Upper Respiratory Tract Infection;Septicemia;Skin Infection;Cough;Gastroenteritis;Tonsillitis;Pyelonephritis;Cystitis;Fever;Infectious Disorder;Stomatitis;Salmonellosis	NCIT:C34885;NCIT:C3333;NCIT:C2911;NCIT:C35650;NCIT:C3364;NCIT:C35025;NCIT:C37935;NCIT:C34632;NCIT:C116006;NCIT:C34965;NCIT:C26738;NCIT:C3038;NCIT:C128320;NCIT:C26887;NCIT:C157974	Study Control	NCIT:C142703	Finland	NCIT:C16584	feces	UBERON:0001988	Infant	NCIT:C27956	57	Day	0.2	2	0	No	Paolo_Manghi,Svetlana_Ugarcina_Perovic	Healthy	NA	NA	NCIT:C115935	Qiagen	HLA-DRB1*04:01 protein complex;HLA protein complex with DQ3 serotype;HLA-DQA1*02:01 protein complex	MRO:0001290;MRO:0001622;MRO:0001211	SRR4408169	27133167	IlluminaHiSeq	Male	NCIT:C20197	NA	NA	Yes	Homo sapiens
VatanenT_2016	E020781	G80347	Otitis Media;Pneumonia;bronchitis;Upper Respiratory Tract Infection;Septicemia;Skin Infection;Cough;Gastroenteritis;Tonsillitis;Pyelonephritis;Cystitis;Fever;Infectious Disorder;Stomatitis;Salmonellosis	NCIT:C34885;NCIT:C3333;NCIT:C2911;NCIT:C35650;NCIT:C3364;NCIT:C35025;NCIT:C37935;NCIT:C34632;NCIT:C116006;NCIT:C34965;NCIT:C26738;NCIT:C3038;NCIT:C128320;NCIT:C26887;NCIT:C157974	Study Control	NCIT:C142703	Finland	NCIT:C16584	feces	UBERON:0001988	Child	NCIT:C49683	1090	Day	3	36	1033	No	Paolo_Manghi,Svetlana_Ugarcina_Perovic	Healthy	NA	NA	NCIT:C115935	Qiagen	HLA-DRB1*04:01 protein complex;HLA protein complex with DQ3 serotype;HLA-DQA1*02:01 protein complex	MRO:0001290;MRO:0001622;MRO:0001211	SRR4408198	27133167	IlluminaHiSeq	Male	NCIT:C20197	NA	NA	Yes	Homo sapiens
VatanenT_2016	E020808	G69172	Otitis Media;Pneumonia;bronchitis;Upper Respiratory Tract Infection;Septicemia;Skin Infection;Cough;Gastroenteritis;Tonsillitis;Pyelonephritis;Cystitis;Fever;Infectious Disorder;Stomatitis;Salmonellosis	NCIT:C34885;NCIT:C3333;NCIT:C2911;NCIT:C35650;NCIT:C3364;NCIT:C35025;NCIT:C37935;NCIT:C34632;NCIT:C116006;NCIT:C34965;NCIT:C26738;NCIT:C3038;NCIT:C128320;NCIT:C26887;NCIT:C157974	Case	NCIT:C49152	Finland	NCIT:C16584	feces	UBERON:0001988	Infant	NCIT:C27956	479	Day	1.3	16	439	Yes	Paolo_Manghi,Svetlana_Ugarcina_Perovic	Otitis Media	NA	NA	NCIT:C34885	Qiagen	HLA protein complex with DQ5 serotype	MRO:0001626	SRR4305166	27133167	IlluminaHiSeq	Female	NCIT:C16576	Penicillin Antibiotic;Sulfonamide Anti-Infective Agent	NCIT:C1500;NCIT:C29739	Yes	Homo sapiens
VatanenT_2016	E020808	G78859	Otitis Media;Pneumonia;bronchitis;Upper Respiratory Tract Infection;Septicemia;Skin Infection;Cough;Gastroenteritis;Tonsillitis;Pyelonephritis;Cystitis;Fever;Infectious Disorder;Stomatitis;Salmonellosis	NCIT:C34885;NCIT:C3333;NCIT:C2911;NCIT:C35650;NCIT:C3364;NCIT:C35025;NCIT:C37935;NCIT:C34632;NCIT:C116006;NCIT:C34965;NCIT:C26738;NCIT:C3038;NCIT:C128320;NCIT:C26887;NCIT:C157974	Case	NCIT:C49152	Finland	NCIT:C16584	feces	UBERON:0001988	Child	NCIT:C49683	844	Day	2.3	28	804	Yes	Paolo_Manghi,Svetlana_Ugarcina_Perovic	Otitis Media	NA	NA	NCIT:C34885	Qiagen	HLA protein complex with DQ5 serotype	MRO:0001626	SRR4305358	27133167	IlluminaHiSeq	Female	NCIT:C16576	Beta-lactamase Inhibitor;Macrolide Antibiotic;Penicillin Antibiotic	NCIT:C183118;NCIT:C261;NCIT:C1500	Yes	Homo sapiens
VatanenT_2016	E020808	G80284	Otitis Media;Pneumonia;bronchitis;Upper Respiratory Tract Infection;Septicemia;Skin Infection;Cough;Gastroenteritis;Tonsillitis;Pyelonephritis;Cystitis;Fever;Infectious Disorder;Stomatitis;Salmonellosis	NCIT:C34885;NCIT:C3333;NCIT:C2911;NCIT:C35650;NCIT:C3364;NCIT:C35025;NCIT:C37935;NCIT:C34632;NCIT:C116006;NCIT:C34965;NCIT:C26738;NCIT:C3038;NCIT:C128320;NCIT:C26887;NCIT:C157974	Case	NCIT:C49152	Finland	NCIT:C16584	feces	UBERON:0001988	Infant	NCIT:C27956	382	Day	1	13	342	Yes	Paolo_Manghi,Svetlana_Ugarcina_Perovic	Otitis Media	NA	NA	NCIT:C34885	Qiagen	HLA protein complex with DQ5 serotype	MRO:0001626	SRR4305443	27133167	IlluminaHiSeq	Female	NCIT:C16576	Penicillin Antibiotic;Sulfonamide Anti-Infective Agent	NCIT:C1500;NCIT:C29739	Yes	Homo sapiens
VatanenT_2016	E020808	G80320	Otitis Media;Pneumonia;bronchitis;Upper Respiratory Tract Infection;Septicemia;Skin Infection;Cough;Gastroenteritis;Tonsillitis;Pyelonephritis;Cystitis;Fever;Infectious Disorder;Stomatitis;Salmonellosis	NCIT:C34885;NCIT:C3333;NCIT:C2911;NCIT:C35650;NCIT:C3364;NCIT:C35025;NCIT:C37935;NCIT:C34632;NCIT:C116006;NCIT:C34965;NCIT:C26738;NCIT:C3038;NCIT:C128320;NCIT:C26887;NCIT:C157974	Case	NCIT:C49152	Finland	NCIT:C16584	feces	UBERON:0001988	Infant	NCIT:C27956	563	Day	1.5	18	523	Yes	Paolo_Manghi,Svetlana_Ugarcina_Perovic	Otitis Media	NA	NA	NCIT:C34885	Qiagen	HLA protein complex with DQ5 serotype	MRO:0001626	SRR4408002	27133167	IlluminaHiSeq	Female	NCIT:C16576	Cephalosporin Antibiotic;Penicillin Antibiotic	NCIT:C357;NCIT:C1500	Yes	Homo sapiens
VatanenT_2016	E020808	G80518	Otitis Media;Pneumonia;bronchitis;Upper Respiratory Tract Infection;Septicemia;Skin Infection;Cough;Gastroenteritis;Tonsillitis;Pyelonephritis;Cystitis;Fever;Infectious Disorder;Stomatitis;Salmonellosis	NCIT:C34885;NCIT:C3333;NCIT:C2911;NCIT:C35650;NCIT:C3364;NCIT:C35025;NCIT:C37935;NCIT:C34632;NCIT:C116006;NCIT:C34965;NCIT:C26738;NCIT:C3038;NCIT:C128320;NCIT:C26887;NCIT:C157974	Case	NCIT:C49152	Finland	NCIT:C16584	feces	UBERON:0001988	Infant	NCIT:C27956	689	Day	1.9	23	649	Yes	Paolo_Manghi,Svetlana_Ugarcina_Perovic	Otitis Media	NA	NA	NCIT:C34885	Qiagen	HLA protein complex with DQ5 serotype	MRO:0001626	SRR4408105	27133167	IlluminaHiSeq	Female	NCIT:C16576	Cephalosporin Antibiotic;Penicillin Antibiotic	NCIT:C357;NCIT:C1500	Yes	Homo sapiens
VatanenT_2016	E020808	G80555	Otitis Media;Pneumonia;bronchitis;Upper Respiratory Tract Infection;Septicemia;Skin Infection;Cough;Gastroenteritis;Tonsillitis;Pyelonephritis;Cystitis;Fever;Infectious Disorder;Stomatitis;Salmonellosis	NCIT:C34885;NCIT:C3333;NCIT:C2911;NCIT:C35650;NCIT:C3364;NCIT:C35025;NCIT:C37935;NCIT:C34632;NCIT:C116006;NCIT:C34965;NCIT:C26738;NCIT:C3038;NCIT:C128320;NCIT:C26887;NCIT:C157974	Study Control	NCIT:C142703	Finland	NCIT:C16584	feces	UBERON:0001988	Infant	NCIT:C27956	40	Day	0.1	1	0	No	Paolo_Manghi,Svetlana_Ugarcina_Perovic	Healthy	NA	NA	NCIT:C115935	Qiagen	HLA protein complex with DQ5 serotype	MRO:0001626	SRR4408148	27133167	IlluminaHiSeq	Female	NCIT:C16576	NA	NA	Yes	Homo sapiens
VatanenT_2016	E022083	G78598	Otitis Media;Pneumonia;bronchitis;Upper Respiratory Tract Infection;Septicemia;Skin Infection;Cough;Gastroenteritis;Tonsillitis;Pyelonephritis;Cystitis;Fever;Infectious Disorder;Stomatitis;Salmonellosis	NCIT:C34885;NCIT:C3333;NCIT:C2911;NCIT:C35650;NCIT:C3364;NCIT:C35025;NCIT:C37935;NCIT:C34632;NCIT:C116006;NCIT:C34965;NCIT:C26738;NCIT:C3038;NCIT:C128320;NCIT:C26887;NCIT:C157974	Study Control	NCIT:C142703	Finland	NCIT:C16584	feces	UBERON:0001988	Infant	NCIT:C27956	507	Day	1.4	17	388	No	Paolo_Manghi,Svetlana_Ugarcina_Perovic	Healthy	NA	NA	NCIT:C115935	Qiagen	HLA protein complex with DQ3 serotype;HLA protein complex with DQ3 serotype;HLA-DRB1*04:01 protein complex	MRO:0001622;MRO:0001622;MRO:0001290	SRR4305127	27133167	IlluminaHiSeq	Male	NCIT:C20197	NA	NA	Yes	Homo sapiens
VatanenT_2016	E022083	G78717	Otitis Media;Pneumonia;bronchitis;Upper Respiratory Tract Infection;Septicemia;Skin Infection;Cough;Gastroenteritis;Tonsillitis;Pyelonephritis;Cystitis;Fever;Infectious Disorder;Stomatitis;Salmonellosis	NCIT:C34885;NCIT:C3333;NCIT:C2911;NCIT:C35650;NCIT:C3364;NCIT:C35025;NCIT:C37935;NCIT:C34632;NCIT:C116006;NCIT:C34965;NCIT:C26738;NCIT:C3038;NCIT:C128320;NCIT:C26887;NCIT:C157974	Case	NCIT:C49152	Finland	NCIT:C16584	feces	UBERON:0001988	Infant	NCIT:C27956	613	Day	1.7	20	494	Yes	Paolo_Manghi,Svetlana_Ugarcina_Perovic	Otitis Media	NA	NA	NCIT:C34885	Qiagen	HLA protein complex with DQ3 serotype;HLA protein complex with DQ3 serotype;HLA-DRB1*04:01 protein complex	MRO:0001622;MRO:0001622;MRO:0001290	SRR4305237	27133167	IlluminaHiSeq	Male	NCIT:C20197	Penicillin Antibiotic	NCIT:C1500	Yes	Homo sapiens
VatanenT_2016	E022083	G78718	Otitis Media;Pneumonia;bronchitis;Upper Respiratory Tract Infection;Septicemia;Skin Infection;Cough;Gastroenteritis;Tonsillitis;Pyelonephritis;Cystitis;Fever;Infectious Disorder;Stomatitis;Salmonellosis	NCIT:C34885;NCIT:C3333;NCIT:C2911;NCIT:C35650;NCIT:C3364;NCIT:C35025;NCIT:C37935;NCIT:C34632;NCIT:C116006;NCIT:C34965;NCIT:C26738;NCIT:C3038;NCIT:C128320;NCIT:C26887;NCIT:C157974	Case	NCIT:C49152	Finland	NCIT:C16584	feces	UBERON:0001988	Infant	NCIT:C27956	654	Day	1.8	21	535	Yes	Paolo_Manghi,Svetlana_Ugarcina_Perovic	Otitis Media	NA	NA	NCIT:C34885	Qiagen	HLA protein complex with DQ3 serotype;HLA protein complex with DQ3 serotype;HLA-DRB1*04:01 protein complex	MRO:0001622;MRO:0001622;MRO:0001290	SRR4305238	27133167	IlluminaHiSeq	Male	NCIT:C20197	Penicillin Antibiotic	NCIT:C1500	Yes	Homo sapiens
VatanenT_2016	E022083	G78858	Otitis Media;Pneumonia;bronchitis;Upper Respiratory Tract Infection;Septicemia;Skin Infection;Cough;Gastroenteritis;Tonsillitis;Pyelonephritis;Cystitis;Fever;Infectious Disorder;Stomatitis;Salmonellosis	NCIT:C34885;NCIT:C3333;NCIT:C2911;NCIT:C35650;NCIT:C3364;NCIT:C35025;NCIT:C37935;NCIT:C34632;NCIT:C116006;NCIT:C34965;NCIT:C26738;NCIT:C3038;NCIT:C128320;NCIT:C26887;NCIT:C157974	Study Control	NCIT:C142703	Finland	NCIT:C16584	feces	UBERON:0001988	Child	NCIT:C49683	1094	Day	3	36	975	No	Paolo_Manghi,Svetlana_Ugarcina_Perovic	Healthy	NA	NA	NCIT:C115935	Qiagen	HLA protein complex with DQ3 serotype;HLA protein complex with DQ3 serotype;HLA-DRB1*04:01 protein complex	MRO:0001622;MRO:0001622;MRO:0001290	SRR4305357	27133167	IlluminaHiSeq	Male	NCIT:C20197	NA	NA	Yes	Homo sapiens
VatanenT_2016	E022083	G80465	Otitis Media;Pneumonia;bronchitis;Upper Respiratory Tract Infection;Septicemia;Skin Infection;Cough;Gastroenteritis;Tonsillitis;Pyelonephritis;Cystitis;Fever;Infectious Disorder;Stomatitis;Salmonellosis	NCIT:C34885;NCIT:C3333;NCIT:C2911;NCIT:C35650;NCIT:C3364;NCIT:C35025;NCIT:C37935;NCIT:C34632;NCIT:C116006;NCIT:C34965;NCIT:C26738;NCIT:C3038;NCIT:C128320;NCIT:C26887;NCIT:C157974	Study Control	NCIT:C142703	Finland	NCIT:C16584	feces	UBERON:0001988	Infant	NCIT:C27956	119	Day	0.3	4	0	No	Paolo_Manghi,Svetlana_Ugarcina_Perovic	Healthy	NA	NA	NCIT:C115935	Qiagen	HLA protein complex with DQ3 serotype;HLA protein complex with DQ3 serotype;HLA-DRB1*04:01 protein complex	MRO:0001622;MRO:0001622;MRO:0001290	SRR4408049	27133167	IlluminaHiSeq	Male	NCIT:C20197	NA	NA	Yes	Homo sapiens
VatanenT_2016	E022083	G80505	Otitis Media;Pneumonia;bronchitis;Upper Respiratory Tract Infection;Septicemia;Skin Infection;Cough;Gastroenteritis;Tonsillitis;Pyelonephritis;Cystitis;Fever;Infectious Disorder;Stomatitis;Salmonellosis	NCIT:C34885;NCIT:C3333;NCIT:C2911;NCIT:C35650;NCIT:C3364;NCIT:C35025;NCIT:C37935;NCIT:C34632;NCIT:C116006;NCIT:C34965;NCIT:C26738;NCIT:C3038;NCIT:C128320;NCIT:C26887;NCIT:C157974	Study Control	NCIT:C142703	Finland	NCIT:C16584	feces	UBERON:0001988	Infant	NCIT:C27956	216	Day	0.6	7	97	No	Paolo_Manghi,Svetlana_Ugarcina_Perovic	Healthy	NA	NA	NCIT:C115935	Qiagen	HLA protein complex with DQ3 serotype;HLA protein complex with DQ3 serotype;HLA-DRB1*04:01 protein complex	MRO:0001622;MRO:0001622;MRO:0001290	SRR4408090	27133167	IlluminaHiSeq	Male	NCIT:C20197	NA	NA	Yes	Homo sapiens
VatanenT_2016	E022960	G78677	Otitis Media;Pneumonia;bronchitis;Upper Respiratory Tract Infection;Septicemia;Skin Infection;Cough;Gastroenteritis;Tonsillitis;Pyelonephritis;Cystitis;Fever;Infectious Disorder;Stomatitis;Salmonellosis	NCIT:C34885;NCIT:C3333;NCIT:C2911;NCIT:C35650;NCIT:C3364;NCIT:C35025;NCIT:C37935;NCIT:C34632;NCIT:C116006;NCIT:C34965;NCIT:C26738;NCIT:C3038;NCIT:C128320;NCIT:C26887;NCIT:C157974	Study Control	NCIT:C142703	Finland	NCIT:C16584	feces	UBERON:0001988	Infant	NCIT:C27956	43	Day	0.1	1	0	No	Paolo_Manghi,Svetlana_Ugarcina_Perovic	Healthy	NA	NA	NCIT:C115935	Qiagen	HLA protein complex with DQ5 serotype	MRO:0001626	SRR4305206	27133167	IlluminaHiSeq	Male	NCIT:C20197	NA	NA	Yes	Homo sapiens
VatanenT_2016	E022960	G78768	Otitis Media;Pneumonia;bronchitis;Upper Respiratory Tract Infection;Septicemia;Skin Infection;Cough;Gastroenteritis;Tonsillitis;Pyelonephritis;Cystitis;Fever;Infectious Disorder;Stomatitis;Salmonellosis	NCIT:C34885;NCIT:C3333;NCIT:C2911;NCIT:C35650;NCIT:C3364;NCIT:C35025;NCIT:C37935;NCIT:C34632;NCIT:C116006;NCIT:C34965;NCIT:C26738;NCIT:C3038;NCIT:C128320;NCIT:C26887;NCIT:C157974	Case	NCIT:C49152	Finland	NCIT:C16584	feces	UBERON:0001988	Infant	NCIT:C27956	310	Day	0.8	10	267	Yes	Paolo_Manghi,Svetlana_Ugarcina_Perovic	Skin Infection	NA	NA	NCIT:C35025	Qiagen	HLA protein complex with DQ5 serotype	MRO:0001626	SRR4305273	27133167	IlluminaHiSeq	Male	NCIT:C20197	Cephalosporin Antibiotic	NCIT:C357	Yes	Homo sapiens
VatanenT_2016	E022960	G78769	Otitis Media;Pneumonia;bronchitis;Upper Respiratory Tract Infection;Septicemia;Skin Infection;Cough;Gastroenteritis;Tonsillitis;Pyelonephritis;Cystitis;Fever;Infectious Disorder;Stomatitis;Salmonellosis	NCIT:C34885;NCIT:C3333;NCIT:C2911;NCIT:C35650;NCIT:C3364;NCIT:C35025;NCIT:C37935;NCIT:C34632;NCIT:C116006;NCIT:C34965;NCIT:C26738;NCIT:C3038;NCIT:C128320;NCIT:C26887;NCIT:C157974	Case	NCIT:C49152	Finland	NCIT:C16584	feces	UBERON:0001988	Infant	NCIT:C27956	209	Day	0.6	7	166	Yes	Paolo_Manghi,Svetlana_Ugarcina_Perovic	Skin Infection	NA	NA	NCIT:C35025	Qiagen	HLA protein complex with DQ5 serotype	MRO:0001626	SRR4305274	27133167	IlluminaHiSeq	Male	NCIT:C20197	Cephalosporin Antibiotic	NCIT:C357	Yes	Homo sapiens
VatanenT_2016	E022960	G78872	Otitis Media;Pneumonia;bronchitis;Upper Respiratory Tract Infection;Septicemia;Skin Infection;Cough;Gastroenteritis;Tonsillitis;Pyelonephritis;Cystitis;Fever;Infectious Disorder;Stomatitis;Salmonellosis	NCIT:C34885;NCIT:C3333;NCIT:C2911;NCIT:C35650;NCIT:C3364;NCIT:C35025;NCIT:C37935;NCIT:C34632;NCIT:C116006;NCIT:C34965;NCIT:C26738;NCIT:C3038;NCIT:C128320;NCIT:C26887;NCIT:C157974	Study Control	NCIT:C142703	Finland	NCIT:C16584	feces	UBERON:0001988	Infant	NCIT:C27956	124	Day	0.3	4	81	No	Paolo_Manghi,Svetlana_Ugarcina_Perovic	Healthy	NA	NA	NCIT:C115935	Qiagen	HLA protein complex with DQ5 serotype	MRO:0001626	SRR4305373	27133167	IlluminaHiSeq	Male	NCIT:C20197	NA	NA	Yes	Homo sapiens
VatanenT_2016	E022960	G80288	Otitis Media;Pneumonia;bronchitis;Upper Respiratory Tract Infection;Septicemia;Skin Infection;Cough;Gastroenteritis;Tonsillitis;Pyelonephritis;Cystitis;Fever;Infectious Disorder;Stomatitis;Salmonellosis	NCIT:C34885;NCIT:C3333;NCIT:C2911;NCIT:C35650;NCIT:C3364;NCIT:C35025;NCIT:C37935;NCIT:C34632;NCIT:C116006;NCIT:C34965;NCIT:C26738;NCIT:C3038;NCIT:C128320;NCIT:C26887;NCIT:C157974	Study Control	NCIT:C142703	Finland	NCIT:C16584	feces	UBERON:0001988	Child	NCIT:C49683	848	Day	2.3	28	805	No	Paolo_Manghi,Svetlana_Ugarcina_Perovic	Healthy	NA	NA	NCIT:C115935	Qiagen	HLA protein complex with DQ5 serotype	MRO:0001626	SRR4305448	27133167	IlluminaHiSeq	Male	NCIT:C20197	NA	NA	Yes	Homo sapiens
VatanenT_2016	E022960	G80296	Otitis Media;Pneumonia;bronchitis;Upper Respiratory Tract Infection;Septicemia;Skin Infection;Cough;Gastroenteritis;Tonsillitis;Pyelonephritis;Cystitis;Fever;Infectious Disorder;Stomatitis;Salmonellosis	NCIT:C34885;NCIT:C3333;NCIT:C2911;NCIT:C35650;NCIT:C3364;NCIT:C35025;NCIT:C37935;NCIT:C34632;NCIT:C116006;NCIT:C34965;NCIT:C26738;NCIT:C3038;NCIT:C128320;NCIT:C26887;NCIT:C157974	Study Control	NCIT:C142703	Finland	NCIT:C16584	feces	UBERON:0001988	Child	NCIT:C49683	1101	Day	3	36	1058	No	Paolo_Manghi,Svetlana_Ugarcina_Perovic	Healthy	NA	NA	NCIT:C115935	Qiagen	HLA protein complex with DQ5 serotype	MRO:0001626	SRR4305455	27133167	IlluminaHiSeq	Male	NCIT:C20197	NA	NA	Yes	Homo sapiens
VatanenT_2016	E022960	G80314	Otitis Media;Pneumonia;bronchitis;Upper Respiratory Tract Infection;Septicemia;Skin Infection;Cough;Gastroenteritis;Tonsillitis;Pyelonephritis;Cystitis;Fever;Infectious Disorder;Stomatitis;Salmonellosis	NCIT:C34885;NCIT:C3333;NCIT:C2911;NCIT:C35650;NCIT:C3364;NCIT:C35025;NCIT:C37935;NCIT:C34632;NCIT:C116006;NCIT:C34965;NCIT:C26738;NCIT:C3038;NCIT:C128320;NCIT:C26887;NCIT:C157974	Case	NCIT:C49152	Finland	NCIT:C16584	feces	UBERON:0001988	Infant	NCIT:C27956	488	Day	1.3	16	445	Yes	Paolo_Manghi,Svetlana_Ugarcina_Perovic	Otitis Media	NA	NA	NCIT:C34885	Qiagen	HLA protein complex with DQ5 serotype	MRO:0001626	SRR4305474	27133167	IlluminaHiSeq	Male	NCIT:C20197	Cephalosporin Antibiotic;Macrolide Antibiotic;Penicillin Antibiotic;Sulfonamide Anti-Infective Agent	NCIT:C357;NCIT:C261;NCIT:C1500;NCIT:C29739	Yes	Homo sapiens
VatanenT_2016	E022960	G80335	Otitis Media;Pneumonia;bronchitis;Upper Respiratory Tract Infection;Septicemia;Skin Infection;Cough;Gastroenteritis;Tonsillitis;Pyelonephritis;Cystitis;Fever;Infectious Disorder;Stomatitis;Salmonellosis	NCIT:C34885;NCIT:C3333;NCIT:C2911;NCIT:C35650;NCIT:C3364;NCIT:C35025;NCIT:C37935;NCIT:C34632;NCIT:C116006;NCIT:C34965;NCIT:C26738;NCIT:C3038;NCIT:C128320;NCIT:C26887;NCIT:C157974	Case	NCIT:C49152	Finland	NCIT:C16584	feces	UBERON:0001988	Infant	NCIT:C27956	401	Day	1.1	13	358	Yes	Paolo_Manghi,Svetlana_Ugarcina_Perovic	Otitis Media	NA	NA	NCIT:C34885	Qiagen	HLA protein complex with DQ5 serotype	MRO:0001626	SRR4408058	27133167	IlluminaHiSeq	Male	NCIT:C20197	Cephalosporin Antibiotic;Macrolide Antibiotic;Penicillin Antibiotic;Sulfonamide Anti-Infective Agent	NCIT:C357;NCIT:C261;NCIT:C1500;NCIT:C29739	Yes	Homo sapiens
VatanenT_2016	E022960	G80352	Otitis Media;Pneumonia;bronchitis;Upper Respiratory Tract Infection;Septicemia;Skin Infection;Cough;Gastroenteritis;Tonsillitis;Pyelonephritis;Cystitis;Fever;Infectious Disorder;Stomatitis;Salmonellosis	NCIT:C34885;NCIT:C3333;NCIT:C2911;NCIT:C35650;NCIT:C3364;NCIT:C35025;NCIT:C37935;NCIT:C34632;NCIT:C116006;NCIT:C34965;NCIT:C26738;NCIT:C3038;NCIT:C128320;NCIT:C26887;NCIT:C157974	Study Control	NCIT:C142703	Finland	NCIT:C16584	feces	UBERON:0001988	Infant	NCIT:C27956	578	Day	1.6	19	535	No	Paolo_Manghi,Svetlana_Ugarcina_Perovic	Healthy	NA	NA	NCIT:C115935	Qiagen	HLA protein complex with DQ5 serotype	MRO:0001626	SRR4408219	27133167	IlluminaHiSeq	Male	NCIT:C20197	NA	NA	Yes	Homo sapiens
VatanenT_2016	E023535	G78616	Otitis Media;Pneumonia;bronchitis;Upper Respiratory Tract Infection;Septicemia;Skin Infection;Cough;Gastroenteritis;Tonsillitis;Pyelonephritis;Cystitis;Fever;Infectious Disorder;Stomatitis;Salmonellosis	NCIT:C34885;NCIT:C3333;NCIT:C2911;NCIT:C35650;NCIT:C3364;NCIT:C35025;NCIT:C37935;NCIT:C34632;NCIT:C116006;NCIT:C34965;NCIT:C26738;NCIT:C3038;NCIT:C128320;NCIT:C26887;NCIT:C157974	Study Control	NCIT:C142703	Finland	NCIT:C16584	feces	UBERON:0001988	Infant	NCIT:C27956	410	Day	1.1	13	358	Yes	Paolo_Manghi,Svetlana_Ugarcina_Perovic	Healthy	NA	NA	NCIT:C115935	Qiagen	HLA-DRB1*04:01 protein complex	MRO:0001290	SRR4305148	27133167	IlluminaHiSeq	Male	NCIT:C20197	Cephalosporin Antibiotic	NCIT:C357	Yes	Homo sapiens
VatanenT_2016	E023535	G69177	Otitis Media;Pneumonia;bronchitis;Upper Respiratory Tract Infection;Septicemia;Skin Infection;Cough;Gastroenteritis;Tonsillitis;Pyelonephritis;Cystitis;Fever;Infectious Disorder;Stomatitis;Salmonellosis	NCIT:C34885;NCIT:C3333;NCIT:C2911;NCIT:C35650;NCIT:C3364;NCIT:C35025;NCIT:C37935;NCIT:C34632;NCIT:C116006;NCIT:C34965;NCIT:C26738;NCIT:C3038;NCIT:C128320;NCIT:C26887;NCIT:C157974	Study Control	NCIT:C142703	Finland	NCIT:C16584	feces	UBERON:0001988	Infant	NCIT:C27956	475	Day	1.3	16	423	Yes	Paolo_Manghi,Svetlana_Ugarcina_Perovic	Healthy	NA	NA	NCIT:C115935	Qiagen	HLA-DRB1*04:01 protein complex	MRO:0001290	SRR4305221	27133167	IlluminaHiSeq	Male	NCIT:C20197	Cephalosporin Antibiotic	NCIT:C357	Yes	Homo sapiens
VatanenT_2016	E023535	G78803	Otitis Media;Pneumonia;bronchitis;Upper Respiratory Tract Infection;Septicemia;Skin Infection;Cough;Gastroenteritis;Tonsillitis;Pyelonephritis;Cystitis;Fever;Infectious Disorder;Stomatitis;Salmonellosis	NCIT:C34885;NCIT:C3333;NCIT:C2911;NCIT:C35650;NCIT:C3364;NCIT:C35025;NCIT:C37935;NCIT:C34632;NCIT:C116006;NCIT:C34965;NCIT:C26738;NCIT:C3038;NCIT:C128320;NCIT:C26887;NCIT:C157974	Study Control	NCIT:C142703	Finland	NCIT:C16584	feces	UBERON:0001988	Child	NCIT:C49683	821	Day	2.2	27	769	No	Paolo_Manghi,Svetlana_Ugarcina_Perovic	Healthy	NA	NA	NCIT:C115935	Qiagen	HLA-DRB1*04:01 protein complex	MRO:0001290	SRR4305305	27133167	IlluminaHiSeq	Male	NCIT:C20197	NA	NA	Yes	Homo sapiens
VatanenT_2016	E023535	G80474	Otitis Media;Pneumonia;bronchitis;Upper Respiratory Tract Infection;Septicemia;Skin Infection;Cough;Gastroenteritis;Tonsillitis;Pyelonephritis;Cystitis;Fever;Infectious Disorder;Stomatitis;Salmonellosis	NCIT:C34885;NCIT:C3333;NCIT:C2911;NCIT:C35650;NCIT:C3364;NCIT:C35025;NCIT:C37935;NCIT:C34632;NCIT:C116006;NCIT:C34965;NCIT:C26738;NCIT:C3038;NCIT:C128320;NCIT:C26887;NCIT:C157974	Study Control	NCIT:C142703	Finland	NCIT:C16584	feces	UBERON:0001988	Infant	NCIT:C27956	132	Day	0.4	4	80	No	Paolo_Manghi,Svetlana_Ugarcina_Perovic	Healthy	NA	NA	NCIT:C115935	Qiagen	HLA-DRB1*04:01 protein complex	MRO:0001290	SRR4408057	27133167	IlluminaHiSeq	Male	NCIT:C20197	NA	NA	Yes	Homo sapiens
VatanenT_2016	E023535	G80570	Otitis Media;Pneumonia;bronchitis;Upper Respiratory Tract Infection;Septicemia;Skin Infection;Cough;Gastroenteritis;Tonsillitis;Pyelonephritis;Cystitis;Fever;Infectious Disorder;Stomatitis;Salmonellosis	NCIT:C34885;NCIT:C3333;NCIT:C2911;NCIT:C35650;NCIT:C3364;NCIT:C35025;NCIT:C37935;NCIT:C34632;NCIT:C116006;NCIT:C34965;NCIT:C26738;NCIT:C3038;NCIT:C128320;NCIT:C26887;NCIT:C157974	Study Control	NCIT:C142703	Finland	NCIT:C16584	feces	UBERON:0001988	Infant	NCIT:C27956	52	Day	0.1	2	0	No	Paolo_Manghi,Svetlana_Ugarcina_Perovic	Healthy	NA	NA	NCIT:C115935	Qiagen	HLA-DRB1*04:01 protein complex	MRO:0001290	SRR4408163	27133167	IlluminaHiSeq	Male	NCIT:C20197	NA	NA	Yes	Homo sapiens
VatanenT_2016	E023535	G80346	Otitis Media;Pneumonia;bronchitis;Upper Respiratory Tract Infection;Septicemia;Skin Infection;Cough;Gastroenteritis;Tonsillitis;Pyelonephritis;Cystitis;Fever;Infectious Disorder;Stomatitis;Salmonellosis	NCIT:C34885;NCIT:C3333;NCIT:C2911;NCIT:C35650;NCIT:C3364;NCIT:C35025;NCIT:C37935;NCIT:C34632;NCIT:C116006;NCIT:C34965;NCIT:C26738;NCIT:C3038;NCIT:C128320;NCIT:C26887;NCIT:C157974	Study Control	NCIT:C142703	Finland	NCIT:C16584	feces	UBERON:0001988	Infant	NCIT:C27956	578	Day	1.6	19	526	No	Paolo_Manghi,Svetlana_Ugarcina_Perovic	Healthy	NA	NA	NCIT:C115935	Qiagen	HLA-DRB1*04:01 protein complex	MRO:0001290	SRR4408187	27133167	IlluminaHiSeq	Male	NCIT:C20197	NA	NA	Yes	Homo sapiens
VatanenT_2016	E023681	G78710	Otitis Media;Pneumonia;bronchitis;Upper Respiratory Tract Infection;Septicemia;Skin Infection;Cough;Gastroenteritis;Tonsillitis;Pyelonephritis;Cystitis;Fever;Infectious Disorder;Stomatitis;Salmonellosis	NCIT:C34885;NCIT:C3333;NCIT:C2911;NCIT:C35650;NCIT:C3364;NCIT:C35025;NCIT:C37935;NCIT:C34632;NCIT:C116006;NCIT:C34965;NCIT:C26738;NCIT:C3038;NCIT:C128320;NCIT:C26887;NCIT:C157974	Study Control	NCIT:C142703	Finland	NCIT:C16584	feces	UBERON:0001988	Infant	NCIT:C27956	409	Day	1.1	13	0	No	Paolo_Manghi,Svetlana_Ugarcina_Perovic	Healthy	NA	NA	NCIT:C115935	Qiagen	HLA protein complex with DQ3 serotype;HLA protein complex with DQ5 serotype	MRO:0001622;MRO:0001626	SRR4305230	27133167	IlluminaHiSeq	Female	NCIT:C16576	NA	NA	Yes	Homo sapiens
VatanenT_2016	E023681	G80399	Otitis Media;Pneumonia;bronchitis;Upper Respiratory Tract Infection;Septicemia;Skin Infection;Cough;Gastroenteritis;Tonsillitis;Pyelonephritis;Cystitis;Fever;Infectious Disorder;Stomatitis;Salmonellosis	NCIT:C34885;NCIT:C3333;NCIT:C2911;NCIT:C35650;NCIT:C3364;NCIT:C35025;NCIT:C37935;NCIT:C34632;NCIT:C116006;NCIT:C34965;NCIT:C26738;NCIT:C3038;NCIT:C128320;NCIT:C26887;NCIT:C157974	Study Control	NCIT:C142703	Finland	NCIT:C16584	feces	UBERON:0001988	Infant	NCIT:C27956	580	Day	1.6	19	171	No	Paolo_Manghi,Svetlana_Ugarcina_Perovic	Healthy	NA	NA	NCIT:C115935	Qiagen	HLA protein complex with DQ3 serotype;HLA protein complex with DQ5 serotype	MRO:0001622;MRO:0001626	SRR4408270	27133167	IlluminaHiSeq	Female	NCIT:C16576	NA	NA	Yes	Homo sapiens
VatanenT_2016	E023705	G78770	Otitis Media;Pneumonia;bronchitis;Upper Respiratory Tract Infection;Septicemia;Skin Infection;Cough;Gastroenteritis;Tonsillitis;Pyelonephritis;Cystitis;Fever;Infectious Disorder;Stomatitis;Salmonellosis	NCIT:C34885;NCIT:C3333;NCIT:C2911;NCIT:C35650;NCIT:C3364;NCIT:C35025;NCIT:C37935;NCIT:C34632;NCIT:C116006;NCIT:C34965;NCIT:C26738;NCIT:C3038;NCIT:C128320;NCIT:C26887;NCIT:C157974	Study Control	NCIT:C142703	Finland	NCIT:C16584	feces	UBERON:0001988	Infant	NCIT:C27956	212	Day	0.6	7	76	No	Paolo_Manghi,Svetlana_Ugarcina_Perovic	Healthy	NA	NA	NCIT:C115935	Qiagen	HLA protein complex with DQ5 serotype	MRO:0001626	SRR4305275	27133167	IlluminaHiSeq	Female	NCIT:C16576	NA	NA	Yes	Homo sapiens
VatanenT_2016	E023705	G78772	Otitis Media;Pneumonia;bronchitis;Upper Respiratory Tract Infection;Septicemia;Skin Infection;Cough;Gastroenteritis;Tonsillitis;Pyelonephritis;Cystitis;Fever;Infectious Disorder;Stomatitis;Salmonellosis	NCIT:C34885;NCIT:C3333;NCIT:C2911;NCIT:C35650;NCIT:C3364;NCIT:C35025;NCIT:C37935;NCIT:C34632;NCIT:C116006;NCIT:C34965;NCIT:C26738;NCIT:C3038;NCIT:C128320;NCIT:C26887;NCIT:C157974	Case	NCIT:C49152	Finland	NCIT:C16584	feces	UBERON:0001988	Infant	NCIT:C27956	396	Day	1.1	13	260	Yes	Paolo_Manghi,Svetlana_Ugarcina_Perovic	Otitis Media	NA	NA	NCIT:C34885	Qiagen	HLA protein complex with DQ5 serotype	MRO:0001626	SRR4305276	27133167	IlluminaHiSeq	Female	NCIT:C16576	Penicillin Antibiotic	NCIT:C1500	Yes	Homo sapiens
VatanenT_2016	E023705	G78875	Otitis Media;Pneumonia;bronchitis;Upper Respiratory Tract Infection;Septicemia;Skin Infection;Cough;Gastroenteritis;Tonsillitis;Pyelonephritis;Cystitis;Fever;Infectious Disorder;Stomatitis;Salmonellosis	NCIT:C34885;NCIT:C3333;NCIT:C2911;NCIT:C35650;NCIT:C3364;NCIT:C35025;NCIT:C37935;NCIT:C34632;NCIT:C116006;NCIT:C34965;NCIT:C26738;NCIT:C3038;NCIT:C128320;NCIT:C26887;NCIT:C157974	Study Control	NCIT:C142703	Finland	NCIT:C16584	feces	UBERON:0001988	Infant	NCIT:C27956	136	Day	0.4	4	0	No	Paolo_Manghi,Svetlana_Ugarcina_Perovic	Healthy	NA	NA	NCIT:C115935	Qiagen	HLA protein complex with DQ5 serotype	MRO:0001626	SRR4305376	27133167	IlluminaHiSeq	Female	NCIT:C16576	NA	NA	Yes	Homo sapiens
VatanenT_2016	E023839	G80581	Otitis Media;Pneumonia;bronchitis;Upper Respiratory Tract Infection;Septicemia;Skin Infection;Cough;Gastroenteritis;Tonsillitis;Pyelonephritis;Cystitis;Fever;Infectious Disorder;Stomatitis;Salmonellosis	NCIT:C34885;NCIT:C3333;NCIT:C2911;NCIT:C35650;NCIT:C3364;NCIT:C35025;NCIT:C37935;NCIT:C34632;NCIT:C116006;NCIT:C34965;NCIT:C26738;NCIT:C3038;NCIT:C128320;NCIT:C26887;NCIT:C157974	Case	NCIT:C49152	Finland	NCIT:C16584	feces	UBERON:0001988	Infant	NCIT:C27956	46	Day	0.1	2	0	Yes	Paolo_Manghi,Svetlana_Ugarcina_Perovic	Otitis Media	NA	NA	NCIT:C34885	Qiagen	HLA protein complex with DQ5 serotype	MRO:0001626	SRR4408175	27133167	IlluminaHiSeq	Female	NCIT:C16576	Beta-lactamase Inhibitor;Penicillin Antibiotic	NCIT:C183118;NCIT:C1500	Yes	Homo sapiens
VatanenT_2016	E023839	G80402	Otitis Media;Pneumonia;bronchitis;Upper Respiratory Tract Infection;Septicemia;Skin Infection;Cough;Gastroenteritis;Tonsillitis;Pyelonephritis;Cystitis;Fever;Infectious Disorder;Stomatitis;Salmonellosis	NCIT:C34885;NCIT:C3333;NCIT:C2911;NCIT:C35650;NCIT:C3364;NCIT:C35025;NCIT:C37935;NCIT:C34632;NCIT:C116006;NCIT:C34965;NCIT:C26738;NCIT:C3038;NCIT:C128320;NCIT:C26887;NCIT:C157974	Study Control	NCIT:C142703	Finland	NCIT:C16584	feces	UBERON:0001988	Infant	NCIT:C27956	502	Day	1.4	16	456	No	Paolo_Manghi,Svetlana_Ugarcina_Perovic	Healthy	NA	NA	NCIT:C115935	Qiagen	HLA protein complex with DQ5 serotype	MRO:0001626	SRR4408274	27133167	IlluminaHiSeq	Female	NCIT:C16576	NA	NA	Yes	Homo sapiens
VatanenT_2016	E024240	G78573	Otitis Media;Pneumonia;bronchitis;Upper Respiratory Tract Infection;Septicemia;Skin Infection;Cough;Gastroenteritis;Tonsillitis;Pyelonephritis;Cystitis;Fever;Infectious Disorder;Stomatitis;Salmonellosis	NCIT:C34885;NCIT:C3333;NCIT:C2911;NCIT:C35650;NCIT:C3364;NCIT:C35025;NCIT:C37935;NCIT:C34632;NCIT:C116006;NCIT:C34965;NCIT:C26738;NCIT:C3038;NCIT:C128320;NCIT:C26887;NCIT:C157974	Case	NCIT:C49152	Finland	NCIT:C16584	feces	UBERON:0001988	Infant	NCIT:C27956	589	Day	1.6	19	0	Yes	Paolo_Manghi,Svetlana_Ugarcina_Perovic	Otitis Media	NA	NA	NCIT:C34885	Qiagen	HLA protein complex with DQ5 serotype	MRO:0001626	SRR4305101	27133167	IlluminaHiSeq	Female	NCIT:C16576	Penicillin Antibiotic	NCIT:C1500	Yes	Homo sapiens
VatanenT_2016	E024240	G78574	Otitis Media;Pneumonia;bronchitis;Upper Respiratory Tract Infection;Septicemia;Skin Infection;Cough;Gastroenteritis;Tonsillitis;Pyelonephritis;Cystitis;Fever;Infectious Disorder;Stomatitis;Salmonellosis	NCIT:C34885;NCIT:C3333;NCIT:C2911;NCIT:C35650;NCIT:C3364;NCIT:C35025;NCIT:C37935;NCIT:C34632;NCIT:C116006;NCIT:C34965;NCIT:C26738;NCIT:C3038;NCIT:C128320;NCIT:C26887;NCIT:C157974	Case	NCIT:C49152	Finland	NCIT:C16584	feces	UBERON:0001988	Infant	NCIT:C27956	667	Day	1.8	22	78	Yes	Paolo_Manghi,Svetlana_Ugarcina_Perovic	Otitis Media	NA	NA	NCIT:C34885	Qiagen	HLA protein complex with DQ5 serotype	MRO:0001626	SRR4305102	27133167	IlluminaHiSeq	Female	NCIT:C16576	Penicillin Antibiotic	NCIT:C1500	Yes	Homo sapiens
VatanenT_2016	E024240	G78806	Otitis Media;Pneumonia;bronchitis;Upper Respiratory Tract Infection;Septicemia;Skin Infection;Cough;Gastroenteritis;Tonsillitis;Pyelonephritis;Cystitis;Fever;Infectious Disorder;Stomatitis;Salmonellosis	NCIT:C34885;NCIT:C3333;NCIT:C2911;NCIT:C35650;NCIT:C3364;NCIT:C35025;NCIT:C37935;NCIT:C34632;NCIT:C116006;NCIT:C34965;NCIT:C26738;NCIT:C3038;NCIT:C128320;NCIT:C26887;NCIT:C157974	Study Control	NCIT:C142703	Finland	NCIT:C16584	feces	UBERON:0001988	Child	NCIT:C49683	1067	Day	2.9	35	478	No	Paolo_Manghi,Svetlana_Ugarcina_Perovic	Healthy	NA	NA	NCIT:C115935	Qiagen	HLA protein complex with DQ5 serotype	MRO:0001626	SRR4305308	27133167	IlluminaHiSeq	Female	NCIT:C16576	NA	NA	Yes	Homo sapiens
VatanenT_2016	E024646	G78617	Otitis Media;Pneumonia;bronchitis;Upper Respiratory Tract Infection;Septicemia;Skin Infection;Cough;Gastroenteritis;Tonsillitis;Pyelonephritis;Cystitis;Fever;Infectious Disorder;Stomatitis;Salmonellosis	NCIT:C34885;NCIT:C3333;NCIT:C2911;NCIT:C35650;NCIT:C3364;NCIT:C35025;NCIT:C37935;NCIT:C34632;NCIT:C116006;NCIT:C34965;NCIT:C26738;NCIT:C3038;NCIT:C128320;NCIT:C26887;NCIT:C157974	Case	NCIT:C49152	Finland	NCIT:C16584	feces	UBERON:0001988	Infant	NCIT:C27956	525	Day	1.4	17	478	Yes	Paolo_Manghi,Svetlana_Ugarcina_Perovic	Otitis Media	NA	NA	NCIT:C34885	Qiagen	HLA protein complex with DQ3 serotype;HLA protein complex with DQ3 serotype;HLA-DRB1*04:01 protein complex	MRO:0001622;MRO:0001622;MRO:0001290	SRR4305149	27133167	IlluminaHiSeq	Male	NCIT:C20197	Cephalosporin Antibiotic;Macrolide Antibiotic	NCIT:C357;NCIT:C261	Yes	Homo sapiens
VatanenT_2016	E024646	G80430	Otitis Media;Pneumonia;bronchitis;Upper Respiratory Tract Infection;Septicemia;Skin Infection;Cough;Gastroenteritis;Tonsillitis;Pyelonephritis;Cystitis;Fever;Infectious Disorder;Stomatitis;Salmonellosis	NCIT:C34885;NCIT:C3333;NCIT:C2911;NCIT:C35650;NCIT:C3364;NCIT:C35025;NCIT:C37935;NCIT:C34632;NCIT:C116006;NCIT:C34965;NCIT:C26738;NCIT:C3038;NCIT:C128320;NCIT:C26887;NCIT:C157974	Case	NCIT:C49152	Finland	NCIT:C16584	feces	UBERON:0001988	Infant	NCIT:C27956	293	Day	0.8	10	246	Yes	Paolo_Manghi,Svetlana_Ugarcina_Perovic	Otitis Media	NA	NA	NCIT:C34885	Qiagen	HLA protein complex with DQ3 serotype;HLA protein complex with DQ3 serotype;HLA-DRB1*04:01 protein complex	MRO:0001622;MRO:0001622;MRO:0001290	SRR4408013	27133167	IlluminaHiSeq	Male	NCIT:C20197	Beta-lactamase Inhibitor;Penicillin Antibiotic	NCIT:C183118;NCIT:C1500	Yes	Homo sapiens
VatanenT_2016	E024646	G80566	Otitis Media;Pneumonia;bronchitis;Upper Respiratory Tract Infection;Septicemia;Skin Infection;Cough;Gastroenteritis;Tonsillitis;Pyelonephritis;Cystitis;Fever;Infectious Disorder;Stomatitis;Salmonellosis	NCIT:C34885;NCIT:C3333;NCIT:C2911;NCIT:C35650;NCIT:C3364;NCIT:C35025;NCIT:C37935;NCIT:C34632;NCIT:C116006;NCIT:C34965;NCIT:C26738;NCIT:C3038;NCIT:C128320;NCIT:C26887;NCIT:C157974	Study Control	NCIT:C142703	Finland	NCIT:C16584	feces	UBERON:0001988	Infant	NCIT:C27956	47	Day	0.1	2	0	No	Paolo_Manghi,Svetlana_Ugarcina_Perovic	Healthy	NA	NA	NCIT:C115935	Qiagen	HLA protein complex with DQ3 serotype;HLA protein complex with DQ3 serotype;HLA-DRB1*04:01 protein complex	MRO:0001622;MRO:0001622;MRO:0001290	SRR4408159	27133167	IlluminaHiSeq	Male	NCIT:C20197	NA	NA	Yes	Homo sapiens
VatanenT_2016	E025671	G78619	Otitis Media;Pneumonia;bronchitis;Upper Respiratory Tract Infection;Septicemia;Skin Infection;Cough;Gastroenteritis;Tonsillitis;Pyelonephritis;Cystitis;Fever;Infectious Disorder;Stomatitis;Salmonellosis	NCIT:C34885;NCIT:C3333;NCIT:C2911;NCIT:C35650;NCIT:C3364;NCIT:C35025;NCIT:C37935;NCIT:C34632;NCIT:C116006;NCIT:C34965;NCIT:C26738;NCIT:C3038;NCIT:C128320;NCIT:C26887;NCIT:C157974	Case	NCIT:C49152	Finland	NCIT:C16584	feces	UBERON:0001988	Infant	NCIT:C27956	474	Day	1.3	16	355	Yes	Paolo_Manghi,Svetlana_Ugarcina_Perovic	Otitis Media	NA	NA	NCIT:C34885	Qiagen	HLA protein complex with DQ3 serotype;HLA protein complex with DQ3 serotype;HLA-DRB1*04:04 protein complex	MRO:0001622;MRO:0001622;MRO:0001293	SRR4305151	27133167	IlluminaHiSeq	Male	NCIT:C20197	Cephalosporin Antibiotic;Penicillin Antibiotic	NCIT:C357;NCIT:C1500	Yes	Homo sapiens
VatanenT_2016	E025671	G80273	Otitis Media;Pneumonia;bronchitis;Upper Respiratory Tract Infection;Septicemia;Skin Infection;Cough;Gastroenteritis;Tonsillitis;Pyelonephritis;Cystitis;Fever;Infectious Disorder;Stomatitis;Salmonellosis	NCIT:C34885;NCIT:C3333;NCIT:C2911;NCIT:C35650;NCIT:C3364;NCIT:C35025;NCIT:C37935;NCIT:C34632;NCIT:C116006;NCIT:C34965;NCIT:C26738;NCIT:C3038;NCIT:C128320;NCIT:C26887;NCIT:C157974	Case	NCIT:C49152	Finland	NCIT:C16584	feces	UBERON:0001988	Child	NCIT:C49683	840	Day	2.3	28	721	Yes	Paolo_Manghi,Svetlana_Ugarcina_Perovic	Otitis Media	NA	NA	NCIT:C34885	Qiagen	HLA protein complex with DQ3 serotype;HLA protein complex with DQ3 serotype;HLA-DRB1*04:04 protein complex	MRO:0001622;MRO:0001622;MRO:0001293	SRR4305431	27133167	IlluminaHiSeq	Male	NCIT:C20197	Beta-lactamase Inhibitor;Macrolide Antibiotic;Penicillin Antibiotic;Sulfonamide Anti-Infective Agent	NCIT:C183118;NCIT:C261;NCIT:C1500;NCIT:C29739	Yes	Homo sapiens
VatanenT_2016	E025671	G80499	Otitis Media;Pneumonia;bronchitis;Upper Respiratory Tract Infection;Septicemia;Skin Infection;Cough;Gastroenteritis;Tonsillitis;Pyelonephritis;Cystitis;Fever;Infectious Disorder;Stomatitis;Salmonellosis	NCIT:C34885;NCIT:C3333;NCIT:C2911;NCIT:C35650;NCIT:C3364;NCIT:C35025;NCIT:C37935;NCIT:C34632;NCIT:C116006;NCIT:C34965;NCIT:C26738;NCIT:C3038;NCIT:C128320;NCIT:C26887;NCIT:C157974	Study Control	NCIT:C142703	Finland	NCIT:C16584	feces	UBERON:0001988	Infant	NCIT:C27956	119	Day	0.3	4	0	No	Paolo_Manghi,Svetlana_Ugarcina_Perovic	Healthy	NA	NA	NCIT:C115935	Qiagen	HLA protein complex with DQ3 serotype;HLA protein complex with DQ3 serotype;HLA-DRB1*04:04 protein complex	MRO:0001622;MRO:0001622;MRO:0001293	SRR4408085	27133167	IlluminaHiSeq	Male	NCIT:C20197	NA	NA	Yes	Homo sapiens
VatanenT_2016	E025830	G80556	Otitis Media;Pneumonia;bronchitis;Upper Respiratory Tract Infection;Septicemia;Skin Infection;Cough;Gastroenteritis;Tonsillitis;Pyelonephritis;Cystitis;Fever;Infectious Disorder;Stomatitis;Salmonellosis	NCIT:C34885;NCIT:C3333;NCIT:C2911;NCIT:C35650;NCIT:C3364;NCIT:C35025;NCIT:C37935;NCIT:C34632;NCIT:C116006;NCIT:C34965;NCIT:C26738;NCIT:C3038;NCIT:C128320;NCIT:C26887;NCIT:C157974	Study Control	NCIT:C142703	Finland	NCIT:C16584	feces	UBERON:0001988	Infant	NCIT:C27956	136	Day	0.4	4	0	No	Paolo_Manghi,Svetlana_Ugarcina_Perovic	Healthy	NA	NA	NCIT:C115935	Qiagen	HLA-DRB1*04:01 protein complex;HLA-DRB1*04:01 protein complex	MRO:0001290;MRO:0001290	SRR4408149	27133167	IlluminaHiSeq	Male	NCIT:C20197	NA	NA	Yes	Homo sapiens
VatanenT_2016	E025912	G78575	Otitis Media;Pneumonia;bronchitis;Upper Respiratory Tract Infection;Septicemia;Skin Infection;Cough;Gastroenteritis;Tonsillitis;Pyelonephritis;Cystitis;Fever;Infectious Disorder;Stomatitis;Salmonellosis	NCIT:C34885;NCIT:C3333;NCIT:C2911;NCIT:C35650;NCIT:C3364;NCIT:C35025;NCIT:C37935;NCIT:C34632;NCIT:C116006;NCIT:C34965;NCIT:C26738;NCIT:C3038;NCIT:C128320;NCIT:C26887;NCIT:C157974	Study Control	NCIT:C142703	Finland	NCIT:C16584	feces	UBERON:0001988	Infant	NCIT:C27956	670	Day	1.8	22	628	No	Paolo_Manghi,Svetlana_Ugarcina_Perovic	Healthy	NA	NA	NCIT:C115935	Qiagen	HLA-DQA1*02:01 protein complex;HLA protein complex with DQ5 serotype	MRO:0001211;MRO:0001626	SRR4305103	27133167	IlluminaHiSeq	Female	NCIT:C16576	NA	NA	Yes	Homo sapiens
VatanenT_2016	E025912	G78620	Otitis Media;Pneumonia;bronchitis;Upper Respiratory Tract Infection;Septicemia;Skin Infection;Cough;Gastroenteritis;Tonsillitis;Pyelonephritis;Cystitis;Fever;Infectious Disorder;Stomatitis;Salmonellosis	NCIT:C34885;NCIT:C3333;NCIT:C2911;NCIT:C35650;NCIT:C3364;NCIT:C35025;NCIT:C37935;NCIT:C34632;NCIT:C116006;NCIT:C34965;NCIT:C26738;NCIT:C3038;NCIT:C128320;NCIT:C26887;NCIT:C157974	Study Control	NCIT:C142703	Finland	NCIT:C16584	feces	UBERON:0001988	Infant	NCIT:C27956	547	Day	1.5	18	505	No	Paolo_Manghi,Svetlana_Ugarcina_Perovic	Healthy	NA	NA	NCIT:C115935	Qiagen	HLA-DQA1*02:01 protein complex;HLA protein complex with DQ5 serotype	MRO:0001211;MRO:0001626	SRR4305152	27133167	IlluminaHiSeq	Female	NCIT:C16576	NA	NA	Yes	Homo sapiens
VatanenT_2016	E025912	G78621	Otitis Media;Pneumonia;bronchitis;Upper Respiratory Tract Infection;Septicemia;Skin Infection;Cough;Gastroenteritis;Tonsillitis;Pyelonephritis;Cystitis;Fever;Infectious Disorder;Stomatitis;Salmonellosis	NCIT:C34885;NCIT:C3333;NCIT:C2911;NCIT:C35650;NCIT:C3364;NCIT:C35025;NCIT:C37935;NCIT:C34632;NCIT:C116006;NCIT:C34965;NCIT:C26738;NCIT:C3038;NCIT:C128320;NCIT:C26887;NCIT:C157974	Study Control	NCIT:C142703	Finland	NCIT:C16584	feces	UBERON:0001988	Infant	NCIT:C27956	518	Day	1.4	17	476	No	Paolo_Manghi,Svetlana_Ugarcina_Perovic	Healthy	NA	NA	NCIT:C115935	Qiagen	HLA-DQA1*02:01 protein complex;HLA protein complex with DQ5 serotype	MRO:0001211;MRO:0001626	SRR4305153	27133167	IlluminaHiSeq	Female	NCIT:C16576	NA	NA	Yes	Homo sapiens
VatanenT_2016	E025912	G80572	Otitis Media;Pneumonia;bronchitis;Upper Respiratory Tract Infection;Septicemia;Skin Infection;Cough;Gastroenteritis;Tonsillitis;Pyelonephritis;Cystitis;Fever;Infectious Disorder;Stomatitis;Salmonellosis	NCIT:C34885;NCIT:C3333;NCIT:C2911;NCIT:C35650;NCIT:C3364;NCIT:C35025;NCIT:C37935;NCIT:C34632;NCIT:C116006;NCIT:C34965;NCIT:C26738;NCIT:C3038;NCIT:C128320;NCIT:C26887;NCIT:C157974	Study Control	NCIT:C142703	Finland	NCIT:C16584	feces	UBERON:0001988	Infant	NCIT:C27956	42	Day	0.1	1	0	No	Paolo_Manghi,Svetlana_Ugarcina_Perovic	Healthy	NA	NA	NCIT:C115935	Qiagen	HLA-DQA1*02:01 protein complex;HLA protein complex with DQ5 serotype	MRO:0001211;MRO:0001626	SRR4408166	27133167	IlluminaHiSeq	Female	NCIT:C16576	NA	NA	Yes	Homo sapiens
VatanenT_2016	E025912	G80623	Otitis Media;Pneumonia;bronchitis;Upper Respiratory Tract Infection;Septicemia;Skin Infection;Cough;Gastroenteritis;Tonsillitis;Pyelonephritis;Cystitis;Fever;Infectious Disorder;Stomatitis;Salmonellosis	NCIT:C34885;NCIT:C3333;NCIT:C2911;NCIT:C35650;NCIT:C3364;NCIT:C35025;NCIT:C37935;NCIT:C34632;NCIT:C116006;NCIT:C34965;NCIT:C26738;NCIT:C3038;NCIT:C128320;NCIT:C26887;NCIT:C157974	Case	NCIT:C49152	Finland	NCIT:C16584	feces	UBERON:0001988	Infant	NCIT:C27956	122	Day	0.3	4	80	Yes	Paolo_Manghi,Svetlana_Ugarcina_Perovic	Otitis Media	NA	NA	NCIT:C34885	Qiagen	HLA-DQA1*02:01 protein complex;HLA protein complex with DQ5 serotype	MRO:0001211;MRO:0001626	SRR4408214	27133167	IlluminaHiSeq	Female	NCIT:C16576	Penicillin Antibiotic	NCIT:C1500	Yes	Homo sapiens
VatanenT_2016	E025921	G78581	Otitis Media;Pneumonia;bronchitis;Upper Respiratory Tract Infection;Septicemia;Skin Infection;Cough;Gastroenteritis;Tonsillitis;Pyelonephritis;Cystitis;Fever;Infectious Disorder;Stomatitis;Salmonellosis	NCIT:C34885;NCIT:C3333;NCIT:C2911;NCIT:C35650;NCIT:C3364;NCIT:C35025;NCIT:C37935;NCIT:C34632;NCIT:C116006;NCIT:C34965;NCIT:C26738;NCIT:C3038;NCIT:C128320;NCIT:C26887;NCIT:C157974	Study Control	NCIT:C142703	Finland	NCIT:C16584	feces	UBERON:0001988	Infant	NCIT:C27956	583	Day	1.6	19	177	No	Paolo_Manghi,Svetlana_Ugarcina_Perovic	Healthy	NA	NA	NCIT:C115935	Qiagen	HLA protein complex with DQ5 serotype	MRO:0001626	SRR4305109	27133167	IlluminaHiSeq	Female	NCIT:C16576	NA	NA	Yes	Homo sapiens
VatanenT_2016	E025921	G78609	Otitis Media;Pneumonia;bronchitis;Upper Respiratory Tract Infection;Septicemia;Skin Infection;Cough;Gastroenteritis;Tonsillitis;Pyelonephritis;Cystitis;Fever;Infectious Disorder;Stomatitis;Salmonellosis	NCIT:C34885;NCIT:C3333;NCIT:C2911;NCIT:C35650;NCIT:C3364;NCIT:C35025;NCIT:C37935;NCIT:C34632;NCIT:C116006;NCIT:C34965;NCIT:C26738;NCIT:C3038;NCIT:C128320;NCIT:C26887;NCIT:C157974	Case	NCIT:C49152	Finland	NCIT:C16584	feces	UBERON:0001988	Infant	NCIT:C27956	493	Day	1.3	16	87	Yes	Paolo_Manghi,Svetlana_Ugarcina_Perovic	Otitis Media	NA	NA	NCIT:C34885	Qiagen	HLA protein complex with DQ5 serotype	MRO:0001626	SRR4305139	27133167	IlluminaHiSeq	Female	NCIT:C16576	Macrolide Antibiotic;Penicillin Antibiotic	NCIT:C261;NCIT:C1500	Yes	Homo sapiens
VatanenT_2016	E025921	G78610	Otitis Media;Pneumonia;bronchitis;Upper Respiratory Tract Infection;Septicemia;Skin Infection;Cough;Gastroenteritis;Tonsillitis;Pyelonephritis;Cystitis;Fever;Infectious Disorder;Stomatitis;Salmonellosis	NCIT:C34885;NCIT:C3333;NCIT:C2911;NCIT:C35650;NCIT:C3364;NCIT:C35025;NCIT:C37935;NCIT:C34632;NCIT:C116006;NCIT:C34965;NCIT:C26738;NCIT:C3038;NCIT:C128320;NCIT:C26887;NCIT:C157974	Case	NCIT:C49152	Finland	NCIT:C16584	feces	UBERON:0001988	Infant	NCIT:C27956	406	Day	1.1	13	0	Yes	Paolo_Manghi,Svetlana_Ugarcina_Perovic	Otitis Media	NA	NA	NCIT:C34885	Qiagen	HLA protein complex with DQ5 serotype	MRO:0001626	SRR4305140	27133167	IlluminaHiSeq	Female	NCIT:C16576	Macrolide Antibiotic;Penicillin Antibiotic	NCIT:C261;NCIT:C1500	Yes	Homo sapiens
VatanenT_2016	E026343	G78622	Otitis Media;Pneumonia;bronchitis;Upper Respiratory Tract Infection;Septicemia;Skin Infection;Cough;Gastroenteritis;Tonsillitis;Pyelonephritis;Cystitis;Fever;Infectious Disorder;Stomatitis;Salmonellosis	NCIT:C34885;NCIT:C3333;NCIT:C2911;NCIT:C35650;NCIT:C3364;NCIT:C35025;NCIT:C37935;NCIT:C34632;NCIT:C116006;NCIT:C34965;NCIT:C26738;NCIT:C3038;NCIT:C128320;NCIT:C26887;NCIT:C157974	Study Control	NCIT:C142703	Finland	NCIT:C16584	feces	UBERON:0001988	Infant	NCIT:C27956	487	Day	1.3	16	0	No	Paolo_Manghi,Svetlana_Ugarcina_Perovic	Healthy	NA	NA	NCIT:C115935	Qiagen	HLA protein complex with DQ5 serotype;HLA protein complex with DQ5 serotype	MRO:0001626;MRO:0001626	SRR4305154	27133167	IlluminaHiSeq	Male	NCIT:C20197	NA	NA	Yes	Homo sapiens
VatanenT_2016	E029310	G78607	Otitis Media;Pneumonia;bronchitis;Upper Respiratory Tract Infection;Septicemia;Skin Infection;Cough;Gastroenteritis;Tonsillitis;Pyelonephritis;Cystitis;Fever;Infectious Disorder;Stomatitis;Salmonellosis	NCIT:C34885;NCIT:C3333;NCIT:C2911;NCIT:C35650;NCIT:C3364;NCIT:C35025;NCIT:C37935;NCIT:C34632;NCIT:C116006;NCIT:C34965;NCIT:C26738;NCIT:C3038;NCIT:C128320;NCIT:C26887;NCIT:C157974	Case	NCIT:C49152	Finland	NCIT:C16584	feces	UBERON:0001988	Infant	NCIT:C27956	384	Day	1.1	13	318	Yes	Paolo_Manghi,Svetlana_Ugarcina_Perovic	Otitis Media	NA	NA	NCIT:C34885	Qiagen	HLA protein complex with DQ3 serotype;HLA protein complex with DQ5 serotype	MRO:0001622;MRO:0001626	SRR4305137	27133167	IlluminaHiSeq	Male	NCIT:C20197	Penicillin Antibiotic	NCIT:C1500	Yes	Homo sapiens
VatanenT_2016	E029310	G78912	Otitis Media;Pneumonia;bronchitis;Upper Respiratory Tract Infection;Septicemia;Skin Infection;Cough;Gastroenteritis;Tonsillitis;Pyelonephritis;Cystitis;Fever;Infectious Disorder;Stomatitis;Salmonellosis	NCIT:C34885;NCIT:C3333;NCIT:C2911;NCIT:C35650;NCIT:C3364;NCIT:C35025;NCIT:C37935;NCIT:C34632;NCIT:C116006;NCIT:C34965;NCIT:C26738;NCIT:C3038;NCIT:C128320;NCIT:C26887;NCIT:C157974	Case	NCIT:C49152	Finland	NCIT:C16584	feces	UBERON:0001988	Infant	NCIT:C27956	579	Day	1.6	19	513	Yes	Paolo_Manghi,Svetlana_Ugarcina_Perovic	Otitis Media	NA	NA	NCIT:C34885	Qiagen	HLA protein complex with DQ3 serotype;HLA protein complex with DQ5 serotype	MRO:0001622;MRO:0001626	SRR4305417	27133167	IlluminaHiSeq	Male	NCIT:C20197	Penicillin Antibiotic	NCIT:C1500	Yes	Homo sapiens
VatanenT_2016	E029310	G78913	Otitis Media;Pneumonia;bronchitis;Upper Respiratory Tract Infection;Septicemia;Skin Infection;Cough;Gastroenteritis;Tonsillitis;Pyelonephritis;Cystitis;Fever;Infectious Disorder;Stomatitis;Salmonellosis	NCIT:C34885;NCIT:C3333;NCIT:C2911;NCIT:C35650;NCIT:C3364;NCIT:C35025;NCIT:C37935;NCIT:C34632;NCIT:C116006;NCIT:C34965;NCIT:C26738;NCIT:C3038;NCIT:C128320;NCIT:C26887;NCIT:C157974	Case	NCIT:C49152	Finland	NCIT:C16584	feces	UBERON:0001988	Infant	NCIT:C27956	673	Day	1.8	22	607	Yes	Paolo_Manghi,Svetlana_Ugarcina_Perovic	Otitis Media	NA	NA	NCIT:C34885	Qiagen	HLA protein complex with DQ3 serotype;HLA protein complex with DQ5 serotype	MRO:0001622;MRO:0001626	SRR4305418	27133167	IlluminaHiSeq	Male	NCIT:C20197	Penicillin Antibiotic	NCIT:C1500	Yes	Homo sapiens
VatanenT_2016	E029310	G80611	Otitis Media;Pneumonia;bronchitis;Upper Respiratory Tract Infection;Septicemia;Skin Infection;Cough;Gastroenteritis;Tonsillitis;Pyelonephritis;Cystitis;Fever;Infectious Disorder;Stomatitis;Salmonellosis	NCIT:C34885;NCIT:C3333;NCIT:C2911;NCIT:C35650;NCIT:C3364;NCIT:C35025;NCIT:C37935;NCIT:C34632;NCIT:C116006;NCIT:C34965;NCIT:C26738;NCIT:C3038;NCIT:C128320;NCIT:C26887;NCIT:C157974	Study Control	NCIT:C142703	Finland	NCIT:C16584	feces	UBERON:0001988	Infant	NCIT:C27956	66	Day	0.2	2	0	No	Paolo_Manghi,Svetlana_Ugarcina_Perovic	Healthy	NA	NA	NCIT:C115935	Qiagen	HLA protein complex with DQ3 serotype;HLA protein complex with DQ5 serotype	MRO:0001622;MRO:0001626	SRR4408204	27133167	IlluminaHiSeq	Male	NCIT:C20197	NA	NA	Yes	Homo sapiens
VatanenT_2016	E029796	G78611	Otitis Media;Pneumonia;bronchitis;Upper Respiratory Tract Infection;Septicemia;Skin Infection;Cough;Gastroenteritis;Tonsillitis;Pyelonephritis;Cystitis;Fever;Infectious Disorder;Stomatitis;Salmonellosis	NCIT:C34885;NCIT:C3333;NCIT:C2911;NCIT:C35650;NCIT:C3364;NCIT:C35025;NCIT:C37935;NCIT:C34632;NCIT:C116006;NCIT:C34965;NCIT:C26738;NCIT:C3038;NCIT:C128320;NCIT:C26887;NCIT:C157974	Study Control	NCIT:C142703	Finland	NCIT:C16584	feces	UBERON:0001988	Infant	NCIT:C27956	667	Day	1.8	22	553	No	Paolo_Manghi,Svetlana_Ugarcina_Perovic	Healthy	NA	NA	NCIT:C115935	Qiagen	HLA protein complex with DQ5 serotype	MRO:0001626	SRR4305141	27133167	IlluminaHiSeq	Male	NCIT:C20197	NA	NA	Yes	Homo sapiens
VatanenT_2016	E029796	G78683	Otitis Media;Pneumonia;bronchitis;Upper Respiratory Tract Infection;Septicemia;Skin Infection;Cough;Gastroenteritis;Tonsillitis;Pyelonephritis;Cystitis;Fever;Infectious Disorder;Stomatitis;Salmonellosis	NCIT:C34885;NCIT:C3333;NCIT:C2911;NCIT:C35650;NCIT:C3364;NCIT:C35025;NCIT:C37935;NCIT:C34632;NCIT:C116006;NCIT:C34965;NCIT:C26738;NCIT:C3038;NCIT:C128320;NCIT:C26887;NCIT:C157974	Study Control	NCIT:C142703	Finland	NCIT:C16584	feces	UBERON:0001988	Infant	NCIT:C27956	396	Day	1.1	13	282	No	Paolo_Manghi,Svetlana_Ugarcina_Perovic	Healthy	NA	NA	NCIT:C115935	Qiagen	HLA protein complex with DQ5 serotype	MRO:0001626	SRR4305212	27133167	IlluminaHiSeq	Male	NCIT:C20197	NA	NA	Yes	Homo sapiens
VatanenT_2016	E029796	G80501	Otitis Media;Pneumonia;bronchitis;Upper Respiratory Tract Infection;Septicemia;Skin Infection;Cough;Gastroenteritis;Tonsillitis;Pyelonephritis;Cystitis;Fever;Infectious Disorder;Stomatitis;Salmonellosis	NCIT:C34885;NCIT:C3333;NCIT:C2911;NCIT:C35650;NCIT:C3364;NCIT:C35025;NCIT:C37935;NCIT:C34632;NCIT:C116006;NCIT:C34965;NCIT:C26738;NCIT:C3038;NCIT:C128320;NCIT:C26887;NCIT:C157974	Study Control	NCIT:C142703	Finland	NCIT:C16584	feces	UBERON:0001988	Infant	NCIT:C27956	114	Day	0.3	4	0	No	Paolo_Manghi,Svetlana_Ugarcina_Perovic	Healthy	NA	NA	NCIT:C115935	Qiagen	HLA protein complex with DQ5 serotype	MRO:0001626	SRR4408087	27133167	IlluminaHiSeq	Male	NCIT:C20197	NA	NA	Yes	Homo sapiens
VatanenT_2016	E030828	G78524	Otitis Media;Pneumonia;bronchitis;Upper Respiratory Tract Infection;Septicemia;Skin Infection;Cough;Gastroenteritis;Tonsillitis;Pyelonephritis;Cystitis;Fever;Infectious Disorder;Stomatitis;Salmonellosis	NCIT:C34885;NCIT:C3333;NCIT:C2911;NCIT:C35650;NCIT:C3364;NCIT:C35025;NCIT:C37935;NCIT:C34632;NCIT:C116006;NCIT:C34965;NCIT:C26738;NCIT:C3038;NCIT:C128320;NCIT:C26887;NCIT:C157974	Case	NCIT:C49152	Finland	NCIT:C16584	feces	UBERON:0001988	Infant	NCIT:C27956	304	Day	0.8	10	259	Yes	Paolo_Manghi,Svetlana_Ugarcina_Perovic	Otitis Media	NA	NA	NCIT:C34885	Qiagen	HLA-DRB1*04:01 protein complex	MRO:0001290	SRR4305052	27133167	IlluminaHiSeq	Male	NCIT:C20197	Penicillin Antibiotic;Sulfonamide Anti-Infective Agent	NCIT:C1500;NCIT:C29739	Yes	Homo sapiens
VatanenT_2016	E030828	G78525	Otitis Media;Pneumonia;bronchitis;Upper Respiratory Tract Infection;Septicemia;Skin Infection;Cough;Gastroenteritis;Tonsillitis;Pyelonephritis;Cystitis;Fever;Infectious Disorder;Stomatitis;Salmonellosis	NCIT:C34885;NCIT:C3333;NCIT:C2911;NCIT:C35650;NCIT:C3364;NCIT:C35025;NCIT:C37935;NCIT:C34632;NCIT:C116006;NCIT:C34965;NCIT:C26738;NCIT:C3038;NCIT:C128320;NCIT:C26887;NCIT:C157974	Case	NCIT:C49152	Finland	NCIT:C16584	feces	UBERON:0001988	Infant	NCIT:C27956	212	Day	0.6	7	167	Yes	Paolo_Manghi,Svetlana_Ugarcina_Perovic	Otitis Media	NA	NA	NCIT:C34885	Qiagen	HLA-DRB1*04:01 protein complex	MRO:0001290	SRR4305053	27133167	IlluminaHiSeq	Male	NCIT:C20197	Penicillin Antibiotic;Sulfonamide Anti-Infective Agent	NCIT:C1500;NCIT:C29739	Yes	Homo sapiens
VatanenT_2016	E030828	G78656	Otitis Media;Pneumonia;bronchitis;Upper Respiratory Tract Infection;Septicemia;Skin Infection;Cough;Gastroenteritis;Tonsillitis;Pyelonephritis;Cystitis;Fever;Infectious Disorder;Stomatitis;Salmonellosis	NCIT:C34885;NCIT:C3333;NCIT:C2911;NCIT:C35650;NCIT:C3364;NCIT:C35025;NCIT:C37935;NCIT:C34632;NCIT:C116006;NCIT:C34965;NCIT:C26738;NCIT:C3038;NCIT:C128320;NCIT:C26887;NCIT:C157974	Study Control	NCIT:C142703	Finland	NCIT:C16584	feces	UBERON:0001988	Infant	NCIT:C27956	577	Day	1.6	19	532	No	Paolo_Manghi,Svetlana_Ugarcina_Perovic	Healthy	NA	NA	NCIT:C115935	Qiagen	HLA-DRB1*04:01 protein complex	MRO:0001290	SRR4305186	27133167	IlluminaHiSeq	Male	NCIT:C20197	NA	NA	Yes	Homo sapiens
VatanenT_2016	E030828	G80274	Otitis Media;Pneumonia;bronchitis;Upper Respiratory Tract Infection;Septicemia;Skin Infection;Cough;Gastroenteritis;Tonsillitis;Pyelonephritis;Cystitis;Fever;Infectious Disorder;Stomatitis;Salmonellosis	NCIT:C34885;NCIT:C3333;NCIT:C2911;NCIT:C35650;NCIT:C3364;NCIT:C35025;NCIT:C37935;NCIT:C34632;NCIT:C116006;NCIT:C34965;NCIT:C26738;NCIT:C3038;NCIT:C128320;NCIT:C26887;NCIT:C157974	Study Control	NCIT:C142703	Finland	NCIT:C16584	feces	UBERON:0001988	Child	NCIT:C49683	851	Day	2.3	28	806	No	Paolo_Manghi,Svetlana_Ugarcina_Perovic	Healthy	NA	NA	NCIT:C115935	Qiagen	HLA-DRB1*04:01 protein complex	MRO:0001290	SRR4305432	27133167	IlluminaHiSeq	Male	NCIT:C20197	NA	NA	Yes	Homo sapiens
VatanenT_2016	E030828	G80427	Otitis Media;Pneumonia;bronchitis;Upper Respiratory Tract Infection;Septicemia;Skin Infection;Cough;Gastroenteritis;Tonsillitis;Pyelonephritis;Cystitis;Fever;Infectious Disorder;Stomatitis;Salmonellosis	NCIT:C34885;NCIT:C3333;NCIT:C2911;NCIT:C35650;NCIT:C3364;NCIT:C35025;NCIT:C37935;NCIT:C34632;NCIT:C116006;NCIT:C34965;NCIT:C26738;NCIT:C3038;NCIT:C128320;NCIT:C26887;NCIT:C157974	Study Control	NCIT:C142703	Finland	NCIT:C16584	feces	UBERON:0001988	Infant	NCIT:C27956	669	Day	1.8	22	624	No	Paolo_Manghi,Svetlana_Ugarcina_Perovic	Healthy	NA	NA	NCIT:C115935	Qiagen	HLA-DRB1*04:01 protein complex	MRO:0001290	SRR4408010	27133167	IlluminaHiSeq	Male	NCIT:C20197	NA	NA	Yes	Homo sapiens
VatanenT_2016	E030828	G80444	Otitis Media;Pneumonia;bronchitis;Upper Respiratory Tract Infection;Septicemia;Skin Infection;Cough;Gastroenteritis;Tonsillitis;Pyelonephritis;Cystitis;Fever;Infectious Disorder;Stomatitis;Salmonellosis	NCIT:C34885;NCIT:C3333;NCIT:C2911;NCIT:C35650;NCIT:C3364;NCIT:C35025;NCIT:C37935;NCIT:C34632;NCIT:C116006;NCIT:C34965;NCIT:C26738;NCIT:C3038;NCIT:C128320;NCIT:C26887;NCIT:C157974	Case	NCIT:C49152	Finland	NCIT:C16584	feces	UBERON:0001988	Infant	NCIT:C27956	396	Day	1.1	13	351	Yes	Paolo_Manghi,Svetlana_Ugarcina_Perovic	Otitis Media	NA	NA	NCIT:C34885	Qiagen	HLA-DRB1*04:01 protein complex	MRO:0001290	SRR4408027	27133167	IlluminaHiSeq	Male	NCIT:C20197	Cephalosporin Antibiotic	NCIT:C357	Yes	Homo sapiens
VatanenT_2016	E030828	G80468	Otitis Media;Pneumonia;bronchitis;Upper Respiratory Tract Infection;Septicemia;Skin Infection;Cough;Gastroenteritis;Tonsillitis;Pyelonephritis;Cystitis;Fever;Infectious Disorder;Stomatitis;Salmonellosis	NCIT:C34885;NCIT:C3333;NCIT:C2911;NCIT:C35650;NCIT:C3364;NCIT:C35025;NCIT:C37935;NCIT:C34632;NCIT:C116006;NCIT:C34965;NCIT:C26738;NCIT:C3038;NCIT:C128320;NCIT:C26887;NCIT:C157974	Study Control	NCIT:C142703	Finland	NCIT:C16584	feces	UBERON:0001988	Infant	NCIT:C27956	45	Day	0.1	1	0	No	Paolo_Manghi,Svetlana_Ugarcina_Perovic	Healthy	NA	NA	NCIT:C115935	Qiagen	HLA-DRB1*04:01 protein complex	MRO:0001290	SRR4408052	27133167	IlluminaHiSeq	Male	NCIT:C20197	NA	NA	Yes	Homo sapiens
VatanenT_2016	E030933	G78606	Otitis Media;Pneumonia;bronchitis;Upper Respiratory Tract Infection;Septicemia;Skin Infection;Cough;Gastroenteritis;Tonsillitis;Pyelonephritis;Cystitis;Fever;Infectious Disorder;Stomatitis;Salmonellosis	NCIT:C34885;NCIT:C3333;NCIT:C2911;NCIT:C35650;NCIT:C3364;NCIT:C35025;NCIT:C37935;NCIT:C34632;NCIT:C116006;NCIT:C34965;NCIT:C26738;NCIT:C3038;NCIT:C128320;NCIT:C26887;NCIT:C157974	Study Control	NCIT:C142703	Finland	NCIT:C16584	feces	UBERON:0001988	Infant	NCIT:C27956	424	Day	1.2	14	0	No	Paolo_Manghi,Svetlana_Ugarcina_Perovic	Healthy	NA	NA	NCIT:C115935	Qiagen	HLA protein complex with DQ5 serotype	MRO:0001626	SRR4305136	27133167	IlluminaHiSeq	Female	NCIT:C16576	NA	NA	Yes	Homo sapiens
VatanenT_2016	E030933	G78608	Otitis Media;Pneumonia;bronchitis;Upper Respiratory Tract Infection;Septicemia;Skin Infection;Cough;Gastroenteritis;Tonsillitis;Pyelonephritis;Cystitis;Fever;Infectious Disorder;Stomatitis;Salmonellosis	NCIT:C34885;NCIT:C3333;NCIT:C2911;NCIT:C35650;NCIT:C3364;NCIT:C35025;NCIT:C37935;NCIT:C34632;NCIT:C116006;NCIT:C34965;NCIT:C26738;NCIT:C3038;NCIT:C128320;NCIT:C26887;NCIT:C157974	Study Control	NCIT:C142703	Finland	NCIT:C16584	feces	UBERON:0001988	Infant	NCIT:C27956	488	Day	1.3	16	64	No	Paolo_Manghi,Svetlana_Ugarcina_Perovic	Healthy	NA	NA	NCIT:C115935	Qiagen	HLA protein complex with DQ5 serotype	MRO:0001626	SRR4305138	27133167	IlluminaHiSeq	Female	NCIT:C16576	NA	NA	Yes	Homo sapiens
VatanenT_2016	E030933	G78651	Otitis Media;Pneumonia;bronchitis;Upper Respiratory Tract Infection;Septicemia;Skin Infection;Cough;Gastroenteritis;Tonsillitis;Pyelonephritis;Cystitis;Fever;Infectious Disorder;Stomatitis;Salmonellosis	NCIT:C34885;NCIT:C3333;NCIT:C2911;NCIT:C35650;NCIT:C3364;NCIT:C35025;NCIT:C37935;NCIT:C34632;NCIT:C116006;NCIT:C34965;NCIT:C26738;NCIT:C3038;NCIT:C128320;NCIT:C26887;NCIT:C157974	Case	NCIT:C49152	Finland	NCIT:C16584	feces	UBERON:0001988	Infant	NCIT:C27956	668	Day	1.8	22	244	Yes	Paolo_Manghi,Svetlana_Ugarcina_Perovic	Otitis Media	NA	NA	NCIT:C34885	Qiagen	HLA protein complex with DQ5 serotype	MRO:0001626	SRR4305181	27133167	IlluminaHiSeq	Female	NCIT:C16576	Beta-lactamase Inhibitor;Macrolide Antibiotic;Penicillin Antibiotic	NCIT:C183118;NCIT:C261;NCIT:C1500	Yes	Homo sapiens
VatanenT_2016	E031941	G78589	Otitis Media;Pneumonia;bronchitis;Upper Respiratory Tract Infection;Septicemia;Skin Infection;Cough;Gastroenteritis;Tonsillitis;Pyelonephritis;Cystitis;Fever;Infectious Disorder;Stomatitis;Salmonellosis	NCIT:C34885;NCIT:C3333;NCIT:C2911;NCIT:C35650;NCIT:C3364;NCIT:C35025;NCIT:C37935;NCIT:C34632;NCIT:C116006;NCIT:C34965;NCIT:C26738;NCIT:C3038;NCIT:C128320;NCIT:C26887;NCIT:C157974	Study Control	NCIT:C142703	Finland	NCIT:C16584	feces	UBERON:0001988	Infant	NCIT:C27956	214	Day	0.6	7	0	No	Paolo_Manghi,Svetlana_Ugarcina_Perovic	Healthy	NA	NA	NCIT:C115935	Qiagen	HLA protein complex with DQ5 serotype	MRO:0001626	SRR4305117	27133167	IlluminaHiSeq	Male	NCIT:C20197	NA	NA	Yes	Homo sapiens
VatanenT_2016	E031941	G78686	Otitis Media;Pneumonia;bronchitis;Upper Respiratory Tract Infection;Septicemia;Skin Infection;Cough;Gastroenteritis;Tonsillitis;Pyelonephritis;Cystitis;Fever;Infectious Disorder;Stomatitis;Salmonellosis	NCIT:C34885;NCIT:C3333;NCIT:C2911;NCIT:C35650;NCIT:C3364;NCIT:C35025;NCIT:C37935;NCIT:C34632;NCIT:C116006;NCIT:C34965;NCIT:C26738;NCIT:C3038;NCIT:C128320;NCIT:C26887;NCIT:C157974	Case	NCIT:C49152	Finland	NCIT:C16584	feces	UBERON:0001988	Infant	NCIT:C27956	398	Day	1.1	13	184	Yes	Paolo_Manghi,Svetlana_Ugarcina_Perovic	Otitis Media	NA	NA	NCIT:C34885	Qiagen	HLA protein complex with DQ5 serotype	MRO:0001626	SRR4305215	27133167	IlluminaHiSeq	Male	NCIT:C20197	Beta-lactamase Inhibitor;Macrolide Antibiotic;Penicillin Antibiotic	NCIT:C183118;NCIT:C261;NCIT:C1500	Yes	Homo sapiens
VatanenT_2016	E031941	G80266	Otitis Media;Pneumonia;bronchitis;Upper Respiratory Tract Infection;Septicemia;Skin Infection;Cough;Gastroenteritis;Tonsillitis;Pyelonephritis;Cystitis;Fever;Infectious Disorder;Stomatitis;Salmonellosis	NCIT:C34885;NCIT:C3333;NCIT:C2911;NCIT:C35650;NCIT:C3364;NCIT:C35025;NCIT:C37935;NCIT:C34632;NCIT:C116006;NCIT:C34965;NCIT:C26738;NCIT:C3038;NCIT:C128320;NCIT:C26887;NCIT:C157974	Study Control	NCIT:C142703	Finland	NCIT:C16584	feces	UBERON:0001988	Infant	NCIT:C27956	712	Day	1.9	23	498	No	Paolo_Manghi,Svetlana_Ugarcina_Perovic	Healthy	NA	NA	NCIT:C115935	Qiagen	HLA protein complex with DQ5 serotype	MRO:0001626	SRR4305425	27133167	IlluminaHiSeq	Male	NCIT:C20197	NA	NA	Yes	Homo sapiens
VatanenT_2016	E032745	G78585	Otitis Media;Pneumonia;bronchitis;Upper Respiratory Tract Infection;Septicemia;Skin Infection;Cough;Gastroenteritis;Tonsillitis;Pyelonephritis;Cystitis;Fever;Infectious Disorder;Stomatitis;Salmonellosis	NCIT:C34885;NCIT:C3333;NCIT:C2911;NCIT:C35650;NCIT:C3364;NCIT:C35025;NCIT:C37935;NCIT:C34632;NCIT:C116006;NCIT:C34965;NCIT:C26738;NCIT:C3038;NCIT:C128320;NCIT:C26887;NCIT:C157974	Study Control	NCIT:C142703	Finland	NCIT:C16584	feces	UBERON:0001988	Infant	NCIT:C27956	213	Day	0.6	7	0	No	Paolo_Manghi,Svetlana_Ugarcina_Perovic	Healthy	NA	NA	NCIT:C115935	Qiagen	HLA-DRB1*04:04 protein complex	MRO:0001293	SRR4305113	27133167	IlluminaHiSeq	Male	NCIT:C20197	NA	NA	Yes	Homo sapiens
VatanenT_2016	E032745	G78626	Otitis Media;Pneumonia;bronchitis;Upper Respiratory Tract Infection;Septicemia;Skin Infection;Cough;Gastroenteritis;Tonsillitis;Pyelonephritis;Cystitis;Fever;Infectious Disorder;Stomatitis;Salmonellosis	NCIT:C34885;NCIT:C3333;NCIT:C2911;NCIT:C35650;NCIT:C3364;NCIT:C35025;NCIT:C37935;NCIT:C34632;NCIT:C116006;NCIT:C34965;NCIT:C26738;NCIT:C3038;NCIT:C128320;NCIT:C26887;NCIT:C157974	Case	NCIT:C49152	Finland	NCIT:C16584	feces	UBERON:0001988	Infant	NCIT:C27956	427	Day	1.2	14	214	Yes	Paolo_Manghi,Svetlana_Ugarcina_Perovic	Otitis Media	NA	NA	NCIT:C34885	Qiagen	HLA-DRB1*04:04 protein complex	MRO:0001293	SRR4305159	27133167	IlluminaHiSeq	Male	NCIT:C20197	Penicillin Antibiotic	NCIT:C1500	Yes	Homo sapiens
VatanenT_2016	E032745	G78652	Otitis Media;Pneumonia;bronchitis;Upper Respiratory Tract Infection;Septicemia;Skin Infection;Cough;Gastroenteritis;Tonsillitis;Pyelonephritis;Cystitis;Fever;Infectious Disorder;Stomatitis;Salmonellosis	NCIT:C34885;NCIT:C3333;NCIT:C2911;NCIT:C35650;NCIT:C3364;NCIT:C35025;NCIT:C37935;NCIT:C34632;NCIT:C116006;NCIT:C34965;NCIT:C26738;NCIT:C3038;NCIT:C128320;NCIT:C26887;NCIT:C157974	Study Control	NCIT:C142703	Finland	NCIT:C16584	feces	UBERON:0001988	Infant	NCIT:C27956	680	Day	1.9	22	467	No	Paolo_Manghi,Svetlana_Ugarcina_Perovic	Healthy	NA	NA	NCIT:C115935	Qiagen	HLA-DRB1*04:04 protein complex	MRO:0001293	SRR4305182	27133167	IlluminaHiSeq	Male	NCIT:C20197	NA	NA	Yes	Homo sapiens
VatanenT_2016	E032745	G78854	Otitis Media;Pneumonia;bronchitis;Upper Respiratory Tract Infection;Septicemia;Skin Infection;Cough;Gastroenteritis;Tonsillitis;Pyelonephritis;Cystitis;Fever;Infectious Disorder;Stomatitis;Salmonellosis	NCIT:C34885;NCIT:C3333;NCIT:C2911;NCIT:C35650;NCIT:C3364;NCIT:C35025;NCIT:C37935;NCIT:C34632;NCIT:C116006;NCIT:C34965;NCIT:C26738;NCIT:C3038;NCIT:C128320;NCIT:C26887;NCIT:C157974	Study Control	NCIT:C142703	Finland	NCIT:C16584	feces	UBERON:0001988	Child	NCIT:C49683	1101	Day	3	36	888	No	Paolo_Manghi,Svetlana_Ugarcina_Perovic	Healthy	NA	NA	NCIT:C115935	Qiagen	HLA-DRB1*04:04 protein complex	MRO:0001293	SRR4305352	27133167	IlluminaHiSeq	Male	NCIT:C20197	NA	NA	Yes	Homo sapiens
VatanenT_2016	E033036	G69179	Otitis Media;Pneumonia;bronchitis;Upper Respiratory Tract Infection;Septicemia;Skin Infection;Cough;Gastroenteritis;Tonsillitis;Pyelonephritis;Cystitis;Fever;Infectious Disorder;Stomatitis;Salmonellosis	NCIT:C34885;NCIT:C3333;NCIT:C2911;NCIT:C35650;NCIT:C3364;NCIT:C35025;NCIT:C37935;NCIT:C34632;NCIT:C116006;NCIT:C34965;NCIT:C26738;NCIT:C3038;NCIT:C128320;NCIT:C26887;NCIT:C157974	Study Control	NCIT:C142703	Finland	NCIT:C16584	feces	UBERON:0001988	Infant	NCIT:C27956	318	Day	0.9	10	0	No	Paolo_Manghi,Svetlana_Ugarcina_Perovic	Healthy	NA	NA	NCIT:C115935	Qiagen	HLA-DRB1*04:04 protein complex	MRO:0001293	SRR4305243	27133167	IlluminaHiSeq	Male	NCIT:C20197	NA	NA	Yes	Homo sapiens
VatanenT_2016	E033036	G78884	Otitis Media;Pneumonia;bronchitis;Upper Respiratory Tract Infection;Septicemia;Skin Infection;Cough;Gastroenteritis;Tonsillitis;Pyelonephritis;Cystitis;Fever;Infectious Disorder;Stomatitis;Salmonellosis	NCIT:C34885;NCIT:C3333;NCIT:C2911;NCIT:C35650;NCIT:C3364;NCIT:C35025;NCIT:C37935;NCIT:C34632;NCIT:C116006;NCIT:C34965;NCIT:C26738;NCIT:C3038;NCIT:C128320;NCIT:C26887;NCIT:C157974	Case	NCIT:C49152	Finland	NCIT:C16584	feces	UBERON:0001988	Infant	NCIT:C27956	576	Day	1.6	19	258	Yes	Paolo_Manghi,Svetlana_Ugarcina_Perovic	Otitis Media	NA	NA	NCIT:C34885	Qiagen	HLA-DRB1*04:04 protein complex	MRO:0001293	SRR4305387	27133167	IlluminaHiSeq	Male	NCIT:C20197	Penicillin Antibiotic	NCIT:C1500	Yes	Homo sapiens
VatanenT_2016	E033036	G69230	Otitis Media;Pneumonia;bronchitis;Upper Respiratory Tract Infection;Septicemia;Skin Infection;Cough;Gastroenteritis;Tonsillitis;Pyelonephritis;Cystitis;Fever;Infectious Disorder;Stomatitis;Salmonellosis	NCIT:C34885;NCIT:C3333;NCIT:C2911;NCIT:C35650;NCIT:C3364;NCIT:C35025;NCIT:C37935;NCIT:C34632;NCIT:C116006;NCIT:C34965;NCIT:C26738;NCIT:C3038;NCIT:C128320;NCIT:C26887;NCIT:C157974	Case	NCIT:C49152	Finland	NCIT:C16584	feces	UBERON:0001988	Infant	NCIT:C27956	690	Day	1.9	23	372	Yes	Paolo_Manghi,Svetlana_Ugarcina_Perovic	Otitis Media	NA	NA	NCIT:C34885	Qiagen	HLA-DRB1*04:04 protein complex	MRO:0001293	SRR4305509	27133167	IlluminaHiSeq	Male	NCIT:C20197	Penicillin Antibiotic	NCIT:C1500	Yes	Homo sapiens
VatanenT_2016	E033036	G69231	Otitis Media;Pneumonia;bronchitis;Upper Respiratory Tract Infection;Septicemia;Skin Infection;Cough;Gastroenteritis;Tonsillitis;Pyelonephritis;Cystitis;Fever;Infectious Disorder;Stomatitis;Salmonellosis	NCIT:C34885;NCIT:C3333;NCIT:C2911;NCIT:C35650;NCIT:C3364;NCIT:C35025;NCIT:C37935;NCIT:C34632;NCIT:C116006;NCIT:C34965;NCIT:C26738;NCIT:C3038;NCIT:C128320;NCIT:C26887;NCIT:C157974	Case	NCIT:C49152	Finland	NCIT:C16584	feces	UBERON:0001988	Infant	NCIT:C27956	475	Day	1.3	16	157	Yes	Paolo_Manghi,Svetlana_Ugarcina_Perovic	Otitis Media	NA	NA	NCIT:C34885	Qiagen	HLA-DRB1*04:04 protein complex	MRO:0001293	SRR4305510	27133167	IlluminaHiSeq	Male	NCIT:C20197	Penicillin Antibiotic	NCIT:C1500	Yes	Homo sapiens
VatanenT_2016	E033156	G78836	Otitis Media;Pneumonia;bronchitis;Upper Respiratory Tract Infection;Septicemia;Skin Infection;Cough;Gastroenteritis;Tonsillitis;Pyelonephritis;Cystitis;Fever;Infectious Disorder;Stomatitis;Salmonellosis	NCIT:C34885;NCIT:C3333;NCIT:C2911;NCIT:C35650;NCIT:C3364;NCIT:C35025;NCIT:C37935;NCIT:C34632;NCIT:C116006;NCIT:C34965;NCIT:C26738;NCIT:C3038;NCIT:C128320;NCIT:C26887;NCIT:C157974	Study Control	NCIT:C142703	Finland	NCIT:C16584	feces	UBERON:0001988	Infant	NCIT:C27956	320	Day	0.9	11	269	No	Paolo_Manghi,Svetlana_Ugarcina_Perovic	Healthy	NA	NA	NCIT:C115935	Qiagen	HLA protein complex with DQ5 serotype	MRO:0001626	SRR4305336	27133167	IlluminaHiSeq	Male	NCIT:C20197	NA	NA	Yes	Homo sapiens
VatanenT_2016	E033156	G78837	Otitis Media;Pneumonia;bronchitis;Upper Respiratory Tract Infection;Septicemia;Skin Infection;Cough;Gastroenteritis;Tonsillitis;Pyelonephritis;Cystitis;Fever;Infectious Disorder;Stomatitis;Salmonellosis	NCIT:C34885;NCIT:C3333;NCIT:C2911;NCIT:C35650;NCIT:C3364;NCIT:C35025;NCIT:C37935;NCIT:C34632;NCIT:C116006;NCIT:C34965;NCIT:C26738;NCIT:C3038;NCIT:C128320;NCIT:C26887;NCIT:C157974	Study Control	NCIT:C142703	Finland	NCIT:C16584	feces	UBERON:0001988	Infant	NCIT:C27956	259	Day	0.7	9	208	No	Paolo_Manghi,Svetlana_Ugarcina_Perovic	Healthy	NA	NA	NCIT:C115935	Qiagen	HLA protein complex with DQ5 serotype	MRO:0001626	SRR4305337	27133167	IlluminaHiSeq	Male	NCIT:C20197	NA	NA	Yes	Homo sapiens
VatanenT_2016	E033156	G78494	Otitis Media;Pneumonia;bronchitis;Upper Respiratory Tract Infection;Septicemia;Skin Infection;Cough;Gastroenteritis;Tonsillitis;Pyelonephritis;Cystitis;Fever;Infectious Disorder;Stomatitis;Salmonellosis	NCIT:C34885;NCIT:C3333;NCIT:C2911;NCIT:C35650;NCIT:C3364;NCIT:C35025;NCIT:C37935;NCIT:C34632;NCIT:C116006;NCIT:C34965;NCIT:C26738;NCIT:C3038;NCIT:C128320;NCIT:C26887;NCIT:C157974	Study Control	NCIT:C142703	Finland	NCIT:C16584	feces	UBERON:0001988	Child	NCIT:C49683	1105	Day	3	36	1054	No	Paolo_Manghi,Svetlana_Ugarcina_Perovic	Healthy	NA	NA	NCIT:C115935	Qiagen	HLA protein complex with DQ5 serotype	MRO:0001626	SRR4305525	27133167	IlluminaHiSeq	Male	NCIT:C20197	NA	NA	Yes	Homo sapiens
VatanenT_2016	E033156	G80563	Otitis Media;Pneumonia;bronchitis;Upper Respiratory Tract Infection;Septicemia;Skin Infection;Cough;Gastroenteritis;Tonsillitis;Pyelonephritis;Cystitis;Fever;Infectious Disorder;Stomatitis;Salmonellosis	NCIT:C34885;NCIT:C3333;NCIT:C2911;NCIT:C35650;NCIT:C3364;NCIT:C35025;NCIT:C37935;NCIT:C34632;NCIT:C116006;NCIT:C34965;NCIT:C26738;NCIT:C3038;NCIT:C128320;NCIT:C26887;NCIT:C157974	Study Control	NCIT:C142703	Finland	NCIT:C16584	feces	UBERON:0001988	Infant	NCIT:C27956	51	Day	0.1	2	0	No	Paolo_Manghi,Svetlana_Ugarcina_Perovic	Healthy	NA	NA	NCIT:C115935	Qiagen	HLA protein complex with DQ5 serotype	MRO:0001626	SRR4408156	27133167	IlluminaHiSeq	Male	NCIT:C20197	NA	NA	Yes	Homo sapiens
VatanenT_2016	E034324	G78716	Otitis Media;Pneumonia;bronchitis;Upper Respiratory Tract Infection;Septicemia;Skin Infection;Cough;Gastroenteritis;Tonsillitis;Pyelonephritis;Cystitis;Fever;Infectious Disorder;Stomatitis;Salmonellosis	NCIT:C34885;NCIT:C3333;NCIT:C2911;NCIT:C35650;NCIT:C3364;NCIT:C35025;NCIT:C37935;NCIT:C34632;NCIT:C116006;NCIT:C34965;NCIT:C26738;NCIT:C3038;NCIT:C128320;NCIT:C26887;NCIT:C157974	Study Control	NCIT:C142703	Finland	NCIT:C16584	feces	UBERON:0001988	Infant	NCIT:C27956	477	Day	1.3	16	182	No	Paolo_Manghi,Svetlana_Ugarcina_Perovic	Healthy	NA	NA	NCIT:C115935	Qiagen	HLA-DRB1*04:04 protein complex	MRO:0001293	SRR4305236	27133167	IlluminaHiSeq	Female	NCIT:C16576	NA	NA	Yes	Homo sapiens
VatanenT_2016	E034324	G78910	Otitis Media;Pneumonia;bronchitis;Upper Respiratory Tract Infection;Septicemia;Skin Infection;Cough;Gastroenteritis;Tonsillitis;Pyelonephritis;Cystitis;Fever;Infectious Disorder;Stomatitis;Salmonellosis	NCIT:C34885;NCIT:C3333;NCIT:C2911;NCIT:C35650;NCIT:C3364;NCIT:C35025;NCIT:C37935;NCIT:C34632;NCIT:C116006;NCIT:C34965;NCIT:C26738;NCIT:C3038;NCIT:C128320;NCIT:C26887;NCIT:C157974	Study Control	NCIT:C142703	Finland	NCIT:C16584	feces	UBERON:0001988	Infant	NCIT:C27956	295	Day	0.8	10	0	No	Paolo_Manghi,Svetlana_Ugarcina_Perovic	Healthy	NA	NA	NCIT:C115935	Qiagen	HLA-DRB1*04:04 protein complex	MRO:0001293	SRR4305415	27133167	IlluminaHiSeq	Female	NCIT:C16576	NA	NA	Yes	Homo sapiens
VatanenT_2016	E034885	G78633	Otitis Media;Pneumonia;bronchitis;Upper Respiratory Tract Infection;Septicemia;Skin Infection;Cough;Gastroenteritis;Tonsillitis;Pyelonephritis;Cystitis;Fever;Infectious Disorder;Stomatitis;Salmonellosis	NCIT:C34885;NCIT:C3333;NCIT:C2911;NCIT:C35650;NCIT:C3364;NCIT:C35025;NCIT:C37935;NCIT:C34632;NCIT:C116006;NCIT:C34965;NCIT:C26738;NCIT:C3038;NCIT:C128320;NCIT:C26887;NCIT:C157974	Case	NCIT:C49152	Finland	NCIT:C16584	feces	UBERON:0001988	Infant	NCIT:C27956	396	Day	1.1	13	190	Yes	Paolo_Manghi,Svetlana_Ugarcina_Perovic	Otitis Media	NA	NA	NCIT:C34885	Qiagen	HLA protein complex with DQ5 serotype;HLA protein complex with DQ5 serotype	MRO:0001626;MRO:0001626	SRR4305165	27133167	IlluminaHiSeq	Female	NCIT:C16576	Penicillin Antibiotic;Sulfonamide Anti-Infective Agent	NCIT:C1500;NCIT:C29739	Yes	Homo sapiens
VatanenT_2016	E034885	G78776	Otitis Media;Pneumonia;bronchitis;Upper Respiratory Tract Infection;Septicemia;Skin Infection;Cough;Gastroenteritis;Tonsillitis;Pyelonephritis;Cystitis;Fever;Infectious Disorder;Stomatitis;Salmonellosis	NCIT:C34885;NCIT:C3333;NCIT:C2911;NCIT:C35650;NCIT:C3364;NCIT:C35025;NCIT:C37935;NCIT:C34632;NCIT:C116006;NCIT:C34965;NCIT:C26738;NCIT:C3038;NCIT:C128320;NCIT:C26887;NCIT:C157974	Study Control	NCIT:C142703	Finland	NCIT:C16584	feces	UBERON:0001988	Infant	NCIT:C27956	206	Day	0.6	7	0	No	Paolo_Manghi,Svetlana_Ugarcina_Perovic	Healthy	NA	NA	NCIT:C115935	Qiagen	HLA protein complex with DQ5 serotype;HLA protein complex with DQ5 serotype	MRO:0001626;MRO:0001626	SRR4305281	27133167	IlluminaHiSeq	Female	NCIT:C16576	NA	NA	Yes	Homo sapiens
VatanenT_2016	E034885	G80448	Otitis Media;Pneumonia;bronchitis;Upper Respiratory Tract Infection;Septicemia;Skin Infection;Cough;Gastroenteritis;Tonsillitis;Pyelonephritis;Cystitis;Fever;Infectious Disorder;Stomatitis;Salmonellosis	NCIT:C34885;NCIT:C3333;NCIT:C2911;NCIT:C35650;NCIT:C3364;NCIT:C35025;NCIT:C37935;NCIT:C34632;NCIT:C116006;NCIT:C34965;NCIT:C26738;NCIT:C3038;NCIT:C128320;NCIT:C26887;NCIT:C157974	Case	NCIT:C49152	Finland	NCIT:C16584	feces	UBERON:0001988	Child	NCIT:C49683	855	Day	2.3	28	649	Yes	Paolo_Manghi,Svetlana_Ugarcina_Perovic	Cough	NA	NA	NCIT:C37935	Qiagen	HLA protein complex with DQ5 serotype;HLA protein complex with DQ5 serotype	MRO:0001626;MRO:0001626	SRR4408031	27133167	IlluminaHiSeq	Female	NCIT:C16576	Macrolide Antibiotic	NCIT:C261	Yes	Homo sapiens
VatanenT_2016	P000648	G69157	Otitis Media;Pneumonia;bronchitis;Upper Respiratory Tract Infection;Septicemia;Skin Infection;Cough;Gastroenteritis;Tonsillitis;Pyelonephritis;Cystitis;Fever;Infectious Disorder;Stomatitis;Salmonellosis	NCIT:C34885;NCIT:C3333;NCIT:C2911;NCIT:C35650;NCIT:C3364;NCIT:C35025;NCIT:C37935;NCIT:C34632;NCIT:C116006;NCIT:C34965;NCIT:C26738;NCIT:C3038;NCIT:C128320;NCIT:C26887;NCIT:C157974	Study Control	NCIT:C142703	Russian Federation	NCIT:C17111	feces	UBERON:0001988	Infant	NCIT:C27956	493	Day	1.3	16	339	No	Paolo_Manghi,Svetlana_Ugarcina_Perovic	Healthy	NA	NA	NCIT:C115935	Qiagen	HLA-DQA1*02:01 protein complex;HLA protein complex with DQ5 serotype	MRO:0001211;MRO:0001626	SRR4305033	27133167	IlluminaHiSeq	Male	NCIT:C20197	NA	NA	Yes	Homo sapiens
VatanenT_2016	P000648	G78783	Otitis Media;Pneumonia;bronchitis;Upper Respiratory Tract Infection;Septicemia;Skin Infection;Cough;Gastroenteritis;Tonsillitis;Pyelonephritis;Cystitis;Fever;Infectious Disorder;Stomatitis;Salmonellosis	NCIT:C34885;NCIT:C3333;NCIT:C2911;NCIT:C35650;NCIT:C3364;NCIT:C35025;NCIT:C37935;NCIT:C34632;NCIT:C116006;NCIT:C34965;NCIT:C26738;NCIT:C3038;NCIT:C128320;NCIT:C26887;NCIT:C157974	Study Control	NCIT:C142703	Russian Federation	NCIT:C17111	feces	UBERON:0001988	Infant	NCIT:C27956	154	Day	0.4	5	0	No	Paolo_Manghi,Svetlana_Ugarcina_Perovic	Healthy	NA	NA	NCIT:C115935	Qiagen	HLA-DQA1*02:01 protein complex;HLA protein complex with DQ5 serotype	MRO:0001211;MRO:0001626	SRR4305286	27133167	IlluminaHiSeq	Male	NCIT:C20197	NA	NA	Yes	Homo sapiens
VatanenT_2016	P000648	G78784	Otitis Media;Pneumonia;bronchitis;Upper Respiratory Tract Infection;Septicemia;Skin Infection;Cough;Gastroenteritis;Tonsillitis;Pyelonephritis;Cystitis;Fever;Infectious Disorder;Stomatitis;Salmonellosis	NCIT:C34885;NCIT:C3333;NCIT:C2911;NCIT:C35650;NCIT:C3364;NCIT:C35025;NCIT:C37935;NCIT:C34632;NCIT:C116006;NCIT:C34965;NCIT:C26738;NCIT:C3038;NCIT:C128320;NCIT:C26887;NCIT:C157974	Case	NCIT:C49152	Russian Federation	NCIT:C17111	feces	UBERON:0001988	Infant	NCIT:C27956	219	Day	0.6	7	65	Yes	Paolo_Manghi,Svetlana_Ugarcina_Perovic	Gastroenteritis	NA	NA	NCIT:C34632	Qiagen	HLA-DQA1*02:01 protein complex;HLA protein complex with DQ5 serotype	MRO:0001211;MRO:0001626	SRR4305287	27133167	IlluminaHiSeq	Male	NCIT:C20197	Nitrofurantoin	NCIT:C29293	Yes	Homo sapiens
VatanenT_2016	P000648	G78841	Otitis Media;Pneumonia;bronchitis;Upper Respiratory Tract Infection;Septicemia;Skin Infection;Cough;Gastroenteritis;Tonsillitis;Pyelonephritis;Cystitis;Fever;Infectious Disorder;Stomatitis;Salmonellosis	NCIT:C34885;NCIT:C3333;NCIT:C2911;NCIT:C35650;NCIT:C3364;NCIT:C35025;NCIT:C37935;NCIT:C34632;NCIT:C116006;NCIT:C34965;NCIT:C26738;NCIT:C3038;NCIT:C128320;NCIT:C26887;NCIT:C157974	Study Control	NCIT:C142703	Russian Federation	NCIT:C17111	feces	UBERON:0001988	Infant	NCIT:C27956	547	Day	1.5	18	393	No	Paolo_Manghi,Svetlana_Ugarcina_Perovic	Healthy	NA	NA	NCIT:C115935	Qiagen	HLA-DQA1*02:01 protein complex;HLA protein complex with DQ5 serotype	MRO:0001211;MRO:0001626	SRR4305341	27133167	IlluminaHiSeq	Male	NCIT:C20197	NA	NA	Yes	Homo sapiens
VatanenT_2016	P000648	G80293	Otitis Media;Pneumonia;bronchitis;Upper Respiratory Tract Infection;Septicemia;Skin Infection;Cough;Gastroenteritis;Tonsillitis;Pyelonephritis;Cystitis;Fever;Infectious Disorder;Stomatitis;Salmonellosis	NCIT:C34885;NCIT:C3333;NCIT:C2911;NCIT:C35650;NCIT:C3364;NCIT:C35025;NCIT:C37935;NCIT:C34632;NCIT:C116006;NCIT:C34965;NCIT:C26738;NCIT:C3038;NCIT:C128320;NCIT:C26887;NCIT:C157974	Study Control	NCIT:C142703	Russian Federation	NCIT:C17111	feces	UBERON:0001988	Child	NCIT:C49683	735	Day	2	24	581	No	Paolo_Manghi,Svetlana_Ugarcina_Perovic	Healthy	NA	NA	NCIT:C115935	Qiagen	HLA-DQA1*02:01 protein complex;HLA protein complex with DQ5 serotype	MRO:0001211;MRO:0001626	SRR4305452	27133167	IlluminaHiSeq	Male	NCIT:C20197	NA	NA	Yes	Homo sapiens
VatanenT_2016	P000648	G69204	Otitis Media;Pneumonia;bronchitis;Upper Respiratory Tract Infection;Septicemia;Skin Infection;Cough;Gastroenteritis;Tonsillitis;Pyelonephritis;Cystitis;Fever;Infectious Disorder;Stomatitis;Salmonellosis	NCIT:C34885;NCIT:C3333;NCIT:C2911;NCIT:C35650;NCIT:C3364;NCIT:C35025;NCIT:C37935;NCIT:C34632;NCIT:C116006;NCIT:C34965;NCIT:C26738;NCIT:C3038;NCIT:C128320;NCIT:C26887;NCIT:C157974	Study Control	NCIT:C142703	Russian Federation	NCIT:C17111	feces	UBERON:0001988	Infant	NCIT:C27956	676	Day	1.9	22	522	No	Paolo_Manghi,Svetlana_Ugarcina_Perovic	Healthy	NA	NA	NCIT:C115935	Qiagen	HLA-DQA1*02:01 protein complex;HLA protein complex with DQ5 serotype	MRO:0001211;MRO:0001626	SRR4305482	27133167	IlluminaHiSeq	Male	NCIT:C20197	NA	NA	Yes	Homo sapiens
VatanenT_2016	P000648	G80577	Otitis Media;Pneumonia;bronchitis;Upper Respiratory Tract Infection;Septicemia;Skin Infection;Cough;Gastroenteritis;Tonsillitis;Pyelonephritis;Cystitis;Fever;Infectious Disorder;Stomatitis;Salmonellosis	NCIT:C34885;NCIT:C3333;NCIT:C2911;NCIT:C35650;NCIT:C3364;NCIT:C35025;NCIT:C37935;NCIT:C34632;NCIT:C116006;NCIT:C34965;NCIT:C26738;NCIT:C3038;NCIT:C128320;NCIT:C26887;NCIT:C157974	Case	NCIT:C49152	Russian Federation	NCIT:C17111	feces	UBERON:0001988	Infant	NCIT:C27956	316	Day	0.9	10	162	Yes	Paolo_Manghi,Svetlana_Ugarcina_Perovic	Gastroenteritis	NA	NA	NCIT:C34632	Qiagen	HLA-DQA1*02:01 protein complex;HLA protein complex with DQ5 serotype	MRO:0001211;MRO:0001626	SRR4408171	27133167	IlluminaHiSeq	Male	NCIT:C20197	Nitrofurantoin	NCIT:C29293	Yes	Homo sapiens
VatanenT_2016	P000648	G80624	Otitis Media;Pneumonia;bronchitis;Upper Respiratory Tract Infection;Septicemia;Skin Infection;Cough;Gastroenteritis;Tonsillitis;Pyelonephritis;Cystitis;Fever;Infectious Disorder;Stomatitis;Salmonellosis	NCIT:C34885;NCIT:C3333;NCIT:C2911;NCIT:C35650;NCIT:C3364;NCIT:C35025;NCIT:C37935;NCIT:C34632;NCIT:C116006;NCIT:C34965;NCIT:C26738;NCIT:C3038;NCIT:C128320;NCIT:C26887;NCIT:C157974	Study Control	NCIT:C142703	Russian Federation	NCIT:C17111	feces	UBERON:0001988	Infant	NCIT:C27956	372	Day	1	12	218	No	Paolo_Manghi,Svetlana_Ugarcina_Perovic	Healthy	NA	NA	NCIT:C115935	Qiagen	HLA-DQA1*02:01 protein complex;HLA protein complex with DQ5 serotype	MRO:0001211;MRO:0001626	SRR4408215	27133167	IlluminaHiSeq	Male	NCIT:C20197	NA	NA	Yes	Homo sapiens
VatanenT_2016	P000648	G80363	Otitis Media;Pneumonia;bronchitis;Upper Respiratory Tract Infection;Septicemia;Skin Infection;Cough;Gastroenteritis;Tonsillitis;Pyelonephritis;Cystitis;Fever;Infectious Disorder;Stomatitis;Salmonellosis	NCIT:C34885;NCIT:C3333;NCIT:C2911;NCIT:C35650;NCIT:C3364;NCIT:C35025;NCIT:C37935;NCIT:C34632;NCIT:C116006;NCIT:C34965;NCIT:C26738;NCIT:C3038;NCIT:C128320;NCIT:C26887;NCIT:C157974	Study Control	NCIT:C142703	Russian Federation	NCIT:C17111	feces	UBERON:0001988	Infant	NCIT:C27956	614	Day	1.7	20	460	No	Paolo_Manghi,Svetlana_Ugarcina_Perovic	Healthy	NA	NA	NCIT:C115935	Qiagen	HLA-DQA1*02:01 protein complex;HLA protein complex with DQ5 serotype	MRO:0001211;MRO:0001626	SRR4408231	27133167	IlluminaHiSeq	Male	NCIT:C20197	NA	NA	Yes	Homo sapiens
VatanenT_2016	P000675	G78897	Otitis Media;Pneumonia;bronchitis;Upper Respiratory Tract Infection;Septicemia;Skin Infection;Cough;Gastroenteritis;Tonsillitis;Pyelonephritis;Cystitis;Fever;Infectious Disorder;Stomatitis;Salmonellosis	NCIT:C34885;NCIT:C3333;NCIT:C2911;NCIT:C35650;NCIT:C3364;NCIT:C35025;NCIT:C37935;NCIT:C34632;NCIT:C116006;NCIT:C34965;NCIT:C26738;NCIT:C3038;NCIT:C128320;NCIT:C26887;NCIT:C157974	Study Control	NCIT:C142703	Russian Federation	NCIT:C17111	feces	UBERON:0001988	Infant	NCIT:C27956	395	Day	1.1	13	0	No	Paolo_Manghi,Svetlana_Ugarcina_Perovic	Healthy	NA	NA	NCIT:C115935	Qiagen	HLA-DRB1*04:04 protein complex	MRO:0001293	SRR4305400	27133167	IlluminaHiSeq	Female	NCIT:C16576	NA	NA	Yes	Homo sapiens
VatanenT_2016	P000756	G78658	Otitis Media;Pneumonia;bronchitis;Upper Respiratory Tract Infection;Septicemia;Skin Infection;Cough;Gastroenteritis;Tonsillitis;Pyelonephritis;Cystitis;Fever;Infectious Disorder;Stomatitis;Salmonellosis	NCIT:C34885;NCIT:C3333;NCIT:C2911;NCIT:C35650;NCIT:C3364;NCIT:C35025;NCIT:C37935;NCIT:C34632;NCIT:C116006;NCIT:C34965;NCIT:C26738;NCIT:C3038;NCIT:C128320;NCIT:C26887;NCIT:C157974	Study Control	NCIT:C142703	Russian Federation	NCIT:C17111	feces	UBERON:0001988	Infant	NCIT:C27956	199	Day	0.5	7	56	No	Paolo_Manghi,Svetlana_Ugarcina_Perovic	Healthy	NA	NA	NCIT:C115935	Qiagen	HLA-DRB1*04:04 protein complex	MRO:0001293	SRR4305187	27133167	IlluminaHiSeq	Male	NCIT:C20197	NA	NA	Yes	Homo sapiens
VatanenT_2016	P000756	G78757	Otitis Media;Pneumonia;bronchitis;Upper Respiratory Tract Infection;Septicemia;Skin Infection;Cough;Gastroenteritis;Tonsillitis;Pyelonephritis;Cystitis;Fever;Infectious Disorder;Stomatitis;Salmonellosis	NCIT:C34885;NCIT:C3333;NCIT:C2911;NCIT:C35650;NCIT:C3364;NCIT:C35025;NCIT:C37935;NCIT:C34632;NCIT:C116006;NCIT:C34965;NCIT:C26738;NCIT:C3038;NCIT:C128320;NCIT:C26887;NCIT:C157974	Study Control	NCIT:C142703	Russian Federation	NCIT:C17111	feces	UBERON:0001988	Infant	NCIT:C27956	241	Day	0.7	8	98	No	Paolo_Manghi,Svetlana_Ugarcina_Perovic	Healthy	NA	NA	NCIT:C115935	Qiagen	HLA-DRB1*04:04 protein complex	MRO:0001293	SRR4305269	27133167	IlluminaHiSeq	Male	NCIT:C20197	NA	NA	Yes	Homo sapiens
VatanenT_2016	P000756	G78865	Otitis Media;Pneumonia;bronchitis;Upper Respiratory Tract Infection;Septicemia;Skin Infection;Cough;Gastroenteritis;Tonsillitis;Pyelonephritis;Cystitis;Fever;Infectious Disorder;Stomatitis;Salmonellosis	NCIT:C34885;NCIT:C3333;NCIT:C2911;NCIT:C35650;NCIT:C3364;NCIT:C35025;NCIT:C37935;NCIT:C34632;NCIT:C116006;NCIT:C34965;NCIT:C26738;NCIT:C3038;NCIT:C128320;NCIT:C26887;NCIT:C157974	Study Control	NCIT:C142703	Russian Federation	NCIT:C17111	feces	UBERON:0001988	Infant	NCIT:C27956	348	Day	1	11	205	No	Paolo_Manghi,Svetlana_Ugarcina_Perovic	Healthy	NA	NA	NCIT:C115935	Qiagen	HLA-DRB1*04:04 protein complex	MRO:0001293	SRR4305364	27133167	IlluminaHiSeq	Male	NCIT:C20197	NA	NA	Yes	Homo sapiens
VatanenT_2016	P000756	G78866	Otitis Media;Pneumonia;bronchitis;Upper Respiratory Tract Infection;Septicemia;Skin Infection;Cough;Gastroenteritis;Tonsillitis;Pyelonephritis;Cystitis;Fever;Infectious Disorder;Stomatitis;Salmonellosis	NCIT:C34885;NCIT:C3333;NCIT:C2911;NCIT:C35650;NCIT:C3364;NCIT:C35025;NCIT:C37935;NCIT:C34632;NCIT:C116006;NCIT:C34965;NCIT:C26738;NCIT:C3038;NCIT:C128320;NCIT:C26887;NCIT:C157974	Study Control	NCIT:C142703	Russian Federation	NCIT:C17111	feces	UBERON:0001988	Infant	NCIT:C27956	381	Day	1	13	238	No	Paolo_Manghi,Svetlana_Ugarcina_Perovic	Healthy	NA	NA	NCIT:C115935	Qiagen	HLA-DRB1*04:04 protein complex	MRO:0001293	SRR4305365	27133167	IlluminaHiSeq	Male	NCIT:C20197	NA	NA	Yes	Homo sapiens
VatanenT_2016	P000756	G78867	Otitis Media;Pneumonia;bronchitis;Upper Respiratory Tract Infection;Septicemia;Skin Infection;Cough;Gastroenteritis;Tonsillitis;Pyelonephritis;Cystitis;Fever;Infectious Disorder;Stomatitis;Salmonellosis	NCIT:C34885;NCIT:C3333;NCIT:C2911;NCIT:C35650;NCIT:C3364;NCIT:C35025;NCIT:C37935;NCIT:C34632;NCIT:C116006;NCIT:C34965;NCIT:C26738;NCIT:C3038;NCIT:C128320;NCIT:C26887;NCIT:C157974	Study Control	NCIT:C142703	Russian Federation	NCIT:C17111	feces	UBERON:0001988	Infant	NCIT:C27956	408	Day	1.1	13	265	No	Paolo_Manghi,Svetlana_Ugarcina_Perovic	Healthy	NA	NA	NCIT:C115935	Qiagen	HLA-DRB1*04:04 protein complex	MRO:0001293	SRR4305366	27133167	IlluminaHiSeq	Male	NCIT:C20197	NA	NA	Yes	Homo sapiens
VatanenT_2016	P000756	G78903	Otitis Media;Pneumonia;bronchitis;Upper Respiratory Tract Infection;Septicemia;Skin Infection;Cough;Gastroenteritis;Tonsillitis;Pyelonephritis;Cystitis;Fever;Infectious Disorder;Stomatitis;Salmonellosis	NCIT:C34885;NCIT:C3333;NCIT:C2911;NCIT:C35650;NCIT:C3364;NCIT:C35025;NCIT:C37935;NCIT:C34632;NCIT:C116006;NCIT:C34965;NCIT:C26738;NCIT:C3038;NCIT:C128320;NCIT:C26887;NCIT:C157974	Study Control	NCIT:C142703	Russian Federation	NCIT:C17111	feces	UBERON:0001988	Infant	NCIT:C27956	143	Day	0.4	5	0	No	Paolo_Manghi,Svetlana_Ugarcina_Perovic	Healthy	NA	NA	NCIT:C115935	Qiagen	HLA-DRB1*04:04 protein complex	MRO:0001293	SRR4305407	27133167	IlluminaHiSeq	Male	NCIT:C20197	NA	NA	Yes	Homo sapiens
VatanenT_2016	P001307	G78541	Otitis Media;Pneumonia;bronchitis;Upper Respiratory Tract Infection;Septicemia;Skin Infection;Cough;Gastroenteritis;Tonsillitis;Pyelonephritis;Cystitis;Fever;Infectious Disorder;Stomatitis;Salmonellosis	NCIT:C34885;NCIT:C3333;NCIT:C2911;NCIT:C35650;NCIT:C3364;NCIT:C35025;NCIT:C37935;NCIT:C34632;NCIT:C116006;NCIT:C34965;NCIT:C26738;NCIT:C3038;NCIT:C128320;NCIT:C26887;NCIT:C157974	Study Control	NCIT:C142703	Russian Federation	NCIT:C17111	feces	UBERON:0001988	Infant	NCIT:C27956	434	Day	1.2	14	67	No	Paolo_Manghi,Svetlana_Ugarcina_Perovic	Healthy	NA	NA	NCIT:C115935	Qiagen	HLA-DRB1*04:04 protein complex;HLA protein complex with DQ3 serotype;HLA protein complex with DQ5 serotype	MRO:0001293;MRO:0001622;MRO:0001626	SRR4305071	27133167	IlluminaHiSeq	Female	NCIT:C16576	NA	NA	Yes	Homo sapiens
VatanenT_2016	P001307	G78545	Otitis Media;Pneumonia;bronchitis;Upper Respiratory Tract Infection;Septicemia;Skin Infection;Cough;Gastroenteritis;Tonsillitis;Pyelonephritis;Cystitis;Fever;Infectious Disorder;Stomatitis;Salmonellosis	NCIT:C34885;NCIT:C3333;NCIT:C2911;NCIT:C35650;NCIT:C3364;NCIT:C35025;NCIT:C37935;NCIT:C34632;NCIT:C116006;NCIT:C34965;NCIT:C26738;NCIT:C3038;NCIT:C128320;NCIT:C26887;NCIT:C157974	Study Control	NCIT:C142703	Russian Federation	NCIT:C17111	feces	UBERON:0001988	Infant	NCIT:C27956	367	Day	1	12	0	No	Paolo_Manghi,Svetlana_Ugarcina_Perovic	Healthy	NA	NA	NCIT:C115935	Qiagen	HLA-DRB1*04:04 protein complex;HLA protein complex with DQ3 serotype;HLA protein complex with DQ5 serotype	MRO:0001293;MRO:0001622;MRO:0001626	SRR4305075	27133167	IlluminaHiSeq	Female	NCIT:C16576	NA	NA	Yes	Homo sapiens
VatanenT_2016	P001307	G69236	Otitis Media;Pneumonia;bronchitis;Upper Respiratory Tract Infection;Septicemia;Skin Infection;Cough;Gastroenteritis;Tonsillitis;Pyelonephritis;Cystitis;Fever;Infectious Disorder;Stomatitis;Salmonellosis	NCIT:C34885;NCIT:C3333;NCIT:C2911;NCIT:C35650;NCIT:C3364;NCIT:C35025;NCIT:C37935;NCIT:C34632;NCIT:C116006;NCIT:C34965;NCIT:C26738;NCIT:C3038;NCIT:C128320;NCIT:C26887;NCIT:C157974	Study Control	NCIT:C142703	Russian Federation	NCIT:C17111	feces	UBERON:0001988	Infant	NCIT:C27956	692	Day	1.9	23	325	No	Paolo_Manghi,Svetlana_Ugarcina_Perovic	Healthy	NA	NA	NCIT:C115935	Qiagen	HLA-DRB1*04:04 protein complex;HLA protein complex with DQ3 serotype;HLA protein complex with DQ5 serotype	MRO:0001293;MRO:0001622;MRO:0001626	SRR4305516	27133167	IlluminaHiSeq	Female	NCIT:C16576	NA	NA	Yes	Homo sapiens
VatanenT_2016	P001363	G78564	Otitis Media;Pneumonia;bronchitis;Upper Respiratory Tract Infection;Septicemia;Skin Infection;Cough;Gastroenteritis;Tonsillitis;Pyelonephritis;Cystitis;Fever;Infectious Disorder;Stomatitis;Salmonellosis	NCIT:C34885;NCIT:C3333;NCIT:C2911;NCIT:C35650;NCIT:C3364;NCIT:C35025;NCIT:C37935;NCIT:C34632;NCIT:C116006;NCIT:C34965;NCIT:C26738;NCIT:C3038;NCIT:C128320;NCIT:C26887;NCIT:C157974	Study Control	NCIT:C142703	Russian Federation	NCIT:C17111	feces	UBERON:0001988	Infant	NCIT:C27956	404	Day	1.1	13	220	No	Paolo_Manghi,Svetlana_Ugarcina_Perovic	Healthy	NA	NA	NCIT:C115935	Qiagen	HLA-DRB1*04:01 protein complex	MRO:0001290	SRR4305093	27133167	IlluminaHiSeq	Male	NCIT:C20197	NA	NA	Yes	Homo sapiens
VatanenT_2016	P001363	G78782	Otitis Media;Pneumonia;bronchitis;Upper Respiratory Tract Infection;Septicemia;Skin Infection;Cough;Gastroenteritis;Tonsillitis;Pyelonephritis;Cystitis;Fever;Infectious Disorder;Stomatitis;Salmonellosis	NCIT:C34885;NCIT:C3333;NCIT:C2911;NCIT:C35650;NCIT:C3364;NCIT:C35025;NCIT:C37935;NCIT:C34632;NCIT:C116006;NCIT:C34965;NCIT:C26738;NCIT:C3038;NCIT:C128320;NCIT:C26887;NCIT:C157974	Study Control	NCIT:C142703	Russian Federation	NCIT:C17111	feces	UBERON:0001988	Infant	NCIT:C27956	184	Day	0.5	6	0	No	Paolo_Manghi,Svetlana_Ugarcina_Perovic	Healthy	NA	NA	NCIT:C115935	Qiagen	HLA-DRB1*04:01 protein complex	MRO:0001290	SRR4305285	27133167	IlluminaHiSeq	Male	NCIT:C20197	NA	NA	Yes	Homo sapiens
VatanenT_2016	P001363	G80478	Otitis Media;Pneumonia;bronchitis;Upper Respiratory Tract Infection;Septicemia;Skin Infection;Cough;Gastroenteritis;Tonsillitis;Pyelonephritis;Cystitis;Fever;Infectious Disorder;Stomatitis;Salmonellosis	NCIT:C34885;NCIT:C3333;NCIT:C2911;NCIT:C35650;NCIT:C3364;NCIT:C35025;NCIT:C37935;NCIT:C34632;NCIT:C116006;NCIT:C34965;NCIT:C26738;NCIT:C3038;NCIT:C128320;NCIT:C26887;NCIT:C157974	Study Control	NCIT:C142703	Russian Federation	NCIT:C17111	feces	UBERON:0001988	Infant	NCIT:C27956	228	Day	0.6	7	44	No	Paolo_Manghi,Svetlana_Ugarcina_Perovic	Healthy	NA	NA	NCIT:C115935	Qiagen	HLA-DRB1*04:01 protein complex	MRO:0001290	SRR4408062	27133167	IlluminaHiSeq	Male	NCIT:C20197	NA	NA	Yes	Homo sapiens
VatanenT_2016	P003173	G80299	Otitis Media;Pneumonia;bronchitis;Upper Respiratory Tract Infection;Septicemia;Skin Infection;Cough;Gastroenteritis;Tonsillitis;Pyelonephritis;Cystitis;Fever;Infectious Disorder;Stomatitis;Salmonellosis	NCIT:C34885;NCIT:C3333;NCIT:C2911;NCIT:C35650;NCIT:C3364;NCIT:C35025;NCIT:C37935;NCIT:C34632;NCIT:C116006;NCIT:C34965;NCIT:C26738;NCIT:C3038;NCIT:C128320;NCIT:C26887;NCIT:C157974	Study Control	NCIT:C142703	Russian Federation	NCIT:C17111	feces	UBERON:0001988	Infant	NCIT:C27956	417	Day	1.1	14	0	No	Paolo_Manghi,Svetlana_Ugarcina_Perovic	Healthy	NA	NA	NCIT:C115935	Qiagen	HLA protein complex with DQ5 serotype	MRO:0001626	SRR4305459	27133167	IlluminaHiSeq	Female	NCIT:C16576	NA	NA	Yes	Homo sapiens
VatanenT_2016	P003173	G80304	Otitis Media;Pneumonia;bronchitis;Upper Respiratory Tract Infection;Septicemia;Skin Infection;Cough;Gastroenteritis;Tonsillitis;Pyelonephritis;Cystitis;Fever;Infectious Disorder;Stomatitis;Salmonellosis	NCIT:C34885;NCIT:C3333;NCIT:C2911;NCIT:C35650;NCIT:C3364;NCIT:C35025;NCIT:C37935;NCIT:C34632;NCIT:C116006;NCIT:C34965;NCIT:C26738;NCIT:C3038;NCIT:C128320;NCIT:C26887;NCIT:C157974	Study Control	NCIT:C142703	Russian Federation	NCIT:C17111	feces	UBERON:0001988	Infant	NCIT:C27956	528	Day	1.4	17	13	No	Paolo_Manghi,Svetlana_Ugarcina_Perovic	Healthy	NA	NA	NCIT:C115935	Qiagen	HLA protein complex with DQ5 serotype	MRO:0001626	SRR4305464	27133167	IlluminaHiSeq	Female	NCIT:C16576	NA	NA	Yes	Homo sapiens
VatanenT_2016	P003173	G80357	Otitis Media;Pneumonia;bronchitis;Upper Respiratory Tract Infection;Septicemia;Skin Infection;Cough;Gastroenteritis;Tonsillitis;Pyelonephritis;Cystitis;Fever;Infectious Disorder;Stomatitis;Salmonellosis	NCIT:C34885;NCIT:C3333;NCIT:C2911;NCIT:C35650;NCIT:C3364;NCIT:C35025;NCIT:C37935;NCIT:C34632;NCIT:C116006;NCIT:C34965;NCIT:C26738;NCIT:C3038;NCIT:C128320;NCIT:C26887;NCIT:C157974	Study Control	NCIT:C142703	Russian Federation	NCIT:C17111	feces	UBERON:0001988	Infant	NCIT:C27956	702	Day	1.9	23	272	No	Paolo_Manghi,Svetlana_Ugarcina_Perovic	Healthy	NA	NA	NCIT:C115935	Qiagen	HLA protein complex with DQ5 serotype	MRO:0001626	SRR4408224	27133167	IlluminaHiSeq	Female	NCIT:C16576	NA	NA	Yes	Homo sapiens
VatanenT_2016	P003173	G80405	Otitis Media;Pneumonia;bronchitis;Upper Respiratory Tract Infection;Septicemia;Skin Infection;Cough;Gastroenteritis;Tonsillitis;Pyelonephritis;Cystitis;Fever;Infectious Disorder;Stomatitis;Salmonellosis	NCIT:C34885;NCIT:C3333;NCIT:C2911;NCIT:C35650;NCIT:C3364;NCIT:C35025;NCIT:C37935;NCIT:C34632;NCIT:C116006;NCIT:C34965;NCIT:C26738;NCIT:C3038;NCIT:C128320;NCIT:C26887;NCIT:C157974	Study Control	NCIT:C142703	Russian Federation	NCIT:C17111	feces	UBERON:0001988	Infant	NCIT:C27956	638	Day	1.7	21	124	No	Paolo_Manghi,Svetlana_Ugarcina_Perovic	Healthy	NA	NA	NCIT:C115935	Qiagen	HLA protein complex with DQ5 serotype	MRO:0001626	SRR4408277	27133167	IlluminaHiSeq	Female	NCIT:C16576	NA	NA	Yes	Homo sapiens
VatanenT_2016	P003173	G80410	Otitis Media;Pneumonia;bronchitis;Upper Respiratory Tract Infection;Septicemia;Skin Infection;Cough;Gastroenteritis;Tonsillitis;Pyelonephritis;Cystitis;Fever;Infectious Disorder;Stomatitis;Salmonellosis	NCIT:C34885;NCIT:C3333;NCIT:C2911;NCIT:C35650;NCIT:C3364;NCIT:C35025;NCIT:C37935;NCIT:C34632;NCIT:C116006;NCIT:C34965;NCIT:C26738;NCIT:C3038;NCIT:C128320;NCIT:C26887;NCIT:C157974	Study Control	NCIT:C142703	Russian Federation	NCIT:C17111	feces	UBERON:0001988	Infant	NCIT:C27956	676	Day	1.9	22	234	No	Paolo_Manghi,Svetlana_Ugarcina_Perovic	Healthy	NA	NA	NCIT:C115935	Qiagen	HLA protein complex with DQ5 serotype	MRO:0001626	SRR4408282	27133167	IlluminaHiSeq	Female	NCIT:C16576	NA	NA	Yes	Homo sapiens
VatanenT_2016	P003435	G78562	Otitis Media;Pneumonia;bronchitis;Upper Respiratory Tract Infection;Septicemia;Skin Infection;Cough;Gastroenteritis;Tonsillitis;Pyelonephritis;Cystitis;Fever;Infectious Disorder;Stomatitis;Salmonellosis	NCIT:C34885;NCIT:C3333;NCIT:C2911;NCIT:C35650;NCIT:C3364;NCIT:C35025;NCIT:C37935;NCIT:C34632;NCIT:C116006;NCIT:C34965;NCIT:C26738;NCIT:C3038;NCIT:C128320;NCIT:C26887;NCIT:C157974	Study Control	NCIT:C142703	Russian Federation	NCIT:C17111	feces	UBERON:0001988	Infant	NCIT:C27956	343	Day	0.9	11	148	No	Paolo_Manghi,Svetlana_Ugarcina_Perovic	Healthy	NA	NA	NCIT:C115935	Qiagen	HLA protein complex with DQ5 serotype	MRO:0001626	SRR4305091	27133167	IlluminaHiSeq	Male	NCIT:C20197	NA	NA	Yes	Homo sapiens
VatanenT_2016	P003435	G78780	Otitis Media;Pneumonia;bronchitis;Upper Respiratory Tract Infection;Septicemia;Skin Infection;Cough;Gastroenteritis;Tonsillitis;Pyelonephritis;Cystitis;Fever;Infectious Disorder;Stomatitis;Salmonellosis	NCIT:C34885;NCIT:C3333;NCIT:C2911;NCIT:C35650;NCIT:C3364;NCIT:C35025;NCIT:C37935;NCIT:C34632;NCIT:C116006;NCIT:C34965;NCIT:C26738;NCIT:C3038;NCIT:C128320;NCIT:C26887;NCIT:C157974	Study Control	NCIT:C142703	Russian Federation	NCIT:C17111	feces	UBERON:0001988	Infant	NCIT:C27956	218	Day	0.6	7	23	No	Paolo_Manghi,Svetlana_Ugarcina_Perovic	Healthy	NA	NA	NCIT:C115935	Qiagen	HLA protein complex with DQ5 serotype	MRO:0001626	SRR4305284	27133167	IlluminaHiSeq	Male	NCIT:C20197	NA	NA	Yes	Homo sapiens
VatanenT_2016	P003435	G80470	Otitis Media;Pneumonia;bronchitis;Upper Respiratory Tract Infection;Septicemia;Skin Infection;Cough;Gastroenteritis;Tonsillitis;Pyelonephritis;Cystitis;Fever;Infectious Disorder;Stomatitis;Salmonellosis	NCIT:C34885;NCIT:C3333;NCIT:C2911;NCIT:C35650;NCIT:C3364;NCIT:C35025;NCIT:C37935;NCIT:C34632;NCIT:C116006;NCIT:C34965;NCIT:C26738;NCIT:C3038;NCIT:C128320;NCIT:C26887;NCIT:C157974	Study Control	NCIT:C142703	Russian Federation	NCIT:C17111	feces	UBERON:0001988	Infant	NCIT:C27956	195	Day	0.5	6	0	No	Paolo_Manghi,Svetlana_Ugarcina_Perovic	Healthy	NA	NA	NCIT:C115935	Qiagen	HLA protein complex with DQ5 serotype	MRO:0001626	SRR4408054	27133167	IlluminaHiSeq	Male	NCIT:C20197	NA	NA	Yes	Homo sapiens
VatanenT_2016	P003558	G69161	Otitis Media;Pneumonia;bronchitis;Upper Respiratory Tract Infection;Septicemia;Skin Infection;Cough;Gastroenteritis;Tonsillitis;Pyelonephritis;Cystitis;Fever;Infectious Disorder;Stomatitis;Salmonellosis	NCIT:C34885;NCIT:C3333;NCIT:C2911;NCIT:C35650;NCIT:C3364;NCIT:C35025;NCIT:C37935;NCIT:C34632;NCIT:C116006;NCIT:C34965;NCIT:C26738;NCIT:C3038;NCIT:C128320;NCIT:C26887;NCIT:C157974	Study Control	NCIT:C142703	Russian Federation	NCIT:C17111	feces	UBERON:0001988	Infant	NCIT:C27956	213	Day	0.6	7	0	No	Paolo_Manghi,Svetlana_Ugarcina_Perovic	Healthy	NA	NA	NCIT:C115935	Qiagen	HLA-DRB1*04:01 protein complex	MRO:0001290	SRR4305077	27133167	IlluminaHiSeq	Male	NCIT:C20197	NA	NA	Yes	Homo sapiens
VatanenT_2016	P003558	G69162	Otitis Media;Pneumonia;bronchitis;Upper Respiratory Tract Infection;Septicemia;Skin Infection;Cough;Gastroenteritis;Tonsillitis;Pyelonephritis;Cystitis;Fever;Infectious Disorder;Stomatitis;Salmonellosis	NCIT:C34885;NCIT:C3333;NCIT:C2911;NCIT:C35650;NCIT:C3364;NCIT:C35025;NCIT:C37935;NCIT:C34632;NCIT:C116006;NCIT:C34965;NCIT:C26738;NCIT:C3038;NCIT:C128320;NCIT:C26887;NCIT:C157974	Study Control	NCIT:C142703	Russian Federation	NCIT:C17111	feces	UBERON:0001988	Infant	NCIT:C27956	273	Day	0.7	9	60	No	Paolo_Manghi,Svetlana_Ugarcina_Perovic	Healthy	NA	NA	NCIT:C115935	Qiagen	HLA-DRB1*04:01 protein complex	MRO:0001290	SRR4305088	27133167	IlluminaHiSeq	Male	NCIT:C20197	NA	NA	Yes	Homo sapiens
VatanenT_2016	P003558	G69163	Otitis Media;Pneumonia;bronchitis;Upper Respiratory Tract Infection;Septicemia;Skin Infection;Cough;Gastroenteritis;Tonsillitis;Pyelonephritis;Cystitis;Fever;Infectious Disorder;Stomatitis;Salmonellosis	NCIT:C34885;NCIT:C3333;NCIT:C2911;NCIT:C35650;NCIT:C3364;NCIT:C35025;NCIT:C37935;NCIT:C34632;NCIT:C116006;NCIT:C34965;NCIT:C26738;NCIT:C3038;NCIT:C128320;NCIT:C26887;NCIT:C157974	Study Control	NCIT:C142703	Russian Federation	NCIT:C17111	feces	UBERON:0001988	Infant	NCIT:C27956	341	Day	0.9	11	128	No	Paolo_Manghi,Svetlana_Ugarcina_Perovic	Healthy	NA	NA	NCIT:C115935	Qiagen	HLA-DRB1*04:01 protein complex	MRO:0001290	SRR4305099	27133167	IlluminaHiSeq	Male	NCIT:C20197	NA	NA	Yes	Homo sapiens
VatanenT_2016	P003825	G80595	Otitis Media;Pneumonia;bronchitis;Upper Respiratory Tract Infection;Septicemia;Skin Infection;Cough;Gastroenteritis;Tonsillitis;Pyelonephritis;Cystitis;Fever;Infectious Disorder;Stomatitis;Salmonellosis	NCIT:C34885;NCIT:C3333;NCIT:C2911;NCIT:C35650;NCIT:C3364;NCIT:C35025;NCIT:C37935;NCIT:C34632;NCIT:C116006;NCIT:C34965;NCIT:C26738;NCIT:C3038;NCIT:C128320;NCIT:C26887;NCIT:C157974	Study Control	NCIT:C142703	Russian Federation	NCIT:C17111	feces	UBERON:0001988	Infant	NCIT:C27956	367	Day	1	12	0	No	Paolo_Manghi,Svetlana_Ugarcina_Perovic	Healthy	NA	NA	NCIT:C115935	Qiagen	HLA-DRB1*04:04 protein complex	MRO:0001293	SRR4408190	27133167	IlluminaHiSeq	Male	NCIT:C20197	NA	NA	Yes	Homo sapiens
VatanenT_2016	P004113	G78551	Otitis Media;Pneumonia;bronchitis;Upper Respiratory Tract Infection;Septicemia;Skin Infection;Cough;Gastroenteritis;Tonsillitis;Pyelonephritis;Cystitis;Fever;Infectious Disorder;Stomatitis;Salmonellosis	NCIT:C34885;NCIT:C3333;NCIT:C2911;NCIT:C35650;NCIT:C3364;NCIT:C35025;NCIT:C37935;NCIT:C34632;NCIT:C116006;NCIT:C34965;NCIT:C26738;NCIT:C3038;NCIT:C128320;NCIT:C26887;NCIT:C157974	Study Control	NCIT:C142703	Russian Federation	NCIT:C17111	feces	UBERON:0001988	Infant	NCIT:C27956	586	Day	1.6	19	495	No	Paolo_Manghi,Svetlana_Ugarcina_Perovic	Healthy	NA	NA	NCIT:C115935	Qiagen	HLA-DRB1*04:04 protein complex	MRO:0001293	SRR4305080	27133167	IlluminaHiSeq	Male	NCIT:C20197	NA	NA	Yes	Homo sapiens
VatanenT_2016	P004113	G78552	Otitis Media;Pneumonia;bronchitis;Upper Respiratory Tract Infection;Septicemia;Skin Infection;Cough;Gastroenteritis;Tonsillitis;Pyelonephritis;Cystitis;Fever;Infectious Disorder;Stomatitis;Salmonellosis	NCIT:C34885;NCIT:C3333;NCIT:C2911;NCIT:C35650;NCIT:C3364;NCIT:C35025;NCIT:C37935;NCIT:C34632;NCIT:C116006;NCIT:C34965;NCIT:C26738;NCIT:C3038;NCIT:C128320;NCIT:C26887;NCIT:C157974	Study Control	NCIT:C142703	Russian Federation	NCIT:C17111	feces	UBERON:0001988	Infant	NCIT:C27956	625	Day	1.7	21	534	No	Paolo_Manghi,Svetlana_Ugarcina_Perovic	Healthy	NA	NA	NCIT:C115935	Qiagen	HLA-DRB1*04:04 protein complex	MRO:0001293	SRR4305081	27133167	IlluminaHiSeq	Male	NCIT:C20197	NA	NA	Yes	Homo sapiens
VatanenT_2016	P004113	G78766	Otitis Media;Pneumonia;bronchitis;Upper Respiratory Tract Infection;Septicemia;Skin Infection;Cough;Gastroenteritis;Tonsillitis;Pyelonephritis;Cystitis;Fever;Infectious Disorder;Stomatitis;Salmonellosis	NCIT:C34885;NCIT:C3333;NCIT:C2911;NCIT:C35650;NCIT:C3364;NCIT:C35025;NCIT:C37935;NCIT:C34632;NCIT:C116006;NCIT:C34965;NCIT:C26738;NCIT:C3038;NCIT:C128320;NCIT:C26887;NCIT:C157974	Study Control	NCIT:C142703	Russian Federation	NCIT:C17111	feces	UBERON:0001988	Infant	NCIT:C27956	91	Day	0.2	3	0	No	Paolo_Manghi,Svetlana_Ugarcina_Perovic	Healthy	NA	NA	NCIT:C115935	Qiagen	HLA-DRB1*04:04 protein complex	MRO:0001293	SRR4305272	27133167	IlluminaHiSeq	Male	NCIT:C20197	NA	NA	Yes	Homo sapiens
VatanenT_2016	P004113	G78881	Otitis Media;Pneumonia;bronchitis;Upper Respiratory Tract Infection;Septicemia;Skin Infection;Cough;Gastroenteritis;Tonsillitis;Pyelonephritis;Cystitis;Fever;Infectious Disorder;Stomatitis;Salmonellosis	NCIT:C34885;NCIT:C3333;NCIT:C2911;NCIT:C35650;NCIT:C3364;NCIT:C35025;NCIT:C37935;NCIT:C34632;NCIT:C116006;NCIT:C34965;NCIT:C26738;NCIT:C3038;NCIT:C128320;NCIT:C26887;NCIT:C157974	Study Control	NCIT:C142703	Russian Federation	NCIT:C17111	feces	UBERON:0001988	Infant	NCIT:C27956	276	Day	0.8	9	185	No	Paolo_Manghi,Svetlana_Ugarcina_Perovic	Healthy	NA	NA	NCIT:C115935	Qiagen	HLA-DRB1*04:04 protein complex	MRO:0001293	SRR4305384	27133167	IlluminaHiSeq	Male	NCIT:C20197	NA	NA	Yes	Homo sapiens
VatanenT_2016	P004113	G78882	Otitis Media;Pneumonia;bronchitis;Upper Respiratory Tract Infection;Septicemia;Skin Infection;Cough;Gastroenteritis;Tonsillitis;Pyelonephritis;Cystitis;Fever;Infectious Disorder;Stomatitis;Salmonellosis	NCIT:C34885;NCIT:C3333;NCIT:C2911;NCIT:C35650;NCIT:C3364;NCIT:C35025;NCIT:C37935;NCIT:C34632;NCIT:C116006;NCIT:C34965;NCIT:C26738;NCIT:C3038;NCIT:C128320;NCIT:C26887;NCIT:C157974	Study Control	NCIT:C142703	Russian Federation	NCIT:C17111	feces	UBERON:0001988	Infant	NCIT:C27956	316	Day	0.9	10	225	No	Paolo_Manghi,Svetlana_Ugarcina_Perovic	Healthy	NA	NA	NCIT:C115935	Qiagen	HLA-DRB1*04:04 protein complex	MRO:0001293	SRR4305385	27133167	IlluminaHiSeq	Male	NCIT:C20197	NA	NA	Yes	Homo sapiens
VatanenT_2016	P004113	G78883	Otitis Media;Pneumonia;bronchitis;Upper Respiratory Tract Infection;Septicemia;Skin Infection;Cough;Gastroenteritis;Tonsillitis;Pyelonephritis;Cystitis;Fever;Infectious Disorder;Stomatitis;Salmonellosis	NCIT:C34885;NCIT:C3333;NCIT:C2911;NCIT:C35650;NCIT:C3364;NCIT:C35025;NCIT:C37935;NCIT:C34632;NCIT:C116006;NCIT:C34965;NCIT:C26738;NCIT:C3038;NCIT:C128320;NCIT:C26887;NCIT:C157974	Study Control	NCIT:C142703	Russian Federation	NCIT:C17111	feces	UBERON:0001988	Infant	NCIT:C27956	348	Day	1	11	257	No	Paolo_Manghi,Svetlana_Ugarcina_Perovic	Healthy	NA	NA	NCIT:C115935	Qiagen	HLA-DRB1*04:04 protein complex	MRO:0001293	SRR4305386	27133167	IlluminaHiSeq	Male	NCIT:C20197	NA	NA	Yes	Homo sapiens
VatanenT_2016	P004113	G80370	Otitis Media;Pneumonia;bronchitis;Upper Respiratory Tract Infection;Septicemia;Skin Infection;Cough;Gastroenteritis;Tonsillitis;Pyelonephritis;Cystitis;Fever;Infectious Disorder;Stomatitis;Salmonellosis	NCIT:C34885;NCIT:C3333;NCIT:C2911;NCIT:C35650;NCIT:C3364;NCIT:C35025;NCIT:C37935;NCIT:C34632;NCIT:C116006;NCIT:C34965;NCIT:C26738;NCIT:C3038;NCIT:C128320;NCIT:C26887;NCIT:C157974	Study Control	NCIT:C142703	Russian Federation	NCIT:C17111	feces	UBERON:0001988	Infant	NCIT:C27956	697	Day	1.9	23	606	No	Paolo_Manghi,Svetlana_Ugarcina_Perovic	Healthy	NA	NA	NCIT:C115935	Qiagen	HLA-DRB1*04:04 protein complex	MRO:0001293	SRR4408238	27133167	IlluminaHiSeq	Male	NCIT:C20197	NA	NA	Yes	Homo sapiens
VatanenT_2016	P004230	G78542	Otitis Media;Pneumonia;bronchitis;Upper Respiratory Tract Infection;Septicemia;Skin Infection;Cough;Gastroenteritis;Tonsillitis;Pyelonephritis;Cystitis;Fever;Infectious Disorder;Stomatitis;Salmonellosis	NCIT:C34885;NCIT:C3333;NCIT:C2911;NCIT:C35650;NCIT:C3364;NCIT:C35025;NCIT:C37935;NCIT:C34632;NCIT:C116006;NCIT:C34965;NCIT:C26738;NCIT:C3038;NCIT:C128320;NCIT:C26887;NCIT:C157974	Study Control	NCIT:C142703	Russian Federation	NCIT:C17111	feces	UBERON:0001988	Infant	NCIT:C27956	400	Day	1.1	13	185	No	Paolo_Manghi,Svetlana_Ugarcina_Perovic	Healthy	NA	NA	NCIT:C115935	Qiagen	HLA-DRB1*04:04 protein complex;HLA protein complex with DQ3 serotype;HLA-DQA1*02:01 protein complex	MRO:0001293;MRO:0001622;MRO:0001211	SRR4305072	27133167	IlluminaHiSeq	Male	NCIT:C20197	NA	NA	Yes	Homo sapiens
VatanenT_2016	P004230	G78543	Otitis Media;Pneumonia;bronchitis;Upper Respiratory Tract Infection;Septicemia;Skin Infection;Cough;Gastroenteritis;Tonsillitis;Pyelonephritis;Cystitis;Fever;Infectious Disorder;Stomatitis;Salmonellosis	NCIT:C34885;NCIT:C3333;NCIT:C2911;NCIT:C35650;NCIT:C3364;NCIT:C35025;NCIT:C37935;NCIT:C34632;NCIT:C116006;NCIT:C34965;NCIT:C26738;NCIT:C3038;NCIT:C128320;NCIT:C26887;NCIT:C157974	Study Control	NCIT:C142703	Russian Federation	NCIT:C17111	feces	UBERON:0001988	Infant	NCIT:C27956	498	Day	1.4	16	283	No	Paolo_Manghi,Svetlana_Ugarcina_Perovic	Healthy	NA	NA	NCIT:C115935	Qiagen	HLA-DRB1*04:04 protein complex;HLA protein complex with DQ3 serotype;HLA-DQA1*02:01 protein complex	MRO:0001293;MRO:0001622;MRO:0001211	SRR4305073	27133167	IlluminaHiSeq	Male	NCIT:C20197	NA	NA	Yes	Homo sapiens
VatanenT_2016	P004230	G78563	Otitis Media;Pneumonia;bronchitis;Upper Respiratory Tract Infection;Septicemia;Skin Infection;Cough;Gastroenteritis;Tonsillitis;Pyelonephritis;Cystitis;Fever;Infectious Disorder;Stomatitis;Salmonellosis	NCIT:C34885;NCIT:C3333;NCIT:C2911;NCIT:C35650;NCIT:C3364;NCIT:C35025;NCIT:C37935;NCIT:C34632;NCIT:C116006;NCIT:C34965;NCIT:C26738;NCIT:C3038;NCIT:C128320;NCIT:C26887;NCIT:C157974	Study Control	NCIT:C142703	Russian Federation	NCIT:C17111	feces	UBERON:0001988	Infant	NCIT:C27956	285	Day	0.8	9	70	No	Paolo_Manghi,Svetlana_Ugarcina_Perovic	Healthy	NA	NA	NCIT:C115935	Qiagen	HLA-DRB1*04:04 protein complex;HLA protein complex with DQ3 serotype;HLA-DQA1*02:01 protein complex	MRO:0001293;MRO:0001622;MRO:0001211	SRR4305092	27133167	IlluminaHiSeq	Male	NCIT:C20197	NA	NA	Yes	Homo sapiens
VatanenT_2016	P004230	G80441	Otitis Media;Pneumonia;bronchitis;Upper Respiratory Tract Infection;Septicemia;Skin Infection;Cough;Gastroenteritis;Tonsillitis;Pyelonephritis;Cystitis;Fever;Infectious Disorder;Stomatitis;Salmonellosis	NCIT:C34885;NCIT:C3333;NCIT:C2911;NCIT:C35650;NCIT:C3364;NCIT:C35025;NCIT:C37935;NCIT:C34632;NCIT:C116006;NCIT:C34965;NCIT:C26738;NCIT:C3038;NCIT:C128320;NCIT:C26887;NCIT:C157974	Study Control	NCIT:C142703	Russian Federation	NCIT:C17111	feces	UBERON:0001988	Infant	NCIT:C27956	614	Day	1.7	20	399	No	Paolo_Manghi,Svetlana_Ugarcina_Perovic	Healthy	NA	NA	NCIT:C115935	Qiagen	HLA-DRB1*04:04 protein complex;HLA protein complex with DQ3 serotype;HLA-DQA1*02:01 protein complex	MRO:0001293;MRO:0001622;MRO:0001211	SRR4408026	27133167	IlluminaHiSeq	Male	NCIT:C20197	NA	NA	Yes	Homo sapiens
VatanenT_2016	P004230	G80449	Otitis Media;Pneumonia;bronchitis;Upper Respiratory Tract Infection;Septicemia;Skin Infection;Cough;Gastroenteritis;Tonsillitis;Pyelonephritis;Cystitis;Fever;Infectious Disorder;Stomatitis;Salmonellosis	NCIT:C34885;NCIT:C3333;NCIT:C2911;NCIT:C35650;NCIT:C3364;NCIT:C35025;NCIT:C37935;NCIT:C34632;NCIT:C116006;NCIT:C34965;NCIT:C26738;NCIT:C3038;NCIT:C128320;NCIT:C26887;NCIT:C157974	Study Control	NCIT:C142703	Russian Federation	NCIT:C17111	feces	UBERON:0001988	Infant	NCIT:C27956	725	Day	2	24	510	No	Paolo_Manghi,Svetlana_Ugarcina_Perovic	Healthy	NA	NA	NCIT:C115935	Qiagen	HLA-DRB1*04:04 protein complex;HLA protein complex with DQ3 serotype;HLA-DQA1*02:01 protein complex	MRO:0001293;MRO:0001622;MRO:0001211	SRR4408032	27133167	IlluminaHiSeq	Male	NCIT:C20197	NA	NA	Yes	Homo sapiens
VatanenT_2016	P004230	G80494	Otitis Media;Pneumonia;bronchitis;Upper Respiratory Tract Infection;Septicemia;Skin Infection;Cough;Gastroenteritis;Tonsillitis;Pyelonephritis;Cystitis;Fever;Infectious Disorder;Stomatitis;Salmonellosis	NCIT:C34885;NCIT:C3333;NCIT:C2911;NCIT:C35650;NCIT:C3364;NCIT:C35025;NCIT:C37935;NCIT:C34632;NCIT:C116006;NCIT:C34965;NCIT:C26738;NCIT:C3038;NCIT:C128320;NCIT:C26887;NCIT:C157974	Study Control	NCIT:C142703	Russian Federation	NCIT:C17111	feces	UBERON:0001988	Infant	NCIT:C27956	215	Day	0.6	7	0	No	Paolo_Manghi,Svetlana_Ugarcina_Perovic	Healthy	NA	NA	NCIT:C115935	Qiagen	HLA-DRB1*04:04 protein complex;HLA protein complex with DQ3 serotype;HLA-DQA1*02:01 protein complex	MRO:0001293;MRO:0001622;MRO:0001211	SRR4408079	27133167	IlluminaHiSeq	Male	NCIT:C20197	NA	NA	Yes	Homo sapiens
VatanenT_2016	P004230	G80557	Otitis Media;Pneumonia;bronchitis;Upper Respiratory Tract Infection;Septicemia;Skin Infection;Cough;Gastroenteritis;Tonsillitis;Pyelonephritis;Cystitis;Fever;Infectious Disorder;Stomatitis;Salmonellosis	NCIT:C34885;NCIT:C3333;NCIT:C2911;NCIT:C35650;NCIT:C3364;NCIT:C35025;NCIT:C37935;NCIT:C34632;NCIT:C116006;NCIT:C34965;NCIT:C26738;NCIT:C3038;NCIT:C128320;NCIT:C26887;NCIT:C157974	Study Control	NCIT:C142703	Russian Federation	NCIT:C17111	feces	UBERON:0001988	Infant	NCIT:C27956	367	Day	1	12	152	No	Paolo_Manghi,Svetlana_Ugarcina_Perovic	Healthy	NA	NA	NCIT:C115935	Qiagen	HLA-DRB1*04:04 protein complex;HLA protein complex with DQ3 serotype;HLA-DQA1*02:01 protein complex	MRO:0001293;MRO:0001622;MRO:0001211	SRR4408150	27133167	IlluminaHiSeq	Male	NCIT:C20197	NA	NA	Yes	Homo sapiens
VatanenT_2016	P004230	G80415	Otitis Media;Pneumonia;bronchitis;Upper Respiratory Tract Infection;Septicemia;Skin Infection;Cough;Gastroenteritis;Tonsillitis;Pyelonephritis;Cystitis;Fever;Infectious Disorder;Stomatitis;Salmonellosis	NCIT:C34885;NCIT:C3333;NCIT:C2911;NCIT:C35650;NCIT:C3364;NCIT:C35025;NCIT:C37935;NCIT:C34632;NCIT:C116006;NCIT:C34965;NCIT:C26738;NCIT:C3038;NCIT:C128320;NCIT:C26887;NCIT:C157974	Study Control	NCIT:C142703	Russian Federation	NCIT:C17111	feces	UBERON:0001988	Infant	NCIT:C27956	561	Day	1.5	18	346	No	Paolo_Manghi,Svetlana_Ugarcina_Perovic	Healthy	NA	NA	NCIT:C115935	Qiagen	HLA-DRB1*04:04 protein complex;HLA protein complex with DQ3 serotype;HLA-DQA1*02:01 protein complex	MRO:0001293;MRO:0001622;MRO:0001211	SRR4408288	27133167	IlluminaHiSeq	Male	NCIT:C20197	NA	NA	Yes	Homo sapiens
VatanenT_2016	P004847	G80583	Otitis Media;Pneumonia;bronchitis;Upper Respiratory Tract Infection;Septicemia;Skin Infection;Cough;Gastroenteritis;Tonsillitis;Pyelonephritis;Cystitis;Fever;Infectious Disorder;Stomatitis;Salmonellosis	NCIT:C34885;NCIT:C3333;NCIT:C2911;NCIT:C35650;NCIT:C3364;NCIT:C35025;NCIT:C37935;NCIT:C34632;NCIT:C116006;NCIT:C34965;NCIT:C26738;NCIT:C3038;NCIT:C128320;NCIT:C26887;NCIT:C157974	Case	NCIT:C49152	Russian Federation	NCIT:C17111	feces	UBERON:0001988	Infant	NCIT:C27956	254	Day	0.7	8	0	Yes	Paolo_Manghi,Svetlana_Ugarcina_Perovic	Upper Respiratory Tract Infection	NA	NA	NCIT:C35650	Qiagen	HLA protein complex with DQ5 serotype	MRO:0001626	SRR4408178	27133167	IlluminaHiSeq	Female	NCIT:C16576	Penicillin Antibiotic	NCIT:C1500	Yes	Homo sapiens
VatanenT_2016	P004946	G78696	Otitis Media;Pneumonia;bronchitis;Upper Respiratory Tract Infection;Septicemia;Skin Infection;Cough;Gastroenteritis;Tonsillitis;Pyelonephritis;Cystitis;Fever;Infectious Disorder;Stomatitis;Salmonellosis	NCIT:C34885;NCIT:C3333;NCIT:C2911;NCIT:C35650;NCIT:C3364;NCIT:C35025;NCIT:C37935;NCIT:C34632;NCIT:C116006;NCIT:C34965;NCIT:C26738;NCIT:C3038;NCIT:C128320;NCIT:C26887;NCIT:C157974	Study Control	NCIT:C142703	Russian Federation	NCIT:C17111	feces	UBERON:0001988	Infant	NCIT:C27956	296	Day	0.8	10	0	No	Paolo_Manghi,Svetlana_Ugarcina_Perovic	Healthy	NA	NA	NCIT:C115935	Qiagen	HLA protein complex with DQ5 serotype;HLA protein complex with DQ5 serotype	MRO:0001626;MRO:0001626	SRR4305223	27133167	IlluminaHiSeq	Female	NCIT:C16576	NA	NA	Yes	Homo sapiens
VatanenT_2016	P004946	G78697	Otitis Media;Pneumonia;bronchitis;Upper Respiratory Tract Infection;Septicemia;Skin Infection;Cough;Gastroenteritis;Tonsillitis;Pyelonephritis;Cystitis;Fever;Infectious Disorder;Stomatitis;Salmonellosis	NCIT:C34885;NCIT:C3333;NCIT:C2911;NCIT:C35650;NCIT:C3364;NCIT:C35025;NCIT:C37935;NCIT:C34632;NCIT:C116006;NCIT:C34965;NCIT:C26738;NCIT:C3038;NCIT:C128320;NCIT:C26887;NCIT:C157974	Study Control	NCIT:C142703	Russian Federation	NCIT:C17111	feces	UBERON:0001988	Infant	NCIT:C27956	334	Day	0.9	11	38	No	Paolo_Manghi,Svetlana_Ugarcina_Perovic	Healthy	NA	NA	NCIT:C115935	Qiagen	HLA protein complex with DQ5 serotype;HLA protein complex with DQ5 serotype	MRO:0001626;MRO:0001626	SRR4305224	27133167	IlluminaHiSeq	Female	NCIT:C16576	NA	NA	Yes	Homo sapiens
VatanenT_2016	P005135	G78778	Otitis Media;Pneumonia;bronchitis;Upper Respiratory Tract Infection;Septicemia;Skin Infection;Cough;Gastroenteritis;Tonsillitis;Pyelonephritis;Cystitis;Fever;Infectious Disorder;Stomatitis;Salmonellosis	NCIT:C34885;NCIT:C3333;NCIT:C2911;NCIT:C35650;NCIT:C3364;NCIT:C35025;NCIT:C37935;NCIT:C34632;NCIT:C116006;NCIT:C34965;NCIT:C26738;NCIT:C3038;NCIT:C128320;NCIT:C26887;NCIT:C157974	Case	NCIT:C49152	Russian Federation	NCIT:C17111	feces	UBERON:0001988	Infant	NCIT:C27956	249	Day	0.7	8	118	Yes	Paolo_Manghi,Svetlana_Ugarcina_Perovic	bronchitis	NA	NA	NCIT:C2911	Qiagen	HLA protein complex with DQ5 serotype	MRO:0001626	SRR4305283	27133167	IlluminaHiSeq	Male	NCIT:C20197	Beta-lactamase Inhibitor;Penicillin Antibiotic	NCIT:C183118;NCIT:C1500	Yes	Homo sapiens
VatanenT_2016	P005135	G69209	Otitis Media;Pneumonia;bronchitis;Upper Respiratory Tract Infection;Septicemia;Skin Infection;Cough;Gastroenteritis;Tonsillitis;Pyelonephritis;Cystitis;Fever;Infectious Disorder;Stomatitis;Salmonellosis	NCIT:C34885;NCIT:C3333;NCIT:C2911;NCIT:C35650;NCIT:C3364;NCIT:C35025;NCIT:C37935;NCIT:C34632;NCIT:C116006;NCIT:C34965;NCIT:C26738;NCIT:C3038;NCIT:C128320;NCIT:C26887;NCIT:C157974	Case	NCIT:C49152	Russian Federation	NCIT:C17111	feces	UBERON:0001988	Infant	NCIT:C27956	308	Day	0.8	10	177	Yes	Paolo_Manghi,Svetlana_Ugarcina_Perovic	bronchitis	NA	NA	NCIT:C2911	Qiagen	HLA protein complex with DQ5 serotype	MRO:0001626	SRR4305487	27133167	IlluminaHiSeq	Male	NCIT:C20197	Beta-lactamase Inhibitor;Penicillin Antibiotic	NCIT:C183118;NCIT:C1500	Yes	Homo sapiens
VatanenT_2016	P005135	G69210	Otitis Media;Pneumonia;bronchitis;Upper Respiratory Tract Infection;Septicemia;Skin Infection;Cough;Gastroenteritis;Tonsillitis;Pyelonephritis;Cystitis;Fever;Infectious Disorder;Stomatitis;Salmonellosis	NCIT:C34885;NCIT:C3333;NCIT:C2911;NCIT:C35650;NCIT:C3364;NCIT:C35025;NCIT:C37935;NCIT:C34632;NCIT:C116006;NCIT:C34965;NCIT:C26738;NCIT:C3038;NCIT:C128320;NCIT:C26887;NCIT:C157974	Study Control	NCIT:C142703	Russian Federation	NCIT:C17111	feces	UBERON:0001988	Infant	NCIT:C27956	131	Day	0.4	4	0	No	Paolo_Manghi,Svetlana_Ugarcina_Perovic	Healthy	NA	NA	NCIT:C115935	Qiagen	HLA protein complex with DQ5 serotype	MRO:0001626	SRR4305488	27133167	IlluminaHiSeq	Male	NCIT:C20197	NA	NA	Yes	Homo sapiens
VatanenT_2016	P005135	G80417	Otitis Media;Pneumonia;bronchitis;Upper Respiratory Tract Infection;Septicemia;Skin Infection;Cough;Gastroenteritis;Tonsillitis;Pyelonephritis;Cystitis;Fever;Infectious Disorder;Stomatitis;Salmonellosis	NCIT:C34885;NCIT:C3333;NCIT:C2911;NCIT:C35650;NCIT:C3364;NCIT:C35025;NCIT:C37935;NCIT:C34632;NCIT:C116006;NCIT:C34965;NCIT:C26738;NCIT:C3038;NCIT:C128320;NCIT:C26887;NCIT:C157974	Study Control	NCIT:C142703	Russian Federation	NCIT:C17111	feces	UBERON:0001988	Infant	NCIT:C27956	430	Day	1.2	14	299	No	Paolo_Manghi,Svetlana_Ugarcina_Perovic	Healthy	NA	NA	NCIT:C115935	Qiagen	HLA protein complex with DQ5 serotype	MRO:0001626	SRR4408290	27133167	IlluminaHiSeq	Male	NCIT:C20197	NA	NA	Yes	Homo sapiens
VatanenT_2016	P005279	G78636	Otitis Media;Pneumonia;bronchitis;Upper Respiratory Tract Infection;Septicemia;Skin Infection;Cough;Gastroenteritis;Tonsillitis;Pyelonephritis;Cystitis;Fever;Infectious Disorder;Stomatitis;Salmonellosis	NCIT:C34885;NCIT:C3333;NCIT:C2911;NCIT:C35650;NCIT:C3364;NCIT:C35025;NCIT:C37935;NCIT:C34632;NCIT:C116006;NCIT:C34965;NCIT:C26738;NCIT:C3038;NCIT:C128320;NCIT:C26887;NCIT:C157974	Study Control	NCIT:C142703	Russian Federation	NCIT:C17111	feces	UBERON:0001988	Child	NCIT:C49683	826	Day	2.3	27	468	No	Paolo_Manghi,Svetlana_Ugarcina_Perovic	Healthy	NA	NA	NCIT:C115935	Qiagen	HLA-DRB1*04:01 protein complex	MRO:0001290	SRR4305168	27133167	IlluminaHiSeq	Female	NCIT:C16576	NA	NA	Yes	Homo sapiens
VatanenT_2016	P005279	G80300	Otitis Media;Pneumonia;bronchitis;Upper Respiratory Tract Infection;Septicemia;Skin Infection;Cough;Gastroenteritis;Tonsillitis;Pyelonephritis;Cystitis;Fever;Infectious Disorder;Stomatitis;Salmonellosis	NCIT:C34885;NCIT:C3333;NCIT:C2911;NCIT:C35650;NCIT:C3364;NCIT:C35025;NCIT:C37935;NCIT:C34632;NCIT:C116006;NCIT:C34965;NCIT:C26738;NCIT:C3038;NCIT:C128320;NCIT:C26887;NCIT:C157974	Case	NCIT:C49152	Russian Federation	NCIT:C17111	feces	UBERON:0001988	Infant	NCIT:C27956	358	Day	1	12	0	Yes	Paolo_Manghi,Svetlana_Ugarcina_Perovic	bronchitis	NA	NA	NCIT:C2911	Qiagen	HLA-DRB1*04:01 protein complex	MRO:0001290	SRR4305460	27133167	IlluminaHiSeq	Female	NCIT:C16576	Penicillin Antibiotic	NCIT:C1500	Yes	Homo sapiens
VatanenT_2016	P005279	G78500	Otitis Media;Pneumonia;bronchitis;Upper Respiratory Tract Infection;Septicemia;Skin Infection;Cough;Gastroenteritis;Tonsillitis;Pyelonephritis;Cystitis;Fever;Infectious Disorder;Stomatitis;Salmonellosis	NCIT:C34885;NCIT:C3333;NCIT:C2911;NCIT:C35650;NCIT:C3364;NCIT:C35025;NCIT:C37935;NCIT:C34632;NCIT:C116006;NCIT:C34965;NCIT:C26738;NCIT:C3038;NCIT:C128320;NCIT:C26887;NCIT:C157974	Study Control	NCIT:C142703	Russian Federation	NCIT:C17111	feces	UBERON:0001988	Child	NCIT:C49683	1101	Day	3	36	743	No	Paolo_Manghi,Svetlana_Ugarcina_Perovic	Healthy	NA	NA	NCIT:C115935	Qiagen	HLA-DRB1*04:01 protein complex	MRO:0001290	SRR4305530	27133167	IlluminaHiSeq	Female	NCIT:C16576	NA	NA	Yes	Homo sapiens
VatanenT_2016	P005279	G80462	Otitis Media;Pneumonia;bronchitis;Upper Respiratory Tract Infection;Septicemia;Skin Infection;Cough;Gastroenteritis;Tonsillitis;Pyelonephritis;Cystitis;Fever;Infectious Disorder;Stomatitis;Salmonellosis	NCIT:C34885;NCIT:C3333;NCIT:C2911;NCIT:C35650;NCIT:C3364;NCIT:C35025;NCIT:C37935;NCIT:C34632;NCIT:C116006;NCIT:C34965;NCIT:C26738;NCIT:C3038;NCIT:C128320;NCIT:C26887;NCIT:C157974	Study Control	NCIT:C142703	Russian Federation	NCIT:C17111	feces	UBERON:0001988	Infant	NCIT:C27956	423	Day	1.2	14	65	No	Paolo_Manghi,Svetlana_Ugarcina_Perovic	Healthy	NA	NA	NCIT:C115935	Qiagen	HLA-DRB1*04:01 protein complex	MRO:0001290	SRR4408046	27133167	IlluminaHiSeq	Female	NCIT:C16576	NA	NA	Yes	Homo sapiens
VatanenT_2016	P005279	G80486	Otitis Media;Pneumonia;bronchitis;Upper Respiratory Tract Infection;Septicemia;Skin Infection;Cough;Gastroenteritis;Tonsillitis;Pyelonephritis;Cystitis;Fever;Infectious Disorder;Stomatitis;Salmonellosis	NCIT:C34885;NCIT:C3333;NCIT:C2911;NCIT:C35650;NCIT:C3364;NCIT:C35025;NCIT:C37935;NCIT:C34632;NCIT:C116006;NCIT:C34965;NCIT:C26738;NCIT:C3038;NCIT:C128320;NCIT:C26887;NCIT:C157974	Study Control	NCIT:C142703	Russian Federation	NCIT:C17111	feces	UBERON:0001988	Child	NCIT:C49683	988	Day	2.7	32	630	No	Paolo_Manghi,Svetlana_Ugarcina_Perovic	Healthy	NA	NA	NCIT:C115935	Qiagen	HLA-DRB1*04:01 protein complex	MRO:0001290	SRR4408071	27133167	IlluminaHiSeq	Female	NCIT:C16576	NA	NA	Yes	Homo sapiens
VatanenT_2016	P005279	G80358	Otitis Media;Pneumonia;bronchitis;Upper Respiratory Tract Infection;Septicemia;Skin Infection;Cough;Gastroenteritis;Tonsillitis;Pyelonephritis;Cystitis;Fever;Infectious Disorder;Stomatitis;Salmonellosis	NCIT:C34885;NCIT:C3333;NCIT:C2911;NCIT:C35650;NCIT:C3364;NCIT:C35025;NCIT:C37935;NCIT:C34632;NCIT:C116006;NCIT:C34965;NCIT:C26738;NCIT:C3038;NCIT:C128320;NCIT:C26887;NCIT:C157974	Study Control	NCIT:C142703	Russian Federation	NCIT:C17111	feces	UBERON:0001988	Infant	NCIT:C27956	566	Day	1.5	19	208	No	Paolo_Manghi,Svetlana_Ugarcina_Perovic	Healthy	NA	NA	NCIT:C115935	Qiagen	HLA-DRB1*04:01 protein complex	MRO:0001290	SRR4408225	27133167	IlluminaHiSeq	Female	NCIT:C16576	NA	NA	Yes	Homo sapiens
VatanenT_2016	P005279	G80418	Otitis Media;Pneumonia;bronchitis;Upper Respiratory Tract Infection;Septicemia;Skin Infection;Cough;Gastroenteritis;Tonsillitis;Pyelonephritis;Cystitis;Fever;Infectious Disorder;Stomatitis;Salmonellosis	NCIT:C34885;NCIT:C3333;NCIT:C2911;NCIT:C35650;NCIT:C3364;NCIT:C35025;NCIT:C37935;NCIT:C34632;NCIT:C116006;NCIT:C34965;NCIT:C26738;NCIT:C3038;NCIT:C128320;NCIT:C26887;NCIT:C157974	Study Control	NCIT:C142703	Russian Federation	NCIT:C17111	feces	UBERON:0001988	Infant	NCIT:C27956	663	Day	1.8	22	305	No	Paolo_Manghi,Svetlana_Ugarcina_Perovic	Healthy	NA	NA	NCIT:C115935	Qiagen	HLA-DRB1*04:01 protein complex	MRO:0001290	SRR4408291	27133167	IlluminaHiSeq	Female	NCIT:C16576	NA	NA	Yes	Homo sapiens
VatanenT_2016	P005342	G78660	Otitis Media;Pneumonia;bronchitis;Upper Respiratory Tract Infection;Septicemia;Skin Infection;Cough;Gastroenteritis;Tonsillitis;Pyelonephritis;Cystitis;Fever;Infectious Disorder;Stomatitis;Salmonellosis	NCIT:C34885;NCIT:C3333;NCIT:C2911;NCIT:C35650;NCIT:C3364;NCIT:C35025;NCIT:C37935;NCIT:C34632;NCIT:C116006;NCIT:C34965;NCIT:C26738;NCIT:C3038;NCIT:C128320;NCIT:C26887;NCIT:C157974	Case	NCIT:C49152	Russian Federation	NCIT:C17111	feces	UBERON:0001988	Infant	NCIT:C27956	214	Day	0.6	7	0	Yes	Paolo_Manghi,Svetlana_Ugarcina_Perovic	bronchitis	NA	NA	NCIT:C2911	Qiagen	HLA-DRB1*04:04 protein complex	MRO:0001293	SRR4305189	27133167	IlluminaHiSeq	Male	NCIT:C20197	Cephalosporin Antibiotic	NCIT:C357	Yes	Homo sapiens
VatanenT_2016	P005342	G80158	Otitis Media;Pneumonia;bronchitis;Upper Respiratory Tract Infection;Septicemia;Skin Infection;Cough;Gastroenteritis;Tonsillitis;Pyelonephritis;Cystitis;Fever;Infectious Disorder;Stomatitis;Salmonellosis	NCIT:C34885;NCIT:C3333;NCIT:C2911;NCIT:C35650;NCIT:C3364;NCIT:C35025;NCIT:C37935;NCIT:C34632;NCIT:C116006;NCIT:C34965;NCIT:C26738;NCIT:C3038;NCIT:C128320;NCIT:C26887;NCIT:C157974	Study Control	NCIT:C142703	Russian Federation	NCIT:C17111	feces	UBERON:0001988	Infant	NCIT:C27956	384	Day	1.1	13	170	No	Paolo_Manghi,Svetlana_Ugarcina_Perovic	Healthy	NA	NA	NCIT:C115935	Qiagen	HLA-DRB1*04:04 protein complex	MRO:0001293	SRR4305421	27133167	IlluminaHiSeq	Male	NCIT:C20197	NA	NA	Yes	Homo sapiens
VatanenT_2016	P005558	G78538	Otitis Media;Pneumonia;bronchitis;Upper Respiratory Tract Infection;Septicemia;Skin Infection;Cough;Gastroenteritis;Tonsillitis;Pyelonephritis;Cystitis;Fever;Infectious Disorder;Stomatitis;Salmonellosis	NCIT:C34885;NCIT:C3333;NCIT:C2911;NCIT:C35650;NCIT:C3364;NCIT:C35025;NCIT:C37935;NCIT:C34632;NCIT:C116006;NCIT:C34965;NCIT:C26738;NCIT:C3038;NCIT:C128320;NCIT:C26887;NCIT:C157974	Case	NCIT:C49152	Russian Federation	NCIT:C17111	feces	UBERON:0001988	Child	NCIT:C49683	743	Day	2	24	651	Yes	Paolo_Manghi,Svetlana_Ugarcina_Perovic	Upper Respiratory Tract Infection	NA	NA	NCIT:C35650	Qiagen	HLA-DQA1*02:01 protein complex;HLA protein complex with DQ5 serotype	MRO:0001211;MRO:0001626	SRR4305068	27133167	IlluminaHiSeq	Male	NCIT:C20197	Penicillin Antibiotic	NCIT:C1500	Yes	Homo sapiens
VatanenT_2016	P005558	G78634	Otitis Media;Pneumonia;bronchitis;Upper Respiratory Tract Infection;Septicemia;Skin Infection;Cough;Gastroenteritis;Tonsillitis;Pyelonephritis;Cystitis;Fever;Infectious Disorder;Stomatitis;Salmonellosis	NCIT:C34885;NCIT:C3333;NCIT:C2911;NCIT:C35650;NCIT:C3364;NCIT:C35025;NCIT:C37935;NCIT:C34632;NCIT:C116006;NCIT:C34965;NCIT:C26738;NCIT:C3038;NCIT:C128320;NCIT:C26887;NCIT:C157974	Case	NCIT:C49152	Russian Federation	NCIT:C17111	feces	UBERON:0001988	Child	NCIT:C49683	794	Day	2.2	26	702	Yes	Paolo_Manghi,Svetlana_Ugarcina_Perovic	Upper Respiratory Tract Infection	NA	NA	NCIT:C35650	Qiagen	HLA-DQA1*02:01 protein complex;HLA protein complex with DQ5 serotype	MRO:0001211;MRO:0001626	SRR4305167	27133167	IlluminaHiSeq	Male	NCIT:C20197	Penicillin Antibiotic	NCIT:C1500	Yes	Homo sapiens
VatanenT_2016	P005558	G78727	Otitis Media;Pneumonia;bronchitis;Upper Respiratory Tract Infection;Septicemia;Skin Infection;Cough;Gastroenteritis;Tonsillitis;Pyelonephritis;Cystitis;Fever;Infectious Disorder;Stomatitis;Salmonellosis	NCIT:C34885;NCIT:C3333;NCIT:C2911;NCIT:C35650;NCIT:C3364;NCIT:C35025;NCIT:C37935;NCIT:C34632;NCIT:C116006;NCIT:C34965;NCIT:C26738;NCIT:C3038;NCIT:C128320;NCIT:C26887;NCIT:C157974	Study Control	NCIT:C142703	Russian Federation	NCIT:C17111	feces	UBERON:0001988	Infant	NCIT:C27956	434	Day	1.2	14	342	No	Paolo_Manghi,Svetlana_Ugarcina_Perovic	Healthy	NA	NA	NCIT:C115935	Qiagen	HLA-DQA1*02:01 protein complex;HLA protein complex with DQ5 serotype	MRO:0001211;MRO:0001626	SRR4305244	27133167	IlluminaHiSeq	Male	NCIT:C20197	NA	NA	Yes	Homo sapiens
VatanenT_2016	P005558	G78817	Otitis Media;Pneumonia;bronchitis;Upper Respiratory Tract Infection;Septicemia;Skin Infection;Cough;Gastroenteritis;Tonsillitis;Pyelonephritis;Cystitis;Fever;Infectious Disorder;Stomatitis;Salmonellosis	NCIT:C34885;NCIT:C3333;NCIT:C2911;NCIT:C35650;NCIT:C3364;NCIT:C35025;NCIT:C37935;NCIT:C34632;NCIT:C116006;NCIT:C34965;NCIT:C26738;NCIT:C3038;NCIT:C128320;NCIT:C26887;NCIT:C157974	Study Control	NCIT:C142703	Russian Federation	NCIT:C17111	feces	UBERON:0001988	Infant	NCIT:C27956	227	Day	0.6	7	135	No	Paolo_Manghi,Svetlana_Ugarcina_Perovic	Healthy	NA	NA	NCIT:C115935	Qiagen	HLA-DQA1*02:01 protein complex;HLA protein complex with DQ5 serotype	MRO:0001211;MRO:0001626	SRR4305315	27133167	IlluminaHiSeq	Male	NCIT:C20197	NA	NA	Yes	Homo sapiens
VatanenT_2016	P005558	G78890	Otitis Media;Pneumonia;bronchitis;Upper Respiratory Tract Infection;Septicemia;Skin Infection;Cough;Gastroenteritis;Tonsillitis;Pyelonephritis;Cystitis;Fever;Infectious Disorder;Stomatitis;Salmonellosis	NCIT:C34885;NCIT:C3333;NCIT:C2911;NCIT:C35650;NCIT:C3364;NCIT:C35025;NCIT:C37935;NCIT:C34632;NCIT:C116006;NCIT:C34965;NCIT:C26738;NCIT:C3038;NCIT:C128320;NCIT:C26887;NCIT:C157974	Study Control	NCIT:C142703	Russian Federation	NCIT:C17111	feces	UBERON:0001988	Infant	NCIT:C27956	502	Day	1.4	16	410	No	Paolo_Manghi,Svetlana_Ugarcina_Perovic	Healthy	NA	NA	NCIT:C115935	Qiagen	HLA-DQA1*02:01 protein complex;HLA protein complex with DQ5 serotype	MRO:0001211;MRO:0001626	SRR4305393	27133167	IlluminaHiSeq	Male	NCIT:C20197	NA	NA	Yes	Homo sapiens
VatanenT_2016	P005558	G78891	Otitis Media;Pneumonia;bronchitis;Upper Respiratory Tract Infection;Septicemia;Skin Infection;Cough;Gastroenteritis;Tonsillitis;Pyelonephritis;Cystitis;Fever;Infectious Disorder;Stomatitis;Salmonellosis	NCIT:C34885;NCIT:C3333;NCIT:C2911;NCIT:C35650;NCIT:C3364;NCIT:C35025;NCIT:C37935;NCIT:C34632;NCIT:C116006;NCIT:C34965;NCIT:C26738;NCIT:C3038;NCIT:C128320;NCIT:C26887;NCIT:C157974	Study Control	NCIT:C142703	Russian Federation	NCIT:C17111	feces	UBERON:0001988	Infant	NCIT:C27956	551	Day	1.5	18	459	No	Paolo_Manghi,Svetlana_Ugarcina_Perovic	Healthy	NA	NA	NCIT:C115935	Qiagen	HLA-DQA1*02:01 protein complex;HLA protein complex with DQ5 serotype	MRO:0001211;MRO:0001626	SRR4305394	27133167	IlluminaHiSeq	Male	NCIT:C20197	NA	NA	Yes	Homo sapiens
VatanenT_2016	P005558	G78899	Otitis Media;Pneumonia;bronchitis;Upper Respiratory Tract Infection;Septicemia;Skin Infection;Cough;Gastroenteritis;Tonsillitis;Pyelonephritis;Cystitis;Fever;Infectious Disorder;Stomatitis;Salmonellosis	NCIT:C34885;NCIT:C3333;NCIT:C2911;NCIT:C35650;NCIT:C3364;NCIT:C35025;NCIT:C37935;NCIT:C34632;NCIT:C116006;NCIT:C34965;NCIT:C26738;NCIT:C3038;NCIT:C128320;NCIT:C26887;NCIT:C157974	Study Control	NCIT:C142703	Russian Federation	NCIT:C17111	feces	UBERON:0001988	Infant	NCIT:C27956	92	Day	0.3	3	0	No	Paolo_Manghi,Svetlana_Ugarcina_Perovic	Healthy	NA	NA	NCIT:C115935	Qiagen	HLA-DQA1*02:01 protein complex;HLA protein complex with DQ5 serotype	MRO:0001211;MRO:0001626	SRR4305403	27133167	IlluminaHiSeq	Male	NCIT:C20197	NA	NA	Yes	Homo sapiens
VatanenT_2016	P005558	G78901	Otitis Media;Pneumonia;bronchitis;Upper Respiratory Tract Infection;Septicemia;Skin Infection;Cough;Gastroenteritis;Tonsillitis;Pyelonephritis;Cystitis;Fever;Infectious Disorder;Stomatitis;Salmonellosis	NCIT:C34885;NCIT:C3333;NCIT:C2911;NCIT:C35650;NCIT:C3364;NCIT:C35025;NCIT:C37935;NCIT:C34632;NCIT:C116006;NCIT:C34965;NCIT:C26738;NCIT:C3038;NCIT:C128320;NCIT:C26887;NCIT:C157974	Study Control	NCIT:C142703	Russian Federation	NCIT:C17111	feces	UBERON:0001988	Infant	NCIT:C27956	158	Day	0.4	5	66	No	Paolo_Manghi,Svetlana_Ugarcina_Perovic	Healthy	NA	NA	NCIT:C115935	Qiagen	HLA-DQA1*02:01 protein complex;HLA protein complex with DQ5 serotype	MRO:0001211;MRO:0001626	SRR4305405	27133167	IlluminaHiSeq	Male	NCIT:C20197	NA	NA	Yes	Homo sapiens
VatanenT_2016	P005558	G80329	Otitis Media;Pneumonia;bronchitis;Upper Respiratory Tract Infection;Septicemia;Skin Infection;Cough;Gastroenteritis;Tonsillitis;Pyelonephritis;Cystitis;Fever;Infectious Disorder;Stomatitis;Salmonellosis	NCIT:C34885;NCIT:C3333;NCIT:C2911;NCIT:C35650;NCIT:C3364;NCIT:C35025;NCIT:C37935;NCIT:C34632;NCIT:C116006;NCIT:C34965;NCIT:C26738;NCIT:C3038;NCIT:C128320;NCIT:C26887;NCIT:C157974	Study Control	NCIT:C142703	Russian Federation	NCIT:C17111	feces	UBERON:0001988	Child	NCIT:C49683	1111	Day	3	37	1019	No	Paolo_Manghi,Svetlana_Ugarcina_Perovic	Healthy	NA	NA	NCIT:C115935	Qiagen	HLA-DQA1*02:01 protein complex;HLA protein complex with DQ5 serotype	MRO:0001211;MRO:0001626	SRR4408003	27133167	IlluminaHiSeq	Male	NCIT:C20197	NA	NA	Yes	Homo sapiens
VatanenT_2016	P005558	G80434	Otitis Media;Pneumonia;bronchitis;Upper Respiratory Tract Infection;Septicemia;Skin Infection;Cough;Gastroenteritis;Tonsillitis;Pyelonephritis;Cystitis;Fever;Infectious Disorder;Stomatitis;Salmonellosis	NCIT:C34885;NCIT:C3333;NCIT:C2911;NCIT:C35650;NCIT:C3364;NCIT:C35025;NCIT:C37935;NCIT:C34632;NCIT:C116006;NCIT:C34965;NCIT:C26738;NCIT:C3038;NCIT:C128320;NCIT:C26887;NCIT:C157974	Study Control	NCIT:C142703	Russian Federation	NCIT:C17111	feces	UBERON:0001988	Infant	NCIT:C27956	368	Day	1	12	276	No	Paolo_Manghi,Svetlana_Ugarcina_Perovic	Healthy	NA	NA	NCIT:C115935	Qiagen	HLA-DQA1*02:01 protein complex;HLA protein complex with DQ5 serotype	MRO:0001211;MRO:0001626	SRR4408018	27133167	IlluminaHiSeq	Male	NCIT:C20197	NA	NA	Yes	Homo sapiens
VatanenT_2016	P005558	G80388	Otitis Media;Pneumonia;bronchitis;Upper Respiratory Tract Infection;Septicemia;Skin Infection;Cough;Gastroenteritis;Tonsillitis;Pyelonephritis;Cystitis;Fever;Infectious Disorder;Stomatitis;Salmonellosis	NCIT:C34885;NCIT:C3333;NCIT:C2911;NCIT:C35650;NCIT:C3364;NCIT:C35025;NCIT:C37935;NCIT:C34632;NCIT:C116006;NCIT:C34965;NCIT:C26738;NCIT:C3038;NCIT:C128320;NCIT:C26887;NCIT:C157974	Study Control	NCIT:C142703	Russian Federation	NCIT:C17111	feces	UBERON:0001988	Infant	NCIT:C27956	677	Day	1.9	22	585	No	Paolo_Manghi,Svetlana_Ugarcina_Perovic	Healthy	NA	NA	NCIT:C115935	Qiagen	HLA-DQA1*02:01 protein complex;HLA protein complex with DQ5 serotype	MRO:0001211;MRO:0001626	SRR4408258	27133167	IlluminaHiSeq	Male	NCIT:C20197	NA	NA	Yes	Homo sapiens
VatanenT_2016	P006035	G78701	Otitis Media;Pneumonia;bronchitis;Upper Respiratory Tract Infection;Septicemia;Skin Infection;Cough;Gastroenteritis;Tonsillitis;Pyelonephritis;Cystitis;Fever;Infectious Disorder;Stomatitis;Salmonellosis	NCIT:C34885;NCIT:C3333;NCIT:C2911;NCIT:C35650;NCIT:C3364;NCIT:C35025;NCIT:C37935;NCIT:C34632;NCIT:C116006;NCIT:C34965;NCIT:C26738;NCIT:C3038;NCIT:C128320;NCIT:C26887;NCIT:C157974	Study Control	NCIT:C142703	Russian Federation	NCIT:C17111	feces	UBERON:0001988	Infant	NCIT:C27956	214	Day	0.6	7	0	No	Paolo_Manghi,Svetlana_Ugarcina_Perovic	Healthy	NA	NA	NCIT:C115935	Qiagen	HLA protein complex with DQ5 serotype	MRO:0001626	SRR4305226	27133167	IlluminaHiSeq	Male	NCIT:C20197	NA	NA	Yes	Homo sapiens
VatanenT_2016	P006035	G78750	Otitis Media;Pneumonia;bronchitis;Upper Respiratory Tract Infection;Septicemia;Skin Infection;Cough;Gastroenteritis;Tonsillitis;Pyelonephritis;Cystitis;Fever;Infectious Disorder;Stomatitis;Salmonellosis	NCIT:C34885;NCIT:C3333;NCIT:C2911;NCIT:C35650;NCIT:C3364;NCIT:C35025;NCIT:C37935;NCIT:C34632;NCIT:C116006;NCIT:C34965;NCIT:C26738;NCIT:C3038;NCIT:C128320;NCIT:C26887;NCIT:C157974	Study Control	NCIT:C142703	Russian Federation	NCIT:C17111	feces	UBERON:0001988	Infant	NCIT:C27956	371	Day	1	12	157	No	Paolo_Manghi,Svetlana_Ugarcina_Perovic	Healthy	NA	NA	NCIT:C115935	Qiagen	HLA protein complex with DQ5 serotype	MRO:0001626	SRR4305266	27133167	IlluminaHiSeq	Male	NCIT:C20197	NA	NA	Yes	Homo sapiens
VatanenT_2016	P006035	G80308	Otitis Media;Pneumonia;bronchitis;Upper Respiratory Tract Infection;Septicemia;Skin Infection;Cough;Gastroenteritis;Tonsillitis;Pyelonephritis;Cystitis;Fever;Infectious Disorder;Stomatitis;Salmonellosis	NCIT:C34885;NCIT:C3333;NCIT:C2911;NCIT:C35650;NCIT:C3364;NCIT:C35025;NCIT:C37935;NCIT:C34632;NCIT:C116006;NCIT:C34965;NCIT:C26738;NCIT:C3038;NCIT:C128320;NCIT:C26887;NCIT:C157974	Study Control	NCIT:C142703	Russian Federation	NCIT:C17111	feces	UBERON:0001988	Infant	NCIT:C27956	488	Day	1.3	16	274	No	Paolo_Manghi,Svetlana_Ugarcina_Perovic	Healthy	NA	NA	NCIT:C115935	Qiagen	HLA protein complex with DQ5 serotype	MRO:0001626	SRR4305469	27133167	IlluminaHiSeq	Male	NCIT:C20197	NA	NA	Yes	Homo sapiens
VatanenT_2016	P006862	G69159	Otitis Media;Pneumonia;bronchitis;Upper Respiratory Tract Infection;Septicemia;Skin Infection;Cough;Gastroenteritis;Tonsillitis;Pyelonephritis;Cystitis;Fever;Infectious Disorder;Stomatitis;Salmonellosis	NCIT:C34885;NCIT:C3333;NCIT:C2911;NCIT:C35650;NCIT:C3364;NCIT:C35025;NCIT:C37935;NCIT:C34632;NCIT:C116006;NCIT:C34965;NCIT:C26738;NCIT:C3038;NCIT:C128320;NCIT:C26887;NCIT:C157974	Study Control	NCIT:C142703	Russian Federation	NCIT:C17111	feces	UBERON:0001988	Infant	NCIT:C27956	703	Day	1.9	23	164	No	Paolo_Manghi,Svetlana_Ugarcina_Perovic	Healthy	NA	NA	NCIT:C115935	Qiagen	HLA-DRB1*04:02 protein complex;HLA protein complex with DQ3 serotype;HLA protein complex with DQ5 serotype	MRO:0001291;MRO:0001622;MRO:0001626	SRR4305055	27133167	IlluminaHiSeq	Male	NCIT:C20197	NA	NA	Yes	Homo sapiens
VatanenT_2016	P006862	G69160	Otitis Media;Pneumonia;bronchitis;Upper Respiratory Tract Infection;Septicemia;Skin Infection;Cough;Gastroenteritis;Tonsillitis;Pyelonephritis;Cystitis;Fever;Infectious Disorder;Stomatitis;Salmonellosis	NCIT:C34885;NCIT:C3333;NCIT:C2911;NCIT:C35650;NCIT:C3364;NCIT:C35025;NCIT:C37935;NCIT:C34632;NCIT:C116006;NCIT:C34965;NCIT:C26738;NCIT:C3038;NCIT:C128320;NCIT:C26887;NCIT:C157974	Study Control	NCIT:C142703	Russian Federation	NCIT:C17111	feces	UBERON:0001988	Infant	NCIT:C27956	539	Day	1.5	18	0	No	Paolo_Manghi,Svetlana_Ugarcina_Perovic	Healthy	NA	NA	NCIT:C115935	Qiagen	HLA-DRB1*04:02 protein complex;HLA protein complex with DQ3 serotype;HLA protein complex with DQ5 serotype	MRO:0001291;MRO:0001622;MRO:0001626	SRR4305066	27133167	IlluminaHiSeq	Male	NCIT:C20197	NA	NA	Yes	Homo sapiens
VatanenT_2016	P007550	G80394	Otitis Media;Pneumonia;bronchitis;Upper Respiratory Tract Infection;Septicemia;Skin Infection;Cough;Gastroenteritis;Tonsillitis;Pyelonephritis;Cystitis;Fever;Infectious Disorder;Stomatitis;Salmonellosis	NCIT:C34885;NCIT:C3333;NCIT:C2911;NCIT:C35650;NCIT:C3364;NCIT:C35025;NCIT:C37935;NCIT:C34632;NCIT:C116006;NCIT:C34965;NCIT:C26738;NCIT:C3038;NCIT:C128320;NCIT:C26887;NCIT:C157974	Study Control	NCIT:C142703	Russian Federation	NCIT:C17111	feces	UBERON:0001988	Infant	NCIT:C27956	344	Day	0.9	11	0	No	Paolo_Manghi,Svetlana_Ugarcina_Perovic	Healthy	NA	NA	NCIT:C115935	Qiagen	HLA-DRB1*04:01 protein complex;HLA protein complex with DQ3 serotype;HLA-DQA1*02:01 protein complex	MRO:0001290;MRO:0001622;MRO:0001211	SRR4408265	27133167	IlluminaHiSeq	Female	NCIT:C16576	NA	NA	Yes	Homo sapiens
VatanenT_2016	P007649	G78843	Otitis Media;Pneumonia;bronchitis;Upper Respiratory Tract Infection;Septicemia;Skin Infection;Cough;Gastroenteritis;Tonsillitis;Pyelonephritis;Cystitis;Fever;Infectious Disorder;Stomatitis;Salmonellosis	NCIT:C34885;NCIT:C3333;NCIT:C2911;NCIT:C35650;NCIT:C3364;NCIT:C35025;NCIT:C37935;NCIT:C34632;NCIT:C116006;NCIT:C34965;NCIT:C26738;NCIT:C3038;NCIT:C128320;NCIT:C26887;NCIT:C157974	Study Control	NCIT:C142703	Russian Federation	NCIT:C17111	feces	UBERON:0001988	Infant	NCIT:C27956	455	Day	1.2	15	121	No	Paolo_Manghi,Svetlana_Ugarcina_Perovic	Healthy	NA	NA	NCIT:C115935	Qiagen	HLA-DQA1*02:01 protein complex;HLA protein complex with DQ5 serotype	MRO:0001211;MRO:0001626	SRR4305343	27133167	IlluminaHiSeq	Female	NCIT:C16576	NA	NA	Yes	Homo sapiens
VatanenT_2016	P007649	G78892	Otitis Media;Pneumonia;bronchitis;Upper Respiratory Tract Infection;Septicemia;Skin Infection;Cough;Gastroenteritis;Tonsillitis;Pyelonephritis;Cystitis;Fever;Infectious Disorder;Stomatitis;Salmonellosis	NCIT:C34885;NCIT:C3333;NCIT:C2911;NCIT:C35650;NCIT:C3364;NCIT:C35025;NCIT:C37935;NCIT:C34632;NCIT:C116006;NCIT:C34965;NCIT:C26738;NCIT:C3038;NCIT:C128320;NCIT:C26887;NCIT:C157974	Study Control	NCIT:C142703	Russian Federation	NCIT:C17111	feces	UBERON:0001988	Child	NCIT:C49683	883	Day	2.4	29	549	No	Paolo_Manghi,Svetlana_Ugarcina_Perovic	Healthy	NA	NA	NCIT:C115935	Qiagen	HLA-DQA1*02:01 protein complex;HLA protein complex with DQ5 serotype	MRO:0001211;MRO:0001626	SRR4305395	27133167	IlluminaHiSeq	Female	NCIT:C16576	NA	NA	Yes	Homo sapiens
VatanenT_2016	P007649	G80292	Otitis Media;Pneumonia;bronchitis;Upper Respiratory Tract Infection;Septicemia;Skin Infection;Cough;Gastroenteritis;Tonsillitis;Pyelonephritis;Cystitis;Fever;Infectious Disorder;Stomatitis;Salmonellosis	NCIT:C34885;NCIT:C3333;NCIT:C2911;NCIT:C35650;NCIT:C3364;NCIT:C35025;NCIT:C37935;NCIT:C34632;NCIT:C116006;NCIT:C34965;NCIT:C26738;NCIT:C3038;NCIT:C128320;NCIT:C26887;NCIT:C157974	Study Control	NCIT:C142703	Russian Federation	NCIT:C17111	feces	UBERON:0001988	Infant	NCIT:C27956	334	Day	0.9	11	0	No	Paolo_Manghi,Svetlana_Ugarcina_Perovic	Healthy	NA	NA	NCIT:C115935	Qiagen	HLA-DQA1*02:01 protein complex;HLA protein complex with DQ5 serotype	MRO:0001211;MRO:0001626	SRR4305451	27133167	IlluminaHiSeq	Female	NCIT:C16576	NA	NA	Yes	Homo sapiens
VatanenT_2016	P007649	G80344	Otitis Media;Pneumonia;bronchitis;Upper Respiratory Tract Infection;Septicemia;Skin Infection;Cough;Gastroenteritis;Tonsillitis;Pyelonephritis;Cystitis;Fever;Infectious Disorder;Stomatitis;Salmonellosis	NCIT:C34885;NCIT:C3333;NCIT:C2911;NCIT:C35650;NCIT:C3364;NCIT:C35025;NCIT:C37935;NCIT:C34632;NCIT:C116006;NCIT:C34965;NCIT:C26738;NCIT:C3038;NCIT:C128320;NCIT:C26887;NCIT:C157974	Study Control	NCIT:C142703	Russian Federation	NCIT:C17111	feces	UBERON:0001988	Infant	NCIT:C27956	610	Day	1.7	20	276	No	Paolo_Manghi,Svetlana_Ugarcina_Perovic	Healthy	NA	NA	NCIT:C115935	Qiagen	HLA-DQA1*02:01 protein complex;HLA protein complex with DQ5 serotype	MRO:0001211;MRO:0001626	SRR4408165	27133167	IlluminaHiSeq	Female	NCIT:C16576	NA	NA	Yes	Homo sapiens
VatanenT_2016	P007649	G80368	Otitis Media;Pneumonia;bronchitis;Upper Respiratory Tract Infection;Septicemia;Skin Infection;Cough;Gastroenteritis;Tonsillitis;Pyelonephritis;Cystitis;Fever;Infectious Disorder;Stomatitis;Salmonellosis	NCIT:C34885;NCIT:C3333;NCIT:C2911;NCIT:C35650;NCIT:C3364;NCIT:C35025;NCIT:C37935;NCIT:C34632;NCIT:C116006;NCIT:C34965;NCIT:C26738;NCIT:C3038;NCIT:C128320;NCIT:C26887;NCIT:C157974	Study Control	NCIT:C142703	Russian Federation	NCIT:C17111	feces	UBERON:0001988	Infant	NCIT:C27956	699	Day	1.9	23	365	No	Paolo_Manghi,Svetlana_Ugarcina_Perovic	Healthy	NA	NA	NCIT:C115935	Qiagen	HLA-DQA1*02:01 protein complex;HLA protein complex with DQ5 serotype	MRO:0001211;MRO:0001626	SRR4408236	27133167	IlluminaHiSeq	Female	NCIT:C16576	NA	NA	Yes	Homo sapiens
VatanenT_2016	P007649	G80385	Otitis Media;Pneumonia;bronchitis;Upper Respiratory Tract Infection;Septicemia;Skin Infection;Cough;Gastroenteritis;Tonsillitis;Pyelonephritis;Cystitis;Fever;Infectious Disorder;Stomatitis;Salmonellosis	NCIT:C34885;NCIT:C3333;NCIT:C2911;NCIT:C35650;NCIT:C3364;NCIT:C35025;NCIT:C37935;NCIT:C34632;NCIT:C116006;NCIT:C34965;NCIT:C26738;NCIT:C3038;NCIT:C128320;NCIT:C26887;NCIT:C157974	Study Control	NCIT:C142703	Russian Federation	NCIT:C17111	feces	UBERON:0001988	Child	NCIT:C49683	791	Day	2.2	26	457	No	Paolo_Manghi,Svetlana_Ugarcina_Perovic	Healthy	NA	NA	NCIT:C115935	Qiagen	HLA-DQA1*02:01 protein complex;HLA protein complex with DQ5 serotype	MRO:0001211;MRO:0001626	SRR4408255	27133167	IlluminaHiSeq	Female	NCIT:C16576	NA	NA	Yes	Homo sapiens
VatanenT_2016	P007649	G80413	Otitis Media;Pneumonia;bronchitis;Upper Respiratory Tract Infection;Septicemia;Skin Infection;Cough;Gastroenteritis;Tonsillitis;Pyelonephritis;Cystitis;Fever;Infectious Disorder;Stomatitis;Salmonellosis	NCIT:C34885;NCIT:C3333;NCIT:C2911;NCIT:C35650;NCIT:C3364;NCIT:C35025;NCIT:C37935;NCIT:C34632;NCIT:C116006;NCIT:C34965;NCIT:C26738;NCIT:C3038;NCIT:C128320;NCIT:C26887;NCIT:C157974	Study Control	NCIT:C142703	Russian Federation	NCIT:C17111	feces	UBERON:0001988	Infant	NCIT:C27956	518	Day	1.4	17	184	No	Paolo_Manghi,Svetlana_Ugarcina_Perovic	Healthy	NA	NA	NCIT:C115935	Qiagen	HLA-DQA1*02:01 protein complex;HLA protein complex with DQ5 serotype	MRO:0001211;MRO:0001626	SRR4408286	27133167	IlluminaHiSeq	Female	NCIT:C16576	NA	NA	Yes	Homo sapiens
VatanenT_2016	P007857	G78706	Otitis Media;Pneumonia;bronchitis;Upper Respiratory Tract Infection;Septicemia;Skin Infection;Cough;Gastroenteritis;Tonsillitis;Pyelonephritis;Cystitis;Fever;Infectious Disorder;Stomatitis;Salmonellosis	NCIT:C34885;NCIT:C3333;NCIT:C2911;NCIT:C35650;NCIT:C3364;NCIT:C35025;NCIT:C37935;NCIT:C34632;NCIT:C116006;NCIT:C34965;NCIT:C26738;NCIT:C3038;NCIT:C128320;NCIT:C26887;NCIT:C157974	Study Control	NCIT:C142703	Russian Federation	NCIT:C17111	feces	UBERON:0001988	Infant	NCIT:C27956	303	Day	0.8	10	95	No	Paolo_Manghi,Svetlana_Ugarcina_Perovic	Healthy	NA	NA	NCIT:C115935	Qiagen	HLA protein complex with DQ5 serotype	MRO:0001626	SRR4305227	27133167	IlluminaHiSeq	Female	NCIT:C16576	NA	NA	Yes	Homo sapiens
VatanenT_2016	P007857	G78762	Otitis Media;Pneumonia;bronchitis;Upper Respiratory Tract Infection;Septicemia;Skin Infection;Cough;Gastroenteritis;Tonsillitis;Pyelonephritis;Cystitis;Fever;Infectious Disorder;Stomatitis;Salmonellosis	NCIT:C34885;NCIT:C3333;NCIT:C2911;NCIT:C35650;NCIT:C3364;NCIT:C35025;NCIT:C37935;NCIT:C34632;NCIT:C116006;NCIT:C34965;NCIT:C26738;NCIT:C3038;NCIT:C128320;NCIT:C26887;NCIT:C157974	Study Control	NCIT:C142703	Russian Federation	NCIT:C17111	feces	UBERON:0001988	Infant	NCIT:C27956	208	Day	0.6	7	0	No	Paolo_Manghi,Svetlana_Ugarcina_Perovic	Healthy	NA	NA	NCIT:C115935	Qiagen	HLA protein complex with DQ5 serotype	MRO:0001626	SRR4305271	27133167	IlluminaHiSeq	Female	NCIT:C16576	NA	NA	Yes	Homo sapiens
VatanenT_2016	P008119	G78900	Otitis Media;Pneumonia;bronchitis;Upper Respiratory Tract Infection;Septicemia;Skin Infection;Cough;Gastroenteritis;Tonsillitis;Pyelonephritis;Cystitis;Fever;Infectious Disorder;Stomatitis;Salmonellosis	NCIT:C34885;NCIT:C3333;NCIT:C2911;NCIT:C35650;NCIT:C3364;NCIT:C35025;NCIT:C37935;NCIT:C34632;NCIT:C116006;NCIT:C34965;NCIT:C26738;NCIT:C3038;NCIT:C128320;NCIT:C26887;NCIT:C157974	Study Control	NCIT:C142703	Russian Federation	NCIT:C17111	feces	UBERON:0001988	Infant	NCIT:C27956	432	Day	1.2	14	200	No	Paolo_Manghi,Svetlana_Ugarcina_Perovic	Healthy	NA	NA	NCIT:C115935	Qiagen	HLA protein complex with DQ5 serotype;HLA protein complex with DQ5 serotype	MRO:0001626;MRO:0001626	SRR4305404	27133167	IlluminaHiSeq	Female	NCIT:C16576	NA	NA	Yes	Homo sapiens
VatanenT_2016	P008119	G80307	Otitis Media;Pneumonia;bronchitis;Upper Respiratory Tract Infection;Septicemia;Skin Infection;Cough;Gastroenteritis;Tonsillitis;Pyelonephritis;Cystitis;Fever;Infectious Disorder;Stomatitis;Salmonellosis	NCIT:C34885;NCIT:C3333;NCIT:C2911;NCIT:C35650;NCIT:C3364;NCIT:C35025;NCIT:C37935;NCIT:C34632;NCIT:C116006;NCIT:C34965;NCIT:C26738;NCIT:C3038;NCIT:C128320;NCIT:C26887;NCIT:C157974	Study Control	NCIT:C142703	Russian Federation	NCIT:C17111	feces	UBERON:0001988	Infant	NCIT:C27956	366	Day	1	12	134	No	Paolo_Manghi,Svetlana_Ugarcina_Perovic	Healthy	NA	NA	NCIT:C115935	Qiagen	HLA protein complex with DQ5 serotype;HLA protein complex with DQ5 serotype	MRO:0001626;MRO:0001626	SRR4305467	27133167	IlluminaHiSeq	Female	NCIT:C16576	NA	NA	Yes	Homo sapiens
VatanenT_2016	P008119	G80324	Otitis Media;Pneumonia;bronchitis;Upper Respiratory Tract Infection;Septicemia;Skin Infection;Cough;Gastroenteritis;Tonsillitis;Pyelonephritis;Cystitis;Fever;Infectious Disorder;Stomatitis;Salmonellosis	NCIT:C34885;NCIT:C3333;NCIT:C2911;NCIT:C35650;NCIT:C3364;NCIT:C35025;NCIT:C37935;NCIT:C34632;NCIT:C116006;NCIT:C34965;NCIT:C26738;NCIT:C3038;NCIT:C128320;NCIT:C26887;NCIT:C157974	Study Control	NCIT:C142703	Russian Federation	NCIT:C17111	feces	UBERON:0001988	Infant	NCIT:C27956	232	Day	0.6	8	0	No	Paolo_Manghi,Svetlana_Ugarcina_Perovic	Healthy	NA	NA	NCIT:C115935	Qiagen	HLA protein complex with DQ5 serotype;HLA protein complex with DQ5 serotype	MRO:0001626;MRO:0001626	SRR4408239	27133167	IlluminaHiSeq	Female	NCIT:C16576	NA	NA	Yes	Homo sapiens
VatanenT_2016	P008543	G69203	Otitis Media;Pneumonia;bronchitis;Upper Respiratory Tract Infection;Septicemia;Skin Infection;Cough;Gastroenteritis;Tonsillitis;Pyelonephritis;Cystitis;Fever;Infectious Disorder;Stomatitis;Salmonellosis	NCIT:C34885;NCIT:C3333;NCIT:C2911;NCIT:C35650;NCIT:C3364;NCIT:C35025;NCIT:C37935;NCIT:C34632;NCIT:C116006;NCIT:C34965;NCIT:C26738;NCIT:C3038;NCIT:C128320;NCIT:C26887;NCIT:C157974	Study Control	NCIT:C142703	Russian Federation	NCIT:C17111	feces	UBERON:0001988	Infant	NCIT:C27956	276	Day	0.8	9	0	No	Paolo_Manghi,Svetlana_Ugarcina_Perovic	Healthy	NA	NA	NCIT:C115935	Qiagen	HLA protein complex with DQ5 serotype	MRO:0001626	SRR4305481	27133167	IlluminaHiSeq	Male	NCIT:C20197	NA	NA	Yes	Homo sapiens
VatanenT_2016	P008543	G69211	Otitis Media;Pneumonia;bronchitis;Upper Respiratory Tract Infection;Septicemia;Skin Infection;Cough;Gastroenteritis;Tonsillitis;Pyelonephritis;Cystitis;Fever;Infectious Disorder;Stomatitis;Salmonellosis	NCIT:C34885;NCIT:C3333;NCIT:C2911;NCIT:C35650;NCIT:C3364;NCIT:C35025;NCIT:C37935;NCIT:C34632;NCIT:C116006;NCIT:C34965;NCIT:C26738;NCIT:C3038;NCIT:C128320;NCIT:C26887;NCIT:C157974	Study Control	NCIT:C142703	Russian Federation	NCIT:C17111	feces	UBERON:0001988	Infant	NCIT:C27956	425	Day	1.2	14	149	No	Paolo_Manghi,Svetlana_Ugarcina_Perovic	Healthy	NA	NA	NCIT:C115935	Qiagen	HLA protein complex with DQ5 serotype	MRO:0001626	SRR4305490	27133167	IlluminaHiSeq	Male	NCIT:C20197	NA	NA	Yes	Homo sapiens
VatanenT_2016	P008543	G69212	Otitis Media;Pneumonia;bronchitis;Upper Respiratory Tract Infection;Septicemia;Skin Infection;Cough;Gastroenteritis;Tonsillitis;Pyelonephritis;Cystitis;Fever;Infectious Disorder;Stomatitis;Salmonellosis	NCIT:C34885;NCIT:C3333;NCIT:C2911;NCIT:C35650;NCIT:C3364;NCIT:C35025;NCIT:C37935;NCIT:C34632;NCIT:C116006;NCIT:C34965;NCIT:C26738;NCIT:C3038;NCIT:C128320;NCIT:C26887;NCIT:C157974	Study Control	NCIT:C142703	Russian Federation	NCIT:C17111	feces	UBERON:0001988	Infant	NCIT:C27956	450	Day	1.2	15	174	No	Paolo_Manghi,Svetlana_Ugarcina_Perovic	Healthy	NA	NA	NCIT:C115935	Qiagen	HLA protein complex with DQ5 serotype	MRO:0001626	SRR4305491	27133167	IlluminaHiSeq	Male	NCIT:C20197	NA	NA	Yes	Homo sapiens
VatanenT_2016	P008543	G80421	Otitis Media;Pneumonia;bronchitis;Upper Respiratory Tract Infection;Septicemia;Skin Infection;Cough;Gastroenteritis;Tonsillitis;Pyelonephritis;Cystitis;Fever;Infectious Disorder;Stomatitis;Salmonellosis	NCIT:C34885;NCIT:C3333;NCIT:C2911;NCIT:C35650;NCIT:C3364;NCIT:C35025;NCIT:C37935;NCIT:C34632;NCIT:C116006;NCIT:C34965;NCIT:C26738;NCIT:C3038;NCIT:C128320;NCIT:C26887;NCIT:C157974	Study Control	NCIT:C142703	Russian Federation	NCIT:C17111	feces	UBERON:0001988	Infant	NCIT:C27956	481	Day	1.3	16	205	No	Paolo_Manghi,Svetlana_Ugarcina_Perovic	Healthy	NA	NA	NCIT:C115935	Qiagen	HLA protein complex with DQ5 serotype	MRO:0001626	SRR4408004	27133167	IlluminaHiSeq	Male	NCIT:C20197	NA	NA	Yes	Homo sapiens
VatanenT_2016	P008543	G80364	Otitis Media;Pneumonia;bronchitis;Upper Respiratory Tract Infection;Septicemia;Skin Infection;Cough;Gastroenteritis;Tonsillitis;Pyelonephritis;Cystitis;Fever;Infectious Disorder;Stomatitis;Salmonellosis	NCIT:C34885;NCIT:C3333;NCIT:C2911;NCIT:C35650;NCIT:C3364;NCIT:C35025;NCIT:C37935;NCIT:C34632;NCIT:C116006;NCIT:C34965;NCIT:C26738;NCIT:C3038;NCIT:C128320;NCIT:C26887;NCIT:C157974	Study Control	NCIT:C142703	Russian Federation	NCIT:C17111	feces	UBERON:0001988	Infant	NCIT:C27956	319	Day	0.9	10	43	No	Paolo_Manghi,Svetlana_Ugarcina_Perovic	Healthy	NA	NA	NCIT:C115935	Qiagen	HLA protein complex with DQ5 serotype	MRO:0001626	SRR4408232	27133167	IlluminaHiSeq	Male	NCIT:C20197	NA	NA	Yes	Homo sapiens
VatanenT_2016	P008579	G78707	Otitis Media;Pneumonia;bronchitis;Upper Respiratory Tract Infection;Septicemia;Skin Infection;Cough;Gastroenteritis;Tonsillitis;Pyelonephritis;Cystitis;Fever;Infectious Disorder;Stomatitis;Salmonellosis	NCIT:C34885;NCIT:C3333;NCIT:C2911;NCIT:C35650;NCIT:C3364;NCIT:C35025;NCIT:C37935;NCIT:C34632;NCIT:C116006;NCIT:C34965;NCIT:C26738;NCIT:C3038;NCIT:C128320;NCIT:C26887;NCIT:C157974	Study Control	NCIT:C142703	Russian Federation	NCIT:C17111	feces	UBERON:0001988	Infant	NCIT:C27956	262	Day	0.7	9	104	No	Paolo_Manghi,Svetlana_Ugarcina_Perovic	Healthy	NA	NA	NCIT:C115935	Qiagen	HLA-DRB1*04:01 protein complex	MRO:0001290	SRR4305228	27133167	IlluminaHiSeq	Female	NCIT:C16576	NA	NA	Yes	Homo sapiens
VatanenT_2016	P008579	G80313	Otitis Media;Pneumonia;bronchitis;Upper Respiratory Tract Infection;Septicemia;Skin Infection;Cough;Gastroenteritis;Tonsillitis;Pyelonephritis;Cystitis;Fever;Infectious Disorder;Stomatitis;Salmonellosis	NCIT:C34885;NCIT:C3333;NCIT:C2911;NCIT:C35650;NCIT:C3364;NCIT:C35025;NCIT:C37935;NCIT:C34632;NCIT:C116006;NCIT:C34965;NCIT:C26738;NCIT:C3038;NCIT:C128320;NCIT:C26887;NCIT:C157974	Study Control	NCIT:C142703	Russian Federation	NCIT:C17111	feces	UBERON:0001988	Infant	NCIT:C27956	523	Day	1.4	17	365	No	Paolo_Manghi,Svetlana_Ugarcina_Perovic	Healthy	NA	NA	NCIT:C115935	Qiagen	HLA-DRB1*04:01 protein complex	MRO:0001290	SRR4305473	27133167	IlluminaHiSeq	Female	NCIT:C16576	NA	NA	Yes	Homo sapiens
VatanenT_2016	P008579	G69223	Otitis Media;Pneumonia;bronchitis;Upper Respiratory Tract Infection;Septicemia;Skin Infection;Cough;Gastroenteritis;Tonsillitis;Pyelonephritis;Cystitis;Fever;Infectious Disorder;Stomatitis;Salmonellosis	NCIT:C34885;NCIT:C3333;NCIT:C2911;NCIT:C35650;NCIT:C3364;NCIT:C35025;NCIT:C37935;NCIT:C34632;NCIT:C116006;NCIT:C34965;NCIT:C26738;NCIT:C3038;NCIT:C128320;NCIT:C26887;NCIT:C157974	Study Control	NCIT:C142703	Russian Federation	NCIT:C17111	feces	UBERON:0001988	Infant	NCIT:C27956	349	Day	1	11	191	No	Paolo_Manghi,Svetlana_Ugarcina_Perovic	Healthy	NA	NA	NCIT:C115935	Qiagen	HLA-DRB1*04:01 protein complex	MRO:0001290	SRR4305502	27133167	IlluminaHiSeq	Female	NCIT:C16576	NA	NA	Yes	Homo sapiens
VatanenT_2016	P008579	G69235	Otitis Media;Pneumonia;bronchitis;Upper Respiratory Tract Infection;Septicemia;Skin Infection;Cough;Gastroenteritis;Tonsillitis;Pyelonephritis;Cystitis;Fever;Infectious Disorder;Stomatitis;Salmonellosis	NCIT:C34885;NCIT:C3333;NCIT:C2911;NCIT:C35650;NCIT:C3364;NCIT:C35025;NCIT:C37935;NCIT:C34632;NCIT:C116006;NCIT:C34965;NCIT:C26738;NCIT:C3038;NCIT:C128320;NCIT:C26887;NCIT:C157974	Study Control	NCIT:C142703	Russian Federation	NCIT:C17111	feces	UBERON:0001988	Infant	NCIT:C27956	158	Day	0.4	5	0	No	Paolo_Manghi,Svetlana_Ugarcina_Perovic	Healthy	NA	NA	NCIT:C115935	Qiagen	HLA-DRB1*04:01 protein complex	MRO:0001290	SRR4305515	27133167	IlluminaHiSeq	Female	NCIT:C16576	NA	NA	Yes	Homo sapiens
VatanenT_2016	P008579	G80321	Otitis Media;Pneumonia;bronchitis;Upper Respiratory Tract Infection;Septicemia;Skin Infection;Cough;Gastroenteritis;Tonsillitis;Pyelonephritis;Cystitis;Fever;Infectious Disorder;Stomatitis;Salmonellosis	NCIT:C34885;NCIT:C3333;NCIT:C2911;NCIT:C35650;NCIT:C3364;NCIT:C35025;NCIT:C37935;NCIT:C34632;NCIT:C116006;NCIT:C34965;NCIT:C26738;NCIT:C3038;NCIT:C128320;NCIT:C26887;NCIT:C157974	Study Control	NCIT:C142703	Russian Federation	NCIT:C17111	feces	UBERON:0001988	Infant	NCIT:C27956	550	Day	1.5	18	392	No	Paolo_Manghi,Svetlana_Ugarcina_Perovic	Healthy	NA	NA	NCIT:C115935	Qiagen	HLA-DRB1*04:01 protein complex	MRO:0001290	SRR4408120	27133167	IlluminaHiSeq	Female	NCIT:C16576	NA	NA	Yes	Homo sapiens
VatanenT_2016	P008579	G80558	Otitis Media;Pneumonia;bronchitis;Upper Respiratory Tract Infection;Septicemia;Skin Infection;Cough;Gastroenteritis;Tonsillitis;Pyelonephritis;Cystitis;Fever;Infectious Disorder;Stomatitis;Salmonellosis	NCIT:C34885;NCIT:C3333;NCIT:C2911;NCIT:C35650;NCIT:C3364;NCIT:C35025;NCIT:C37935;NCIT:C34632;NCIT:C116006;NCIT:C34965;NCIT:C26738;NCIT:C3038;NCIT:C128320;NCIT:C26887;NCIT:C157974	Study Control	NCIT:C142703	Russian Federation	NCIT:C17111	feces	UBERON:0001988	Infant	NCIT:C27956	366	Day	1	12	208	No	Paolo_Manghi,Svetlana_Ugarcina_Perovic	Healthy	NA	NA	NCIT:C115935	Qiagen	HLA-DRB1*04:01 protein complex	MRO:0001290	SRR4408151	27133167	IlluminaHiSeq	Female	NCIT:C16576	NA	NA	Yes	Homo sapiens
VatanenT_2016	P008633	G78904	Otitis Media;Pneumonia;bronchitis;Upper Respiratory Tract Infection;Septicemia;Skin Infection;Cough;Gastroenteritis;Tonsillitis;Pyelonephritis;Cystitis;Fever;Infectious Disorder;Stomatitis;Salmonellosis	NCIT:C34885;NCIT:C3333;NCIT:C2911;NCIT:C35650;NCIT:C3364;NCIT:C35025;NCIT:C37935;NCIT:C34632;NCIT:C116006;NCIT:C34965;NCIT:C26738;NCIT:C3038;NCIT:C128320;NCIT:C26887;NCIT:C157974	Study Control	NCIT:C142703	Russian Federation	NCIT:C17111	feces	UBERON:0001988	Infant	NCIT:C27956	182	Day	0.5	6	0	No	Paolo_Manghi,Svetlana_Ugarcina_Perovic	Healthy	NA	NA	NCIT:C115935	Qiagen	HLA protein complex with DQ5 serotype	MRO:0001626	SRR4305408	27133167	IlluminaHiSeq	Female	NCIT:C16576	NA	NA	Yes	Homo sapiens
VatanenT_2016	P008633	G78906	Otitis Media;Pneumonia;bronchitis;Upper Respiratory Tract Infection;Septicemia;Skin Infection;Cough;Gastroenteritis;Tonsillitis;Pyelonephritis;Cystitis;Fever;Infectious Disorder;Stomatitis;Salmonellosis	NCIT:C34885;NCIT:C3333;NCIT:C2911;NCIT:C35650;NCIT:C3364;NCIT:C35025;NCIT:C37935;NCIT:C34632;NCIT:C116006;NCIT:C34965;NCIT:C26738;NCIT:C3038;NCIT:C128320;NCIT:C26887;NCIT:C157974	Study Control	NCIT:C142703	Russian Federation	NCIT:C17111	feces	UBERON:0001988	Infant	NCIT:C27956	211	Day	0.6	7	29	No	Paolo_Manghi,Svetlana_Ugarcina_Perovic	Healthy	NA	NA	NCIT:C115935	Qiagen	HLA protein complex with DQ5 serotype	MRO:0001626	SRR4305410	27133167	IlluminaHiSeq	Female	NCIT:C16576	NA	NA	Yes	Homo sapiens
VatanenT_2016	P008633	G80589	Otitis Media;Pneumonia;bronchitis;Upper Respiratory Tract Infection;Septicemia;Skin Infection;Cough;Gastroenteritis;Tonsillitis;Pyelonephritis;Cystitis;Fever;Infectious Disorder;Stomatitis;Salmonellosis	NCIT:C34885;NCIT:C3333;NCIT:C2911;NCIT:C35650;NCIT:C3364;NCIT:C35025;NCIT:C37935;NCIT:C34632;NCIT:C116006;NCIT:C34965;NCIT:C26738;NCIT:C3038;NCIT:C128320;NCIT:C26887;NCIT:C157974	Study Control	NCIT:C142703	Russian Federation	NCIT:C17111	feces	UBERON:0001988	Infant	NCIT:C27956	242	Day	0.7	8	60	No	Paolo_Manghi,Svetlana_Ugarcina_Perovic	Healthy	NA	NA	NCIT:C115935	Qiagen	HLA protein complex with DQ5 serotype	MRO:0001626	SRR4408183	27133167	IlluminaHiSeq	Female	NCIT:C16576	NA	NA	Yes	Homo sapiens
VatanenT_2016	P008723	G78792	Otitis Media;Pneumonia;bronchitis;Upper Respiratory Tract Infection;Septicemia;Skin Infection;Cough;Gastroenteritis;Tonsillitis;Pyelonephritis;Cystitis;Fever;Infectious Disorder;Stomatitis;Salmonellosis	NCIT:C34885;NCIT:C3333;NCIT:C2911;NCIT:C35650;NCIT:C3364;NCIT:C35025;NCIT:C37935;NCIT:C34632;NCIT:C116006;NCIT:C34965;NCIT:C26738;NCIT:C3038;NCIT:C128320;NCIT:C26887;NCIT:C157974	Study Control	NCIT:C142703	Russian Federation	NCIT:C17111	feces	UBERON:0001988	Infant	NCIT:C27956	583	Day	1.6	19	0	No	Paolo_Manghi,Svetlana_Ugarcina_Perovic	Healthy	NA	NA	NCIT:C115935	Qiagen	HLA-DRB1*04:04 protein complex	MRO:0001293	SRR4305294	27133167	IlluminaHiSeq	Female	NCIT:C16576	NA	NA	Yes	Homo sapiens
VatanenT_2016	P008939	G80451	Otitis Media;Pneumonia;bronchitis;Upper Respiratory Tract Infection;Septicemia;Skin Infection;Cough;Gastroenteritis;Tonsillitis;Pyelonephritis;Cystitis;Fever;Infectious Disorder;Stomatitis;Salmonellosis	NCIT:C34885;NCIT:C3333;NCIT:C2911;NCIT:C35650;NCIT:C3364;NCIT:C35025;NCIT:C37935;NCIT:C34632;NCIT:C116006;NCIT:C34965;NCIT:C26738;NCIT:C3038;NCIT:C128320;NCIT:C26887;NCIT:C157974	Study Control	NCIT:C142703	Russian Federation	NCIT:C17111	feces	UBERON:0001988	Infant	NCIT:C27956	285	Day	0.8	9	0	No	Paolo_Manghi,Svetlana_Ugarcina_Perovic	Healthy	NA	NA	NCIT:C115935	Qiagen	HLA-DRB1*04:04 protein complex;HLA protein complex with DQ3 serotype;HLA-DQA1*02:01 protein complex	MRO:0001293;MRO:0001622;MRO:0001211	SRR4408034	27133167	IlluminaHiSeq	Female	NCIT:C16576	NA	NA	Yes	Homo sapiens
VatanenT_2016	P009219	G78559	Otitis Media;Pneumonia;bronchitis;Upper Respiratory Tract Infection;Septicemia;Skin Infection;Cough;Gastroenteritis;Tonsillitis;Pyelonephritis;Cystitis;Fever;Infectious Disorder;Stomatitis;Salmonellosis	NCIT:C34885;NCIT:C3333;NCIT:C2911;NCIT:C35650;NCIT:C3364;NCIT:C35025;NCIT:C37935;NCIT:C34632;NCIT:C116006;NCIT:C34965;NCIT:C26738;NCIT:C3038;NCIT:C128320;NCIT:C26887;NCIT:C157974	Study Control	NCIT:C142703	Russian Federation	NCIT:C17111	feces	UBERON:0001988	Infant	NCIT:C27956	243	Day	0.7	8	0	No	Paolo_Manghi,Svetlana_Ugarcina_Perovic	Healthy	NA	NA	NCIT:C115935	Qiagen	HLA protein complex with DQ5 serotype	MRO:0001626	SRR4305089	27133167	IlluminaHiSeq	Male	NCIT:C20197	NA	NA	Yes	Homo sapiens
VatanenT_2016	P009219	G78868	Otitis Media;Pneumonia;bronchitis;Upper Respiratory Tract Infection;Septicemia;Skin Infection;Cough;Gastroenteritis;Tonsillitis;Pyelonephritis;Cystitis;Fever;Infectious Disorder;Stomatitis;Salmonellosis	NCIT:C34885;NCIT:C3333;NCIT:C2911;NCIT:C35650;NCIT:C3364;NCIT:C35025;NCIT:C37935;NCIT:C34632;NCIT:C116006;NCIT:C34965;NCIT:C26738;NCIT:C3038;NCIT:C128320;NCIT:C26887;NCIT:C157974	Study Control	NCIT:C142703	Russian Federation	NCIT:C17111	feces	UBERON:0001988	Infant	NCIT:C27956	373	Day	1	12	130	No	Paolo_Manghi,Svetlana_Ugarcina_Perovic	Healthy	NA	NA	NCIT:C115935	Qiagen	HLA protein complex with DQ5 serotype	MRO:0001626	SRR4305369	27133167	IlluminaHiSeq	Male	NCIT:C20197	NA	NA	Yes	Homo sapiens
VatanenT_2016	P009219	G78498	Otitis Media;Pneumonia;bronchitis;Upper Respiratory Tract Infection;Septicemia;Skin Infection;Cough;Gastroenteritis;Tonsillitis;Pyelonephritis;Cystitis;Fever;Infectious Disorder;Stomatitis;Salmonellosis	NCIT:C34885;NCIT:C3333;NCIT:C2911;NCIT:C35650;NCIT:C3364;NCIT:C35025;NCIT:C37935;NCIT:C34632;NCIT:C116006;NCIT:C34965;NCIT:C26738;NCIT:C3038;NCIT:C128320;NCIT:C26887;NCIT:C157974	Study Control	NCIT:C142703	Russian Federation	NCIT:C17111	feces	UBERON:0001988	Infant	NCIT:C27956	439	Day	1.2	14	196	No	Paolo_Manghi,Svetlana_Ugarcina_Perovic	Healthy	NA	NA	NCIT:C115935	Qiagen	HLA protein complex with DQ5 serotype	MRO:0001626	SRR4305528	27133167	IlluminaHiSeq	Male	NCIT:C20197	NA	NA	Yes	Homo sapiens
VatanenT_2016	P009291	G78650	Otitis Media;Pneumonia;bronchitis;Upper Respiratory Tract Infection;Septicemia;Skin Infection;Cough;Gastroenteritis;Tonsillitis;Pyelonephritis;Cystitis;Fever;Infectious Disorder;Stomatitis;Salmonellosis	NCIT:C34885;NCIT:C3333;NCIT:C2911;NCIT:C35650;NCIT:C3364;NCIT:C35025;NCIT:C37935;NCIT:C34632;NCIT:C116006;NCIT:C34965;NCIT:C26738;NCIT:C3038;NCIT:C128320;NCIT:C26887;NCIT:C157974	Case	NCIT:C49152	Russian Federation	NCIT:C17111	feces	UBERON:0001988	Infant	NCIT:C27956	476	Day	1.3	16	337	Yes	Paolo_Manghi,Svetlana_Ugarcina_Perovic	Tonsillitis	NA	NA	NCIT:C116006	Qiagen	HLA-DRB1*04:01 protein complex;HLA protein complex with DQ3 serotype;HLA protein complex with DQ5 serotype	MRO:0001290;MRO:0001622;MRO:0001626	SRR4305180	27133167	IlluminaHiSeq	Male	NCIT:C20197	Penicillin Antibiotic	NCIT:C1500	Yes	Homo sapiens
VatanenT_2016	P009291	G78699	Otitis Media;Pneumonia;bronchitis;Upper Respiratory Tract Infection;Septicemia;Skin Infection;Cough;Gastroenteritis;Tonsillitis;Pyelonephritis;Cystitis;Fever;Infectious Disorder;Stomatitis;Salmonellosis	NCIT:C34885;NCIT:C3333;NCIT:C2911;NCIT:C35650;NCIT:C3364;NCIT:C35025;NCIT:C37935;NCIT:C34632;NCIT:C116006;NCIT:C34965;NCIT:C26738;NCIT:C3038;NCIT:C128320;NCIT:C26887;NCIT:C157974	Study Control	NCIT:C142703	Russian Federation	NCIT:C17111	feces	UBERON:0001988	Infant	NCIT:C27956	190	Day	0.5	6	51	No	Paolo_Manghi,Svetlana_Ugarcina_Perovic	Healthy	NA	NA	NCIT:C115935	Qiagen	HLA-DRB1*04:01 protein complex;HLA protein complex with DQ3 serotype;HLA protein complex with DQ5 serotype	MRO:0001290;MRO:0001622;MRO:0001626	SRR4305225	27133167	IlluminaHiSeq	Male	NCIT:C20197	NA	NA	Yes	Homo sapiens
VatanenT_2016	P009291	G78815	Otitis Media;Pneumonia;bronchitis;Upper Respiratory Tract Infection;Septicemia;Skin Infection;Cough;Gastroenteritis;Tonsillitis;Pyelonephritis;Cystitis;Fever;Infectious Disorder;Stomatitis;Salmonellosis	NCIT:C34885;NCIT:C3333;NCIT:C2911;NCIT:C35650;NCIT:C3364;NCIT:C35025;NCIT:C37935;NCIT:C34632;NCIT:C116006;NCIT:C34965;NCIT:C26738;NCIT:C3038;NCIT:C128320;NCIT:C26887;NCIT:C157974	Study Control	NCIT:C142703	Russian Federation	NCIT:C17111	feces	UBERON:0001988	Infant	NCIT:C27956	299	Day	0.8	10	160	No	Paolo_Manghi,Svetlana_Ugarcina_Perovic	Healthy	NA	NA	NCIT:C115935	Qiagen	HLA-DRB1*04:01 protein complex;HLA protein complex with DQ3 serotype;HLA protein complex with DQ5 serotype	MRO:0001290;MRO:0001622;MRO:0001626	SRR4305314	27133167	IlluminaHiSeq	Male	NCIT:C20197	NA	NA	Yes	Homo sapiens
VatanenT_2016	P009291	G78850	Otitis Media;Pneumonia;bronchitis;Upper Respiratory Tract Infection;Septicemia;Skin Infection;Cough;Gastroenteritis;Tonsillitis;Pyelonephritis;Cystitis;Fever;Infectious Disorder;Stomatitis;Salmonellosis	NCIT:C34885;NCIT:C3333;NCIT:C2911;NCIT:C35650;NCIT:C3364;NCIT:C35025;NCIT:C37935;NCIT:C34632;NCIT:C116006;NCIT:C34965;NCIT:C26738;NCIT:C3038;NCIT:C128320;NCIT:C26887;NCIT:C157974	Study Control	NCIT:C142703	Russian Federation	NCIT:C17111	feces	UBERON:0001988	Child	NCIT:C49683	1015	Day	2.8	33	876	No	Paolo_Manghi,Svetlana_Ugarcina_Perovic	Healthy	NA	NA	NCIT:C115935	Qiagen	HLA-DRB1*04:01 protein complex;HLA protein complex with DQ3 serotype;HLA protein complex with DQ5 serotype	MRO:0001290;MRO:0001622;MRO:0001626	SRR4305349	27133167	IlluminaHiSeq	Male	NCIT:C20197	NA	NA	Yes	Homo sapiens
VatanenT_2016	P009291	G78851	Otitis Media;Pneumonia;bronchitis;Upper Respiratory Tract Infection;Septicemia;Skin Infection;Cough;Gastroenteritis;Tonsillitis;Pyelonephritis;Cystitis;Fever;Infectious Disorder;Stomatitis;Salmonellosis	NCIT:C34885;NCIT:C3333;NCIT:C2911;NCIT:C35650;NCIT:C3364;NCIT:C35025;NCIT:C37935;NCIT:C34632;NCIT:C116006;NCIT:C34965;NCIT:C26738;NCIT:C3038;NCIT:C128320;NCIT:C26887;NCIT:C157974	Study Control	NCIT:C142703	Russian Federation	NCIT:C17111	feces	UBERON:0001988	Child	NCIT:C49683	1087	Day	3	36	948	No	Paolo_Manghi,Svetlana_Ugarcina_Perovic	Healthy	NA	NA	NCIT:C115935	Qiagen	HLA-DRB1*04:01 protein complex;HLA protein complex with DQ3 serotype;HLA protein complex with DQ5 serotype	MRO:0001290;MRO:0001622;MRO:0001626	SRR4305350	27133167	IlluminaHiSeq	Male	NCIT:C20197	NA	NA	Yes	Homo sapiens
VatanenT_2016	P009291	G69190	Otitis Media;Pneumonia;bronchitis;Upper Respiratory Tract Infection;Septicemia;Skin Infection;Cough;Gastroenteritis;Tonsillitis;Pyelonephritis;Cystitis;Fever;Infectious Disorder;Stomatitis;Salmonellosis	NCIT:C34885;NCIT:C3333;NCIT:C2911;NCIT:C35650;NCIT:C3364;NCIT:C35025;NCIT:C37935;NCIT:C34632;NCIT:C116006;NCIT:C34965;NCIT:C26738;NCIT:C3038;NCIT:C128320;NCIT:C26887;NCIT:C157974	Study Control	NCIT:C142703	Russian Federation	NCIT:C17111	feces	UBERON:0001988	Infant	NCIT:C27956	139	Day	0.4	5	0	No	Paolo_Manghi,Svetlana_Ugarcina_Perovic	Healthy	NA	NA	NCIT:C115935	Qiagen	HLA-DRB1*04:01 protein complex;HLA protein complex with DQ3 serotype;HLA protein complex with DQ5 serotype	MRO:0001290;MRO:0001622;MRO:0001626	SRR4305368	27133167	IlluminaHiSeq	Male	NCIT:C20197	NA	NA	Yes	Homo sapiens
VatanenT_2016	P009291	G69221	Otitis Media;Pneumonia;bronchitis;Upper Respiratory Tract Infection;Septicemia;Skin Infection;Cough;Gastroenteritis;Tonsillitis;Pyelonephritis;Cystitis;Fever;Infectious Disorder;Stomatitis;Salmonellosis	NCIT:C34885;NCIT:C3333;NCIT:C2911;NCIT:C35650;NCIT:C3364;NCIT:C35025;NCIT:C37935;NCIT:C34632;NCIT:C116006;NCIT:C34965;NCIT:C26738;NCIT:C3038;NCIT:C128320;NCIT:C26887;NCIT:C157974	Study Control	NCIT:C142703	Russian Federation	NCIT:C17111	feces	UBERON:0001988	Infant	NCIT:C27956	359	Day	1	12	220	No	Paolo_Manghi,Svetlana_Ugarcina_Perovic	Healthy	NA	NA	NCIT:C115935	Qiagen	HLA-DRB1*04:01 protein complex;HLA protein complex with DQ3 serotype;HLA protein complex with DQ5 serotype	MRO:0001290;MRO:0001622;MRO:0001626	SRR4305499	27133167	IlluminaHiSeq	Male	NCIT:C20197	NA	NA	Yes	Homo sapiens
VatanenT_2016	P009291	G69234	Otitis Media;Pneumonia;bronchitis;Upper Respiratory Tract Infection;Septicemia;Skin Infection;Cough;Gastroenteritis;Tonsillitis;Pyelonephritis;Cystitis;Fever;Infectious Disorder;Stomatitis;Salmonellosis	NCIT:C34885;NCIT:C3333;NCIT:C2911;NCIT:C35650;NCIT:C3364;NCIT:C35025;NCIT:C37935;NCIT:C34632;NCIT:C116006;NCIT:C34965;NCIT:C26738;NCIT:C3038;NCIT:C128320;NCIT:C26887;NCIT:C157974	Case	NCIT:C49152	Russian Federation	NCIT:C17111	feces	UBERON:0001988	Infant	NCIT:C27956	494	Day	1.4	16	355	Yes	Paolo_Manghi,Svetlana_Ugarcina_Perovic	Tonsillitis	NA	NA	NCIT:C116006	Qiagen	HLA-DRB1*04:01 protein complex;HLA protein complex with DQ3 serotype;HLA protein complex with DQ5 serotype	MRO:0001290;MRO:0001622;MRO:0001626	SRR4305514	27133167	IlluminaHiSeq	Male	NCIT:C20197	Penicillin Antibiotic	NCIT:C1500	Yes	Homo sapiens
VatanenT_2016	P009291	G80534	Otitis Media;Pneumonia;bronchitis;Upper Respiratory Tract Infection;Septicemia;Skin Infection;Cough;Gastroenteritis;Tonsillitis;Pyelonephritis;Cystitis;Fever;Infectious Disorder;Stomatitis;Salmonellosis	NCIT:C34885;NCIT:C3333;NCIT:C2911;NCIT:C35650;NCIT:C3364;NCIT:C35025;NCIT:C37935;NCIT:C34632;NCIT:C116006;NCIT:C34965;NCIT:C26738;NCIT:C3038;NCIT:C128320;NCIT:C26887;NCIT:C157974	Study Control	NCIT:C142703	Russian Federation	NCIT:C17111	feces	UBERON:0001988	Child	NCIT:C49683	784	Day	2.1	26	645	No	Paolo_Manghi,Svetlana_Ugarcina_Perovic	Healthy	NA	NA	NCIT:C115935	Qiagen	HLA-DRB1*04:01 protein complex;HLA protein complex with DQ3 serotype;HLA protein complex with DQ5 serotype	MRO:0001290;MRO:0001622;MRO:0001626	SRR4408129	27133167	IlluminaHiSeq	Male	NCIT:C20197	NA	NA	Yes	Homo sapiens
VatanenT_2016	P009746	G69213	Otitis Media;Pneumonia;bronchitis;Upper Respiratory Tract Infection;Septicemia;Skin Infection;Cough;Gastroenteritis;Tonsillitis;Pyelonephritis;Cystitis;Fever;Infectious Disorder;Stomatitis;Salmonellosis	NCIT:C34885;NCIT:C3333;NCIT:C2911;NCIT:C35650;NCIT:C3364;NCIT:C35025;NCIT:C37935;NCIT:C34632;NCIT:C116006;NCIT:C34965;NCIT:C26738;NCIT:C3038;NCIT:C128320;NCIT:C26887;NCIT:C157974	Study Control	NCIT:C142703	Russian Federation	NCIT:C17111	feces	UBERON:0001988	Infant	NCIT:C27956	467	Day	1.3	15	364	No	Paolo_Manghi,Svetlana_Ugarcina_Perovic	Healthy	NA	NA	NCIT:C115935	Qiagen	HLA protein complex with DQ5 serotype	MRO:0001626	SRR4305492	27133167	IlluminaHiSeq	Male	NCIT:C20197	NA	NA	Yes	Homo sapiens
VatanenT_2016	P009746	G69217	Otitis Media;Pneumonia;bronchitis;Upper Respiratory Tract Infection;Septicemia;Skin Infection;Cough;Gastroenteritis;Tonsillitis;Pyelonephritis;Cystitis;Fever;Infectious Disorder;Stomatitis;Salmonellosis	NCIT:C34885;NCIT:C3333;NCIT:C2911;NCIT:C35650;NCIT:C3364;NCIT:C35025;NCIT:C37935;NCIT:C34632;NCIT:C116006;NCIT:C34965;NCIT:C26738;NCIT:C3038;NCIT:C128320;NCIT:C26887;NCIT:C157974	Study Control	NCIT:C142703	Russian Federation	NCIT:C17111	feces	UBERON:0001988	Infant	NCIT:C27956	103	Day	0.3	3	0	No	Paolo_Manghi,Svetlana_Ugarcina_Perovic	Healthy	NA	NA	NCIT:C115935	Qiagen	HLA protein complex with DQ5 serotype	MRO:0001626	SRR4305496	27133167	IlluminaHiSeq	Male	NCIT:C20197	NA	NA	Yes	Homo sapiens
VatanenT_2016	P009746	G69222	Otitis Media;Pneumonia;bronchitis;Upper Respiratory Tract Infection;Septicemia;Skin Infection;Cough;Gastroenteritis;Tonsillitis;Pyelonephritis;Cystitis;Fever;Infectious Disorder;Stomatitis;Salmonellosis	NCIT:C34885;NCIT:C3333;NCIT:C2911;NCIT:C35650;NCIT:C3364;NCIT:C35025;NCIT:C37935;NCIT:C34632;NCIT:C116006;NCIT:C34965;NCIT:C26738;NCIT:C3038;NCIT:C128320;NCIT:C26887;NCIT:C157974	Case	NCIT:C49152	Russian Federation	NCIT:C17111	feces	UBERON:0001988	Infant	NCIT:C27956	299	Day	0.8	10	196	Yes	Paolo_Manghi,Svetlana_Ugarcina_Perovic	bronchitis	NA	NA	NCIT:C2911	Qiagen	HLA protein complex with DQ5 serotype	MRO:0001626	SRR4305501	27133167	IlluminaHiSeq	Male	NCIT:C20197	Macrolide Antibiotic	NCIT:C261	Yes	Homo sapiens
VatanenT_2016	P009880	G69205	Otitis Media;Pneumonia;bronchitis;Upper Respiratory Tract Infection;Septicemia;Skin Infection;Cough;Gastroenteritis;Tonsillitis;Pyelonephritis;Cystitis;Fever;Infectious Disorder;Stomatitis;Salmonellosis	NCIT:C34885;NCIT:C3333;NCIT:C2911;NCIT:C35650;NCIT:C3364;NCIT:C35025;NCIT:C37935;NCIT:C34632;NCIT:C116006;NCIT:C34965;NCIT:C26738;NCIT:C3038;NCIT:C128320;NCIT:C26887;NCIT:C157974	Study Control	NCIT:C142703	Russian Federation	NCIT:C17111	feces	UBERON:0001988	Infant	NCIT:C27956	162	Day	0.4	5	0	No	Paolo_Manghi,Svetlana_Ugarcina_Perovic	Healthy	NA	NA	NCIT:C115935	Qiagen	HLA-DRB1*04:04 protein complex	MRO:0001293	SRR4305483	27133167	IlluminaHiSeq	Male	NCIT:C20197	NA	NA	Yes	Homo sapiens
VatanenT_2016	P009880	G80606	Otitis Media;Pneumonia;bronchitis;Upper Respiratory Tract Infection;Septicemia;Skin Infection;Cough;Gastroenteritis;Tonsillitis;Pyelonephritis;Cystitis;Fever;Infectious Disorder;Stomatitis;Salmonellosis	NCIT:C34885;NCIT:C3333;NCIT:C2911;NCIT:C35650;NCIT:C3364;NCIT:C35025;NCIT:C37935;NCIT:C34632;NCIT:C116006;NCIT:C34965;NCIT:C26738;NCIT:C3038;NCIT:C128320;NCIT:C26887;NCIT:C157974	Study Control	NCIT:C142703	Russian Federation	NCIT:C17111	feces	UBERON:0001988	Infant	NCIT:C27956	287	Day	0.8	9	125	No	Paolo_Manghi,Svetlana_Ugarcina_Perovic	Healthy	NA	NA	NCIT:C115935	Qiagen	HLA-DRB1*04:04 protein complex	MRO:0001293	SRR4408200	27133167	IlluminaHiSeq	Male	NCIT:C20197	NA	NA	Yes	Homo sapiens
VatanenT_2016	P009880	G80348	Otitis Media;Pneumonia;bronchitis;Upper Respiratory Tract Infection;Septicemia;Skin Infection;Cough;Gastroenteritis;Tonsillitis;Pyelonephritis;Cystitis;Fever;Infectious Disorder;Stomatitis;Salmonellosis	NCIT:C34885;NCIT:C3333;NCIT:C2911;NCIT:C35650;NCIT:C3364;NCIT:C35025;NCIT:C37935;NCIT:C34632;NCIT:C116006;NCIT:C34965;NCIT:C26738;NCIT:C3038;NCIT:C128320;NCIT:C26887;NCIT:C157974	Study Control	NCIT:C142703	Russian Federation	NCIT:C17111	feces	UBERON:0001988	Infant	NCIT:C27956	433	Day	1.2	14	271	No	Paolo_Manghi,Svetlana_Ugarcina_Perovic	Healthy	NA	NA	NCIT:C115935	Qiagen	HLA-DRB1*04:04 protein complex	MRO:0001293	SRR4408209	27133167	IlluminaHiSeq	Male	NCIT:C20197	NA	NA	Yes	Homo sapiens
VatanenT_2016	P010096	G78693	Otitis Media;Pneumonia;bronchitis;Upper Respiratory Tract Infection;Septicemia;Skin Infection;Cough;Gastroenteritis;Tonsillitis;Pyelonephritis;Cystitis;Fever;Infectious Disorder;Stomatitis;Salmonellosis	NCIT:C34885;NCIT:C3333;NCIT:C2911;NCIT:C35650;NCIT:C3364;NCIT:C35025;NCIT:C37935;NCIT:C34632;NCIT:C116006;NCIT:C34965;NCIT:C26738;NCIT:C3038;NCIT:C128320;NCIT:C26887;NCIT:C157974	Case	NCIT:C49152	Russian Federation	NCIT:C17111	feces	UBERON:0001988	Child	NCIT:C49683	732	Day	2	24	428	Yes	Paolo_Manghi,Svetlana_Ugarcina_Perovic	Upper Respiratory Tract Infection	NA	NA	NCIT:C35650	Qiagen	HLA-DRB1*04:05 protein complex	MRO:0001294	SRR4305220	27133167	IlluminaHiSeq	Male	NCIT:C20197	Macrolide Antibiotic	NCIT:C261	Yes	Homo sapiens
VatanenT_2016	P010096	G78777	Otitis Media;Pneumonia;bronchitis;Upper Respiratory Tract Infection;Septicemia;Skin Infection;Cough;Gastroenteritis;Tonsillitis;Pyelonephritis;Cystitis;Fever;Infectious Disorder;Stomatitis;Salmonellosis	NCIT:C34885;NCIT:C3333;NCIT:C2911;NCIT:C35650;NCIT:C3364;NCIT:C35025;NCIT:C37935;NCIT:C34632;NCIT:C116006;NCIT:C34965;NCIT:C26738;NCIT:C3038;NCIT:C128320;NCIT:C26887;NCIT:C157974	Study Control	NCIT:C142703	Russian Federation	NCIT:C17111	feces	UBERON:0001988	Infant	NCIT:C27956	518	Day	1.4	17	214	No	Paolo_Manghi,Svetlana_Ugarcina_Perovic	Healthy	NA	NA	NCIT:C115935	Qiagen	HLA-DRB1*04:05 protein complex	MRO:0001294	SRR4305282	27133167	IlluminaHiSeq	Male	NCIT:C20197	NA	NA	Yes	Homo sapiens
VatanenT_2016	P010096	G80272	Otitis Media;Pneumonia;bronchitis;Upper Respiratory Tract Infection;Septicemia;Skin Infection;Cough;Gastroenteritis;Tonsillitis;Pyelonephritis;Cystitis;Fever;Infectious Disorder;Stomatitis;Salmonellosis	NCIT:C34885;NCIT:C3333;NCIT:C2911;NCIT:C35650;NCIT:C3364;NCIT:C35025;NCIT:C37935;NCIT:C34632;NCIT:C116006;NCIT:C34965;NCIT:C26738;NCIT:C3038;NCIT:C128320;NCIT:C26887;NCIT:C157974	Case	NCIT:C49152	Russian Federation	NCIT:C17111	feces	UBERON:0001988	Child	NCIT:C49683	858	Day	2.3	28	554	Yes	Paolo_Manghi,Svetlana_Ugarcina_Perovic	Upper Respiratory Tract Infection	NA	NA	NCIT:C35650	Qiagen	HLA-DRB1*04:05 protein complex	MRO:0001294	SRR4305430	27133167	IlluminaHiSeq	Male	NCIT:C20197	Macrolide Antibiotic	NCIT:C261	Yes	Homo sapiens
VatanenT_2016	P010096	G69202	Otitis Media;Pneumonia;bronchitis;Upper Respiratory Tract Infection;Septicemia;Skin Infection;Cough;Gastroenteritis;Tonsillitis;Pyelonephritis;Cystitis;Fever;Infectious Disorder;Stomatitis;Salmonellosis	NCIT:C34885;NCIT:C3333;NCIT:C2911;NCIT:C35650;NCIT:C3364;NCIT:C35025;NCIT:C37935;NCIT:C34632;NCIT:C116006;NCIT:C34965;NCIT:C26738;NCIT:C3038;NCIT:C128320;NCIT:C26887;NCIT:C157974	Case	NCIT:C49152	Russian Federation	NCIT:C17111	feces	UBERON:0001988	Infant	NCIT:C27956	304	Day	0.8	10	0	Yes	Paolo_Manghi,Svetlana_Ugarcina_Perovic	Upper Respiratory Tract Infection	NA	NA	NCIT:C35650	Qiagen	HLA-DRB1*04:05 protein complex	MRO:0001294	SRR4305480	27133167	IlluminaHiSeq	Male	NCIT:C20197	Macrolide Antibiotic;Penicillin Antibiotic	NCIT:C261;NCIT:C1500	Yes	Homo sapiens
VatanenT_2016	P010096	G69208	Otitis Media;Pneumonia;bronchitis;Upper Respiratory Tract Infection;Septicemia;Skin Infection;Cough;Gastroenteritis;Tonsillitis;Pyelonephritis;Cystitis;Fever;Infectious Disorder;Stomatitis;Salmonellosis	NCIT:C34885;NCIT:C3333;NCIT:C2911;NCIT:C35650;NCIT:C3364;NCIT:C35025;NCIT:C37935;NCIT:C34632;NCIT:C116006;NCIT:C34965;NCIT:C26738;NCIT:C3038;NCIT:C128320;NCIT:C26887;NCIT:C157974	Study Control	NCIT:C142703	Russian Federation	NCIT:C17111	feces	UBERON:0001988	Infant	NCIT:C27956	489	Day	1.3	16	185	No	Paolo_Manghi,Svetlana_Ugarcina_Perovic	Healthy	NA	NA	NCIT:C115935	Qiagen	HLA-DRB1*04:05 protein complex	MRO:0001294	SRR4305486	27133167	IlluminaHiSeq	Male	NCIT:C20197	NA	NA	Yes	Homo sapiens
VatanenT_2016	P010096	G69216	Otitis Media;Pneumonia;bronchitis;Upper Respiratory Tract Infection;Septicemia;Skin Infection;Cough;Gastroenteritis;Tonsillitis;Pyelonephritis;Cystitis;Fever;Infectious Disorder;Stomatitis;Salmonellosis	NCIT:C34885;NCIT:C3333;NCIT:C2911;NCIT:C35650;NCIT:C3364;NCIT:C35025;NCIT:C37935;NCIT:C34632;NCIT:C116006;NCIT:C34965;NCIT:C26738;NCIT:C3038;NCIT:C128320;NCIT:C26887;NCIT:C157974	Study Control	NCIT:C142703	Russian Federation	NCIT:C17111	feces	UBERON:0001988	Infant	NCIT:C27956	675	Day	1.8	22	371	No	Paolo_Manghi,Svetlana_Ugarcina_Perovic	Healthy	NA	NA	NCIT:C115935	Qiagen	HLA-DRB1*04:05 protein complex	MRO:0001294	SRR4305495	27133167	IlluminaHiSeq	Male	NCIT:C20197	NA	NA	Yes	Homo sapiens
VatanenT_2016	P010096	G78492	Otitis Media;Pneumonia;bronchitis;Upper Respiratory Tract Infection;Septicemia;Skin Infection;Cough;Gastroenteritis;Tonsillitis;Pyelonephritis;Cystitis;Fever;Infectious Disorder;Stomatitis;Salmonellosis	NCIT:C34885;NCIT:C3333;NCIT:C2911;NCIT:C35650;NCIT:C3364;NCIT:C35025;NCIT:C37935;NCIT:C34632;NCIT:C116006;NCIT:C34965;NCIT:C26738;NCIT:C3038;NCIT:C128320;NCIT:C26887;NCIT:C157974	Case	NCIT:C49152	Russian Federation	NCIT:C17111	feces	UBERON:0001988	Child	NCIT:C49683	1007	Day	2.8	33	703	Yes	Paolo_Manghi,Svetlana_Ugarcina_Perovic	Upper Respiratory Tract Infection	NA	NA	NCIT:C35650	Qiagen	HLA-DRB1*04:05 protein complex	MRO:0001294	SRR4305523	27133167	IlluminaHiSeq	Male	NCIT:C20197	Macrolide Antibiotic	NCIT:C261	Yes	Homo sapiens
VatanenT_2016	P010096	G80396	Otitis Media;Pneumonia;bronchitis;Upper Respiratory Tract Infection;Septicemia;Skin Infection;Cough;Gastroenteritis;Tonsillitis;Pyelonephritis;Cystitis;Fever;Infectious Disorder;Stomatitis;Salmonellosis	NCIT:C34885;NCIT:C3333;NCIT:C2911;NCIT:C35650;NCIT:C3364;NCIT:C35025;NCIT:C37935;NCIT:C34632;NCIT:C116006;NCIT:C34965;NCIT:C26738;NCIT:C3038;NCIT:C128320;NCIT:C26887;NCIT:C157974	Study Control	NCIT:C142703	Russian Federation	NCIT:C17111	feces	UBERON:0001988	Infant	NCIT:C27956	457	Day	1.3	15	153	No	Paolo_Manghi,Svetlana_Ugarcina_Perovic	Healthy	NA	NA	NCIT:C115935	Qiagen	HLA-DRB1*04:05 protein complex	MRO:0001294	SRR4408267	27133167	IlluminaHiSeq	Male	NCIT:C20197	NA	NA	Yes	Homo sapiens
VatanenT_2016	P010313	G78646	Otitis Media;Pneumonia;bronchitis;Upper Respiratory Tract Infection;Septicemia;Skin Infection;Cough;Gastroenteritis;Tonsillitis;Pyelonephritis;Cystitis;Fever;Infectious Disorder;Stomatitis;Salmonellosis	NCIT:C34885;NCIT:C3333;NCIT:C2911;NCIT:C35650;NCIT:C3364;NCIT:C35025;NCIT:C37935;NCIT:C34632;NCIT:C116006;NCIT:C34965;NCIT:C26738;NCIT:C3038;NCIT:C128320;NCIT:C26887;NCIT:C157974	Study Control	NCIT:C142703	Russian Federation	NCIT:C17111	feces	UBERON:0001988	Infant	NCIT:C27956	184	Day	0.5	6	0	No	Paolo_Manghi,Svetlana_Ugarcina_Perovic	Healthy	NA	NA	NCIT:C115935	Qiagen	HLA-DRB1*04:02 protein complex	MRO:0001291	SRR4305175	27133167	IlluminaHiSeq	Female	NCIT:C16576	NA	NA	Yes	Homo sapiens
VatanenT_2016	P010322	G78694	Otitis Media;Pneumonia;bronchitis;Upper Respiratory Tract Infection;Septicemia;Skin Infection;Cough;Gastroenteritis;Tonsillitis;Pyelonephritis;Cystitis;Fever;Infectious Disorder;Stomatitis;Salmonellosis	NCIT:C34885;NCIT:C3333;NCIT:C2911;NCIT:C35650;NCIT:C3364;NCIT:C35025;NCIT:C37935;NCIT:C34632;NCIT:C116006;NCIT:C34965;NCIT:C26738;NCIT:C3038;NCIT:C128320;NCIT:C26887;NCIT:C157974	Study Control	NCIT:C142703	Russian Federation	NCIT:C17111	feces	UBERON:0001988	Infant	NCIT:C27956	308	Day	0.8	10	0	No	Paolo_Manghi,Svetlana_Ugarcina_Perovic	Healthy	NA	NA	NCIT:C115935	Qiagen	HLA-DRB1*04:02 protein complex	MRO:0001291	SRR4305222	27133167	IlluminaHiSeq	Male	NCIT:C20197	NA	NA	Yes	Homo sapiens
VatanenT_2016	P010322	G80428	Otitis Media;Pneumonia;bronchitis;Upper Respiratory Tract Infection;Septicemia;Skin Infection;Cough;Gastroenteritis;Tonsillitis;Pyelonephritis;Cystitis;Fever;Infectious Disorder;Stomatitis;Salmonellosis	NCIT:C34885;NCIT:C3333;NCIT:C2911;NCIT:C35650;NCIT:C3364;NCIT:C35025;NCIT:C37935;NCIT:C34632;NCIT:C116006;NCIT:C34965;NCIT:C26738;NCIT:C3038;NCIT:C128320;NCIT:C26887;NCIT:C157974	Study Control	NCIT:C142703	Russian Federation	NCIT:C17111	feces	UBERON:0001988	Infant	NCIT:C27956	365	Day	1	12	57	No	Paolo_Manghi,Svetlana_Ugarcina_Perovic	Healthy	NA	NA	NCIT:C115935	Qiagen	HLA-DRB1*04:02 protein complex	MRO:0001291	SRR4408011	27133167	IlluminaHiSeq	Male	NCIT:C20197	NA	NA	Yes	Homo sapiens
VatanenT_2016	P010322	G80564	Otitis Media;Pneumonia;bronchitis;Upper Respiratory Tract Infection;Septicemia;Skin Infection;Cough;Gastroenteritis;Tonsillitis;Pyelonephritis;Cystitis;Fever;Infectious Disorder;Stomatitis;Salmonellosis	NCIT:C34885;NCIT:C3333;NCIT:C2911;NCIT:C35650;NCIT:C3364;NCIT:C35025;NCIT:C37935;NCIT:C34632;NCIT:C116006;NCIT:C34965;NCIT:C26738;NCIT:C3038;NCIT:C128320;NCIT:C26887;NCIT:C157974	Study Control	NCIT:C142703	Russian Federation	NCIT:C17111	feces	UBERON:0001988	Infant	NCIT:C27956	329	Day	0.9	11	21	No	Paolo_Manghi,Svetlana_Ugarcina_Perovic	Healthy	NA	NA	NCIT:C115935	Qiagen	HLA-DRB1*04:02 protein complex	MRO:0001291	SRR4408157	27133167	IlluminaHiSeq	Male	NCIT:C20197	NA	NA	Yes	Homo sapiens
VatanenT_2016	P010322	G80392	Otitis Media;Pneumonia;bronchitis;Upper Respiratory Tract Infection;Septicemia;Skin Infection;Cough;Gastroenteritis;Tonsillitis;Pyelonephritis;Cystitis;Fever;Infectious Disorder;Stomatitis;Salmonellosis	NCIT:C34885;NCIT:C3333;NCIT:C2911;NCIT:C35650;NCIT:C3364;NCIT:C35025;NCIT:C37935;NCIT:C34632;NCIT:C116006;NCIT:C34965;NCIT:C26738;NCIT:C3038;NCIT:C128320;NCIT:C26887;NCIT:C157974	Study Control	NCIT:C142703	Russian Federation	NCIT:C17111	feces	UBERON:0001988	Infant	NCIT:C27956	573	Day	1.6	19	265	No	Paolo_Manghi,Svetlana_Ugarcina_Perovic	Healthy	NA	NA	NCIT:C115935	Qiagen	HLA-DRB1*04:02 protein complex	MRO:0001291	SRR4408263	27133167	IlluminaHiSeq	Male	NCIT:C20197	NA	NA	Yes	Homo sapiens
VatanenT_2016	P010936	G78880	Otitis Media;Pneumonia;bronchitis;Upper Respiratory Tract Infection;Septicemia;Skin Infection;Cough;Gastroenteritis;Tonsillitis;Pyelonephritis;Cystitis;Fever;Infectious Disorder;Stomatitis;Salmonellosis	NCIT:C34885;NCIT:C3333;NCIT:C2911;NCIT:C35650;NCIT:C3364;NCIT:C35025;NCIT:C37935;NCIT:C34632;NCIT:C116006;NCIT:C34965;NCIT:C26738;NCIT:C3038;NCIT:C128320;NCIT:C26887;NCIT:C157974	Study Control	NCIT:C142703	Russian Federation	NCIT:C17111	feces	UBERON:0001988	Infant	NCIT:C27956	443	Day	1.2	15	74	No	Paolo_Manghi,Svetlana_Ugarcina_Perovic	Healthy	NA	NA	NCIT:C115935	Qiagen	HLA protein complex with DQ5 serotype	MRO:0001626	SRR4305383	27133167	IlluminaHiSeq	Male	NCIT:C20197	NA	NA	Yes	Homo sapiens
VatanenT_2016	P010936	G78895	Otitis Media;Pneumonia;bronchitis;Upper Respiratory Tract Infection;Septicemia;Skin Infection;Cough;Gastroenteritis;Tonsillitis;Pyelonephritis;Cystitis;Fever;Infectious Disorder;Stomatitis;Salmonellosis	NCIT:C34885;NCIT:C3333;NCIT:C2911;NCIT:C35650;NCIT:C3364;NCIT:C35025;NCIT:C37935;NCIT:C34632;NCIT:C116006;NCIT:C34965;NCIT:C26738;NCIT:C3038;NCIT:C128320;NCIT:C26887;NCIT:C157974	Study Control	NCIT:C142703	Russian Federation	NCIT:C17111	feces	UBERON:0001988	Infant	NCIT:C27956	434	Day	1.2	14	65	No	Paolo_Manghi,Svetlana_Ugarcina_Perovic	Healthy	NA	NA	NCIT:C115935	Qiagen	HLA protein complex with DQ5 serotype	MRO:0001626	SRR4305398	27133167	IlluminaHiSeq	Male	NCIT:C20197	NA	NA	Yes	Homo sapiens
VatanenT_2016	P010936	G80619	Otitis Media;Pneumonia;bronchitis;Upper Respiratory Tract Infection;Septicemia;Skin Infection;Cough;Gastroenteritis;Tonsillitis;Pyelonephritis;Cystitis;Fever;Infectious Disorder;Stomatitis;Salmonellosis	NCIT:C34885;NCIT:C3333;NCIT:C2911;NCIT:C35650;NCIT:C3364;NCIT:C35025;NCIT:C37935;NCIT:C34632;NCIT:C116006;NCIT:C34965;NCIT:C26738;NCIT:C3038;NCIT:C128320;NCIT:C26887;NCIT:C157974	Study Control	NCIT:C142703	Russian Federation	NCIT:C17111	feces	UBERON:0001988	Infant	NCIT:C27956	369	Day	1	12	0	No	Paolo_Manghi,Svetlana_Ugarcina_Perovic	Healthy	NA	NA	NCIT:C115935	Qiagen	HLA protein complex with DQ5 serotype	MRO:0001626	SRR4408211	27133167	IlluminaHiSeq	Male	NCIT:C20197	NA	NA	Yes	Homo sapiens
VatanenT_2016	P010936	G80350	Otitis Media;Pneumonia;bronchitis;Upper Respiratory Tract Infection;Septicemia;Skin Infection;Cough;Gastroenteritis;Tonsillitis;Pyelonephritis;Cystitis;Fever;Infectious Disorder;Stomatitis;Salmonellosis	NCIT:C34885;NCIT:C3333;NCIT:C2911;NCIT:C35650;NCIT:C3364;NCIT:C35025;NCIT:C37935;NCIT:C34632;NCIT:C116006;NCIT:C34965;NCIT:C26738;NCIT:C3038;NCIT:C128320;NCIT:C26887;NCIT:C157974	Study Control	NCIT:C142703	Russian Federation	NCIT:C17111	feces	UBERON:0001988	Infant	NCIT:C27956	477	Day	1.3	16	108	No	Paolo_Manghi,Svetlana_Ugarcina_Perovic	Healthy	NA	NA	NCIT:C115935	Qiagen	HLA protein complex with DQ5 serotype	MRO:0001626	SRR4408216	27133167	IlluminaHiSeq	Male	NCIT:C20197	NA	NA	Yes	Homo sapiens
VatanenT_2016	P010936	G80359	Otitis Media;Pneumonia;bronchitis;Upper Respiratory Tract Infection;Septicemia;Skin Infection;Cough;Gastroenteritis;Tonsillitis;Pyelonephritis;Cystitis;Fever;Infectious Disorder;Stomatitis;Salmonellosis	NCIT:C34885;NCIT:C3333;NCIT:C2911;NCIT:C35650;NCIT:C3364;NCIT:C35025;NCIT:C37935;NCIT:C34632;NCIT:C116006;NCIT:C34965;NCIT:C26738;NCIT:C3038;NCIT:C128320;NCIT:C26887;NCIT:C157974	Study Control	NCIT:C142703	Russian Federation	NCIT:C17111	feces	UBERON:0001988	Infant	NCIT:C27956	534	Day	1.5	18	165	No	Paolo_Manghi,Svetlana_Ugarcina_Perovic	Healthy	NA	NA	NCIT:C115935	Qiagen	HLA protein complex with DQ5 serotype	MRO:0001626	SRR4408226	27133167	IlluminaHiSeq	Male	NCIT:C20197	NA	NA	Yes	Homo sapiens
VatanenT_2016	P010936	G80372	Otitis Media;Pneumonia;bronchitis;Upper Respiratory Tract Infection;Septicemia;Skin Infection;Cough;Gastroenteritis;Tonsillitis;Pyelonephritis;Cystitis;Fever;Infectious Disorder;Stomatitis;Salmonellosis	NCIT:C34885;NCIT:C3333;NCIT:C2911;NCIT:C35650;NCIT:C3364;NCIT:C35025;NCIT:C37935;NCIT:C34632;NCIT:C116006;NCIT:C34965;NCIT:C26738;NCIT:C3038;NCIT:C128320;NCIT:C26887;NCIT:C157974	Study Control	NCIT:C142703	Russian Federation	NCIT:C17111	feces	UBERON:0001988	Infant	NCIT:C27956	514	Day	1.4	17	145	No	Paolo_Manghi,Svetlana_Ugarcina_Perovic	Healthy	NA	NA	NCIT:C115935	Qiagen	HLA protein complex with DQ5 serotype	MRO:0001626	SRR4408241	27133167	IlluminaHiSeq	Male	NCIT:C20197	NA	NA	Yes	Homo sapiens
VatanenT_2016	P010936	G80327	Otitis Media;Pneumonia;bronchitis;Upper Respiratory Tract Infection;Septicemia;Skin Infection;Cough;Gastroenteritis;Tonsillitis;Pyelonephritis;Cystitis;Fever;Infectious Disorder;Stomatitis;Salmonellosis	NCIT:C34885;NCIT:C3333;NCIT:C2911;NCIT:C35650;NCIT:C3364;NCIT:C35025;NCIT:C37935;NCIT:C34632;NCIT:C116006;NCIT:C34965;NCIT:C26738;NCIT:C3038;NCIT:C128320;NCIT:C26887;NCIT:C157974	Study Control	NCIT:C142703	Russian Federation	NCIT:C17111	feces	UBERON:0001988	Child	NCIT:C49683	833	Day	2.3	27	464	No	Paolo_Manghi,Svetlana_Ugarcina_Perovic	Healthy	NA	NA	NCIT:C115935	Qiagen	HLA protein complex with DQ5 serotype	MRO:0001626	SRR4408272	27133167	IlluminaHiSeq	Male	NCIT:C20197	NA	NA	Yes	Homo sapiens
VatanenT_2016	P011108	G69148	Otitis Media;Pneumonia;bronchitis;Upper Respiratory Tract Infection;Septicemia;Skin Infection;Cough;Gastroenteritis;Tonsillitis;Pyelonephritis;Cystitis;Fever;Infectious Disorder;Stomatitis;Salmonellosis	NCIT:C34885;NCIT:C3333;NCIT:C2911;NCIT:C35650;NCIT:C3364;NCIT:C35025;NCIT:C37935;NCIT:C34632;NCIT:C116006;NCIT:C34965;NCIT:C26738;NCIT:C3038;NCIT:C128320;NCIT:C26887;NCIT:C157974	Study Control	NCIT:C142703	Russian Federation	NCIT:C17111	feces	UBERON:0001988	Infant	NCIT:C27956	531	Day	1.5	17	189	No	Paolo_Manghi,Svetlana_Ugarcina_Perovic	Healthy	NA	NA	NCIT:C115935	Qiagen	HLA-DRB1*04:01 protein complex	MRO:0001290	SRR4305143	27133167	IlluminaHiSeq	Male	NCIT:C20197	NA	NA	Yes	Homo sapiens
VatanenT_2016	P011108	G69150	Otitis Media;Pneumonia;bronchitis;Upper Respiratory Tract Infection;Septicemia;Skin Infection;Cough;Gastroenteritis;Tonsillitis;Pyelonephritis;Cystitis;Fever;Infectious Disorder;Stomatitis;Salmonellosis	NCIT:C34885;NCIT:C3333;NCIT:C2911;NCIT:C35650;NCIT:C3364;NCIT:C35025;NCIT:C37935;NCIT:C34632;NCIT:C116006;NCIT:C34965;NCIT:C26738;NCIT:C3038;NCIT:C128320;NCIT:C26887;NCIT:C157974	Study Control	NCIT:C142703	Russian Federation	NCIT:C17111	feces	UBERON:0001988	Infant	NCIT:C27956	342	Day	0.9	11	0	No	Paolo_Manghi,Svetlana_Ugarcina_Perovic	Healthy	NA	NA	NCIT:C115935	Qiagen	HLA-DRB1*04:01 protein complex	MRO:0001290	SRR4305367	27133167	IlluminaHiSeq	Male	NCIT:C20197	NA	NA	Yes	Homo sapiens
VatanenT_2016	P011108	G80426	Otitis Media;Pneumonia;bronchitis;Upper Respiratory Tract Infection;Septicemia;Skin Infection;Cough;Gastroenteritis;Tonsillitis;Pyelonephritis;Cystitis;Fever;Infectious Disorder;Stomatitis;Salmonellosis	NCIT:C34885;NCIT:C3333;NCIT:C2911;NCIT:C35650;NCIT:C3364;NCIT:C35025;NCIT:C37935;NCIT:C34632;NCIT:C116006;NCIT:C34965;NCIT:C26738;NCIT:C3038;NCIT:C128320;NCIT:C26887;NCIT:C157974	Study Control	NCIT:C142703	Russian Federation	NCIT:C17111	feces	UBERON:0001988	Infant	NCIT:C27956	401	Day	1.1	13	59	No	Paolo_Manghi,Svetlana_Ugarcina_Perovic	Healthy	NA	NA	NCIT:C115935	Qiagen	HLA-DRB1*04:01 protein complex	MRO:0001290	SRR4408009	27133167	IlluminaHiSeq	Male	NCIT:C20197	NA	NA	Yes	Homo sapiens
VatanenT_2016	P011108	G80439	Otitis Media;Pneumonia;bronchitis;Upper Respiratory Tract Infection;Septicemia;Skin Infection;Cough;Gastroenteritis;Tonsillitis;Pyelonephritis;Cystitis;Fever;Infectious Disorder;Stomatitis;Salmonellosis	NCIT:C34885;NCIT:C3333;NCIT:C2911;NCIT:C35650;NCIT:C3364;NCIT:C35025;NCIT:C37935;NCIT:C34632;NCIT:C116006;NCIT:C34965;NCIT:C26738;NCIT:C3038;NCIT:C128320;NCIT:C26887;NCIT:C157974	Study Control	NCIT:C142703	Russian Federation	NCIT:C17111	feces	UBERON:0001988	Infant	NCIT:C27956	506	Day	1.4	17	164	No	Paolo_Manghi,Svetlana_Ugarcina_Perovic	Healthy	NA	NA	NCIT:C115935	Qiagen	HLA-DRB1*04:01 protein complex	MRO:0001290	SRR4408023	27133167	IlluminaHiSeq	Male	NCIT:C20197	NA	NA	Yes	Homo sapiens
VatanenT_2016	P011207	G78758	Otitis Media;Pneumonia;bronchitis;Upper Respiratory Tract Infection;Septicemia;Skin Infection;Cough;Gastroenteritis;Tonsillitis;Pyelonephritis;Cystitis;Fever;Infectious Disorder;Stomatitis;Salmonellosis	NCIT:C34885;NCIT:C3333;NCIT:C2911;NCIT:C35650;NCIT:C3364;NCIT:C35025;NCIT:C37935;NCIT:C34632;NCIT:C116006;NCIT:C34965;NCIT:C26738;NCIT:C3038;NCIT:C128320;NCIT:C26887;NCIT:C157974	Study Control	NCIT:C142703	Russian Federation	NCIT:C17111	feces	UBERON:0001988	Infant	NCIT:C27956	289	Day	0.8	9	0	No	Paolo_Manghi,Svetlana_Ugarcina_Perovic	Healthy	NA	NA	NCIT:C115935	Qiagen	HLA-DQA1*02:01 protein complex;HLA protein complex with DQ5 serotype	MRO:0001211;MRO:0001626	SRR4305270	27133167	IlluminaHiSeq	Male	NCIT:C20197	NA	NA	Yes	Homo sapiens
VatanenT_2016	P013454	G78787	Otitis Media;Pneumonia;bronchitis;Upper Respiratory Tract Infection;Septicemia;Skin Infection;Cough;Gastroenteritis;Tonsillitis;Pyelonephritis;Cystitis;Fever;Infectious Disorder;Stomatitis;Salmonellosis	NCIT:C34885;NCIT:C3333;NCIT:C2911;NCIT:C35650;NCIT:C3364;NCIT:C35025;NCIT:C37935;NCIT:C34632;NCIT:C116006;NCIT:C34965;NCIT:C26738;NCIT:C3038;NCIT:C128320;NCIT:C26887;NCIT:C157974	Study Control	NCIT:C142703	Russian Federation	NCIT:C17111	feces	UBERON:0001988	Infant	NCIT:C27956	265	Day	0.7	9	0	No	Paolo_Manghi,Svetlana_Ugarcina_Perovic	Healthy	NA	NA	NCIT:C115935	Qiagen	HLA-DRB1*04:01 protein complex;HLA protein complex with DQ3 serotype;HLA protein complex with DQ5 serotype	MRO:0001290;MRO:0001622;MRO:0001626	SRR4305288	27133167	IlluminaHiSeq	Male	NCIT:C20197	NA	NA	Yes	Homo sapiens
VatanenT_2016	P013701	G78539	Otitis Media;Pneumonia;bronchitis;Upper Respiratory Tract Infection;Septicemia;Skin Infection;Cough;Gastroenteritis;Tonsillitis;Pyelonephritis;Cystitis;Fever;Infectious Disorder;Stomatitis;Salmonellosis	NCIT:C34885;NCIT:C3333;NCIT:C2911;NCIT:C35650;NCIT:C3364;NCIT:C35025;NCIT:C37935;NCIT:C34632;NCIT:C116006;NCIT:C34965;NCIT:C26738;NCIT:C3038;NCIT:C128320;NCIT:C26887;NCIT:C157974	Study Control	NCIT:C142703	Russian Federation	NCIT:C17111	feces	UBERON:0001988	Infant	NCIT:C27956	535	Day	1.5	18	328	No	Paolo_Manghi,Svetlana_Ugarcina_Perovic	Healthy	NA	NA	NCIT:C115935	Qiagen	HLA-DRB1*04:04 protein complex	MRO:0001293	SRR4305069	27133167	IlluminaHiSeq	Male	NCIT:C20197	NA	NA	Yes	Homo sapiens
VatanenT_2016	P013701	G78561	Otitis Media;Pneumonia;bronchitis;Upper Respiratory Tract Infection;Septicemia;Skin Infection;Cough;Gastroenteritis;Tonsillitis;Pyelonephritis;Cystitis;Fever;Infectious Disorder;Stomatitis;Salmonellosis	NCIT:C34885;NCIT:C3333;NCIT:C2911;NCIT:C35650;NCIT:C3364;NCIT:C35025;NCIT:C37935;NCIT:C34632;NCIT:C116006;NCIT:C34965;NCIT:C26738;NCIT:C3038;NCIT:C128320;NCIT:C26887;NCIT:C157974	Study Control	NCIT:C142703	Russian Federation	NCIT:C17111	feces	UBERON:0001988	Infant	NCIT:C27956	207	Day	0.6	7	0	No	Paolo_Manghi,Svetlana_Ugarcina_Perovic	Healthy	NA	NA	NCIT:C115935	Qiagen	HLA-DRB1*04:04 protein complex	MRO:0001293	SRR4305090	27133167	IlluminaHiSeq	Male	NCIT:C20197	NA	NA	Yes	Homo sapiens
VatanenT_2016	P013701	G78844	Otitis Media;Pneumonia;bronchitis;Upper Respiratory Tract Infection;Septicemia;Skin Infection;Cough;Gastroenteritis;Tonsillitis;Pyelonephritis;Cystitis;Fever;Infectious Disorder;Stomatitis;Salmonellosis	NCIT:C34885;NCIT:C3333;NCIT:C2911;NCIT:C35650;NCIT:C3364;NCIT:C35025;NCIT:C37935;NCIT:C34632;NCIT:C116006;NCIT:C34965;NCIT:C26738;NCIT:C3038;NCIT:C128320;NCIT:C26887;NCIT:C157974	Study Control	NCIT:C142703	Russian Federation	NCIT:C17111	feces	UBERON:0001988	Infant	NCIT:C27956	447	Day	1.2	15	240	No	Paolo_Manghi,Svetlana_Ugarcina_Perovic	Healthy	NA	NA	NCIT:C115935	Qiagen	HLA-DRB1*04:04 protein complex	MRO:0001293	SRR4305344	27133167	IlluminaHiSeq	Male	NCIT:C20197	NA	NA	Yes	Homo sapiens
VatanenT_2016	P013701	G80565	Otitis Media;Pneumonia;bronchitis;Upper Respiratory Tract Infection;Septicemia;Skin Infection;Cough;Gastroenteritis;Tonsillitis;Pyelonephritis;Cystitis;Fever;Infectious Disorder;Stomatitis;Salmonellosis	NCIT:C34885;NCIT:C3333;NCIT:C2911;NCIT:C35650;NCIT:C3364;NCIT:C35025;NCIT:C37935;NCIT:C34632;NCIT:C116006;NCIT:C34965;NCIT:C26738;NCIT:C3038;NCIT:C128320;NCIT:C26887;NCIT:C157974	Study Control	NCIT:C142703	Russian Federation	NCIT:C17111	feces	UBERON:0001988	Infant	NCIT:C27956	253	Day	0.7	8	46	No	Paolo_Manghi,Svetlana_Ugarcina_Perovic	Healthy	NA	NA	NCIT:C115935	Qiagen	HLA-DRB1*04:04 protein complex	MRO:0001293	SRR4408158	27133167	IlluminaHiSeq	Male	NCIT:C20197	NA	NA	Yes	Homo sapiens
VatanenT_2016	P013823	G69149	Otitis Media;Pneumonia;bronchitis;Upper Respiratory Tract Infection;Septicemia;Skin Infection;Cough;Gastroenteritis;Tonsillitis;Pyelonephritis;Cystitis;Fever;Infectious Disorder;Stomatitis;Salmonellosis	NCIT:C34885;NCIT:C3333;NCIT:C2911;NCIT:C35650;NCIT:C3364;NCIT:C35025;NCIT:C37935;NCIT:C34632;NCIT:C116006;NCIT:C34965;NCIT:C26738;NCIT:C3038;NCIT:C128320;NCIT:C26887;NCIT:C157974	Study Control	NCIT:C142703	Russian Federation	NCIT:C17111	feces	UBERON:0001988	Infant	NCIT:C27956	347	Day	1	11	168	No	Paolo_Manghi,Svetlana_Ugarcina_Perovic	Healthy	NA	NA	NCIT:C115935	Qiagen	HLA protein complex with DQ5 serotype	MRO:0001626	SRR4305255	27133167	IlluminaHiSeq	Female	NCIT:C16576	NA	NA	Yes	Homo sapiens
VatanenT_2016	P013823	G78847	Otitis Media;Pneumonia;bronchitis;Upper Respiratory Tract Infection;Septicemia;Skin Infection;Cough;Gastroenteritis;Tonsillitis;Pyelonephritis;Cystitis;Fever;Infectious Disorder;Stomatitis;Salmonellosis	NCIT:C34885;NCIT:C3333;NCIT:C2911;NCIT:C35650;NCIT:C3364;NCIT:C35025;NCIT:C37935;NCIT:C34632;NCIT:C116006;NCIT:C34965;NCIT:C26738;NCIT:C3038;NCIT:C128320;NCIT:C26887;NCIT:C157974	Study Control	NCIT:C142703	Russian Federation	NCIT:C17111	feces	UBERON:0001988	Infant	NCIT:C27956	264	Day	0.7	9	85	No	Paolo_Manghi,Svetlana_Ugarcina_Perovic	Healthy	NA	NA	NCIT:C115935	Qiagen	HLA protein complex with DQ5 serotype	MRO:0001626	SRR4305347	27133167	IlluminaHiSeq	Female	NCIT:C16576	NA	NA	Yes	Homo sapiens
VatanenT_2016	P013823	G78862	Otitis Media;Pneumonia;bronchitis;Upper Respiratory Tract Infection;Septicemia;Skin Infection;Cough;Gastroenteritis;Tonsillitis;Pyelonephritis;Cystitis;Fever;Infectious Disorder;Stomatitis;Salmonellosis	NCIT:C34885;NCIT:C3333;NCIT:C2911;NCIT:C35650;NCIT:C3364;NCIT:C35025;NCIT:C37935;NCIT:C34632;NCIT:C116006;NCIT:C34965;NCIT:C26738;NCIT:C3038;NCIT:C128320;NCIT:C26887;NCIT:C157974	Study Control	NCIT:C142703	Russian Federation	NCIT:C17111	feces	UBERON:0001988	Infant	NCIT:C27956	179	Day	0.5	6	0	No	Paolo_Manghi,Svetlana_Ugarcina_Perovic	Healthy	NA	NA	NCIT:C115935	Qiagen	HLA protein complex with DQ5 serotype	MRO:0001626	SRR4305361	27133167	IlluminaHiSeq	Female	NCIT:C16576	NA	NA	Yes	Homo sapiens
VatanenT_2016	P013823	G78863	Otitis Media;Pneumonia;bronchitis;Upper Respiratory Tract Infection;Septicemia;Skin Infection;Cough;Gastroenteritis;Tonsillitis;Pyelonephritis;Cystitis;Fever;Infectious Disorder;Stomatitis;Salmonellosis	NCIT:C34885;NCIT:C3333;NCIT:C2911;NCIT:C35650;NCIT:C3364;NCIT:C35025;NCIT:C37935;NCIT:C34632;NCIT:C116006;NCIT:C34965;NCIT:C26738;NCIT:C3038;NCIT:C128320;NCIT:C26887;NCIT:C157974	Study Control	NCIT:C142703	Russian Federation	NCIT:C17111	feces	UBERON:0001988	Infant	NCIT:C27956	196	Day	0.5	6	17	No	Paolo_Manghi,Svetlana_Ugarcina_Perovic	Healthy	NA	NA	NCIT:C115935	Qiagen	HLA protein complex with DQ5 serotype	MRO:0001626	SRR4305362	27133167	IlluminaHiSeq	Female	NCIT:C16576	NA	NA	Yes	Homo sapiens
VatanenT_2016	P013823	G78864	Otitis Media;Pneumonia;bronchitis;Upper Respiratory Tract Infection;Septicemia;Skin Infection;Cough;Gastroenteritis;Tonsillitis;Pyelonephritis;Cystitis;Fever;Infectious Disorder;Stomatitis;Salmonellosis	NCIT:C34885;NCIT:C3333;NCIT:C2911;NCIT:C35650;NCIT:C3364;NCIT:C35025;NCIT:C37935;NCIT:C34632;NCIT:C116006;NCIT:C34965;NCIT:C26738;NCIT:C3038;NCIT:C128320;NCIT:C26887;NCIT:C157974	Study Control	NCIT:C142703	Russian Federation	NCIT:C17111	feces	UBERON:0001988	Infant	NCIT:C27956	224	Day	0.6	7	45	No	Paolo_Manghi,Svetlana_Ugarcina_Perovic	Healthy	NA	NA	NCIT:C115935	Qiagen	HLA protein complex with DQ5 serotype	MRO:0001626	SRR4305363	27133167	IlluminaHiSeq	Female	NCIT:C16576	NA	NA	Yes	Homo sapiens
VatanenT_2016	P013823	G69215	Otitis Media;Pneumonia;bronchitis;Upper Respiratory Tract Infection;Septicemia;Skin Infection;Cough;Gastroenteritis;Tonsillitis;Pyelonephritis;Cystitis;Fever;Infectious Disorder;Stomatitis;Salmonellosis	NCIT:C34885;NCIT:C3333;NCIT:C2911;NCIT:C35650;NCIT:C3364;NCIT:C35025;NCIT:C37935;NCIT:C34632;NCIT:C116006;NCIT:C34965;NCIT:C26738;NCIT:C3038;NCIT:C128320;NCIT:C26887;NCIT:C157974	Study Control	NCIT:C142703	Russian Federation	NCIT:C17111	feces	UBERON:0001988	Infant	NCIT:C27956	532	Day	1.5	17	353	No	Paolo_Manghi,Svetlana_Ugarcina_Perovic	Healthy	NA	NA	NCIT:C115935	Qiagen	HLA protein complex with DQ5 serotype	MRO:0001626	SRR4305494	27133167	IlluminaHiSeq	Female	NCIT:C16576	NA	NA	Yes	Homo sapiens
VatanenT_2016	P013823	G78499	Otitis Media;Pneumonia;bronchitis;Upper Respiratory Tract Infection;Septicemia;Skin Infection;Cough;Gastroenteritis;Tonsillitis;Pyelonephritis;Cystitis;Fever;Infectious Disorder;Stomatitis;Salmonellosis	NCIT:C34885;NCIT:C3333;NCIT:C2911;NCIT:C35650;NCIT:C3364;NCIT:C35025;NCIT:C37935;NCIT:C34632;NCIT:C116006;NCIT:C34965;NCIT:C26738;NCIT:C3038;NCIT:C128320;NCIT:C26887;NCIT:C157974	Study Control	NCIT:C142703	Russian Federation	NCIT:C17111	feces	UBERON:0001988	Infant	NCIT:C27956	417	Day	1.1	14	238	No	Paolo_Manghi,Svetlana_Ugarcina_Perovic	Healthy	NA	NA	NCIT:C115935	Qiagen	HLA protein complex with DQ5 serotype	MRO:0001626	SRR4305529	27133167	IlluminaHiSeq	Female	NCIT:C16576	NA	NA	Yes	Homo sapiens
VatanenT_2016	P013823	G80336	Otitis Media;Pneumonia;bronchitis;Upper Respiratory Tract Infection;Septicemia;Skin Infection;Cough;Gastroenteritis;Tonsillitis;Pyelonephritis;Cystitis;Fever;Infectious Disorder;Stomatitis;Salmonellosis	NCIT:C34885;NCIT:C3333;NCIT:C2911;NCIT:C35650;NCIT:C3364;NCIT:C35025;NCIT:C37935;NCIT:C34632;NCIT:C116006;NCIT:C34965;NCIT:C26738;NCIT:C3038;NCIT:C128320;NCIT:C26887;NCIT:C157974	Study Control	NCIT:C142703	Russian Federation	NCIT:C17111	feces	UBERON:0001988	Infant	NCIT:C27956	584	Day	1.6	19	405	No	Paolo_Manghi,Svetlana_Ugarcina_Perovic	Healthy	NA	NA	NCIT:C115935	Qiagen	HLA protein complex with DQ5 serotype	MRO:0001626	SRR4408069	27133167	IlluminaHiSeq	Female	NCIT:C16576	NA	NA	Yes	Homo sapiens
VatanenT_2016	P013960	G78550	Otitis Media;Pneumonia;bronchitis;Upper Respiratory Tract Infection;Septicemia;Skin Infection;Cough;Gastroenteritis;Tonsillitis;Pyelonephritis;Cystitis;Fever;Infectious Disorder;Stomatitis;Salmonellosis	NCIT:C34885;NCIT:C3333;NCIT:C2911;NCIT:C35650;NCIT:C3364;NCIT:C35025;NCIT:C37935;NCIT:C34632;NCIT:C116006;NCIT:C34965;NCIT:C26738;NCIT:C3038;NCIT:C128320;NCIT:C26887;NCIT:C157974	Study Control	NCIT:C142703	Russian Federation	NCIT:C17111	feces	UBERON:0001988	Infant	NCIT:C27956	596	Day	1.6	20	337	No	Paolo_Manghi,Svetlana_Ugarcina_Perovic	Healthy	NA	NA	NCIT:C115935	Qiagen	HLA protein complex with DQ3 serotype;HLA protein complex with DQ5 serotype	MRO:0001622;MRO:0001626	SRR4305079	27133167	IlluminaHiSeq	Male	NCIT:C20197	NA	NA	Yes	Homo sapiens
VatanenT_2016	P013960	G69164	Otitis Media;Pneumonia;bronchitis;Upper Respiratory Tract Infection;Septicemia;Skin Infection;Cough;Gastroenteritis;Tonsillitis;Pyelonephritis;Cystitis;Fever;Infectious Disorder;Stomatitis;Salmonellosis	NCIT:C34885;NCIT:C3333;NCIT:C2911;NCIT:C35650;NCIT:C3364;NCIT:C35025;NCIT:C37935;NCIT:C34632;NCIT:C116006;NCIT:C34965;NCIT:C26738;NCIT:C3038;NCIT:C128320;NCIT:C26887;NCIT:C157974	Study Control	NCIT:C142703	Russian Federation	NCIT:C17111	feces	UBERON:0001988	Infant	NCIT:C27956	511	Day	1.4	17	252	No	Paolo_Manghi,Svetlana_Ugarcina_Perovic	Healthy	NA	NA	NCIT:C115935	Qiagen	HLA protein complex with DQ3 serotype;HLA protein complex with DQ5 serotype	MRO:0001622;MRO:0001626	SRR4305110	27133167	IlluminaHiSeq	Male	NCIT:C20197	NA	NA	Yes	Homo sapiens
VatanenT_2016	P013960	G78495	Otitis Media;Pneumonia;bronchitis;Upper Respiratory Tract Infection;Septicemia;Skin Infection;Cough;Gastroenteritis;Tonsillitis;Pyelonephritis;Cystitis;Fever;Infectious Disorder;Stomatitis;Salmonellosis	NCIT:C34885;NCIT:C3333;NCIT:C2911;NCIT:C35650;NCIT:C3364;NCIT:C35025;NCIT:C37935;NCIT:C34632;NCIT:C116006;NCIT:C34965;NCIT:C26738;NCIT:C3038;NCIT:C128320;NCIT:C26887;NCIT:C157974	Study Control	NCIT:C142703	Russian Federation	NCIT:C17111	feces	UBERON:0001988	Infant	NCIT:C27956	428	Day	1.2	14	169	No	Paolo_Manghi,Svetlana_Ugarcina_Perovic	Healthy	NA	NA	NCIT:C115935	Qiagen	HLA protein complex with DQ3 serotype;HLA protein complex with DQ5 serotype	MRO:0001622;MRO:0001626	SRR4305526	27133167	IlluminaHiSeq	Male	NCIT:C20197	NA	NA	Yes	Homo sapiens
VatanenT_2016	P013960	G80571	Otitis Media;Pneumonia;bronchitis;Upper Respiratory Tract Infection;Septicemia;Skin Infection;Cough;Gastroenteritis;Tonsillitis;Pyelonephritis;Cystitis;Fever;Infectious Disorder;Stomatitis;Salmonellosis	NCIT:C34885;NCIT:C3333;NCIT:C2911;NCIT:C35650;NCIT:C3364;NCIT:C35025;NCIT:C37935;NCIT:C34632;NCIT:C116006;NCIT:C34965;NCIT:C26738;NCIT:C3038;NCIT:C128320;NCIT:C26887;NCIT:C157974	Study Control	NCIT:C142703	Russian Federation	NCIT:C17111	feces	UBERON:0001988	Infant	NCIT:C27956	259	Day	0.7	9	0	No	Paolo_Manghi,Svetlana_Ugarcina_Perovic	Healthy	NA	NA	NCIT:C115935	Qiagen	HLA protein complex with DQ3 serotype;HLA protein complex with DQ5 serotype	MRO:0001622;MRO:0001626	SRR4408164	27133167	IlluminaHiSeq	Male	NCIT:C20197	NA	NA	Yes	Homo sapiens
VatanenT_2016	P014605	G78793	Otitis Media;Pneumonia;bronchitis;Upper Respiratory Tract Infection;Septicemia;Skin Infection;Cough;Gastroenteritis;Tonsillitis;Pyelonephritis;Cystitis;Fever;Infectious Disorder;Stomatitis;Salmonellosis	NCIT:C34885;NCIT:C3333;NCIT:C2911;NCIT:C35650;NCIT:C3364;NCIT:C35025;NCIT:C37935;NCIT:C34632;NCIT:C116006;NCIT:C34965;NCIT:C26738;NCIT:C3038;NCIT:C128320;NCIT:C26887;NCIT:C157974	Study Control	NCIT:C142703	Russian Federation	NCIT:C17111	feces	UBERON:0001988	Infant	NCIT:C27956	242	Day	0.7	8	0	No	Paolo_Manghi,Svetlana_Ugarcina_Perovic	Healthy	NA	NA	NCIT:C115935	Qiagen	HLA protein complex with DQ5 serotype	MRO:0001626	SRR4305295	27133167	IlluminaHiSeq	Female	NCIT:C16576	NA	NA	Yes	Homo sapiens
VatanenT_2016	P014605	G80280	Otitis Media;Pneumonia;bronchitis;Upper Respiratory Tract Infection;Septicemia;Skin Infection;Cough;Gastroenteritis;Tonsillitis;Pyelonephritis;Cystitis;Fever;Infectious Disorder;Stomatitis;Salmonellosis	NCIT:C34885;NCIT:C3333;NCIT:C2911;NCIT:C35650;NCIT:C3364;NCIT:C35025;NCIT:C37935;NCIT:C34632;NCIT:C116006;NCIT:C34965;NCIT:C26738;NCIT:C3038;NCIT:C128320;NCIT:C26887;NCIT:C157974	Study Control	NCIT:C142703	Russian Federation	NCIT:C17111	feces	UBERON:0001988	Infant	NCIT:C27956	448	Day	1.2	15	206	No	Paolo_Manghi,Svetlana_Ugarcina_Perovic	Healthy	NA	NA	NCIT:C115935	Qiagen	HLA protein complex with DQ5 serotype	MRO:0001626	SRR4305439	27133167	IlluminaHiSeq	Female	NCIT:C16576	NA	NA	Yes	Homo sapiens
VatanenT_2016	P014713	G78558	Otitis Media;Pneumonia;bronchitis;Upper Respiratory Tract Infection;Septicemia;Skin Infection;Cough;Gastroenteritis;Tonsillitis;Pyelonephritis;Cystitis;Fever;Infectious Disorder;Stomatitis;Salmonellosis	NCIT:C34885;NCIT:C3333;NCIT:C2911;NCIT:C35650;NCIT:C3364;NCIT:C35025;NCIT:C37935;NCIT:C34632;NCIT:C116006;NCIT:C34965;NCIT:C26738;NCIT:C3038;NCIT:C128320;NCIT:C26887;NCIT:C157974	Study Control	NCIT:C142703	Russian Federation	NCIT:C17111	feces	UBERON:0001988	Infant	NCIT:C27956	192	Day	0.5	6	0	No	Paolo_Manghi,Svetlana_Ugarcina_Perovic	Healthy	NA	NA	NCIT:C115935	Qiagen	HLA-DRB1*04:01 protein complex	MRO:0001290	SRR4305087	27133167	IlluminaHiSeq	Female	NCIT:C16576	NA	NA	Yes	Homo sapiens
VatanenT_2016	P014713	G78791	Otitis Media;Pneumonia;bronchitis;Upper Respiratory Tract Infection;Septicemia;Skin Infection;Cough;Gastroenteritis;Tonsillitis;Pyelonephritis;Cystitis;Fever;Infectious Disorder;Stomatitis;Salmonellosis	NCIT:C34885;NCIT:C3333;NCIT:C2911;NCIT:C35650;NCIT:C3364;NCIT:C35025;NCIT:C37935;NCIT:C34632;NCIT:C116006;NCIT:C34965;NCIT:C26738;NCIT:C3038;NCIT:C128320;NCIT:C26887;NCIT:C157974	Study Control	NCIT:C142703	Russian Federation	NCIT:C17111	feces	UBERON:0001988	Infant	NCIT:C27956	372	Day	1	12	180	No	Paolo_Manghi,Svetlana_Ugarcina_Perovic	Healthy	NA	NA	NCIT:C115935	Qiagen	HLA-DRB1*04:01 protein complex	MRO:0001290	SRR4305293	27133167	IlluminaHiSeq	Female	NCIT:C16576	NA	NA	Yes	Homo sapiens
VatanenT_2016	P014713	G78845	Otitis Media;Pneumonia;bronchitis;Upper Respiratory Tract Infection;Septicemia;Skin Infection;Cough;Gastroenteritis;Tonsillitis;Pyelonephritis;Cystitis;Fever;Infectious Disorder;Stomatitis;Salmonellosis	NCIT:C34885;NCIT:C3333;NCIT:C2911;NCIT:C35650;NCIT:C3364;NCIT:C35025;NCIT:C37935;NCIT:C34632;NCIT:C116006;NCIT:C34965;NCIT:C26738;NCIT:C3038;NCIT:C128320;NCIT:C26887;NCIT:C157974	Study Control	NCIT:C142703	Russian Federation	NCIT:C17111	feces	UBERON:0001988	Infant	NCIT:C27956	235	Day	0.6	8	43	No	Paolo_Manghi,Svetlana_Ugarcina_Perovic	Healthy	NA	NA	NCIT:C115935	Qiagen	HLA-DRB1*04:01 protein complex	MRO:0001290	SRR4305346	27133167	IlluminaHiSeq	Female	NCIT:C16576	NA	NA	Yes	Homo sapiens
VatanenT_2016	P014839	G78544	Otitis Media;Pneumonia;bronchitis;Upper Respiratory Tract Infection;Septicemia;Skin Infection;Cough;Gastroenteritis;Tonsillitis;Pyelonephritis;Cystitis;Fever;Infectious Disorder;Stomatitis;Salmonellosis	NCIT:C34885;NCIT:C3333;NCIT:C2911;NCIT:C35650;NCIT:C3364;NCIT:C35025;NCIT:C37935;NCIT:C34632;NCIT:C116006;NCIT:C34965;NCIT:C26738;NCIT:C3038;NCIT:C128320;NCIT:C26887;NCIT:C157974	Study Control	NCIT:C142703	Russian Federation	NCIT:C17111	feces	UBERON:0001988	Infant	NCIT:C27956	286	Day	0.8	9	164	No	Paolo_Manghi,Svetlana_Ugarcina_Perovic	Healthy	NA	NA	NCIT:C115935	Qiagen	HLA protein complex with DQ5 serotype	MRO:0001626	SRR4305074	27133167	IlluminaHiSeq	Female	NCIT:C16576	NA	NA	Yes	Homo sapiens
VatanenT_2016	P014839	G78730	Otitis Media;Pneumonia;bronchitis;Upper Respiratory Tract Infection;Septicemia;Skin Infection;Cough;Gastroenteritis;Tonsillitis;Pyelonephritis;Cystitis;Fever;Infectious Disorder;Stomatitis;Salmonellosis	NCIT:C34885;NCIT:C3333;NCIT:C2911;NCIT:C35650;NCIT:C3364;NCIT:C35025;NCIT:C37935;NCIT:C34632;NCIT:C116006;NCIT:C34965;NCIT:C26738;NCIT:C3038;NCIT:C128320;NCIT:C26887;NCIT:C157974	Study Control	NCIT:C142703	Russian Federation	NCIT:C17111	feces	UBERON:0001988	Infant	NCIT:C27956	618	Day	1.7	20	496	No	Paolo_Manghi,Svetlana_Ugarcina_Perovic	Healthy	NA	NA	NCIT:C115935	Qiagen	HLA protein complex with DQ5 serotype	MRO:0001626	SRR4305246	27133167	IlluminaHiSeq	Female	NCIT:C16576	NA	NA	Yes	Homo sapiens
VatanenT_2016	P014839	G78801	Otitis Media;Pneumonia;bronchitis;Upper Respiratory Tract Infection;Septicemia;Skin Infection;Cough;Gastroenteritis;Tonsillitis;Pyelonephritis;Cystitis;Fever;Infectious Disorder;Stomatitis;Salmonellosis	NCIT:C34885;NCIT:C3333;NCIT:C2911;NCIT:C35650;NCIT:C3364;NCIT:C35025;NCIT:C37935;NCIT:C34632;NCIT:C116006;NCIT:C34965;NCIT:C26738;NCIT:C3038;NCIT:C128320;NCIT:C26887;NCIT:C157974	Study Control	NCIT:C142703	Russian Federation	NCIT:C17111	feces	UBERON:0001988	Infant	NCIT:C27956	405	Day	1.1	13	283	No	Paolo_Manghi,Svetlana_Ugarcina_Perovic	Healthy	NA	NA	NCIT:C115935	Qiagen	HLA protein complex with DQ5 serotype	MRO:0001626	SRR4305303	27133167	IlluminaHiSeq	Female	NCIT:C16576	NA	NA	Yes	Homo sapiens
VatanenT_2016	P014839	G78849	Otitis Media;Pneumonia;bronchitis;Upper Respiratory Tract Infection;Septicemia;Skin Infection;Cough;Gastroenteritis;Tonsillitis;Pyelonephritis;Cystitis;Fever;Infectious Disorder;Stomatitis;Salmonellosis	NCIT:C34885;NCIT:C3333;NCIT:C2911;NCIT:C35650;NCIT:C3364;NCIT:C35025;NCIT:C37935;NCIT:C34632;NCIT:C116006;NCIT:C34965;NCIT:C26738;NCIT:C3038;NCIT:C128320;NCIT:C26887;NCIT:C157974	Study Control	NCIT:C142703	Russian Federation	NCIT:C17111	feces	UBERON:0001988	Infant	NCIT:C27956	206	Day	0.6	7	84	No	Paolo_Manghi,Svetlana_Ugarcina_Perovic	Healthy	NA	NA	NCIT:C115935	Qiagen	HLA protein complex with DQ5 serotype	MRO:0001626	SRR4305348	27133167	IlluminaHiSeq	Female	NCIT:C16576	NA	NA	Yes	Homo sapiens
VatanenT_2016	P014839	G78902	Otitis Media;Pneumonia;bronchitis;Upper Respiratory Tract Infection;Septicemia;Skin Infection;Cough;Gastroenteritis;Tonsillitis;Pyelonephritis;Cystitis;Fever;Infectious Disorder;Stomatitis;Salmonellosis	NCIT:C34885;NCIT:C3333;NCIT:C2911;NCIT:C35650;NCIT:C3364;NCIT:C35025;NCIT:C37935;NCIT:C34632;NCIT:C116006;NCIT:C34965;NCIT:C26738;NCIT:C3038;NCIT:C128320;NCIT:C26887;NCIT:C157974	Study Control	NCIT:C142703	Russian Federation	NCIT:C17111	feces	UBERON:0001988	Infant	NCIT:C27956	122	Day	0.3	4	0	No	Paolo_Manghi,Svetlana_Ugarcina_Perovic	Healthy	NA	NA	NCIT:C115935	Qiagen	HLA protein complex with DQ5 serotype	MRO:0001626	SRR4305406	27133167	IlluminaHiSeq	Female	NCIT:C16576	NA	NA	Yes	Homo sapiens
VatanenT_2016	P014839	G78907	Otitis Media;Pneumonia;bronchitis;Upper Respiratory Tract Infection;Septicemia;Skin Infection;Cough;Gastroenteritis;Tonsillitis;Pyelonephritis;Cystitis;Fever;Infectious Disorder;Stomatitis;Salmonellosis	NCIT:C34885;NCIT:C3333;NCIT:C2911;NCIT:C35650;NCIT:C3364;NCIT:C35025;NCIT:C37935;NCIT:C34632;NCIT:C116006;NCIT:C34965;NCIT:C26738;NCIT:C3038;NCIT:C128320;NCIT:C26887;NCIT:C157974	Study Control	NCIT:C142703	Russian Federation	NCIT:C17111	feces	UBERON:0001988	Child	NCIT:C49683	811	Day	2.2	27	689	No	Paolo_Manghi,Svetlana_Ugarcina_Perovic	Healthy	NA	NA	NCIT:C115935	Qiagen	HLA protein complex with DQ5 serotype	MRO:0001626	SRR4305411	27133167	IlluminaHiSeq	Female	NCIT:C16576	NA	NA	Yes	Homo sapiens
VatanenT_2016	P014839	G78908	Otitis Media;Pneumonia;bronchitis;Upper Respiratory Tract Infection;Septicemia;Skin Infection;Cough;Gastroenteritis;Tonsillitis;Pyelonephritis;Cystitis;Fever;Infectious Disorder;Stomatitis;Salmonellosis	NCIT:C34885;NCIT:C3333;NCIT:C2911;NCIT:C35650;NCIT:C3364;NCIT:C35025;NCIT:C37935;NCIT:C34632;NCIT:C116006;NCIT:C34965;NCIT:C26738;NCIT:C3038;NCIT:C128320;NCIT:C26887;NCIT:C157974	Study Control	NCIT:C142703	Russian Federation	NCIT:C17111	feces	UBERON:0001988	Child	NCIT:C49683	775	Day	2.1	25	653	No	Paolo_Manghi,Svetlana_Ugarcina_Perovic	Healthy	NA	NA	NCIT:C115935	Qiagen	HLA protein complex with DQ5 serotype	MRO:0001626	SRR4305412	27133167	IlluminaHiSeq	Female	NCIT:C16576	NA	NA	Yes	Homo sapiens
VatanenT_2016	P014839	G69195	Otitis Media;Pneumonia;bronchitis;Upper Respiratory Tract Infection;Septicemia;Skin Infection;Cough;Gastroenteritis;Tonsillitis;Pyelonephritis;Cystitis;Fever;Infectious Disorder;Stomatitis;Salmonellosis	NCIT:C34885;NCIT:C3333;NCIT:C2911;NCIT:C35650;NCIT:C3364;NCIT:C35025;NCIT:C37935;NCIT:C34632;NCIT:C116006;NCIT:C34965;NCIT:C26738;NCIT:C3038;NCIT:C128320;NCIT:C26887;NCIT:C157974	Study Control	NCIT:C142703	Russian Federation	NCIT:C17111	feces	UBERON:0001988	Infant	NCIT:C27956	693	Day	1.9	23	571	No	Paolo_Manghi,Svetlana_Ugarcina_Perovic	Healthy	NA	NA	NCIT:C115935	Qiagen	HLA protein complex with DQ5 serotype	MRO:0001626	SRR4305424	27133167	IlluminaHiSeq	Female	NCIT:C16576	NA	NA	Yes	Homo sapiens
VatanenT_2016	P014839	G80306	Otitis Media;Pneumonia;bronchitis;Upper Respiratory Tract Infection;Septicemia;Skin Infection;Cough;Gastroenteritis;Tonsillitis;Pyelonephritis;Cystitis;Fever;Infectious Disorder;Stomatitis;Salmonellosis	NCIT:C34885;NCIT:C3333;NCIT:C2911;NCIT:C35650;NCIT:C3364;NCIT:C35025;NCIT:C37935;NCIT:C34632;NCIT:C116006;NCIT:C34965;NCIT:C26738;NCIT:C3038;NCIT:C128320;NCIT:C26887;NCIT:C157974	Study Control	NCIT:C142703	Russian Federation	NCIT:C17111	feces	UBERON:0001988	Child	NCIT:C49683	879	Day	2.4	29	757	No	Paolo_Manghi,Svetlana_Ugarcina_Perovic	Healthy	NA	NA	NCIT:C115935	Qiagen	HLA protein complex with DQ5 serotype	MRO:0001626	SRR4305466	27133167	IlluminaHiSeq	Female	NCIT:C16576	NA	NA	Yes	Homo sapiens
VatanenT_2016	P014839	G69232	Otitis Media;Pneumonia;bronchitis;Upper Respiratory Tract Infection;Septicemia;Skin Infection;Cough;Gastroenteritis;Tonsillitis;Pyelonephritis;Cystitis;Fever;Infectious Disorder;Stomatitis;Salmonellosis	NCIT:C34885;NCIT:C3333;NCIT:C2911;NCIT:C35650;NCIT:C3364;NCIT:C35025;NCIT:C37935;NCIT:C34632;NCIT:C116006;NCIT:C34965;NCIT:C26738;NCIT:C3038;NCIT:C128320;NCIT:C26887;NCIT:C157974	Study Control	NCIT:C142703	Russian Federation	NCIT:C17111	feces	UBERON:0001988	Infant	NCIT:C27956	519	Day	1.4	17	397	No	Paolo_Manghi,Svetlana_Ugarcina_Perovic	Healthy	NA	NA	NCIT:C115935	Qiagen	HLA protein complex with DQ5 serotype	MRO:0001626	SRR4305512	27133167	IlluminaHiSeq	Female	NCIT:C16576	NA	NA	Yes	Homo sapiens
VatanenT_2016	P014839	G69156	Otitis Media;Pneumonia;bronchitis;Upper Respiratory Tract Infection;Septicemia;Skin Infection;Cough;Gastroenteritis;Tonsillitis;Pyelonephritis;Cystitis;Fever;Infectious Disorder;Stomatitis;Salmonellosis	NCIT:C34885;NCIT:C3333;NCIT:C2911;NCIT:C35650;NCIT:C3364;NCIT:C35025;NCIT:C37935;NCIT:C34632;NCIT:C116006;NCIT:C34965;NCIT:C26738;NCIT:C3038;NCIT:C128320;NCIT:C26887;NCIT:C157974	Study Control	NCIT:C142703	Russian Federation	NCIT:C17111	feces	UBERON:0001988	Infant	NCIT:C27956	326	Day	0.9	11	204	No	Paolo_Manghi,Svetlana_Ugarcina_Perovic	Healthy	NA	NA	NCIT:C115935	Qiagen	HLA protein complex with DQ5 serotype	MRO:0001626	SRR4305522	27133167	IlluminaHiSeq	Female	NCIT:C16576	NA	NA	Yes	Homo sapiens
VatanenT_2016	P014839	G80362	Otitis Media;Pneumonia;bronchitis;Upper Respiratory Tract Infection;Septicemia;Skin Infection;Cough;Gastroenteritis;Tonsillitis;Pyelonephritis;Cystitis;Fever;Infectious Disorder;Stomatitis;Salmonellosis	NCIT:C34885;NCIT:C3333;NCIT:C2911;NCIT:C35650;NCIT:C3364;NCIT:C35025;NCIT:C37935;NCIT:C34632;NCIT:C116006;NCIT:C34965;NCIT:C26738;NCIT:C3038;NCIT:C128320;NCIT:C26887;NCIT:C157974	Study Control	NCIT:C142703	Russian Federation	NCIT:C17111	feces	UBERON:0001988	Infant	NCIT:C27956	553	Day	1.5	18	431	No	Paolo_Manghi,Svetlana_Ugarcina_Perovic	Healthy	NA	NA	NCIT:C115935	Qiagen	HLA protein complex with DQ5 serotype	MRO:0001626	SRR4408230	27133167	IlluminaHiSeq	Female	NCIT:C16576	NA	NA	Yes	Homo sapiens
VatanenT_2016	P014839	G80407	Otitis Media;Pneumonia;bronchitis;Upper Respiratory Tract Infection;Septicemia;Skin Infection;Cough;Gastroenteritis;Tonsillitis;Pyelonephritis;Cystitis;Fever;Infectious Disorder;Stomatitis;Salmonellosis	NCIT:C34885;NCIT:C3333;NCIT:C2911;NCIT:C35650;NCIT:C3364;NCIT:C35025;NCIT:C37935;NCIT:C34632;NCIT:C116006;NCIT:C34965;NCIT:C26738;NCIT:C3038;NCIT:C128320;NCIT:C26887;NCIT:C157974	Study Control	NCIT:C142703	Russian Federation	NCIT:C17111	feces	UBERON:0001988	Infant	NCIT:C27956	481	Day	1.3	16	359	No	Paolo_Manghi,Svetlana_Ugarcina_Perovic	Healthy	NA	NA	NCIT:C115935	Qiagen	HLA protein complex with DQ5 serotype	MRO:0001626	SRR4408279	27133167	IlluminaHiSeq	Female	NCIT:C16576	NA	NA	Yes	Homo sapiens
VatanenT_2016	P015091	G69158	Otitis Media;Pneumonia;bronchitis;Upper Respiratory Tract Infection;Septicemia;Skin Infection;Cough;Gastroenteritis;Tonsillitis;Pyelonephritis;Cystitis;Fever;Infectious Disorder;Stomatitis;Salmonellosis	NCIT:C34885;NCIT:C3333;NCIT:C2911;NCIT:C35650;NCIT:C3364;NCIT:C35025;NCIT:C37935;NCIT:C34632;NCIT:C116006;NCIT:C34965;NCIT:C26738;NCIT:C3038;NCIT:C128320;NCIT:C26887;NCIT:C157974	Study Control	NCIT:C142703	Russian Federation	NCIT:C17111	feces	UBERON:0001988	Infant	NCIT:C27956	278	Day	0.8	9	30	No	Paolo_Manghi,Svetlana_Ugarcina_Perovic	Healthy	NA	NA	NCIT:C115935	Qiagen	HLA protein complex with DQ5 serotype;HLA protein complex with DQ5 serotype	MRO:0001626;MRO:0001626	SRR4305044	27133167	IlluminaHiSeq	Female	NCIT:C16576	NA	NA	Yes	Homo sapiens
VatanenT_2016	P015091	G78546	Otitis Media;Pneumonia;bronchitis;Upper Respiratory Tract Infection;Septicemia;Skin Infection;Cough;Gastroenteritis;Tonsillitis;Pyelonephritis;Cystitis;Fever;Infectious Disorder;Stomatitis;Salmonellosis	NCIT:C34885;NCIT:C3333;NCIT:C2911;NCIT:C35650;NCIT:C3364;NCIT:C35025;NCIT:C37935;NCIT:C34632;NCIT:C116006;NCIT:C34965;NCIT:C26738;NCIT:C3038;NCIT:C128320;NCIT:C26887;NCIT:C157974	Study Control	NCIT:C142703	Russian Federation	NCIT:C17111	feces	UBERON:0001988	Infant	NCIT:C27956	248	Day	0.7	8	0	No	Paolo_Manghi,Svetlana_Ugarcina_Perovic	Healthy	NA	NA	NCIT:C115935	Qiagen	HLA protein complex with DQ5 serotype;HLA protein complex with DQ5 serotype	MRO:0001626;MRO:0001626	SRR4305076	27133167	IlluminaHiSeq	Female	NCIT:C16576	NA	NA	Yes	Homo sapiens
VatanenT_2016	P015091	G78734	Otitis Media;Pneumonia;bronchitis;Upper Respiratory Tract Infection;Septicemia;Skin Infection;Cough;Gastroenteritis;Tonsillitis;Pyelonephritis;Cystitis;Fever;Infectious Disorder;Stomatitis;Salmonellosis	NCIT:C34885;NCIT:C3333;NCIT:C2911;NCIT:C35650;NCIT:C3364;NCIT:C35025;NCIT:C37935;NCIT:C34632;NCIT:C116006;NCIT:C34965;NCIT:C26738;NCIT:C3038;NCIT:C128320;NCIT:C26887;NCIT:C157974	Study Control	NCIT:C142703	Russian Federation	NCIT:C17111	feces	UBERON:0001988	Infant	NCIT:C27956	561	Day	1.5	18	313	No	Paolo_Manghi,Svetlana_Ugarcina_Perovic	Healthy	NA	NA	NCIT:C115935	Qiagen	HLA protein complex with DQ5 serotype;HLA protein complex with DQ5 serotype	MRO:0001626;MRO:0001626	SRR4305249	27133167	IlluminaHiSeq	Female	NCIT:C16576	NA	NA	Yes	Homo sapiens
VatanenT_2016	P015091	G69196	Otitis Media;Pneumonia;bronchitis;Upper Respiratory Tract Infection;Septicemia;Skin Infection;Cough;Gastroenteritis;Tonsillitis;Pyelonephritis;Cystitis;Fever;Infectious Disorder;Stomatitis;Salmonellosis	NCIT:C34885;NCIT:C3333;NCIT:C2911;NCIT:C35650;NCIT:C3364;NCIT:C35025;NCIT:C37935;NCIT:C34632;NCIT:C116006;NCIT:C34965;NCIT:C26738;NCIT:C3038;NCIT:C128320;NCIT:C26887;NCIT:C157974	Study Control	NCIT:C142703	Russian Federation	NCIT:C17111	feces	UBERON:0001988	Infant	NCIT:C27956	638	Day	1.7	21	390	No	Paolo_Manghi,Svetlana_Ugarcina_Perovic	Healthy	NA	NA	NCIT:C115935	Qiagen	HLA protein complex with DQ5 serotype;HLA protein complex with DQ5 serotype	MRO:0001626;MRO:0001626	SRR4305435	27133167	IlluminaHiSeq	Female	NCIT:C16576	NA	NA	Yes	Homo sapiens
VatanenT_2016	P015091	G80310	Otitis Media;Pneumonia;bronchitis;Upper Respiratory Tract Infection;Septicemia;Skin Infection;Cough;Gastroenteritis;Tonsillitis;Pyelonephritis;Cystitis;Fever;Infectious Disorder;Stomatitis;Salmonellosis	NCIT:C34885;NCIT:C3333;NCIT:C2911;NCIT:C35650;NCIT:C3364;NCIT:C35025;NCIT:C37935;NCIT:C34632;NCIT:C116006;NCIT:C34965;NCIT:C26738;NCIT:C3038;NCIT:C128320;NCIT:C26887;NCIT:C157974	Study Control	NCIT:C142703	Russian Federation	NCIT:C17111	feces	UBERON:0001988	Infant	NCIT:C27956	381	Day	1	13	133	Yes	Paolo_Manghi,Svetlana_Ugarcina_Perovic	Healthy	NA	NA	NCIT:C115935	Qiagen	HLA protein complex with DQ5 serotype;HLA protein complex with DQ5 serotype	MRO:0001626;MRO:0001626	SRR4305471	27133167	IlluminaHiSeq	Female	NCIT:C16576	Nitrofurantoin	NCIT:C29293	Yes	Homo sapiens
VatanenT_2016	P015163	G78647	Otitis Media;Pneumonia;bronchitis;Upper Respiratory Tract Infection;Septicemia;Skin Infection;Cough;Gastroenteritis;Tonsillitis;Pyelonephritis;Cystitis;Fever;Infectious Disorder;Stomatitis;Salmonellosis	NCIT:C34885;NCIT:C3333;NCIT:C2911;NCIT:C35650;NCIT:C3364;NCIT:C35025;NCIT:C37935;NCIT:C34632;NCIT:C116006;NCIT:C34965;NCIT:C26738;NCIT:C3038;NCIT:C128320;NCIT:C26887;NCIT:C157974	Study Control	NCIT:C142703	Russian Federation	NCIT:C17111	feces	UBERON:0001988	Infant	NCIT:C27956	205	Day	0.6	7	61	No	Paolo_Manghi,Svetlana_Ugarcina_Perovic	Healthy	NA	NA	NCIT:C115935	Qiagen	HLA-DRB1*04:04 protein complex	MRO:0001293	SRR4305176	27133167	IlluminaHiSeq	Male	NCIT:C20197	NA	NA	Yes	Homo sapiens
VatanenT_2016	P015163	G78670	Otitis Media;Pneumonia;bronchitis;Upper Respiratory Tract Infection;Septicemia;Skin Infection;Cough;Gastroenteritis;Tonsillitis;Pyelonephritis;Cystitis;Fever;Infectious Disorder;Stomatitis;Salmonellosis	NCIT:C34885;NCIT:C3333;NCIT:C2911;NCIT:C35650;NCIT:C3364;NCIT:C35025;NCIT:C37935;NCIT:C34632;NCIT:C116006;NCIT:C34965;NCIT:C26738;NCIT:C3038;NCIT:C128320;NCIT:C26887;NCIT:C157974	Study Control	NCIT:C142703	Russian Federation	NCIT:C17111	feces	UBERON:0001988	Infant	NCIT:C27956	419	Day	1.1	14	275	No	Paolo_Manghi,Svetlana_Ugarcina_Perovic	Healthy	NA	NA	NCIT:C115935	Qiagen	HLA-DRB1*04:04 protein complex	MRO:0001293	SRR4305200	27133167	IlluminaHiSeq	Male	NCIT:C20197	NA	NA	Yes	Homo sapiens
VatanenT_2016	P015163	G78672	Otitis Media;Pneumonia;bronchitis;Upper Respiratory Tract Infection;Septicemia;Skin Infection;Cough;Gastroenteritis;Tonsillitis;Pyelonephritis;Cystitis;Fever;Infectious Disorder;Stomatitis;Salmonellosis	NCIT:C34885;NCIT:C3333;NCIT:C2911;NCIT:C35650;NCIT:C3364;NCIT:C35025;NCIT:C37935;NCIT:C34632;NCIT:C116006;NCIT:C34965;NCIT:C26738;NCIT:C3038;NCIT:C128320;NCIT:C26887;NCIT:C157974	Study Control	NCIT:C142703	Russian Federation	NCIT:C17111	feces	UBERON:0001988	Infant	NCIT:C27956	542	Day	1.5	18	398	No	Paolo_Manghi,Svetlana_Ugarcina_Perovic	Healthy	NA	NA	NCIT:C115935	Qiagen	HLA-DRB1*04:04 protein complex	MRO:0001293	SRR4305201	27133167	IlluminaHiSeq	Male	NCIT:C20197	NA	NA	Yes	Homo sapiens
VatanenT_2016	P015163	G69181	Otitis Media;Pneumonia;bronchitis;Upper Respiratory Tract Infection;Septicemia;Skin Infection;Cough;Gastroenteritis;Tonsillitis;Pyelonephritis;Cystitis;Fever;Infectious Disorder;Stomatitis;Salmonellosis	NCIT:C34885;NCIT:C3333;NCIT:C2911;NCIT:C35650;NCIT:C3364;NCIT:C35025;NCIT:C37935;NCIT:C34632;NCIT:C116006;NCIT:C34965;NCIT:C26738;NCIT:C3038;NCIT:C128320;NCIT:C26887;NCIT:C157974	Study Control	NCIT:C142703	Russian Federation	NCIT:C17111	feces	UBERON:0001988	Infant	NCIT:C27956	175	Day	0.5	6	31	No	Paolo_Manghi,Svetlana_Ugarcina_Perovic	Healthy	NA	NA	NCIT:C115935	Qiagen	HLA-DRB1*04:04 protein complex	MRO:0001293	SRR4305267	27133167	IlluminaHiSeq	Male	NCIT:C20197	NA	NA	Yes	Homo sapiens
VatanenT_2016	P015163	G69186	Otitis Media;Pneumonia;bronchitis;Upper Respiratory Tract Infection;Septicemia;Skin Infection;Cough;Gastroenteritis;Tonsillitis;Pyelonephritis;Cystitis;Fever;Infectious Disorder;Stomatitis;Salmonellosis	NCIT:C34885;NCIT:C3333;NCIT:C2911;NCIT:C35650;NCIT:C3364;NCIT:C35025;NCIT:C37935;NCIT:C34632;NCIT:C116006;NCIT:C34965;NCIT:C26738;NCIT:C3038;NCIT:C128320;NCIT:C26887;NCIT:C157974	Study Control	NCIT:C142703	Russian Federation	NCIT:C17111	feces	UBERON:0001988	Infant	NCIT:C27956	513	Day	1.4	17	369	No	Paolo_Manghi,Svetlana_Ugarcina_Perovic	Healthy	NA	NA	NCIT:C115935	Qiagen	HLA-DRB1*04:04 protein complex	MRO:0001293	SRR4305323	27133167	IlluminaHiSeq	Male	NCIT:C20197	NA	NA	Yes	Homo sapiens
VatanenT_2016	P015163	G78905	Otitis Media;Pneumonia;bronchitis;Upper Respiratory Tract Infection;Septicemia;Skin Infection;Cough;Gastroenteritis;Tonsillitis;Pyelonephritis;Cystitis;Fever;Infectious Disorder;Stomatitis;Salmonellosis	NCIT:C34885;NCIT:C3333;NCIT:C2911;NCIT:C35650;NCIT:C3364;NCIT:C35025;NCIT:C37935;NCIT:C34632;NCIT:C116006;NCIT:C34965;NCIT:C26738;NCIT:C3038;NCIT:C128320;NCIT:C26887;NCIT:C157974	Study Control	NCIT:C142703	Russian Federation	NCIT:C17111	feces	UBERON:0001988	Infant	NCIT:C27956	144	Day	0.4	5	0	No	Paolo_Manghi,Svetlana_Ugarcina_Perovic	Healthy	NA	NA	NCIT:C115935	Qiagen	HLA-DRB1*04:04 protein complex	MRO:0001293	SRR4305409	27133167	IlluminaHiSeq	Male	NCIT:C20197	NA	NA	Yes	Homo sapiens
VatanenT_2016	P015163	G80279	Otitis Media;Pneumonia;bronchitis;Upper Respiratory Tract Infection;Septicemia;Skin Infection;Cough;Gastroenteritis;Tonsillitis;Pyelonephritis;Cystitis;Fever;Infectious Disorder;Stomatitis;Salmonellosis	NCIT:C34885;NCIT:C3333;NCIT:C2911;NCIT:C35650;NCIT:C3364;NCIT:C35025;NCIT:C37935;NCIT:C34632;NCIT:C116006;NCIT:C34965;NCIT:C26738;NCIT:C3038;NCIT:C128320;NCIT:C26887;NCIT:C157974	Study Control	NCIT:C142703	Russian Federation	NCIT:C17111	feces	UBERON:0001988	Infant	NCIT:C27956	598	Day	1.6	20	454	No	Paolo_Manghi,Svetlana_Ugarcina_Perovic	Healthy	NA	NA	NCIT:C115935	Qiagen	HLA-DRB1*04:04 protein complex	MRO:0001293	SRR4305438	27133167	IlluminaHiSeq	Male	NCIT:C20197	NA	NA	Yes	Homo sapiens
VatanenT_2016	P015163	G80295	Otitis Media;Pneumonia;bronchitis;Upper Respiratory Tract Infection;Septicemia;Skin Infection;Cough;Gastroenteritis;Tonsillitis;Pyelonephritis;Cystitis;Fever;Infectious Disorder;Stomatitis;Salmonellosis	NCIT:C34885;NCIT:C3333;NCIT:C2911;NCIT:C35650;NCIT:C3364;NCIT:C35025;NCIT:C37935;NCIT:C34632;NCIT:C116006;NCIT:C34965;NCIT:C26738;NCIT:C3038;NCIT:C128320;NCIT:C26887;NCIT:C157974	Study Control	NCIT:C142703	Russian Federation	NCIT:C17111	feces	UBERON:0001988	Infant	NCIT:C27956	723	Day	2	24	579	No	Paolo_Manghi,Svetlana_Ugarcina_Perovic	Healthy	NA	NA	NCIT:C115935	Qiagen	HLA-DRB1*04:04 protein complex	MRO:0001293	SRR4305454	27133167	IlluminaHiSeq	Male	NCIT:C20197	NA	NA	Yes	Homo sapiens
VatanenT_2016	P015163	G69224	Otitis Media;Pneumonia;bronchitis;Upper Respiratory Tract Infection;Septicemia;Skin Infection;Cough;Gastroenteritis;Tonsillitis;Pyelonephritis;Cystitis;Fever;Infectious Disorder;Stomatitis;Salmonellosis	NCIT:C34885;NCIT:C3333;NCIT:C2911;NCIT:C35650;NCIT:C3364;NCIT:C35025;NCIT:C37935;NCIT:C34632;NCIT:C116006;NCIT:C34965;NCIT:C26738;NCIT:C3038;NCIT:C128320;NCIT:C26887;NCIT:C157974	Study Control	NCIT:C142703	Russian Federation	NCIT:C17111	feces	UBERON:0001988	Infant	NCIT:C27956	328	Day	0.9	11	184	No	Paolo_Manghi,Svetlana_Ugarcina_Perovic	Healthy	NA	NA	NCIT:C115935	Qiagen	HLA-DRB1*04:04 protein complex	MRO:0001293	SRR4305503	27133167	IlluminaHiSeq	Male	NCIT:C20197	NA	NA	Yes	Homo sapiens
VatanenT_2016	P015163	G80502	Otitis Media;Pneumonia;bronchitis;Upper Respiratory Tract Infection;Septicemia;Skin Infection;Cough;Gastroenteritis;Tonsillitis;Pyelonephritis;Cystitis;Fever;Infectious Disorder;Stomatitis;Salmonellosis	NCIT:C34885;NCIT:C3333;NCIT:C2911;NCIT:C35650;NCIT:C3364;NCIT:C35025;NCIT:C37935;NCIT:C34632;NCIT:C116006;NCIT:C34965;NCIT:C26738;NCIT:C3038;NCIT:C128320;NCIT:C26887;NCIT:C157974	Study Control	NCIT:C142703	Russian Federation	NCIT:C17111	feces	UBERON:0001988	Infant	NCIT:C27956	296	Day	0.8	10	152	No	Paolo_Manghi,Svetlana_Ugarcina_Perovic	Healthy	NA	NA	NCIT:C115935	Qiagen	HLA-DRB1*04:04 protein complex	MRO:0001293	SRR4408088	27133167	IlluminaHiSeq	Male	NCIT:C20197	NA	NA	Yes	Homo sapiens
VatanenT_2016	P015163	G80345	Otitis Media;Pneumonia;bronchitis;Upper Respiratory Tract Infection;Septicemia;Skin Infection;Cough;Gastroenteritis;Tonsillitis;Pyelonephritis;Cystitis;Fever;Infectious Disorder;Stomatitis;Salmonellosis	NCIT:C34885;NCIT:C3333;NCIT:C2911;NCIT:C35650;NCIT:C3364;NCIT:C35025;NCIT:C37935;NCIT:C34632;NCIT:C116006;NCIT:C34965;NCIT:C26738;NCIT:C3038;NCIT:C128320;NCIT:C26887;NCIT:C157974	Study Control	NCIT:C142703	Russian Federation	NCIT:C17111	feces	UBERON:0001988	Infant	NCIT:C27956	660	Day	1.8	22	516	No	Paolo_Manghi,Svetlana_Ugarcina_Perovic	Healthy	NA	NA	NCIT:C115935	Qiagen	HLA-DRB1*04:04 protein complex	MRO:0001293	SRR4408176	27133167	IlluminaHiSeq	Male	NCIT:C20197	NA	NA	Yes	Homo sapiens
VatanenT_2016	P015656	G69189	Otitis Media;Pneumonia;bronchitis;Upper Respiratory Tract Infection;Septicemia;Skin Infection;Cough;Gastroenteritis;Tonsillitis;Pyelonephritis;Cystitis;Fever;Infectious Disorder;Stomatitis;Salmonellosis	NCIT:C34885;NCIT:C3333;NCIT:C2911;NCIT:C35650;NCIT:C3364;NCIT:C35025;NCIT:C37935;NCIT:C34632;NCIT:C116006;NCIT:C34965;NCIT:C26738;NCIT:C3038;NCIT:C128320;NCIT:C26887;NCIT:C157974	Study Control	NCIT:C142703	Russian Federation	NCIT:C17111	feces	UBERON:0001988	Infant	NCIT:C27956	144	Day	0.4	5	0	No	Paolo_Manghi,Svetlana_Ugarcina_Perovic	Healthy	NA	NA	NCIT:C115935	Qiagen	HLA protein complex with DQ5 serotype	MRO:0001626	SRR4305356	27133167	IlluminaHiSeq	Female	NCIT:C16576	NA	NA	Yes	Homo sapiens
VatanenT_2016	P016497	G78537	Otitis Media;Pneumonia;bronchitis;Upper Respiratory Tract Infection;Septicemia;Skin Infection;Cough;Gastroenteritis;Tonsillitis;Pyelonephritis;Cystitis;Fever;Infectious Disorder;Stomatitis;Salmonellosis	NCIT:C34885;NCIT:C3333;NCIT:C2911;NCIT:C35650;NCIT:C3364;NCIT:C35025;NCIT:C37935;NCIT:C34632;NCIT:C116006;NCIT:C34965;NCIT:C26738;NCIT:C3038;NCIT:C128320;NCIT:C26887;NCIT:C157974	Study Control	NCIT:C142703	Russian Federation	NCIT:C17111	feces	UBERON:0001988	Infant	NCIT:C27956	541	Day	1.5	18	38	No	Paolo_Manghi,Svetlana_Ugarcina_Perovic	Healthy	NA	NA	NCIT:C115935	Qiagen	HLA protein complex with DQ5 serotype	MRO:0001626	SRR4305067	27133167	IlluminaHiSeq	Female	NCIT:C16576	NA	NA	Yes	Homo sapiens
VatanenT_2016	P016497	G80436	Otitis Media;Pneumonia;bronchitis;Upper Respiratory Tract Infection;Septicemia;Skin Infection;Cough;Gastroenteritis;Tonsillitis;Pyelonephritis;Cystitis;Fever;Infectious Disorder;Stomatitis;Salmonellosis	NCIT:C34885;NCIT:C3333;NCIT:C2911;NCIT:C35650;NCIT:C3364;NCIT:C35025;NCIT:C37935;NCIT:C34632;NCIT:C116006;NCIT:C34965;NCIT:C26738;NCIT:C3038;NCIT:C128320;NCIT:C26887;NCIT:C157974	Study Control	NCIT:C142703	Russian Federation	NCIT:C17111	feces	UBERON:0001988	Infant	NCIT:C27956	572	Day	1.6	19	69	No	Paolo_Manghi,Svetlana_Ugarcina_Perovic	Healthy	NA	NA	NCIT:C115935	Qiagen	HLA protein complex with DQ5 serotype	MRO:0001626	SRR4408020	27133167	IlluminaHiSeq	Female	NCIT:C16576	NA	NA	Yes	Homo sapiens
VatanenT_2016	P016497	G80365	Otitis Media;Pneumonia;bronchitis;Upper Respiratory Tract Infection;Septicemia;Skin Infection;Cough;Gastroenteritis;Tonsillitis;Pyelonephritis;Cystitis;Fever;Infectious Disorder;Stomatitis;Salmonellosis	NCIT:C34885;NCIT:C3333;NCIT:C2911;NCIT:C35650;NCIT:C3364;NCIT:C35025;NCIT:C37935;NCIT:C34632;NCIT:C116006;NCIT:C34965;NCIT:C26738;NCIT:C3038;NCIT:C128320;NCIT:C26887;NCIT:C157974	Study Control	NCIT:C142703	Russian Federation	NCIT:C17111	feces	UBERON:0001988	Infant	NCIT:C27956	503	Day	1.4	17	0	No	Paolo_Manghi,Svetlana_Ugarcina_Perovic	Healthy	NA	NA	NCIT:C115935	Qiagen	HLA protein complex with DQ5 serotype	MRO:0001626	SRR4408233	27133167	IlluminaHiSeq	Female	NCIT:C16576	NA	NA	Yes	Homo sapiens
VatanenT_2016	P016574	G78733	Otitis Media;Pneumonia;bronchitis;Upper Respiratory Tract Infection;Septicemia;Skin Infection;Cough;Gastroenteritis;Tonsillitis;Pyelonephritis;Cystitis;Fever;Infectious Disorder;Stomatitis;Salmonellosis	NCIT:C34885;NCIT:C3333;NCIT:C2911;NCIT:C35650;NCIT:C3364;NCIT:C35025;NCIT:C37935;NCIT:C34632;NCIT:C116006;NCIT:C34965;NCIT:C26738;NCIT:C3038;NCIT:C128320;NCIT:C26887;NCIT:C157974	Study Control	NCIT:C142703	Russian Federation	NCIT:C17111	feces	UBERON:0001988	Infant	NCIT:C27956	498	Day	1.4	16	113	No	Paolo_Manghi,Svetlana_Ugarcina_Perovic	Healthy	NA	NA	NCIT:C115935	Qiagen	HLA protein complex with DQ3 serotype;HLA protein complex with DQ3 serotype;HLA-DRB1*04:04 protein complex	MRO:0001622;MRO:0001622;MRO:0001293	SRR4305248	27133167	IlluminaHiSeq	Female	NCIT:C16576	NA	NA	Yes	Homo sapiens
VatanenT_2016	P016574	G78747	Otitis Media;Pneumonia;bronchitis;Upper Respiratory Tract Infection;Septicemia;Skin Infection;Cough;Gastroenteritis;Tonsillitis;Pyelonephritis;Cystitis;Fever;Infectious Disorder;Stomatitis;Salmonellosis	NCIT:C34885;NCIT:C3333;NCIT:C2911;NCIT:C35650;NCIT:C3364;NCIT:C35025;NCIT:C37935;NCIT:C34632;NCIT:C116006;NCIT:C34965;NCIT:C26738;NCIT:C3038;NCIT:C128320;NCIT:C26887;NCIT:C157974	Study Control	NCIT:C142703	Russian Federation	NCIT:C17111	feces	UBERON:0001988	Infant	NCIT:C27956	637	Day	1.7	21	252	No	Paolo_Manghi,Svetlana_Ugarcina_Perovic	Healthy	NA	NA	NCIT:C115935	Qiagen	HLA protein complex with DQ3 serotype;HLA protein complex with DQ3 serotype;HLA-DRB1*04:04 protein complex	MRO:0001622;MRO:0001622;MRO:0001293	SRR4305263	27133167	IlluminaHiSeq	Female	NCIT:C16576	NA	NA	Yes	Homo sapiens
VatanenT_2016	P016574	G78797	Otitis Media;Pneumonia;bronchitis;Upper Respiratory Tract Infection;Septicemia;Skin Infection;Cough;Gastroenteritis;Tonsillitis;Pyelonephritis;Cystitis;Fever;Infectious Disorder;Stomatitis;Salmonellosis	NCIT:C34885;NCIT:C3333;NCIT:C2911;NCIT:C35650;NCIT:C3364;NCIT:C35025;NCIT:C37935;NCIT:C34632;NCIT:C116006;NCIT:C34965;NCIT:C26738;NCIT:C3038;NCIT:C128320;NCIT:C26887;NCIT:C157974	Study Control	NCIT:C142703	Russian Federation	NCIT:C17111	feces	UBERON:0001988	Infant	NCIT:C27956	385	Day	1.1	13	0	No	Paolo_Manghi,Svetlana_Ugarcina_Perovic	Healthy	NA	NA	NCIT:C115935	Qiagen	HLA protein complex with DQ3 serotype;HLA protein complex with DQ3 serotype;HLA-DRB1*04:04 protein complex	MRO:0001622;MRO:0001622;MRO:0001293	SRR4305299	27133167	IlluminaHiSeq	Female	NCIT:C16576	NA	NA	Yes	Homo sapiens
VatanenT_2016	P016803	G78565	Otitis Media;Pneumonia;bronchitis;Upper Respiratory Tract Infection;Septicemia;Skin Infection;Cough;Gastroenteritis;Tonsillitis;Pyelonephritis;Cystitis;Fever;Infectious Disorder;Stomatitis;Salmonellosis	NCIT:C34885;NCIT:C3333;NCIT:C2911;NCIT:C35650;NCIT:C3364;NCIT:C35025;NCIT:C37935;NCIT:C34632;NCIT:C116006;NCIT:C34965;NCIT:C26738;NCIT:C3038;NCIT:C128320;NCIT:C26887;NCIT:C157974	Study Control	NCIT:C142703	Russian Federation	NCIT:C17111	feces	UBERON:0001988	Infant	NCIT:C27956	499	Day	1.4	16	224	No	Paolo_Manghi,Svetlana_Ugarcina_Perovic	Healthy	NA	NA	NCIT:C115935	Qiagen	HLA-DRB1*04:01 protein complex	MRO:0001290	SRR4305094	27133167	IlluminaHiSeq	Male	NCIT:C20197	NA	NA	Yes	Homo sapiens
VatanenT_2016	P016803	G78742	Otitis Media;Pneumonia;bronchitis;Upper Respiratory Tract Infection;Septicemia;Skin Infection;Cough;Gastroenteritis;Tonsillitis;Pyelonephritis;Cystitis;Fever;Infectious Disorder;Stomatitis;Salmonellosis	NCIT:C34885;NCIT:C3333;NCIT:C2911;NCIT:C35650;NCIT:C3364;NCIT:C35025;NCIT:C37935;NCIT:C34632;NCIT:C116006;NCIT:C34965;NCIT:C26738;NCIT:C3038;NCIT:C128320;NCIT:C26887;NCIT:C157974	Study Control	NCIT:C142703	Russian Federation	NCIT:C17111	feces	UBERON:0001988	Infant	NCIT:C27956	554	Day	1.5	18	279	No	Paolo_Manghi,Svetlana_Ugarcina_Perovic	Healthy	NA	NA	NCIT:C115935	Qiagen	HLA-DRB1*04:01 protein complex	MRO:0001290	SRR4305259	27133167	IlluminaHiSeq	Male	NCIT:C20197	NA	NA	Yes	Homo sapiens
VatanenT_2016	P016803	G78743	Otitis Media;Pneumonia;bronchitis;Upper Respiratory Tract Infection;Septicemia;Skin Infection;Cough;Gastroenteritis;Tonsillitis;Pyelonephritis;Cystitis;Fever;Infectious Disorder;Stomatitis;Salmonellosis	NCIT:C34885;NCIT:C3333;NCIT:C2911;NCIT:C35650;NCIT:C3364;NCIT:C35025;NCIT:C37935;NCIT:C34632;NCIT:C116006;NCIT:C34965;NCIT:C26738;NCIT:C3038;NCIT:C128320;NCIT:C26887;NCIT:C157974	Study Control	NCIT:C142703	Russian Federation	NCIT:C17111	feces	UBERON:0001988	Infant	NCIT:C27956	647	Day	1.8	21	372	No	Paolo_Manghi,Svetlana_Ugarcina_Perovic	Healthy	NA	NA	NCIT:C115935	Qiagen	HLA-DRB1*04:01 protein complex	MRO:0001290	SRR4305260	27133167	IlluminaHiSeq	Male	NCIT:C20197	NA	NA	Yes	Homo sapiens
VatanenT_2016	P016803	G78790	Otitis Media;Pneumonia;bronchitis;Upper Respiratory Tract Infection;Septicemia;Skin Infection;Cough;Gastroenteritis;Tonsillitis;Pyelonephritis;Cystitis;Fever;Infectious Disorder;Stomatitis;Salmonellosis	NCIT:C34885;NCIT:C3333;NCIT:C2911;NCIT:C35650;NCIT:C3364;NCIT:C35025;NCIT:C37935;NCIT:C34632;NCIT:C116006;NCIT:C34965;NCIT:C26738;NCIT:C3038;NCIT:C128320;NCIT:C26887;NCIT:C157974	Study Control	NCIT:C142703	Russian Federation	NCIT:C17111	feces	UBERON:0001988	Infant	NCIT:C27956	349	Day	1	11	74	No	Paolo_Manghi,Svetlana_Ugarcina_Perovic	Healthy	NA	NA	NCIT:C115935	Qiagen	HLA-DRB1*04:01 protein complex	MRO:0001290	SRR4305292	27133167	IlluminaHiSeq	Male	NCIT:C20197	NA	NA	Yes	Homo sapiens
VatanenT_2016	P016803	G80265	Otitis Media;Pneumonia;bronchitis;Upper Respiratory Tract Infection;Septicemia;Skin Infection;Cough;Gastroenteritis;Tonsillitis;Pyelonephritis;Cystitis;Fever;Infectious Disorder;Stomatitis;Salmonellosis	NCIT:C34885;NCIT:C3333;NCIT:C2911;NCIT:C35650;NCIT:C3364;NCIT:C35025;NCIT:C37935;NCIT:C34632;NCIT:C116006;NCIT:C34965;NCIT:C26738;NCIT:C3038;NCIT:C128320;NCIT:C26887;NCIT:C157974	Study Control	NCIT:C142703	Russian Federation	NCIT:C17111	feces	UBERON:0001988	Infant	NCIT:C27956	726	Day	2	24	451	No	Paolo_Manghi,Svetlana_Ugarcina_Perovic	Healthy	NA	NA	NCIT:C115935	Qiagen	HLA-DRB1*04:01 protein complex	MRO:0001290	SRR4305423	27133167	IlluminaHiSeq	Male	NCIT:C20197	NA	NA	Yes	Homo sapiens
VatanenT_2016	P016803	G80287	Otitis Media;Pneumonia;bronchitis;Upper Respiratory Tract Infection;Septicemia;Skin Infection;Cough;Gastroenteritis;Tonsillitis;Pyelonephritis;Cystitis;Fever;Infectious Disorder;Stomatitis;Salmonellosis	NCIT:C34885;NCIT:C3333;NCIT:C2911;NCIT:C35650;NCIT:C3364;NCIT:C35025;NCIT:C37935;NCIT:C34632;NCIT:C116006;NCIT:C34965;NCIT:C26738;NCIT:C3038;NCIT:C128320;NCIT:C26887;NCIT:C157974	Study Control	NCIT:C142703	Russian Federation	NCIT:C17111	feces	UBERON:0001988	Child	NCIT:C49683	843	Day	2.3	28	568	No	Paolo_Manghi,Svetlana_Ugarcina_Perovic	Healthy	NA	NA	NCIT:C115935	Qiagen	HLA-DRB1*04:01 protein complex	MRO:0001290	SRR4305447	27133167	IlluminaHiSeq	Male	NCIT:C20197	NA	NA	Yes	Homo sapiens
VatanenT_2016	P016803	G80315	Otitis Media;Pneumonia;bronchitis;Upper Respiratory Tract Infection;Septicemia;Skin Infection;Cough;Gastroenteritis;Tonsillitis;Pyelonephritis;Cystitis;Fever;Infectious Disorder;Stomatitis;Salmonellosis	NCIT:C34885;NCIT:C3333;NCIT:C2911;NCIT:C35650;NCIT:C3364;NCIT:C35025;NCIT:C37935;NCIT:C34632;NCIT:C116006;NCIT:C34965;NCIT:C26738;NCIT:C3038;NCIT:C128320;NCIT:C26887;NCIT:C157974	Study Control	NCIT:C142703	Russian Federation	NCIT:C17111	feces	UBERON:0001988	Infant	NCIT:C27956	275	Day	0.8	9	0	No	Paolo_Manghi,Svetlana_Ugarcina_Perovic	Healthy	NA	NA	NCIT:C115935	Qiagen	HLA-DRB1*04:01 protein complex	MRO:0001290	SRR4305475	27133167	IlluminaHiSeq	Male	NCIT:C20197	NA	NA	Yes	Homo sapiens
VatanenT_2016	P016803	G80334	Otitis Media;Pneumonia;bronchitis;Upper Respiratory Tract Infection;Septicemia;Skin Infection;Cough;Gastroenteritis;Tonsillitis;Pyelonephritis;Cystitis;Fever;Infectious Disorder;Stomatitis;Salmonellosis	NCIT:C34885;NCIT:C3333;NCIT:C2911;NCIT:C35650;NCIT:C3364;NCIT:C35025;NCIT:C37935;NCIT:C34632;NCIT:C116006;NCIT:C34965;NCIT:C26738;NCIT:C3038;NCIT:C128320;NCIT:C26887;NCIT:C157974	Study Control	NCIT:C142703	Russian Federation	NCIT:C17111	feces	UBERON:0001988	Infant	NCIT:C27956	404	Day	1.1	13	129	No	Paolo_Manghi,Svetlana_Ugarcina_Perovic	Healthy	NA	NA	NCIT:C115935	Qiagen	HLA-DRB1*04:01 protein complex	MRO:0001290	SRR4408047	27133167	IlluminaHiSeq	Male	NCIT:C20197	NA	NA	Yes	Homo sapiens
VatanenT_2016	P017255	G78644	Otitis Media;Pneumonia;bronchitis;Upper Respiratory Tract Infection;Septicemia;Skin Infection;Cough;Gastroenteritis;Tonsillitis;Pyelonephritis;Cystitis;Fever;Infectious Disorder;Stomatitis;Salmonellosis	NCIT:C34885;NCIT:C3333;NCIT:C2911;NCIT:C35650;NCIT:C3364;NCIT:C35025;NCIT:C37935;NCIT:C34632;NCIT:C116006;NCIT:C34965;NCIT:C26738;NCIT:C3038;NCIT:C128320;NCIT:C26887;NCIT:C157974	Study Control	NCIT:C142703	Russian Federation	NCIT:C17111	feces	UBERON:0001988	Infant	NCIT:C27956	202	Day	0.6	7	0	No	Paolo_Manghi,Svetlana_Ugarcina_Perovic	Healthy	NA	NA	NCIT:C115935	Qiagen	HLA-DRB1*04:08 protein complex	MRO:0001297	SRR4305173	27133167	IlluminaHiSeq	Female	NCIT:C16576	NA	NA	Yes	Homo sapiens
VatanenT_2016	P017255	G78645	Otitis Media;Pneumonia;bronchitis;Upper Respiratory Tract Infection;Septicemia;Skin Infection;Cough;Gastroenteritis;Tonsillitis;Pyelonephritis;Cystitis;Fever;Infectious Disorder;Stomatitis;Salmonellosis	NCIT:C34885;NCIT:C3333;NCIT:C2911;NCIT:C35650;NCIT:C3364;NCIT:C35025;NCIT:C37935;NCIT:C34632;NCIT:C116006;NCIT:C34965;NCIT:C26738;NCIT:C3038;NCIT:C128320;NCIT:C26887;NCIT:C157974	Study Control	NCIT:C142703	Russian Federation	NCIT:C17111	feces	UBERON:0001988	Infant	NCIT:C27956	299	Day	0.8	10	97	No	Paolo_Manghi,Svetlana_Ugarcina_Perovic	Healthy	NA	NA	NCIT:C115935	Qiagen	HLA-DRB1*04:08 protein complex	MRO:0001297	SRR4305174	27133167	IlluminaHiSeq	Female	NCIT:C16576	NA	NA	Yes	Homo sapiens
VatanenT_2016	P017255	G69180	Otitis Media;Pneumonia;bronchitis;Upper Respiratory Tract Infection;Septicemia;Skin Infection;Cough;Gastroenteritis;Tonsillitis;Pyelonephritis;Cystitis;Fever;Infectious Disorder;Stomatitis;Salmonellosis	NCIT:C34885;NCIT:C3333;NCIT:C2911;NCIT:C35650;NCIT:C3364;NCIT:C35025;NCIT:C37935;NCIT:C34632;NCIT:C116006;NCIT:C34965;NCIT:C26738;NCIT:C3038;NCIT:C128320;NCIT:C26887;NCIT:C157974	Study Control	NCIT:C142703	Russian Federation	NCIT:C17111	feces	UBERON:0001988	Infant	NCIT:C27956	345	Day	0.9	11	143	No	Paolo_Manghi,Svetlana_Ugarcina_Perovic	Healthy	NA	NA	NCIT:C115935	Qiagen	HLA-DRB1*04:08 protein complex	MRO:0001297	SRR4305256	27133167	IlluminaHiSeq	Female	NCIT:C16576	NA	NA	Yes	Homo sapiens
VatanenT_2016	P017671	G78540	Otitis Media;Pneumonia;bronchitis;Upper Respiratory Tract Infection;Septicemia;Skin Infection;Cough;Gastroenteritis;Tonsillitis;Pyelonephritis;Cystitis;Fever;Infectious Disorder;Stomatitis;Salmonellosis	NCIT:C34885;NCIT:C3333;NCIT:C2911;NCIT:C35650;NCIT:C3364;NCIT:C35025;NCIT:C37935;NCIT:C34632;NCIT:C116006;NCIT:C34965;NCIT:C26738;NCIT:C3038;NCIT:C128320;NCIT:C26887;NCIT:C157974	Case	NCIT:C49152	Russian Federation	NCIT:C17111	feces	UBERON:0001988	Infant	NCIT:C27956	217	Day	0.6	7	0	Yes	Paolo_Manghi,Svetlana_Ugarcina_Perovic	Gastroenteritis	NA	NA	NCIT:C34632	Qiagen	HLA-DQA1*02:01 protein complex;HLA protein complex with DQ5 serotype	MRO:0001211;MRO:0001626	SRR4305070	27133167	IlluminaHiSeq	Male	NCIT:C20197	Nitrofurantoin	NCIT:C29293	Yes	Homo sapiens
VatanenT_2016	P017671	G78798	Otitis Media;Pneumonia;bronchitis;Upper Respiratory Tract Infection;Septicemia;Skin Infection;Cough;Gastroenteritis;Tonsillitis;Pyelonephritis;Cystitis;Fever;Infectious Disorder;Stomatitis;Salmonellosis	NCIT:C34885;NCIT:C3333;NCIT:C2911;NCIT:C35650;NCIT:C3364;NCIT:C35025;NCIT:C37935;NCIT:C34632;NCIT:C116006;NCIT:C34965;NCIT:C26738;NCIT:C3038;NCIT:C128320;NCIT:C26887;NCIT:C157974	Study Control	NCIT:C142703	Russian Federation	NCIT:C17111	feces	UBERON:0001988	Infant	NCIT:C27956	427	Day	1.2	14	210	No	Paolo_Manghi,Svetlana_Ugarcina_Perovic	Healthy	NA	NA	NCIT:C115935	Qiagen	HLA-DQA1*02:01 protein complex;HLA protein complex with DQ5 serotype	MRO:0001211;MRO:0001626	SRR4305301	27133167	IlluminaHiSeq	Male	NCIT:C20197	NA	NA	Yes	Homo sapiens
VatanenT_2016	P017671	G78799	Otitis Media;Pneumonia;bronchitis;Upper Respiratory Tract Infection;Septicemia;Skin Infection;Cough;Gastroenteritis;Tonsillitis;Pyelonephritis;Cystitis;Fever;Infectious Disorder;Stomatitis;Salmonellosis	NCIT:C34885;NCIT:C3333;NCIT:C2911;NCIT:C35650;NCIT:C3364;NCIT:C35025;NCIT:C37935;NCIT:C34632;NCIT:C116006;NCIT:C34965;NCIT:C26738;NCIT:C3038;NCIT:C128320;NCIT:C26887;NCIT:C157974	Study Control	NCIT:C142703	Russian Federation	NCIT:C17111	feces	UBERON:0001988	Infant	NCIT:C27956	396	Day	1.1	13	179	No	Paolo_Manghi,Svetlana_Ugarcina_Perovic	Healthy	NA	NA	NCIT:C115935	Qiagen	HLA-DQA1*02:01 protein complex;HLA protein complex with DQ5 serotype	MRO:0001211;MRO:0001626	SRR4305302	27133167	IlluminaHiSeq	Male	NCIT:C20197	NA	NA	Yes	Homo sapiens
VatanenT_2016	P017671	G78810	Otitis Media;Pneumonia;bronchitis;Upper Respiratory Tract Infection;Septicemia;Skin Infection;Cough;Gastroenteritis;Tonsillitis;Pyelonephritis;Cystitis;Fever;Infectious Disorder;Stomatitis;Salmonellosis	NCIT:C34885;NCIT:C3333;NCIT:C2911;NCIT:C35650;NCIT:C3364;NCIT:C35025;NCIT:C37935;NCIT:C34632;NCIT:C116006;NCIT:C34965;NCIT:C26738;NCIT:C3038;NCIT:C128320;NCIT:C26887;NCIT:C157974	Study Control	NCIT:C142703	Russian Federation	NCIT:C17111	feces	UBERON:0001988	Infant	NCIT:C27956	517	Day	1.4	17	300	No	Paolo_Manghi,Svetlana_Ugarcina_Perovic	Healthy	NA	NA	NCIT:C115935	Qiagen	HLA-DQA1*02:01 protein complex;HLA protein complex with DQ5 serotype	MRO:0001211;MRO:0001626	SRR4305313	27133167	IlluminaHiSeq	Male	NCIT:C20197	NA	NA	Yes	Homo sapiens
VatanenT_2016	P017671	G80150	Otitis Media;Pneumonia;bronchitis;Upper Respiratory Tract Infection;Septicemia;Skin Infection;Cough;Gastroenteritis;Tonsillitis;Pyelonephritis;Cystitis;Fever;Infectious Disorder;Stomatitis;Salmonellosis	NCIT:C34885;NCIT:C3333;NCIT:C2911;NCIT:C35650;NCIT:C3364;NCIT:C35025;NCIT:C37935;NCIT:C34632;NCIT:C116006;NCIT:C34965;NCIT:C26738;NCIT:C3038;NCIT:C128320;NCIT:C26887;NCIT:C157974	Case	NCIT:C49152	Russian Federation	NCIT:C17111	feces	UBERON:0001988	Infant	NCIT:C27956	304	Day	0.8	10	87	Yes	Paolo_Manghi,Svetlana_Ugarcina_Perovic	Gastroenteritis	NA	NA	NCIT:C34632	Qiagen	HLA-DQA1*02:01 protein complex;HLA protein complex with DQ5 serotype	MRO:0001211;MRO:0001626	SRR4305420	27133167	IlluminaHiSeq	Male	NCIT:C20197	Nitrofurantoin	NCIT:C29293	Yes	Homo sapiens
VatanenT_2016	P017671	G80305	Otitis Media;Pneumonia;bronchitis;Upper Respiratory Tract Infection;Septicemia;Skin Infection;Cough;Gastroenteritis;Tonsillitis;Pyelonephritis;Cystitis;Fever;Infectious Disorder;Stomatitis;Salmonellosis	NCIT:C34885;NCIT:C3333;NCIT:C2911;NCIT:C35650;NCIT:C3364;NCIT:C35025;NCIT:C37935;NCIT:C34632;NCIT:C116006;NCIT:C34965;NCIT:C26738;NCIT:C3038;NCIT:C128320;NCIT:C26887;NCIT:C157974	Case	NCIT:C49152	Russian Federation	NCIT:C17111	feces	UBERON:0001988	Infant	NCIT:C27956	580	Day	1.6	19	363	Yes	Paolo_Manghi,Svetlana_Ugarcina_Perovic	bronchitis	NA	NA	NCIT:C2911	Qiagen	HLA-DQA1*02:01 protein complex;HLA protein complex with DQ5 serotype	MRO:0001211;MRO:0001626	SRR4305465	27133167	IlluminaHiSeq	Male	NCIT:C20197	Cephalosporin Antibiotic;Macrolide Antibiotic;Penicillin Antibiotic	NCIT:C357;NCIT:C261;NCIT:C1500	Yes	Homo sapiens
VatanenT_2016	P017671	G80323	Otitis Media;Pneumonia;bronchitis;Upper Respiratory Tract Infection;Septicemia;Skin Infection;Cough;Gastroenteritis;Tonsillitis;Pyelonephritis;Cystitis;Fever;Infectious Disorder;Stomatitis;Salmonellosis	NCIT:C34885;NCIT:C3333;NCIT:C2911;NCIT:C35650;NCIT:C3364;NCIT:C35025;NCIT:C37935;NCIT:C34632;NCIT:C116006;NCIT:C34965;NCIT:C26738;NCIT:C3038;NCIT:C128320;NCIT:C26887;NCIT:C157974	Case	NCIT:C49152	Russian Federation	NCIT:C17111	feces	UBERON:0001988	Infant	NCIT:C27956	337	Day	0.9	11	120	Yes	Paolo_Manghi,Svetlana_Ugarcina_Perovic	Gastroenteritis	NA	NA	NCIT:C34632	Qiagen	HLA-DQA1*02:01 protein complex;HLA protein complex with DQ5 serotype	MRO:0001211;MRO:0001626	SRR4408228	27133167	IlluminaHiSeq	Male	NCIT:C20197	Nitrofurantoin	NCIT:C29293	Yes	Homo sapiens
VatanenT_2016	P017743	G69147	Otitis Media;Pneumonia;bronchitis;Upper Respiratory Tract Infection;Septicemia;Skin Infection;Cough;Gastroenteritis;Tonsillitis;Pyelonephritis;Cystitis;Fever;Infectious Disorder;Stomatitis;Salmonellosis	NCIT:C34885;NCIT:C3333;NCIT:C2911;NCIT:C35650;NCIT:C3364;NCIT:C35025;NCIT:C37935;NCIT:C34632;NCIT:C116006;NCIT:C34965;NCIT:C26738;NCIT:C3038;NCIT:C128320;NCIT:C26887;NCIT:C157974	Study Control	NCIT:C142703	Russian Federation	NCIT:C17111	feces	UBERON:0001988	Infant	NCIT:C27956	173	Day	0.5	6	0	No	Paolo_Manghi,Svetlana_Ugarcina_Perovic	Healthy	NA	NA	NCIT:C115935	Qiagen	HLA-DRB1*04:01 protein complex	MRO:0001290	SRR4305032	27133167	IlluminaHiSeq	Female	NCIT:C16576	NA	NA	Yes	Homo sapiens
VatanenT_2016	P017743	G69198	Otitis Media;Pneumonia;bronchitis;Upper Respiratory Tract Infection;Septicemia;Skin Infection;Cough;Gastroenteritis;Tonsillitis;Pyelonephritis;Cystitis;Fever;Infectious Disorder;Stomatitis;Salmonellosis	NCIT:C34885;NCIT:C3333;NCIT:C2911;NCIT:C35650;NCIT:C3364;NCIT:C35025;NCIT:C37935;NCIT:C34632;NCIT:C116006;NCIT:C34965;NCIT:C26738;NCIT:C3038;NCIT:C128320;NCIT:C26887;NCIT:C157974	Study Control	NCIT:C142703	Russian Federation	NCIT:C17111	feces	UBERON:0001988	Infant	NCIT:C27956	312	Day	0.9	10	139	No	Paolo_Manghi,Svetlana_Ugarcina_Perovic	Healthy	NA	NA	NCIT:C115935	Qiagen	HLA-DRB1*04:01 protein complex	MRO:0001290	SRR4305457	27133167	IlluminaHiSeq	Female	NCIT:C16576	NA	NA	Yes	Homo sapiens
VatanenT_2016	P017743	G80317	Otitis Media;Pneumonia;bronchitis;Upper Respiratory Tract Infection;Septicemia;Skin Infection;Cough;Gastroenteritis;Tonsillitis;Pyelonephritis;Cystitis;Fever;Infectious Disorder;Stomatitis;Salmonellosis	NCIT:C34885;NCIT:C3333;NCIT:C2911;NCIT:C35650;NCIT:C3364;NCIT:C35025;NCIT:C37935;NCIT:C34632;NCIT:C116006;NCIT:C34965;NCIT:C26738;NCIT:C3038;NCIT:C128320;NCIT:C26887;NCIT:C157974	Study Control	NCIT:C142703	Russian Federation	NCIT:C17111	feces	UBERON:0001988	Infant	NCIT:C27956	335	Day	0.9	11	162	No	Paolo_Manghi,Svetlana_Ugarcina_Perovic	Healthy	NA	NA	NCIT:C115935	Qiagen	HLA-DRB1*04:01 protein complex	MRO:0001290	SRR4305477	27133167	IlluminaHiSeq	Female	NCIT:C16576	NA	NA	Yes	Homo sapiens
VatanenT_2016	P017743	G80326	Otitis Media;Pneumonia;bronchitis;Upper Respiratory Tract Infection;Septicemia;Skin Infection;Cough;Gastroenteritis;Tonsillitis;Pyelonephritis;Cystitis;Fever;Infectious Disorder;Stomatitis;Salmonellosis	NCIT:C34885;NCIT:C3333;NCIT:C2911;NCIT:C35650;NCIT:C3364;NCIT:C35025;NCIT:C37935;NCIT:C34632;NCIT:C116006;NCIT:C34965;NCIT:C26738;NCIT:C3038;NCIT:C128320;NCIT:C26887;NCIT:C157974	Study Control	NCIT:C142703	Russian Federation	NCIT:C17111	feces	UBERON:0001988	Infant	NCIT:C27956	367	Day	1	12	194	No	Paolo_Manghi,Svetlana_Ugarcina_Perovic	Healthy	NA	NA	NCIT:C115935	Qiagen	HLA-DRB1*04:01 protein complex	MRO:0001290	SRR4408261	27133167	IlluminaHiSeq	Female	NCIT:C16576	NA	NA	Yes	Homo sapiens
VatanenT_2016	P018832	G69146	Otitis Media;Pneumonia;bronchitis;Upper Respiratory Tract Infection;Septicemia;Skin Infection;Cough;Gastroenteritis;Tonsillitis;Pyelonephritis;Cystitis;Fever;Infectious Disorder;Stomatitis;Salmonellosis	NCIT:C34885;NCIT:C3333;NCIT:C2911;NCIT:C35650;NCIT:C3364;NCIT:C35025;NCIT:C37935;NCIT:C34632;NCIT:C116006;NCIT:C34965;NCIT:C26738;NCIT:C3038;NCIT:C128320;NCIT:C26887;NCIT:C157974	Study Control	NCIT:C142703	Russian Federation	NCIT:C17111	feces	UBERON:0001988	Infant	NCIT:C27956	686	Day	1.9	23	517	No	Paolo_Manghi,Svetlana_Ugarcina_Perovic	Healthy	NA	NA	NCIT:C115935	Qiagen	HLA protein complex with DQ5 serotype	MRO:0001626	SRR4305031	27133167	IlluminaHiSeq	Female	NCIT:C16576	NA	NA	Yes	Homo sapiens
VatanenT_2016	P018832	G78566	Otitis Media;Pneumonia;bronchitis;Upper Respiratory Tract Infection;Septicemia;Skin Infection;Cough;Gastroenteritis;Tonsillitis;Pyelonephritis;Cystitis;Fever;Infectious Disorder;Stomatitis;Salmonellosis	NCIT:C34885;NCIT:C3333;NCIT:C2911;NCIT:C35650;NCIT:C3364;NCIT:C35025;NCIT:C37935;NCIT:C34632;NCIT:C116006;NCIT:C34965;NCIT:C26738;NCIT:C3038;NCIT:C128320;NCIT:C26887;NCIT:C157974	Study Control	NCIT:C142703	Russian Federation	NCIT:C17111	feces	UBERON:0001988	Infant	NCIT:C27956	416	Day	1.1	14	247	No	Paolo_Manghi,Svetlana_Ugarcina_Perovic	Healthy	NA	NA	NCIT:C115935	Qiagen	HLA protein complex with DQ5 serotype	MRO:0001626	SRR4305095	27133167	IlluminaHiSeq	Female	NCIT:C16576	NA	NA	Yes	Homo sapiens
VatanenT_2016	P018832	G78751	Otitis Media;Pneumonia;bronchitis;Upper Respiratory Tract Infection;Septicemia;Skin Infection;Cough;Gastroenteritis;Tonsillitis;Pyelonephritis;Cystitis;Fever;Infectious Disorder;Stomatitis;Salmonellosis	NCIT:C34885;NCIT:C3333;NCIT:C2911;NCIT:C35650;NCIT:C3364;NCIT:C35025;NCIT:C37935;NCIT:C34632;NCIT:C116006;NCIT:C34965;NCIT:C26738;NCIT:C3038;NCIT:C128320;NCIT:C26887;NCIT:C157974	Study Control	NCIT:C142703	Russian Federation	NCIT:C17111	feces	UBERON:0001988	Infant	NCIT:C27956	292	Day	0.8	10	123	No	Paolo_Manghi,Svetlana_Ugarcina_Perovic	Healthy	NA	NA	NCIT:C115935	Qiagen	HLA protein complex with DQ5 serotype	MRO:0001626	SRR4305268	27133167	IlluminaHiSeq	Female	NCIT:C16576	NA	NA	Yes	Homo sapiens
VatanenT_2016	P018832	G78808	Otitis Media;Pneumonia;bronchitis;Upper Respiratory Tract Infection;Septicemia;Skin Infection;Cough;Gastroenteritis;Tonsillitis;Pyelonephritis;Cystitis;Fever;Infectious Disorder;Stomatitis;Salmonellosis	NCIT:C34885;NCIT:C3333;NCIT:C2911;NCIT:C35650;NCIT:C3364;NCIT:C35025;NCIT:C37935;NCIT:C34632;NCIT:C116006;NCIT:C34965;NCIT:C26738;NCIT:C3038;NCIT:C128320;NCIT:C26887;NCIT:C157974	Study Control	NCIT:C142703	Russian Federation	NCIT:C17111	feces	UBERON:0001988	Infant	NCIT:C27956	533	Day	1.5	18	364	No	Paolo_Manghi,Svetlana_Ugarcina_Perovic	Healthy	NA	NA	NCIT:C115935	Qiagen	HLA protein complex with DQ5 serotype	MRO:0001626	SRR4305310	27133167	IlluminaHiSeq	Female	NCIT:C16576	NA	NA	Yes	Homo sapiens
VatanenT_2016	P018832	G78809	Otitis Media;Pneumonia;bronchitis;Upper Respiratory Tract Infection;Septicemia;Skin Infection;Cough;Gastroenteritis;Tonsillitis;Pyelonephritis;Cystitis;Fever;Infectious Disorder;Stomatitis;Salmonellosis	NCIT:C34885;NCIT:C3333;NCIT:C2911;NCIT:C35650;NCIT:C3364;NCIT:C35025;NCIT:C37935;NCIT:C34632;NCIT:C116006;NCIT:C34965;NCIT:C26738;NCIT:C3038;NCIT:C128320;NCIT:C26887;NCIT:C157974	Study Control	NCIT:C142703	Russian Federation	NCIT:C17111	feces	UBERON:0001988	Infant	NCIT:C27956	473	Day	1.3	16	304	No	Paolo_Manghi,Svetlana_Ugarcina_Perovic	Healthy	NA	NA	NCIT:C115935	Qiagen	HLA protein complex with DQ5 serotype	MRO:0001626	SRR4305312	27133167	IlluminaHiSeq	Female	NCIT:C16576	NA	NA	Yes	Homo sapiens
VatanenT_2016	P018832	G69201	Otitis Media;Pneumonia;bronchitis;Upper Respiratory Tract Infection;Septicemia;Skin Infection;Cough;Gastroenteritis;Tonsillitis;Pyelonephritis;Cystitis;Fever;Infectious Disorder;Stomatitis;Salmonellosis	NCIT:C34885;NCIT:C3333;NCIT:C2911;NCIT:C35650;NCIT:C3364;NCIT:C35025;NCIT:C37935;NCIT:C34632;NCIT:C116006;NCIT:C34965;NCIT:C26738;NCIT:C3038;NCIT:C128320;NCIT:C26887;NCIT:C157974	Study Control	NCIT:C142703	Russian Federation	NCIT:C17111	feces	UBERON:0001988	Infant	NCIT:C27956	358	Day	1	12	189	No	Paolo_Manghi,Svetlana_Ugarcina_Perovic	Healthy	NA	NA	NCIT:C115935	Qiagen	HLA protein complex with DQ5 serotype	MRO:0001626	SRR4305479	27133167	IlluminaHiSeq	Female	NCIT:C16576	NA	NA	Yes	Homo sapiens
VatanenT_2016	P018832	G69214	Otitis Media;Pneumonia;bronchitis;Upper Respiratory Tract Infection;Septicemia;Skin Infection;Cough;Gastroenteritis;Tonsillitis;Pyelonephritis;Cystitis;Fever;Infectious Disorder;Stomatitis;Salmonellosis	NCIT:C34885;NCIT:C3333;NCIT:C2911;NCIT:C35650;NCIT:C3364;NCIT:C35025;NCIT:C37935;NCIT:C34632;NCIT:C116006;NCIT:C34965;NCIT:C26738;NCIT:C3038;NCIT:C128320;NCIT:C26887;NCIT:C157974	Study Control	NCIT:C142703	Russian Federation	NCIT:C17111	feces	UBERON:0001988	Infant	NCIT:C27956	506	Day	1.4	17	337	No	Paolo_Manghi,Svetlana_Ugarcina_Perovic	Healthy	NA	NA	NCIT:C115935	Qiagen	HLA protein complex with DQ5 serotype	MRO:0001626	SRR4305493	27133167	IlluminaHiSeq	Female	NCIT:C16576	NA	NA	Yes	Homo sapiens
VatanenT_2016	P018832	G69229	Otitis Media;Pneumonia;bronchitis;Upper Respiratory Tract Infection;Septicemia;Skin Infection;Cough;Gastroenteritis;Tonsillitis;Pyelonephritis;Cystitis;Fever;Infectious Disorder;Stomatitis;Salmonellosis	NCIT:C34885;NCIT:C3333;NCIT:C2911;NCIT:C35650;NCIT:C3364;NCIT:C35025;NCIT:C37935;NCIT:C34632;NCIT:C116006;NCIT:C34965;NCIT:C26738;NCIT:C3038;NCIT:C128320;NCIT:C26887;NCIT:C157974	Study Control	NCIT:C142703	Russian Federation	NCIT:C17111	feces	UBERON:0001988	Infant	NCIT:C27956	169	Day	0.5	6	0	No	Paolo_Manghi,Svetlana_Ugarcina_Perovic	Healthy	NA	NA	NCIT:C115935	Qiagen	HLA protein complex with DQ5 serotype	MRO:0001626	SRR4305508	27133167	IlluminaHiSeq	Female	NCIT:C16576	NA	NA	Yes	Homo sapiens
VatanenT_2016	P018832	G78505	Otitis Media;Pneumonia;bronchitis;Upper Respiratory Tract Infection;Septicemia;Skin Infection;Cough;Gastroenteritis;Tonsillitis;Pyelonephritis;Cystitis;Fever;Infectious Disorder;Stomatitis;Salmonellosis	NCIT:C34885;NCIT:C3333;NCIT:C2911;NCIT:C35650;NCIT:C3364;NCIT:C35025;NCIT:C37935;NCIT:C34632;NCIT:C116006;NCIT:C34965;NCIT:C26738;NCIT:C3038;NCIT:C128320;NCIT:C26887;NCIT:C157974	Study Control	NCIT:C142703	Russian Federation	NCIT:C17111	feces	UBERON:0001988	Child	NCIT:C49683	748	Day	2	25	579	No	Paolo_Manghi,Svetlana_Ugarcina_Perovic	Healthy	NA	NA	NCIT:C115935	Qiagen	HLA protein complex with DQ5 serotype	MRO:0001626	SRR4305532	27133167	IlluminaHiSeq	Female	NCIT:C16576	NA	NA	Yes	Homo sapiens
VatanenT_2016	P018832	G80333	Otitis Media;Pneumonia;bronchitis;Upper Respiratory Tract Infection;Septicemia;Skin Infection;Cough;Gastroenteritis;Tonsillitis;Pyelonephritis;Cystitis;Fever;Infectious Disorder;Stomatitis;Salmonellosis	NCIT:C34885;NCIT:C3333;NCIT:C2911;NCIT:C35650;NCIT:C3364;NCIT:C35025;NCIT:C37935;NCIT:C34632;NCIT:C116006;NCIT:C34965;NCIT:C26738;NCIT:C3038;NCIT:C128320;NCIT:C26887;NCIT:C157974	Study Control	NCIT:C142703	Russian Federation	NCIT:C17111	feces	UBERON:0001988	Infant	NCIT:C27956	597	Day	1.6	20	428	No	Paolo_Manghi,Svetlana_Ugarcina_Perovic	Healthy	NA	NA	NCIT:C115935	Qiagen	HLA protein complex with DQ5 serotype	MRO:0001626	SRR4408036	27133167	IlluminaHiSeq	Female	NCIT:C16576	NA	NA	Yes	Homo sapiens
VatanenT_2016	P019222	G78796	Otitis Media;Pneumonia;bronchitis;Upper Respiratory Tract Infection;Septicemia;Skin Infection;Cough;Gastroenteritis;Tonsillitis;Pyelonephritis;Cystitis;Fever;Infectious Disorder;Stomatitis;Salmonellosis	NCIT:C34885;NCIT:C3333;NCIT:C2911;NCIT:C35650;NCIT:C3364;NCIT:C35025;NCIT:C37935;NCIT:C34632;NCIT:C116006;NCIT:C34965;NCIT:C26738;NCIT:C3038;NCIT:C128320;NCIT:C26887;NCIT:C157974	Study Control	NCIT:C142703	Russian Federation	NCIT:C17111	feces	UBERON:0001988	Infant	NCIT:C27956	296	Day	0.8	10	55	No	Paolo_Manghi,Svetlana_Ugarcina_Perovic	Healthy	NA	NA	NCIT:C115935	Qiagen	HLA-DRB1*04:04 protein complex;HLA protein complex with DQ3 serotype;HLA-DQA1*02:01 protein complex	MRO:0001293;MRO:0001622;MRO:0001211	SRR4305298	27133167	IlluminaHiSeq	Male	NCIT:C20197	NA	NA	Yes	Homo sapiens
VatanenT_2016	P019222	G78852	Otitis Media;Pneumonia;bronchitis;Upper Respiratory Tract Infection;Septicemia;Skin Infection;Cough;Gastroenteritis;Tonsillitis;Pyelonephritis;Cystitis;Fever;Infectious Disorder;Stomatitis;Salmonellosis	NCIT:C34885;NCIT:C3333;NCIT:C2911;NCIT:C35650;NCIT:C3364;NCIT:C35025;NCIT:C37935;NCIT:C34632;NCIT:C116006;NCIT:C34965;NCIT:C26738;NCIT:C3038;NCIT:C128320;NCIT:C26887;NCIT:C157974	Study Control	NCIT:C142703	Russian Federation	NCIT:C17111	feces	UBERON:0001988	Infant	NCIT:C27956	241	Day	0.7	8	0	No	Paolo_Manghi,Svetlana_Ugarcina_Perovic	Healthy	NA	NA	NCIT:C115935	Qiagen	HLA-DRB1*04:04 protein complex;HLA protein complex with DQ3 serotype;HLA-DQA1*02:01 protein complex	MRO:0001293;MRO:0001622;MRO:0001211	SRR4305351	27133167	IlluminaHiSeq	Male	NCIT:C20197	NA	NA	Yes	Homo sapiens
VatanenT_2016	P019222	G80391	Otitis Media;Pneumonia;bronchitis;Upper Respiratory Tract Infection;Septicemia;Skin Infection;Cough;Gastroenteritis;Tonsillitis;Pyelonephritis;Cystitis;Fever;Infectious Disorder;Stomatitis;Salmonellosis	NCIT:C34885;NCIT:C3333;NCIT:C2911;NCIT:C35650;NCIT:C3364;NCIT:C35025;NCIT:C37935;NCIT:C34632;NCIT:C116006;NCIT:C34965;NCIT:C26738;NCIT:C3038;NCIT:C128320;NCIT:C26887;NCIT:C157974	Study Control	NCIT:C142703	Russian Federation	NCIT:C17111	feces	UBERON:0001988	Infant	NCIT:C27956	352	Day	1	12	111	No	Paolo_Manghi,Svetlana_Ugarcina_Perovic	Healthy	NA	NA	NCIT:C115935	Qiagen	HLA-DRB1*04:04 protein complex;HLA protein complex with DQ3 serotype;HLA-DQA1*02:01 protein complex	MRO:0001293;MRO:0001622;MRO:0001211	SRR4408262	27133167	IlluminaHiSeq	Male	NCIT:C20197	NA	NA	Yes	Homo sapiens
VatanenT_2016	P019475	G78860	Otitis Media;Pneumonia;bronchitis;Upper Respiratory Tract Infection;Septicemia;Skin Infection;Cough;Gastroenteritis;Tonsillitis;Pyelonephritis;Cystitis;Fever;Infectious Disorder;Stomatitis;Salmonellosis	NCIT:C34885;NCIT:C3333;NCIT:C2911;NCIT:C35650;NCIT:C3364;NCIT:C35025;NCIT:C37935;NCIT:C34632;NCIT:C116006;NCIT:C34965;NCIT:C26738;NCIT:C3038;NCIT:C128320;NCIT:C26887;NCIT:C157974	Case	NCIT:C49152	Russian Federation	NCIT:C17111	feces	UBERON:0001988	Infant	NCIT:C27956	400	Day	1.1	13	238	Yes	Paolo_Manghi,Svetlana_Ugarcina_Perovic	Upper Respiratory Tract Infection	NA	NA	NCIT:C35650	Qiagen	HLA-DQA1*02:01 protein complex;HLA protein complex with DQ5 serotype	MRO:0001211;MRO:0001626	SRR4305359	27133167	IlluminaHiSeq	Male	NCIT:C20197	Cephalosporin Antibiotic;Penicillin Antibiotic	NCIT:C357;NCIT:C1500	Yes	Homo sapiens
VatanenT_2016	P019475	G78861	Otitis Media;Pneumonia;bronchitis;Upper Respiratory Tract Infection;Septicemia;Skin Infection;Cough;Gastroenteritis;Tonsillitis;Pyelonephritis;Cystitis;Fever;Infectious Disorder;Stomatitis;Salmonellosis	NCIT:C34885;NCIT:C3333;NCIT:C2911;NCIT:C35650;NCIT:C3364;NCIT:C35025;NCIT:C37935;NCIT:C34632;NCIT:C116006;NCIT:C34965;NCIT:C26738;NCIT:C3038;NCIT:C128320;NCIT:C26887;NCIT:C157974	Study Control	NCIT:C142703	Russian Federation	NCIT:C17111	feces	UBERON:0001988	Infant	NCIT:C27956	548	Day	1.5	18	386	No	Paolo_Manghi,Svetlana_Ugarcina_Perovic	Healthy	NA	NA	NCIT:C115935	Qiagen	HLA-DQA1*02:01 protein complex;HLA protein complex with DQ5 serotype	MRO:0001211;MRO:0001626	SRR4305360	27133167	IlluminaHiSeq	Male	NCIT:C20197	NA	NA	Yes	Homo sapiens
VatanenT_2016	P019475	G78909	Otitis Media;Pneumonia;bronchitis;Upper Respiratory Tract Infection;Septicemia;Skin Infection;Cough;Gastroenteritis;Tonsillitis;Pyelonephritis;Cystitis;Fever;Infectious Disorder;Stomatitis;Salmonellosis	NCIT:C34885;NCIT:C3333;NCIT:C2911;NCIT:C35650;NCIT:C3364;NCIT:C35025;NCIT:C37935;NCIT:C34632;NCIT:C116006;NCIT:C34965;NCIT:C26738;NCIT:C3038;NCIT:C128320;NCIT:C26887;NCIT:C157974	Study Control	NCIT:C142703	Russian Federation	NCIT:C17111	feces	UBERON:0001988	Infant	NCIT:C27956	162	Day	0.4	5	0	No	Paolo_Manghi,Svetlana_Ugarcina_Perovic	Healthy	NA	NA	NCIT:C115935	Qiagen	HLA-DQA1*02:01 protein complex;HLA protein complex with DQ5 serotype	MRO:0001211;MRO:0001626	SRR4305414	27133167	IlluminaHiSeq	Male	NCIT:C20197	NA	NA	Yes	Homo sapiens
VatanenT_2016	P019475	G80337	Otitis Media;Pneumonia;bronchitis;Upper Respiratory Tract Infection;Septicemia;Skin Infection;Cough;Gastroenteritis;Tonsillitis;Pyelonephritis;Cystitis;Fever;Infectious Disorder;Stomatitis;Salmonellosis	NCIT:C34885;NCIT:C3333;NCIT:C2911;NCIT:C35650;NCIT:C3364;NCIT:C35025;NCIT:C37935;NCIT:C34632;NCIT:C116006;NCIT:C34965;NCIT:C26738;NCIT:C3038;NCIT:C128320;NCIT:C26887;NCIT:C157974	Case	NCIT:C49152	Russian Federation	NCIT:C17111	feces	UBERON:0001988	Infant	NCIT:C27956	460	Day	1.3	15	298	Yes	Paolo_Manghi,Svetlana_Ugarcina_Perovic	Upper Respiratory Tract Infection	NA	NA	NCIT:C35650	Qiagen	HLA-DQA1*02:01 protein complex;HLA protein complex with DQ5 serotype	MRO:0001211;MRO:0001626	SRR4408080	27133167	IlluminaHiSeq	Male	NCIT:C20197	Cephalosporin Antibiotic;Penicillin Antibiotic	NCIT:C357;NCIT:C1500	Yes	Homo sapiens
VatanenT_2016	P019475	G80550	Otitis Media;Pneumonia;bronchitis;Upper Respiratory Tract Infection;Septicemia;Skin Infection;Cough;Gastroenteritis;Tonsillitis;Pyelonephritis;Cystitis;Fever;Infectious Disorder;Stomatitis;Salmonellosis	NCIT:C34885;NCIT:C3333;NCIT:C2911;NCIT:C35650;NCIT:C3364;NCIT:C35025;NCIT:C37935;NCIT:C34632;NCIT:C116006;NCIT:C34965;NCIT:C26738;NCIT:C3038;NCIT:C128320;NCIT:C26887;NCIT:C157974	Study Control	NCIT:C142703	Russian Federation	NCIT:C17111	feces	UBERON:0001988	Infant	NCIT:C27956	652	Day	1.8	21	490	No	Paolo_Manghi,Svetlana_Ugarcina_Perovic	Healthy	NA	NA	NCIT:C115935	Qiagen	HLA-DQA1*02:01 protein complex;HLA protein complex with DQ5 serotype	MRO:0001211;MRO:0001626	SRR4408144	27133167	IlluminaHiSeq	Male	NCIT:C20197	NA	NA	Yes	Homo sapiens
VatanenT_2016	P019854	G78732	Otitis Media;Pneumonia;bronchitis;Upper Respiratory Tract Infection;Septicemia;Skin Infection;Cough;Gastroenteritis;Tonsillitis;Pyelonephritis;Cystitis;Fever;Infectious Disorder;Stomatitis;Salmonellosis	NCIT:C34885;NCIT:C3333;NCIT:C2911;NCIT:C35650;NCIT:C3364;NCIT:C35025;NCIT:C37935;NCIT:C34632;NCIT:C116006;NCIT:C34965;NCIT:C26738;NCIT:C3038;NCIT:C128320;NCIT:C26887;NCIT:C157974	Study Control	NCIT:C142703	Russian Federation	NCIT:C17111	feces	UBERON:0001988	Infant	NCIT:C27956	554	Day	1.5	18	0	No	Paolo_Manghi,Svetlana_Ugarcina_Perovic	Healthy	NA	NA	NCIT:C115935	Qiagen	HLA-DRB1*04:04 protein complex	MRO:0001293	SRR4305247	27133167	IlluminaHiSeq	Female	NCIT:C16576	NA	NA	Yes	Homo sapiens
VatanenT_2016	P019854	G80303	Otitis Media;Pneumonia;bronchitis;Upper Respiratory Tract Infection;Septicemia;Skin Infection;Cough;Gastroenteritis;Tonsillitis;Pyelonephritis;Cystitis;Fever;Infectious Disorder;Stomatitis;Salmonellosis	NCIT:C34885;NCIT:C3333;NCIT:C2911;NCIT:C35650;NCIT:C3364;NCIT:C35025;NCIT:C37935;NCIT:C34632;NCIT:C116006;NCIT:C34965;NCIT:C26738;NCIT:C3038;NCIT:C128320;NCIT:C26887;NCIT:C157974	Study Control	NCIT:C142703	Russian Federation	NCIT:C17111	feces	UBERON:0001988	Child	NCIT:C49683	730	Day	2	24	176	No	Paolo_Manghi,Svetlana_Ugarcina_Perovic	Healthy	NA	NA	NCIT:C115935	Qiagen	HLA-DRB1*04:04 protein complex	MRO:0001293	SRR4305463	27133167	IlluminaHiSeq	Female	NCIT:C16576	NA	NA	Yes	Homo sapiens
VatanenT_2016	P019854	G80325	Otitis Media;Pneumonia;bronchitis;Upper Respiratory Tract Infection;Septicemia;Skin Infection;Cough;Gastroenteritis;Tonsillitis;Pyelonephritis;Cystitis;Fever;Infectious Disorder;Stomatitis;Salmonellosis	NCIT:C34885;NCIT:C3333;NCIT:C2911;NCIT:C35650;NCIT:C3364;NCIT:C35025;NCIT:C37935;NCIT:C34632;NCIT:C116006;NCIT:C34965;NCIT:C26738;NCIT:C3038;NCIT:C128320;NCIT:C26887;NCIT:C157974	Study Control	NCIT:C142703	Russian Federation	NCIT:C17111	feces	UBERON:0001988	Infant	NCIT:C27956	608	Day	1.7	20	54	No	Paolo_Manghi,Svetlana_Ugarcina_Perovic	Healthy	NA	NA	NCIT:C115935	Qiagen	HLA-DRB1*04:04 protein complex	MRO:0001293	SRR4408250	27133167	IlluminaHiSeq	Female	NCIT:C16576	NA	NA	Yes	Homo sapiens
VatanenT_2016	P019980	G78728	Otitis Media;Pneumonia;bronchitis;Upper Respiratory Tract Infection;Septicemia;Skin Infection;Cough;Gastroenteritis;Tonsillitis;Pyelonephritis;Cystitis;Fever;Infectious Disorder;Stomatitis;Salmonellosis	NCIT:C34885;NCIT:C3333;NCIT:C2911;NCIT:C35650;NCIT:C3364;NCIT:C35025;NCIT:C37935;NCIT:C34632;NCIT:C116006;NCIT:C34965;NCIT:C26738;NCIT:C3038;NCIT:C128320;NCIT:C26887;NCIT:C157974	Study Control	NCIT:C142703	Russian Federation	NCIT:C17111	feces	UBERON:0001988	Infant	NCIT:C27956	706	Day	1.9	23	191	Yes	Paolo_Manghi,Svetlana_Ugarcina_Perovic	Healthy	NA	NA	NCIT:C115935	Qiagen	HLA protein complex with DQ5 serotype	MRO:0001626	SRR4305245	27133167	IlluminaHiSeq	Female	NCIT:C16576	Cephalosporin Antibiotic	NCIT:C357	Yes	Homo sapiens
VatanenT_2016	P019980	G78744	Otitis Media;Pneumonia;bronchitis;Upper Respiratory Tract Infection;Septicemia;Skin Infection;Cough;Gastroenteritis;Tonsillitis;Pyelonephritis;Cystitis;Fever;Infectious Disorder;Stomatitis;Salmonellosis	NCIT:C34885;NCIT:C3333;NCIT:C2911;NCIT:C35650;NCIT:C3364;NCIT:C35025;NCIT:C37935;NCIT:C34632;NCIT:C116006;NCIT:C34965;NCIT:C26738;NCIT:C3038;NCIT:C128320;NCIT:C26887;NCIT:C157974	Study Control	NCIT:C142703	Russian Federation	NCIT:C17111	feces	UBERON:0001988	Infant	NCIT:C27956	515	Day	1.4	17	0	No	Paolo_Manghi,Svetlana_Ugarcina_Perovic	Healthy	NA	NA	NCIT:C115935	Qiagen	HLA protein complex with DQ5 serotype	MRO:0001626	SRR4305261	27133167	IlluminaHiSeq	Female	NCIT:C16576	NA	NA	Yes	Homo sapiens
VatanenT_2016	P019980	G80404	Otitis Media;Pneumonia;bronchitis;Upper Respiratory Tract Infection;Septicemia;Skin Infection;Cough;Gastroenteritis;Tonsillitis;Pyelonephritis;Cystitis;Fever;Infectious Disorder;Stomatitis;Salmonellosis	NCIT:C34885;NCIT:C3333;NCIT:C2911;NCIT:C35650;NCIT:C3364;NCIT:C35025;NCIT:C37935;NCIT:C34632;NCIT:C116006;NCIT:C34965;NCIT:C26738;NCIT:C3038;NCIT:C128320;NCIT:C26887;NCIT:C157974	Study Control	NCIT:C142703	Russian Federation	NCIT:C17111	feces	UBERON:0001988	Infant	NCIT:C27956	615	Day	1.7	20	100	Yes	Paolo_Manghi,Svetlana_Ugarcina_Perovic	Healthy	NA	NA	NCIT:C115935	Qiagen	HLA protein complex with DQ5 serotype	MRO:0001626	SRR4408276	27133167	IlluminaHiSeq	Female	NCIT:C16576	Cephalosporin Antibiotic	NCIT:C357	Yes	Homo sapiens
VatanenT_2016	P020604	G78568	Otitis Media;Pneumonia;bronchitis;Upper Respiratory Tract Infection;Septicemia;Skin Infection;Cough;Gastroenteritis;Tonsillitis;Pyelonephritis;Cystitis;Fever;Infectious Disorder;Stomatitis;Salmonellosis	NCIT:C34885;NCIT:C3333;NCIT:C2911;NCIT:C35650;NCIT:C3364;NCIT:C35025;NCIT:C37935;NCIT:C34632;NCIT:C116006;NCIT:C34965;NCIT:C26738;NCIT:C3038;NCIT:C128320;NCIT:C26887;NCIT:C157974	Study Control	NCIT:C142703	Russian Federation	NCIT:C17111	feces	UBERON:0001988	Infant	NCIT:C27956	381	Day	1	13	97	No	Paolo_Manghi,Svetlana_Ugarcina_Perovic	Healthy	NA	NA	NCIT:C115935	Qiagen	HLA protein complex with DQ5 serotype	MRO:0001626	SRR4305096	27133167	IlluminaHiSeq	Male	NCIT:C20197	NA	NA	Yes	Homo sapiens
VatanenT_2016	P020604	G78648	Otitis Media;Pneumonia;bronchitis;Upper Respiratory Tract Infection;Septicemia;Skin Infection;Cough;Gastroenteritis;Tonsillitis;Pyelonephritis;Cystitis;Fever;Infectious Disorder;Stomatitis;Salmonellosis	NCIT:C34885;NCIT:C3333;NCIT:C2911;NCIT:C35650;NCIT:C3364;NCIT:C35025;NCIT:C37935;NCIT:C34632;NCIT:C116006;NCIT:C34965;NCIT:C26738;NCIT:C3038;NCIT:C128320;NCIT:C26887;NCIT:C157974	Study Control	NCIT:C142703	Russian Federation	NCIT:C17111	feces	UBERON:0001988	Infant	NCIT:C27956	499	Day	1.4	16	215	No	Paolo_Manghi,Svetlana_Ugarcina_Perovic	Healthy	NA	NA	NCIT:C115935	Qiagen	HLA protein complex with DQ5 serotype	MRO:0001626	SRR4305178	27133167	IlluminaHiSeq	Male	NCIT:C20197	NA	NA	Yes	Homo sapiens
VatanenT_2016	P020604	G78649	Otitis Media;Pneumonia;bronchitis;Upper Respiratory Tract Infection;Septicemia;Skin Infection;Cough;Gastroenteritis;Tonsillitis;Pyelonephritis;Cystitis;Fever;Infectious Disorder;Stomatitis;Salmonellosis	NCIT:C34885;NCIT:C3333;NCIT:C2911;NCIT:C35650;NCIT:C3364;NCIT:C35025;NCIT:C37935;NCIT:C34632;NCIT:C116006;NCIT:C34965;NCIT:C26738;NCIT:C3038;NCIT:C128320;NCIT:C26887;NCIT:C157974	Study Control	NCIT:C142703	Russian Federation	NCIT:C17111	feces	UBERON:0001988	Infant	NCIT:C27956	534	Day	1.5	18	250	No	Paolo_Manghi,Svetlana_Ugarcina_Perovic	Healthy	NA	NA	NCIT:C115935	Qiagen	HLA protein complex with DQ5 serotype	MRO:0001626	SRR4305179	27133167	IlluminaHiSeq	Male	NCIT:C20197	NA	NA	Yes	Homo sapiens
VatanenT_2016	P020604	G78746	Otitis Media;Pneumonia;bronchitis;Upper Respiratory Tract Infection;Septicemia;Skin Infection;Cough;Gastroenteritis;Tonsillitis;Pyelonephritis;Cystitis;Fever;Infectious Disorder;Stomatitis;Salmonellosis	NCIT:C34885;NCIT:C3333;NCIT:C2911;NCIT:C35650;NCIT:C3364;NCIT:C35025;NCIT:C37935;NCIT:C34632;NCIT:C116006;NCIT:C34965;NCIT:C26738;NCIT:C3038;NCIT:C128320;NCIT:C26887;NCIT:C157974	Study Control	NCIT:C142703	Russian Federation	NCIT:C17111	feces	UBERON:0001988	Infant	NCIT:C27956	696	Day	1.9	23	412	No	Paolo_Manghi,Svetlana_Ugarcina_Perovic	Healthy	NA	NA	NCIT:C115935	Qiagen	HLA protein complex with DQ5 serotype	MRO:0001626	SRR4305262	27133167	IlluminaHiSeq	Male	NCIT:C20197	NA	NA	Yes	Homo sapiens
VatanenT_2016	P020604	G78794	Otitis Media;Pneumonia;bronchitis;Upper Respiratory Tract Infection;Septicemia;Skin Infection;Cough;Gastroenteritis;Tonsillitis;Pyelonephritis;Cystitis;Fever;Infectious Disorder;Stomatitis;Salmonellosis	NCIT:C34885;NCIT:C3333;NCIT:C2911;NCIT:C35650;NCIT:C3364;NCIT:C35025;NCIT:C37935;NCIT:C34632;NCIT:C116006;NCIT:C34965;NCIT:C26738;NCIT:C3038;NCIT:C128320;NCIT:C26887;NCIT:C157974	Study Control	NCIT:C142703	Russian Federation	NCIT:C17111	feces	UBERON:0001988	Infant	NCIT:C27956	284	Day	0.8	9	0	No	Paolo_Manghi,Svetlana_Ugarcina_Perovic	Healthy	NA	NA	NCIT:C115935	Qiagen	HLA protein complex with DQ5 serotype	MRO:0001626	SRR4305296	27133167	IlluminaHiSeq	Male	NCIT:C20197	NA	NA	Yes	Homo sapiens
VatanenT_2016	P020604	G78795	Otitis Media;Pneumonia;bronchitis;Upper Respiratory Tract Infection;Septicemia;Skin Infection;Cough;Gastroenteritis;Tonsillitis;Pyelonephritis;Cystitis;Fever;Infectious Disorder;Stomatitis;Salmonellosis	NCIT:C34885;NCIT:C3333;NCIT:C2911;NCIT:C35650;NCIT:C3364;NCIT:C35025;NCIT:C37935;NCIT:C34632;NCIT:C116006;NCIT:C34965;NCIT:C26738;NCIT:C3038;NCIT:C128320;NCIT:C26887;NCIT:C157974	Study Control	NCIT:C142703	Russian Federation	NCIT:C17111	feces	UBERON:0001988	Infant	NCIT:C27956	341	Day	0.9	11	57	No	Paolo_Manghi,Svetlana_Ugarcina_Perovic	Healthy	NA	NA	NCIT:C115935	Qiagen	HLA protein complex with DQ5 serotype	MRO:0001626	SRR4305297	27133167	IlluminaHiSeq	Male	NCIT:C20197	NA	NA	Yes	Homo sapiens
VatanenT_2016	P020604	G78842	Otitis Media;Pneumonia;bronchitis;Upper Respiratory Tract Infection;Septicemia;Skin Infection;Cough;Gastroenteritis;Tonsillitis;Pyelonephritis;Cystitis;Fever;Infectious Disorder;Stomatitis;Salmonellosis	NCIT:C34885;NCIT:C3333;NCIT:C2911;NCIT:C35650;NCIT:C3364;NCIT:C35025;NCIT:C37935;NCIT:C34632;NCIT:C116006;NCIT:C34965;NCIT:C26738;NCIT:C3038;NCIT:C128320;NCIT:C26887;NCIT:C157974	Study Control	NCIT:C142703	Russian Federation	NCIT:C17111	feces	UBERON:0001988	Child	NCIT:C49683	971	Day	2.7	32	687	No	Paolo_Manghi,Svetlana_Ugarcina_Perovic	Healthy	NA	NA	NCIT:C115935	Qiagen	HLA protein complex with DQ5 serotype	MRO:0001626	SRR4305342	27133167	IlluminaHiSeq	Male	NCIT:C20197	NA	NA	Yes	Homo sapiens
VatanenT_2016	P020604	G78496	Otitis Media;Pneumonia;bronchitis;Upper Respiratory Tract Infection;Septicemia;Skin Infection;Cough;Gastroenteritis;Tonsillitis;Pyelonephritis;Cystitis;Fever;Infectious Disorder;Stomatitis;Salmonellosis	NCIT:C34885;NCIT:C3333;NCIT:C2911;NCIT:C35650;NCIT:C3364;NCIT:C35025;NCIT:C37935;NCIT:C34632;NCIT:C116006;NCIT:C34965;NCIT:C26738;NCIT:C3038;NCIT:C128320;NCIT:C26887;NCIT:C157974	Study Control	NCIT:C142703	Russian Federation	NCIT:C17111	feces	UBERON:0001988	Child	NCIT:C49683	809	Day	2.2	27	525	No	Paolo_Manghi,Svetlana_Ugarcina_Perovic	Healthy	NA	NA	NCIT:C115935	Qiagen	HLA protein complex with DQ5 serotype	MRO:0001626	SRR4305527	27133167	IlluminaHiSeq	Male	NCIT:C20197	NA	NA	Yes	Homo sapiens
VatanenT_2016	P020604	G80613	Otitis Media;Pneumonia;bronchitis;Upper Respiratory Tract Infection;Septicemia;Skin Infection;Cough;Gastroenteritis;Tonsillitis;Pyelonephritis;Cystitis;Fever;Infectious Disorder;Stomatitis;Salmonellosis	NCIT:C34885;NCIT:C3333;NCIT:C2911;NCIT:C35650;NCIT:C3364;NCIT:C35025;NCIT:C37935;NCIT:C34632;NCIT:C116006;NCIT:C34965;NCIT:C26738;NCIT:C3038;NCIT:C128320;NCIT:C26887;NCIT:C157974	Study Control	NCIT:C142703	Russian Federation	NCIT:C17111	feces	UBERON:0001988	Infant	NCIT:C27956	629	Day	1.7	21	345	No	Paolo_Manghi,Svetlana_Ugarcina_Perovic	Healthy	NA	NA	NCIT:C115935	Qiagen	HLA protein complex with DQ5 serotype	MRO:0001626	SRR4408206	27133167	IlluminaHiSeq	Male	NCIT:C20197	NA	NA	Yes	Homo sapiens
VatanenT_2016	P020604	G80397	Otitis Media;Pneumonia;bronchitis;Upper Respiratory Tract Infection;Septicemia;Skin Infection;Cough;Gastroenteritis;Tonsillitis;Pyelonephritis;Cystitis;Fever;Infectious Disorder;Stomatitis;Salmonellosis	NCIT:C34885;NCIT:C3333;NCIT:C2911;NCIT:C35650;NCIT:C3364;NCIT:C35025;NCIT:C37935;NCIT:C34632;NCIT:C116006;NCIT:C34965;NCIT:C26738;NCIT:C3038;NCIT:C128320;NCIT:C26887;NCIT:C157974	Study Control	NCIT:C142703	Russian Federation	NCIT:C17111	feces	UBERON:0001988	Child	NCIT:C49683	747	Day	2	25	463	No	Paolo_Manghi,Svetlana_Ugarcina_Perovic	Healthy	NA	NA	NCIT:C115935	Qiagen	HLA protein complex with DQ5 serotype	MRO:0001626	SRR4408268	27133167	IlluminaHiSeq	Male	NCIT:C20197	NA	NA	Yes	Homo sapiens
VatanenT_2016	P020631	G80282	Otitis Media;Pneumonia;bronchitis;Upper Respiratory Tract Infection;Septicemia;Skin Infection;Cough;Gastroenteritis;Tonsillitis;Pyelonephritis;Cystitis;Fever;Infectious Disorder;Stomatitis;Salmonellosis	NCIT:C34885;NCIT:C3333;NCIT:C2911;NCIT:C35650;NCIT:C3364;NCIT:C35025;NCIT:C37935;NCIT:C34632;NCIT:C116006;NCIT:C34965;NCIT:C26738;NCIT:C3038;NCIT:C128320;NCIT:C26887;NCIT:C157974	Study Control	NCIT:C142703	Russian Federation	NCIT:C17111	feces	UBERON:0001988	Child	NCIT:C49683	857	Day	2.3	28	235	No	Paolo_Manghi,Svetlana_Ugarcina_Perovic	Healthy	NA	NA	NCIT:C115935	Qiagen	HLA-DRB1*04:04 protein complex	MRO:0001293	SRR4305441	27133167	IlluminaHiSeq	Male	NCIT:C20197	NA	NA	Yes	Homo sapiens
VatanenT_2016	P020631	G80423	Otitis Media;Pneumonia;bronchitis;Upper Respiratory Tract Infection;Septicemia;Skin Infection;Cough;Gastroenteritis;Tonsillitis;Pyelonephritis;Cystitis;Fever;Infectious Disorder;Stomatitis;Salmonellosis	NCIT:C34885;NCIT:C3333;NCIT:C2911;NCIT:C35650;NCIT:C3364;NCIT:C35025;NCIT:C37935;NCIT:C34632;NCIT:C116006;NCIT:C34965;NCIT:C26738;NCIT:C3038;NCIT:C128320;NCIT:C26887;NCIT:C157974	Study Control	NCIT:C142703	Russian Federation	NCIT:C17111	feces	UBERON:0001988	Infant	NCIT:C27956	622	Day	1.7	20	0	No	Paolo_Manghi,Svetlana_Ugarcina_Perovic	Healthy	NA	NA	NCIT:C115935	Qiagen	HLA-DRB1*04:04 protein complex	MRO:0001293	SRR4408006	27133167	IlluminaHiSeq	Male	NCIT:C20197	NA	NA	Yes	Homo sapiens
VatanenT_2016	P020631	G80526	Otitis Media;Pneumonia;bronchitis;Upper Respiratory Tract Infection;Septicemia;Skin Infection;Cough;Gastroenteritis;Tonsillitis;Pyelonephritis;Cystitis;Fever;Infectious Disorder;Stomatitis;Salmonellosis	NCIT:C34885;NCIT:C3333;NCIT:C2911;NCIT:C35650;NCIT:C3364;NCIT:C35025;NCIT:C37935;NCIT:C34632;NCIT:C116006;NCIT:C34965;NCIT:C26738;NCIT:C3038;NCIT:C128320;NCIT:C26887;NCIT:C157974	Study Control	NCIT:C142703	Russian Federation	NCIT:C17111	feces	UBERON:0001988	Child	NCIT:C49683	902	Day	2.5	30	280	No	Paolo_Manghi,Svetlana_Ugarcina_Perovic	Healthy	NA	NA	NCIT:C115935	Qiagen	HLA-DRB1*04:04 protein complex	MRO:0001293	SRR4408119	27133167	IlluminaHiSeq	Male	NCIT:C20197	NA	NA	Yes	Homo sapiens
VatanenT_2016	P020799	G80342	Otitis Media;Pneumonia;bronchitis;Upper Respiratory Tract Infection;Septicemia;Skin Infection;Cough;Gastroenteritis;Tonsillitis;Pyelonephritis;Cystitis;Fever;Infectious Disorder;Stomatitis;Salmonellosis	NCIT:C34885;NCIT:C3333;NCIT:C2911;NCIT:C35650;NCIT:C3364;NCIT:C35025;NCIT:C37935;NCIT:C34632;NCIT:C116006;NCIT:C34965;NCIT:C26738;NCIT:C3038;NCIT:C128320;NCIT:C26887;NCIT:C157974	Study Control	NCIT:C142703	Russian Federation	NCIT:C17111	feces	UBERON:0001988	Infant	NCIT:C27956	433	Day	1.2	14	0	No	Paolo_Manghi,Svetlana_Ugarcina_Perovic	Healthy	NA	NA	NCIT:C115935	Qiagen	HLA-DRB1*04:01 protein complex	MRO:0001290	SRR4408143	27133167	IlluminaHiSeq	Male	NCIT:C20197	NA	NA	Yes	Homo sapiens
VatanenT_2016	P020861	G78735	Otitis Media;Pneumonia;bronchitis;Upper Respiratory Tract Infection;Septicemia;Skin Infection;Cough;Gastroenteritis;Tonsillitis;Pyelonephritis;Cystitis;Fever;Infectious Disorder;Stomatitis;Salmonellosis	NCIT:C34885;NCIT:C3333;NCIT:C2911;NCIT:C35650;NCIT:C3364;NCIT:C35025;NCIT:C37935;NCIT:C34632;NCIT:C116006;NCIT:C34965;NCIT:C26738;NCIT:C3038;NCIT:C128320;NCIT:C26887;NCIT:C157974	Study Control	NCIT:C142703	Russian Federation	NCIT:C17111	feces	UBERON:0001988	Infant	NCIT:C27956	423	Day	1.2	14	0	No	Paolo_Manghi,Svetlana_Ugarcina_Perovic	Healthy	NA	NA	NCIT:C115935	Qiagen	HLA protein complex with DQ3 serotype;HLA protein complex with DQ3 serotype;HLA-DRB1*04:04 protein complex	MRO:0001622;MRO:0001622;MRO:0001293	SRR4305250	27133167	IlluminaHiSeq	Male	NCIT:C20197	NA	NA	Yes	Homo sapiens
VatanenT_2016	P020861	G69197	Otitis Media;Pneumonia;bronchitis;Upper Respiratory Tract Infection;Septicemia;Skin Infection;Cough;Gastroenteritis;Tonsillitis;Pyelonephritis;Cystitis;Fever;Infectious Disorder;Stomatitis;Salmonellosis	NCIT:C34885;NCIT:C3333;NCIT:C2911;NCIT:C35650;NCIT:C3364;NCIT:C35025;NCIT:C37935;NCIT:C34632;NCIT:C116006;NCIT:C34965;NCIT:C26738;NCIT:C3038;NCIT:C128320;NCIT:C26887;NCIT:C157974	Study Control	NCIT:C142703	Russian Federation	NCIT:C17111	feces	UBERON:0001988	Infant	NCIT:C27956	510	Day	1.4	17	78	No	Paolo_Manghi,Svetlana_Ugarcina_Perovic	Healthy	NA	NA	NCIT:C115935	Qiagen	HLA protein complex with DQ3 serotype;HLA protein complex with DQ3 serotype;HLA-DRB1*04:04 protein complex	MRO:0001622;MRO:0001622;MRO:0001293	SRR4305446	27133167	IlluminaHiSeq	Male	NCIT:C20197	NA	NA	Yes	Homo sapiens
VatanenT_2016	P021343	G78570	Otitis Media;Pneumonia;bronchitis;Upper Respiratory Tract Infection;Septicemia;Skin Infection;Cough;Gastroenteritis;Tonsillitis;Pyelonephritis;Cystitis;Fever;Infectious Disorder;Stomatitis;Salmonellosis	NCIT:C34885;NCIT:C3333;NCIT:C2911;NCIT:C35650;NCIT:C3364;NCIT:C35025;NCIT:C37935;NCIT:C34632;NCIT:C116006;NCIT:C34965;NCIT:C26738;NCIT:C3038;NCIT:C128320;NCIT:C26887;NCIT:C157974	Study Control	NCIT:C142703	Russian Federation	NCIT:C17111	feces	UBERON:0001988	Infant	NCIT:C27956	405	Day	1.1	13	0	No	Paolo_Manghi,Svetlana_Ugarcina_Perovic	Healthy	NA	NA	NCIT:C115935	Qiagen	HLA-DRB1*04:04 protein complex	MRO:0001293	SRR4305097	27133167	IlluminaHiSeq	Male	NCIT:C20197	NA	NA	Yes	Homo sapiens
VatanenT_2016	P021343	G78571	Otitis Media;Pneumonia;bronchitis;Upper Respiratory Tract Infection;Septicemia;Skin Infection;Cough;Gastroenteritis;Tonsillitis;Pyelonephritis;Cystitis;Fever;Infectious Disorder;Stomatitis;Salmonellosis	NCIT:C34885;NCIT:C3333;NCIT:C2911;NCIT:C35650;NCIT:C3364;NCIT:C35025;NCIT:C37935;NCIT:C34632;NCIT:C116006;NCIT:C34965;NCIT:C26738;NCIT:C3038;NCIT:C128320;NCIT:C26887;NCIT:C157974	Study Control	NCIT:C142703	Russian Federation	NCIT:C17111	feces	UBERON:0001988	Infant	NCIT:C27956	434	Day	1.2	14	29	No	Paolo_Manghi,Svetlana_Ugarcina_Perovic	Healthy	NA	NA	NCIT:C115935	Qiagen	HLA-DRB1*04:04 protein complex	MRO:0001293	SRR4305098	27133167	IlluminaHiSeq	Male	NCIT:C20197	NA	NA	Yes	Homo sapiens
VatanenT_2016	P021772	G78548	Otitis Media;Pneumonia;bronchitis;Upper Respiratory Tract Infection;Septicemia;Skin Infection;Cough;Gastroenteritis;Tonsillitis;Pyelonephritis;Cystitis;Fever;Infectious Disorder;Stomatitis;Salmonellosis	NCIT:C34885;NCIT:C3333;NCIT:C2911;NCIT:C35650;NCIT:C3364;NCIT:C35025;NCIT:C37935;NCIT:C34632;NCIT:C116006;NCIT:C34965;NCIT:C26738;NCIT:C3038;NCIT:C128320;NCIT:C26887;NCIT:C157974	Study Control	NCIT:C142703	Russian Federation	NCIT:C17111	feces	UBERON:0001988	Infant	NCIT:C27956	519	Day	1.4	17	61	No	Paolo_Manghi,Svetlana_Ugarcina_Perovic	Healthy	NA	NA	NCIT:C115935	Qiagen	HLA-DRB1*04:04 protein complex;HLA protein complex with DQ3 serotype;HLA protein complex with DQ3 serotype	MRO:0001293;MRO:0001622;MRO:0001622	SRR4305078	27133167	IlluminaHiSeq	Female	NCIT:C16576	NA	NA	Yes	Homo sapiens
VatanenT_2016	P021772	G80264	Otitis Media;Pneumonia;bronchitis;Upper Respiratory Tract Infection;Septicemia;Skin Infection;Cough;Gastroenteritis;Tonsillitis;Pyelonephritis;Cystitis;Fever;Infectious Disorder;Stomatitis;Salmonellosis	NCIT:C34885;NCIT:C3333;NCIT:C2911;NCIT:C35650;NCIT:C3364;NCIT:C35025;NCIT:C37935;NCIT:C34632;NCIT:C116006;NCIT:C34965;NCIT:C26738;NCIT:C3038;NCIT:C128320;NCIT:C26887;NCIT:C157974	Study Control	NCIT:C142703	Russian Federation	NCIT:C17111	feces	UBERON:0001988	Child	NCIT:C49683	730	Day	2	24	272	No	Paolo_Manghi,Svetlana_Ugarcina_Perovic	Healthy	NA	NA	NCIT:C115935	Qiagen	HLA-DRB1*04:04 protein complex;HLA protein complex with DQ3 serotype;HLA protein complex with DQ3 serotype	MRO:0001293;MRO:0001622;MRO:0001622	SRR4305422	27133167	IlluminaHiSeq	Female	NCIT:C16576	NA	NA	Yes	Homo sapiens
VatanenT_2016	P021772	G80351	Otitis Media;Pneumonia;bronchitis;Upper Respiratory Tract Infection;Septicemia;Skin Infection;Cough;Gastroenteritis;Tonsillitis;Pyelonephritis;Cystitis;Fever;Infectious Disorder;Stomatitis;Salmonellosis	NCIT:C34885;NCIT:C3333;NCIT:C2911;NCIT:C35650;NCIT:C3364;NCIT:C35025;NCIT:C37935;NCIT:C34632;NCIT:C116006;NCIT:C34965;NCIT:C26738;NCIT:C3038;NCIT:C128320;NCIT:C26887;NCIT:C157974	Study Control	NCIT:C142703	Russian Federation	NCIT:C17111	feces	UBERON:0001988	Infant	NCIT:C27956	699	Day	1.9	23	241	No	Paolo_Manghi,Svetlana_Ugarcina_Perovic	Healthy	NA	NA	NCIT:C115935	Qiagen	HLA-DRB1*04:04 protein complex;HLA protein complex with DQ3 serotype;HLA protein complex with DQ3 serotype	MRO:0001293;MRO:0001622;MRO:0001622	SRR4408218	27133167	IlluminaHiSeq	Female	NCIT:C16576	NA	NA	Yes	Homo sapiens
VatanenT_2016	P021772	G80355	Otitis Media;Pneumonia;bronchitis;Upper Respiratory Tract Infection;Septicemia;Skin Infection;Cough;Gastroenteritis;Tonsillitis;Pyelonephritis;Cystitis;Fever;Infectious Disorder;Stomatitis;Salmonellosis	NCIT:C34885;NCIT:C3333;NCIT:C2911;NCIT:C35650;NCIT:C3364;NCIT:C35025;NCIT:C37935;NCIT:C34632;NCIT:C116006;NCIT:C34965;NCIT:C26738;NCIT:C3038;NCIT:C128320;NCIT:C26887;NCIT:C157974	Study Control	NCIT:C142703	Russian Federation	NCIT:C17111	feces	UBERON:0001988	Infant	NCIT:C27956	458	Day	1.3	15	0	No	Paolo_Manghi,Svetlana_Ugarcina_Perovic	Healthy	NA	NA	NCIT:C115935	Qiagen	HLA-DRB1*04:04 protein complex;HLA protein complex with DQ3 serotype;HLA protein complex with DQ3 serotype	MRO:0001293;MRO:0001622;MRO:0001622	SRR4408222	27133167	IlluminaHiSeq	Female	NCIT:C16576	NA	NA	Yes	Homo sapiens
VatanenT_2016	P021772	G80383	Otitis Media;Pneumonia;bronchitis;Upper Respiratory Tract Infection;Septicemia;Skin Infection;Cough;Gastroenteritis;Tonsillitis;Pyelonephritis;Cystitis;Fever;Infectious Disorder;Stomatitis;Salmonellosis	NCIT:C34885;NCIT:C3333;NCIT:C2911;NCIT:C35650;NCIT:C3364;NCIT:C35025;NCIT:C37935;NCIT:C34632;NCIT:C116006;NCIT:C34965;NCIT:C26738;NCIT:C3038;NCIT:C128320;NCIT:C26887;NCIT:C157974	Study Control	NCIT:C142703	Russian Federation	NCIT:C17111	feces	UBERON:0001988	Infant	NCIT:C27956	550	Day	1.5	18	92	No	Paolo_Manghi,Svetlana_Ugarcina_Perovic	Healthy	NA	NA	NCIT:C115935	Qiagen	HLA-DRB1*04:04 protein complex;HLA protein complex with DQ3 serotype;HLA protein complex with DQ3 serotype	MRO:0001293;MRO:0001622;MRO:0001622	SRR4408253	27133167	IlluminaHiSeq	Female	NCIT:C16576	NA	NA	Yes	Homo sapiens
VatanenT_2016	P022130	G78738	Otitis Media;Pneumonia;bronchitis;Upper Respiratory Tract Infection;Septicemia;Skin Infection;Cough;Gastroenteritis;Tonsillitis;Pyelonephritis;Cystitis;Fever;Infectious Disorder;Stomatitis;Salmonellosis	NCIT:C34885;NCIT:C3333;NCIT:C2911;NCIT:C35650;NCIT:C3364;NCIT:C35025;NCIT:C37935;NCIT:C34632;NCIT:C116006;NCIT:C34965;NCIT:C26738;NCIT:C3038;NCIT:C128320;NCIT:C26887;NCIT:C157974	Study Control	NCIT:C142703	Russian Federation	NCIT:C17111	feces	UBERON:0001988	Infant	NCIT:C27956	393	Day	1.1	13	164	No	Paolo_Manghi,Svetlana_Ugarcina_Perovic	Healthy	NA	NA	NCIT:C115935	Qiagen	NA	NA	SRR4305252	27133167	IlluminaHiSeq	Female	NCIT:C16576	NA	NA	Yes	Homo sapiens
VatanenT_2016	P022130	G78739	Otitis Media;Pneumonia;bronchitis;Upper Respiratory Tract Infection;Septicemia;Skin Infection;Cough;Gastroenteritis;Tonsillitis;Pyelonephritis;Cystitis;Fever;Infectious Disorder;Stomatitis;Salmonellosis	NCIT:C34885;NCIT:C3333;NCIT:C2911;NCIT:C35650;NCIT:C3364;NCIT:C35025;NCIT:C37935;NCIT:C34632;NCIT:C116006;NCIT:C34965;NCIT:C26738;NCIT:C3038;NCIT:C128320;NCIT:C26887;NCIT:C157974	Study Control	NCIT:C142703	Russian Federation	NCIT:C17111	feces	UBERON:0001988	Infant	NCIT:C27956	475	Day	1.3	16	246	No	Paolo_Manghi,Svetlana_Ugarcina_Perovic	Healthy	NA	NA	NCIT:C115935	Qiagen	NA	NA	SRR4305254	27133167	IlluminaHiSeq	Female	NCIT:C16576	NA	NA	Yes	Homo sapiens
VatanenT_2016	P022130	G78748	Otitis Media;Pneumonia;bronchitis;Upper Respiratory Tract Infection;Septicemia;Skin Infection;Cough;Gastroenteritis;Tonsillitis;Pyelonephritis;Cystitis;Fever;Infectious Disorder;Stomatitis;Salmonellosis	NCIT:C34885;NCIT:C3333;NCIT:C2911;NCIT:C35650;NCIT:C3364;NCIT:C35025;NCIT:C37935;NCIT:C34632;NCIT:C116006;NCIT:C34965;NCIT:C26738;NCIT:C3038;NCIT:C128320;NCIT:C26887;NCIT:C157974	Case	NCIT:C49152	Russian Federation	NCIT:C17111	feces	UBERON:0001988	Infant	NCIT:C27956	229	Day	0.6	8	0	Yes	Paolo_Manghi,Svetlana_Ugarcina_Perovic	Upper Respiratory Tract Infection	NA	NA	NCIT:C35650	Qiagen	NA	NA	SRR4305264	27133167	IlluminaHiSeq	Female	NCIT:C16576	Macrolide Antibiotic	NCIT:C261	Yes	Homo sapiens
VatanenT_2016	P022130	G78749	Otitis Media;Pneumonia;bronchitis;Upper Respiratory Tract Infection;Septicemia;Skin Infection;Cough;Gastroenteritis;Tonsillitis;Pyelonephritis;Cystitis;Fever;Infectious Disorder;Stomatitis;Salmonellosis	NCIT:C34885;NCIT:C3333;NCIT:C2911;NCIT:C35650;NCIT:C3364;NCIT:C35025;NCIT:C37935;NCIT:C34632;NCIT:C116006;NCIT:C34965;NCIT:C26738;NCIT:C3038;NCIT:C128320;NCIT:C26887;NCIT:C157974	Case	NCIT:C49152	Russian Federation	NCIT:C17111	feces	UBERON:0001988	Infant	NCIT:C27956	260	Day	0.7	9	31	Yes	Paolo_Manghi,Svetlana_Ugarcina_Perovic	Upper Respiratory Tract Infection	NA	NA	NCIT:C35650	Qiagen	NA	NA	SRR4305265	27133167	IlluminaHiSeq	Female	NCIT:C16576	Macrolide Antibiotic	NCIT:C261	Yes	Homo sapiens
VatanenT_2016	P022130	G78493	Otitis Media;Pneumonia;bronchitis;Upper Respiratory Tract Infection;Septicemia;Skin Infection;Cough;Gastroenteritis;Tonsillitis;Pyelonephritis;Cystitis;Fever;Infectious Disorder;Stomatitis;Salmonellosis	NCIT:C34885;NCIT:C3333;NCIT:C2911;NCIT:C35650;NCIT:C3364;NCIT:C35025;NCIT:C37935;NCIT:C34632;NCIT:C116006;NCIT:C34965;NCIT:C26738;NCIT:C3038;NCIT:C128320;NCIT:C26887;NCIT:C157974	Case	NCIT:C49152	Russian Federation	NCIT:C17111	feces	UBERON:0001988	Infant	NCIT:C27956	302	Day	0.8	10	73	Yes	Paolo_Manghi,Svetlana_Ugarcina_Perovic	Upper Respiratory Tract Infection	NA	NA	NCIT:C35650	Qiagen	NA	NA	SRR4305524	27133167	IlluminaHiSeq	Female	NCIT:C16576	Macrolide Antibiotic	NCIT:C261	Yes	Homo sapiens
VatanenT_2016	P022222	G78640	Otitis Media;Pneumonia;bronchitis;Upper Respiratory Tract Infection;Septicemia;Skin Infection;Cough;Gastroenteritis;Tonsillitis;Pyelonephritis;Cystitis;Fever;Infectious Disorder;Stomatitis;Salmonellosis	NCIT:C34885;NCIT:C3333;NCIT:C2911;NCIT:C35650;NCIT:C3364;NCIT:C35025;NCIT:C37935;NCIT:C34632;NCIT:C116006;NCIT:C34965;NCIT:C26738;NCIT:C3038;NCIT:C128320;NCIT:C26887;NCIT:C157974	Study Control	NCIT:C142703	Russian Federation	NCIT:C17111	feces	UBERON:0001988	Infant	NCIT:C27956	566	Day	1.5	19	349	No	Paolo_Manghi,Svetlana_Ugarcina_Perovic	Healthy	NA	NA	NCIT:C115935	Qiagen	HLA protein complex with DQ5 serotype	MRO:0001626	SRR4305171	27133167	IlluminaHiSeq	Female	NCIT:C16576	NA	NA	Yes	Homo sapiens
VatanenT_2016	P022222	G78788	Otitis Media;Pneumonia;bronchitis;Upper Respiratory Tract Infection;Septicemia;Skin Infection;Cough;Gastroenteritis;Tonsillitis;Pyelonephritis;Cystitis;Fever;Infectious Disorder;Stomatitis;Salmonellosis	NCIT:C34885;NCIT:C3333;NCIT:C2911;NCIT:C35650;NCIT:C3364;NCIT:C35025;NCIT:C37935;NCIT:C34632;NCIT:C116006;NCIT:C34965;NCIT:C26738;NCIT:C3038;NCIT:C128320;NCIT:C26887;NCIT:C157974	Study Control	NCIT:C142703	Russian Federation	NCIT:C17111	feces	UBERON:0001988	Infant	NCIT:C27956	217	Day	0.6	7	0	No	Paolo_Manghi,Svetlana_Ugarcina_Perovic	Healthy	NA	NA	NCIT:C115935	Qiagen	HLA protein complex with DQ5 serotype	MRO:0001626	SRR4305290	27133167	IlluminaHiSeq	Female	NCIT:C16576	NA	NA	Yes	Homo sapiens
VatanenT_2016	P022222	G78789	Otitis Media;Pneumonia;bronchitis;Upper Respiratory Tract Infection;Septicemia;Skin Infection;Cough;Gastroenteritis;Tonsillitis;Pyelonephritis;Cystitis;Fever;Infectious Disorder;Stomatitis;Salmonellosis	NCIT:C34885;NCIT:C3333;NCIT:C2911;NCIT:C35650;NCIT:C3364;NCIT:C35025;NCIT:C37935;NCIT:C34632;NCIT:C116006;NCIT:C34965;NCIT:C26738;NCIT:C3038;NCIT:C128320;NCIT:C26887;NCIT:C157974	Study Control	NCIT:C142703	Russian Federation	NCIT:C17111	feces	UBERON:0001988	Infant	NCIT:C27956	276	Day	0.8	9	59	No	Paolo_Manghi,Svetlana_Ugarcina_Perovic	Healthy	NA	NA	NCIT:C115935	Qiagen	HLA protein complex with DQ5 serotype	MRO:0001626	SRR4305291	27133167	IlluminaHiSeq	Female	NCIT:C16576	NA	NA	Yes	Homo sapiens
VatanenT_2016	P022222	G78802	Otitis Media;Pneumonia;bronchitis;Upper Respiratory Tract Infection;Septicemia;Skin Infection;Cough;Gastroenteritis;Tonsillitis;Pyelonephritis;Cystitis;Fever;Infectious Disorder;Stomatitis;Salmonellosis	NCIT:C34885;NCIT:C3333;NCIT:C2911;NCIT:C35650;NCIT:C3364;NCIT:C35025;NCIT:C37935;NCIT:C34632;NCIT:C116006;NCIT:C34965;NCIT:C26738;NCIT:C3038;NCIT:C128320;NCIT:C26887;NCIT:C157974	Study Control	NCIT:C142703	Russian Federation	NCIT:C17111	feces	UBERON:0001988	Infant	NCIT:C27956	339	Day	0.9	11	122	No	Paolo_Manghi,Svetlana_Ugarcina_Perovic	Healthy	NA	NA	NCIT:C115935	Qiagen	HLA protein complex with DQ5 serotype	MRO:0001626	SRR4305304	27133167	IlluminaHiSeq	Female	NCIT:C16576	NA	NA	Yes	Homo sapiens
VatanenT_2016	P022222	G80389	Otitis Media;Pneumonia;bronchitis;Upper Respiratory Tract Infection;Septicemia;Skin Infection;Cough;Gastroenteritis;Tonsillitis;Pyelonephritis;Cystitis;Fever;Infectious Disorder;Stomatitis;Salmonellosis	NCIT:C34885;NCIT:C3333;NCIT:C2911;NCIT:C35650;NCIT:C3364;NCIT:C35025;NCIT:C37935;NCIT:C34632;NCIT:C116006;NCIT:C34965;NCIT:C26738;NCIT:C3038;NCIT:C128320;NCIT:C26887;NCIT:C157974	Study Control	NCIT:C142703	Russian Federation	NCIT:C17111	feces	UBERON:0001988	Infant	NCIT:C27956	683	Day	1.9	22	466	No	Paolo_Manghi,Svetlana_Ugarcina_Perovic	Healthy	NA	NA	NCIT:C115935	Qiagen	HLA protein complex with DQ5 serotype	MRO:0001626	SRR4408259	27133167	IlluminaHiSeq	Female	NCIT:C16576	NA	NA	Yes	Homo sapiens
VatanenT_2016	P022384	G78553	Otitis Media;Pneumonia;bronchitis;Upper Respiratory Tract Infection;Septicemia;Skin Infection;Cough;Gastroenteritis;Tonsillitis;Pyelonephritis;Cystitis;Fever;Infectious Disorder;Stomatitis;Salmonellosis	NCIT:C34885;NCIT:C3333;NCIT:C2911;NCIT:C35650;NCIT:C3364;NCIT:C35025;NCIT:C37935;NCIT:C34632;NCIT:C116006;NCIT:C34965;NCIT:C26738;NCIT:C3038;NCIT:C128320;NCIT:C26887;NCIT:C157974	Study Control	NCIT:C142703	Russian Federation	NCIT:C17111	feces	UBERON:0001988	Infant	NCIT:C27956	427	Day	1.2	14	33	No	Paolo_Manghi,Svetlana_Ugarcina_Perovic	Healthy	NA	NA	NCIT:C115935	Qiagen	HLA-DQA1*02:01 protein complex;HLA protein complex with DQ5 serotype	MRO:0001211;MRO:0001626	SRR4305082	27133167	IlluminaHiSeq	Male	NCIT:C20197	NA	NA	Yes	Homo sapiens
VatanenT_2016	P022384	G78572	Otitis Media;Pneumonia;bronchitis;Upper Respiratory Tract Infection;Septicemia;Skin Infection;Cough;Gastroenteritis;Tonsillitis;Pyelonephritis;Cystitis;Fever;Infectious Disorder;Stomatitis;Salmonellosis	NCIT:C34885;NCIT:C3333;NCIT:C2911;NCIT:C35650;NCIT:C3364;NCIT:C35025;NCIT:C37935;NCIT:C34632;NCIT:C116006;NCIT:C34965;NCIT:C26738;NCIT:C3038;NCIT:C128320;NCIT:C26887;NCIT:C157974	Study Control	NCIT:C142703	Russian Federation	NCIT:C17111	feces	UBERON:0001988	Infant	NCIT:C27956	394	Day	1.1	13	0	No	Paolo_Manghi,Svetlana_Ugarcina_Perovic	Healthy	NA	NA	NCIT:C115935	Qiagen	HLA-DQA1*02:01 protein complex;HLA protein complex with DQ5 serotype	MRO:0001211;MRO:0001626	SRR4305100	27133167	IlluminaHiSeq	Male	NCIT:C20197	NA	NA	Yes	Homo sapiens
VatanenT_2016	P022384	G78740	Otitis Media;Pneumonia;bronchitis;Upper Respiratory Tract Infection;Septicemia;Skin Infection;Cough;Gastroenteritis;Tonsillitis;Pyelonephritis;Cystitis;Fever;Infectious Disorder;Stomatitis;Salmonellosis	NCIT:C34885;NCIT:C3333;NCIT:C2911;NCIT:C35650;NCIT:C3364;NCIT:C35025;NCIT:C37935;NCIT:C34632;NCIT:C116006;NCIT:C34965;NCIT:C26738;NCIT:C3038;NCIT:C128320;NCIT:C26887;NCIT:C157974	Study Control	NCIT:C142703	Russian Federation	NCIT:C17111	feces	UBERON:0001988	Infant	NCIT:C27956	517	Day	1.4	17	123	No	Paolo_Manghi,Svetlana_Ugarcina_Perovic	Healthy	NA	NA	NCIT:C115935	Qiagen	HLA-DQA1*02:01 protein complex;HLA protein complex with DQ5 serotype	MRO:0001211;MRO:0001626	SRR4305257	27133167	IlluminaHiSeq	Male	NCIT:C20197	NA	NA	Yes	Homo sapiens
VatanenT_2016	P022384	G78741	Otitis Media;Pneumonia;bronchitis;Upper Respiratory Tract Infection;Septicemia;Skin Infection;Cough;Gastroenteritis;Tonsillitis;Pyelonephritis;Cystitis;Fever;Infectious Disorder;Stomatitis;Salmonellosis	NCIT:C34885;NCIT:C3333;NCIT:C2911;NCIT:C35650;NCIT:C3364;NCIT:C35025;NCIT:C37935;NCIT:C34632;NCIT:C116006;NCIT:C34965;NCIT:C26738;NCIT:C3038;NCIT:C128320;NCIT:C26887;NCIT:C157974	Study Control	NCIT:C142703	Russian Federation	NCIT:C17111	feces	UBERON:0001988	Infant	NCIT:C27956	549	Day	1.5	18	155	No	Paolo_Manghi,Svetlana_Ugarcina_Perovic	Healthy	NA	NA	NCIT:C115935	Qiagen	HLA-DQA1*02:01 protein complex;HLA protein complex with DQ5 serotype	MRO:0001211;MRO:0001626	SRR4305258	27133167	IlluminaHiSeq	Male	NCIT:C20197	NA	NA	Yes	Homo sapiens
VatanenT_2016	P022384	G69182	Otitis Media;Pneumonia;bronchitis;Upper Respiratory Tract Infection;Septicemia;Skin Infection;Cough;Gastroenteritis;Tonsillitis;Pyelonephritis;Cystitis;Fever;Infectious Disorder;Stomatitis;Salmonellosis	NCIT:C34885;NCIT:C3333;NCIT:C2911;NCIT:C35650;NCIT:C3364;NCIT:C35025;NCIT:C37935;NCIT:C34632;NCIT:C116006;NCIT:C34965;NCIT:C26738;NCIT:C3038;NCIT:C128320;NCIT:C26887;NCIT:C157974	Study Control	NCIT:C142703	Russian Federation	NCIT:C17111	feces	UBERON:0001988	Infant	NCIT:C27956	702	Day	1.9	23	308	No	Paolo_Manghi,Svetlana_Ugarcina_Perovic	Healthy	NA	NA	NCIT:C115935	Qiagen	HLA-DQA1*02:01 protein complex;HLA protein complex with DQ5 serotype	MRO:0001211;MRO:0001626	SRR4305278	27133167	IlluminaHiSeq	Male	NCIT:C20197	NA	NA	Yes	Homo sapiens
VatanenT_2016	P022384	G80271	Otitis Media;Pneumonia;bronchitis;Upper Respiratory Tract Infection;Septicemia;Skin Infection;Cough;Gastroenteritis;Tonsillitis;Pyelonephritis;Cystitis;Fever;Infectious Disorder;Stomatitis;Salmonellosis	NCIT:C34885;NCIT:C3333;NCIT:C2911;NCIT:C35650;NCIT:C3364;NCIT:C35025;NCIT:C37935;NCIT:C34632;NCIT:C116006;NCIT:C34965;NCIT:C26738;NCIT:C3038;NCIT:C128320;NCIT:C26887;NCIT:C157974	Study Control	NCIT:C142703	Russian Federation	NCIT:C17111	feces	UBERON:0001988	Infant	NCIT:C27956	610	Day	1.7	20	216	No	Paolo_Manghi,Svetlana_Ugarcina_Perovic	Healthy	NA	NA	NCIT:C115935	Qiagen	HLA-DQA1*02:01 protein complex;HLA protein complex with DQ5 serotype	MRO:0001211;MRO:0001626	SRR4305429	27133167	IlluminaHiSeq	Male	NCIT:C20197	NA	NA	Yes	Homo sapiens
VatanenT_2016	P022384	G80290	Otitis Media;Pneumonia;bronchitis;Upper Respiratory Tract Infection;Septicemia;Skin Infection;Cough;Gastroenteritis;Tonsillitis;Pyelonephritis;Cystitis;Fever;Infectious Disorder;Stomatitis;Salmonellosis	NCIT:C34885;NCIT:C3333;NCIT:C2911;NCIT:C35650;NCIT:C3364;NCIT:C35025;NCIT:C37935;NCIT:C34632;NCIT:C116006;NCIT:C34965;NCIT:C26738;NCIT:C3038;NCIT:C128320;NCIT:C26887;NCIT:C157974	Study Control	NCIT:C142703	Russian Federation	NCIT:C17111	feces	UBERON:0001988	Child	NCIT:C49683	757	Day	2.1	25	363	No	Paolo_Manghi,Svetlana_Ugarcina_Perovic	Healthy	NA	NA	NCIT:C115935	Qiagen	HLA-DQA1*02:01 protein complex;HLA protein complex with DQ5 serotype	MRO:0001211;MRO:0001626	SRR4305449	27133167	IlluminaHiSeq	Male	NCIT:C20197	NA	NA	Yes	Homo sapiens
VatanenT_2016	P022384	G69199	Otitis Media;Pneumonia;bronchitis;Upper Respiratory Tract Infection;Septicemia;Skin Infection;Cough;Gastroenteritis;Tonsillitis;Pyelonephritis;Cystitis;Fever;Infectious Disorder;Stomatitis;Salmonellosis	NCIT:C34885;NCIT:C3333;NCIT:C2911;NCIT:C35650;NCIT:C3364;NCIT:C35025;NCIT:C37935;NCIT:C34632;NCIT:C116006;NCIT:C34965;NCIT:C26738;NCIT:C3038;NCIT:C128320;NCIT:C26887;NCIT:C157974	Study Control	NCIT:C142703	Russian Federation	NCIT:C17111	feces	UBERON:0001988	Infant	NCIT:C27956	489	Day	1.3	16	95	No	Paolo_Manghi,Svetlana_Ugarcina_Perovic	Healthy	NA	NA	NCIT:C115935	Qiagen	HLA-DQA1*02:01 protein complex;HLA protein complex with DQ5 serotype	MRO:0001211;MRO:0001626	SRR4305468	27133167	IlluminaHiSeq	Male	NCIT:C20197	NA	NA	Yes	Homo sapiens
VatanenT_2016	P023918	G78637	Otitis Media;Pneumonia;bronchitis;Upper Respiratory Tract Infection;Septicemia;Skin Infection;Cough;Gastroenteritis;Tonsillitis;Pyelonephritis;Cystitis;Fever;Infectious Disorder;Stomatitis;Salmonellosis	NCIT:C34885;NCIT:C3333;NCIT:C2911;NCIT:C35650;NCIT:C3364;NCIT:C35025;NCIT:C37935;NCIT:C34632;NCIT:C116006;NCIT:C34965;NCIT:C26738;NCIT:C3038;NCIT:C128320;NCIT:C26887;NCIT:C157974	Study Control	NCIT:C142703	Russian Federation	NCIT:C17111	feces	UBERON:0001988	Infant	NCIT:C27956	289	Day	0.8	9	0	No	Paolo_Manghi,Svetlana_Ugarcina_Perovic	Healthy	NA	NA	NCIT:C115935	Qiagen	HLA-DRB1*04:01 protein complex;HLA protein complex with DQ3 serotype;HLA protein complex with DQ5 serotype	MRO:0001290;MRO:0001622;MRO:0001626	SRR4305169	27133167	IlluminaHiSeq	Male	NCIT:C20197	NA	NA	Yes	Homo sapiens
VatanenT_2016	P023918	G78638	Otitis Media;Pneumonia;bronchitis;Upper Respiratory Tract Infection;Septicemia;Skin Infection;Cough;Gastroenteritis;Tonsillitis;Pyelonephritis;Cystitis;Fever;Infectious Disorder;Stomatitis;Salmonellosis	NCIT:C34885;NCIT:C3333;NCIT:C2911;NCIT:C35650;NCIT:C3364;NCIT:C35025;NCIT:C37935;NCIT:C34632;NCIT:C116006;NCIT:C34965;NCIT:C26738;NCIT:C3038;NCIT:C128320;NCIT:C26887;NCIT:C157974	Study Control	NCIT:C142703	Russian Federation	NCIT:C17111	feces	UBERON:0001988	Infant	NCIT:C27956	341	Day	0.9	11	52	No	Paolo_Manghi,Svetlana_Ugarcina_Perovic	Healthy	NA	NA	NCIT:C115935	Qiagen	HLA-DRB1*04:01 protein complex;HLA protein complex with DQ3 serotype;HLA protein complex with DQ5 serotype	MRO:0001290;MRO:0001622;MRO:0001626	SRR4305170	27133167	IlluminaHiSeq	Male	NCIT:C20197	NA	NA	Yes	Homo sapiens
VatanenT_2016	P026562	G78642	Otitis Media;Pneumonia;bronchitis;Upper Respiratory Tract Infection;Septicemia;Skin Infection;Cough;Gastroenteritis;Tonsillitis;Pyelonephritis;Cystitis;Fever;Infectious Disorder;Stomatitis;Salmonellosis	NCIT:C34885;NCIT:C3333;NCIT:C2911;NCIT:C35650;NCIT:C3364;NCIT:C35025;NCIT:C37935;NCIT:C34632;NCIT:C116006;NCIT:C34965;NCIT:C26738;NCIT:C3038;NCIT:C128320;NCIT:C26887;NCIT:C157974	Study Control	NCIT:C142703	Russian Federation	NCIT:C17111	feces	UBERON:0001988	Infant	NCIT:C27956	340	Day	0.9	11	154	No	Paolo_Manghi,Svetlana_Ugarcina_Perovic	Healthy	NA	NA	NCIT:C115935	Qiagen	HLA-DRB1*04:04 protein complex;HLA protein complex with DQ3 serotype;HLA-DQA1*02:01 protein complex	MRO:0001293;MRO:0001622;MRO:0001211	SRR4305172	27133167	IlluminaHiSeq	Female	NCIT:C16576	NA	NA	Yes	Homo sapiens
VatanenT_2016	P026562	G78661	Otitis Media;Pneumonia;bronchitis;Upper Respiratory Tract Infection;Septicemia;Skin Infection;Cough;Gastroenteritis;Tonsillitis;Pyelonephritis;Cystitis;Fever;Infectious Disorder;Stomatitis;Salmonellosis	NCIT:C34885;NCIT:C3333;NCIT:C2911;NCIT:C35650;NCIT:C3364;NCIT:C35025;NCIT:C37935;NCIT:C34632;NCIT:C116006;NCIT:C34965;NCIT:C26738;NCIT:C3038;NCIT:C128320;NCIT:C26887;NCIT:C157974	Study Control	NCIT:C142703	Russian Federation	NCIT:C17111	feces	UBERON:0001988	Infant	NCIT:C27956	400	Day	1.1	13	214	No	Paolo_Manghi,Svetlana_Ugarcina_Perovic	Healthy	NA	NA	NCIT:C115935	Qiagen	HLA-DRB1*04:04 protein complex;HLA protein complex with DQ3 serotype;HLA-DQA1*02:01 protein complex	MRO:0001293;MRO:0001622;MRO:0001211	SRR4305190	27133167	IlluminaHiSeq	Female	NCIT:C16576	NA	NA	Yes	Homo sapiens
VatanenT_2016	P026562	G78662	Otitis Media;Pneumonia;bronchitis;Upper Respiratory Tract Infection;Septicemia;Skin Infection;Cough;Gastroenteritis;Tonsillitis;Pyelonephritis;Cystitis;Fever;Infectious Disorder;Stomatitis;Salmonellosis	NCIT:C34885;NCIT:C3333;NCIT:C2911;NCIT:C35650;NCIT:C3364;NCIT:C35025;NCIT:C37935;NCIT:C34632;NCIT:C116006;NCIT:C34965;NCIT:C26738;NCIT:C3038;NCIT:C128320;NCIT:C26887;NCIT:C157974	Study Control	NCIT:C142703	Russian Federation	NCIT:C17111	feces	UBERON:0001988	Infant	NCIT:C27956	552	Day	1.5	18	366	No	Paolo_Manghi,Svetlana_Ugarcina_Perovic	Healthy	NA	NA	NCIT:C115935	Qiagen	HLA-DRB1*04:04 protein complex;HLA protein complex with DQ3 serotype;HLA-DQA1*02:01 protein complex	MRO:0001293;MRO:0001622;MRO:0001211	SRR4305191	27133167	IlluminaHiSeq	Female	NCIT:C16576	NA	NA	Yes	Homo sapiens
VatanenT_2016	P026562	G78893	Otitis Media;Pneumonia;bronchitis;Upper Respiratory Tract Infection;Septicemia;Skin Infection;Cough;Gastroenteritis;Tonsillitis;Pyelonephritis;Cystitis;Fever;Infectious Disorder;Stomatitis;Salmonellosis	NCIT:C34885;NCIT:C3333;NCIT:C2911;NCIT:C35650;NCIT:C3364;NCIT:C35025;NCIT:C37935;NCIT:C34632;NCIT:C116006;NCIT:C34965;NCIT:C26738;NCIT:C3038;NCIT:C128320;NCIT:C26887;NCIT:C157974	Study Control	NCIT:C142703	Russian Federation	NCIT:C17111	feces	UBERON:0001988	Infant	NCIT:C27956	186	Day	0.5	6	0	No	Paolo_Manghi,Svetlana_Ugarcina_Perovic	Healthy	NA	NA	NCIT:C115935	Qiagen	HLA-DRB1*04:04 protein complex;HLA protein complex with DQ3 serotype;HLA-DQA1*02:01 protein complex	MRO:0001293;MRO:0001622;MRO:0001211	SRR4305396	27133167	IlluminaHiSeq	Female	NCIT:C16576	NA	NA	Yes	Homo sapiens
VatanenT_2016	P026562	G78894	Otitis Media;Pneumonia;bronchitis;Upper Respiratory Tract Infection;Septicemia;Skin Infection;Cough;Gastroenteritis;Tonsillitis;Pyelonephritis;Cystitis;Fever;Infectious Disorder;Stomatitis;Salmonellosis	NCIT:C34885;NCIT:C3333;NCIT:C2911;NCIT:C35650;NCIT:C3364;NCIT:C35025;NCIT:C37935;NCIT:C34632;NCIT:C116006;NCIT:C34965;NCIT:C26738;NCIT:C3038;NCIT:C128320;NCIT:C26887;NCIT:C157974	Study Control	NCIT:C142703	Russian Federation	NCIT:C17111	feces	UBERON:0001988	Infant	NCIT:C27956	245	Day	0.7	8	59	No	Paolo_Manghi,Svetlana_Ugarcina_Perovic	Healthy	NA	NA	NCIT:C115935	Qiagen	HLA-DRB1*04:04 protein complex;HLA protein complex with DQ3 serotype;HLA-DQA1*02:01 protein complex	MRO:0001293;MRO:0001622;MRO:0001211	SRR4305397	27133167	IlluminaHiSeq	Female	NCIT:C16576	NA	NA	Yes	Homo sapiens
VatanenT_2016	T000094	G69166	Otitis Media;Pneumonia;bronchitis;Upper Respiratory Tract Infection;Septicemia;Skin Infection;Cough;Gastroenteritis;Tonsillitis;Pyelonephritis;Cystitis;Fever;Infectious Disorder;Stomatitis;Salmonellosis	NCIT:C34885;NCIT:C3333;NCIT:C2911;NCIT:C35650;NCIT:C3364;NCIT:C35025;NCIT:C37935;NCIT:C34632;NCIT:C116006;NCIT:C34965;NCIT:C26738;NCIT:C3038;NCIT:C128320;NCIT:C26887;NCIT:C157974	Study Control	NCIT:C142703	Estonia	NCIT:C16562	feces	UBERON:0001988	Child	NCIT:C49683	862	Day	2.4	28	646	No	Paolo_Manghi,Svetlana_Ugarcina_Perovic	Healthy	NA	NA	NCIT:C115935	Qiagen	HLA-DRB1*04:04 protein complex;HLA protein complex with DQ3 serotype;HLA protein complex with DQ5 serotype	MRO:0001293;MRO:0001622;MRO:0001626	SRR4305121	27133167	IlluminaHiSeq	Female	NCIT:C16576	NA	NA	Yes	Homo sapiens
VatanenT_2016	T000094	G69167	Otitis Media;Pneumonia;bronchitis;Upper Respiratory Tract Infection;Septicemia;Skin Infection;Cough;Gastroenteritis;Tonsillitis;Pyelonephritis;Cystitis;Fever;Infectious Disorder;Stomatitis;Salmonellosis	NCIT:C34885;NCIT:C3333;NCIT:C2911;NCIT:C35650;NCIT:C3364;NCIT:C35025;NCIT:C37935;NCIT:C34632;NCIT:C116006;NCIT:C34965;NCIT:C26738;NCIT:C3038;NCIT:C128320;NCIT:C26887;NCIT:C157974	Study Control	NCIT:C142703	Estonia	NCIT:C16562	feces	UBERON:0001988	Child	NCIT:C49683	1105	Day	3	36	889	No	Paolo_Manghi,Svetlana_Ugarcina_Perovic	Healthy	NA	NA	NCIT:C115935	Qiagen	HLA-DRB1*04:04 protein complex;HLA protein complex with DQ3 serotype;HLA protein complex with DQ5 serotype	MRO:0001293;MRO:0001622;MRO:0001626	SRR4305132	27133167	IlluminaHiSeq	Female	NCIT:C16576	NA	NA	Yes	Homo sapiens
VatanenT_2016	T000094	G80429	Otitis Media;Pneumonia;bronchitis;Upper Respiratory Tract Infection;Septicemia;Skin Infection;Cough;Gastroenteritis;Tonsillitis;Pyelonephritis;Cystitis;Fever;Infectious Disorder;Stomatitis;Salmonellosis	NCIT:C34885;NCIT:C3333;NCIT:C2911;NCIT:C35650;NCIT:C3364;NCIT:C35025;NCIT:C37935;NCIT:C34632;NCIT:C116006;NCIT:C34965;NCIT:C26738;NCIT:C3038;NCIT:C128320;NCIT:C26887;NCIT:C157974	Study Control	NCIT:C142703	Estonia	NCIT:C16562	feces	UBERON:0001988	Infant	NCIT:C27956	578	Day	1.6	19	362	No	Paolo_Manghi,Svetlana_Ugarcina_Perovic	Healthy	NA	NA	NCIT:C115935	Qiagen	HLA-DRB1*04:04 protein complex;HLA protein complex with DQ3 serotype;HLA protein complex with DQ5 serotype	MRO:0001293;MRO:0001622;MRO:0001626	SRR4408012	27133167	IlluminaHiSeq	Female	NCIT:C16576	NA	NA	Yes	Homo sapiens
VatanenT_2016	T000094	G80458	Otitis Media;Pneumonia;bronchitis;Upper Respiratory Tract Infection;Septicemia;Skin Infection;Cough;Gastroenteritis;Tonsillitis;Pyelonephritis;Cystitis;Fever;Infectious Disorder;Stomatitis;Salmonellosis	NCIT:C34885;NCIT:C3333;NCIT:C2911;NCIT:C35650;NCIT:C3364;NCIT:C35025;NCIT:C37935;NCIT:C34632;NCIT:C116006;NCIT:C34965;NCIT:C26738;NCIT:C3038;NCIT:C128320;NCIT:C26887;NCIT:C157974	Case	NCIT:C49152	Estonia	NCIT:C16562	feces	UBERON:0001988	Infant	NCIT:C27956	407	Day	1.1	13	191	Yes	Paolo_Manghi,Svetlana_Ugarcina_Perovic	Pyelonephritis	NA	NA	NCIT:C34965	Qiagen	HLA-DRB1*04:04 protein complex;HLA protein complex with DQ3 serotype;HLA protein complex with DQ5 serotype	MRO:0001293;MRO:0001622;MRO:0001626	SRR4408042	27133167	IlluminaHiSeq	Female	NCIT:C16576	Penicillin Antibiotic	NCIT:C1500	Yes	Homo sapiens
VatanenT_2016	T000094	G80466	Otitis Media;Pneumonia;bronchitis;Upper Respiratory Tract Infection;Septicemia;Skin Infection;Cough;Gastroenteritis;Tonsillitis;Pyelonephritis;Cystitis;Fever;Infectious Disorder;Stomatitis;Salmonellosis	NCIT:C34885;NCIT:C3333;NCIT:C2911;NCIT:C35650;NCIT:C3364;NCIT:C35025;NCIT:C37935;NCIT:C34632;NCIT:C116006;NCIT:C34965;NCIT:C26738;NCIT:C3038;NCIT:C128320;NCIT:C26887;NCIT:C157974	Case	NCIT:C49152	Estonia	NCIT:C16562	feces	UBERON:0001988	Infant	NCIT:C27956	485	Day	1.3	16	269	Yes	Paolo_Manghi,Svetlana_Ugarcina_Perovic	Pyelonephritis	NA	NA	NCIT:C34965	Qiagen	HLA-DRB1*04:04 protein complex;HLA protein complex with DQ3 serotype;HLA protein complex with DQ5 serotype	MRO:0001293;MRO:0001622;MRO:0001626	SRR4408050	27133167	IlluminaHiSeq	Female	NCIT:C16576	Penicillin Antibiotic	NCIT:C1500	Yes	Homo sapiens
VatanenT_2016	T000094	G80471	Otitis Media;Pneumonia;bronchitis;Upper Respiratory Tract Infection;Septicemia;Skin Infection;Cough;Gastroenteritis;Tonsillitis;Pyelonephritis;Cystitis;Fever;Infectious Disorder;Stomatitis;Salmonellosis	NCIT:C34885;NCIT:C3333;NCIT:C2911;NCIT:C35650;NCIT:C3364;NCIT:C35025;NCIT:C37935;NCIT:C34632;NCIT:C116006;NCIT:C34965;NCIT:C26738;NCIT:C3038;NCIT:C128320;NCIT:C26887;NCIT:C157974	Case	NCIT:C49152	Estonia	NCIT:C16562	feces	UBERON:0001988	Infant	NCIT:C27956	314	Day	0.9	10	98	Yes	Paolo_Manghi,Svetlana_Ugarcina_Perovic	Pyelonephritis	NA	NA	NCIT:C34965	Qiagen	HLA-DRB1*04:04 protein complex;HLA protein complex with DQ3 serotype;HLA protein complex with DQ5 serotype	MRO:0001293;MRO:0001622;MRO:0001626	SRR4408055	27133167	IlluminaHiSeq	Female	NCIT:C16576	Penicillin Antibiotic	NCIT:C1500	Yes	Homo sapiens
VatanenT_2016	T000094	G80511	Otitis Media;Pneumonia;bronchitis;Upper Respiratory Tract Infection;Septicemia;Skin Infection;Cough;Gastroenteritis;Tonsillitis;Pyelonephritis;Cystitis;Fever;Infectious Disorder;Stomatitis;Salmonellosis	NCIT:C34885;NCIT:C3333;NCIT:C2911;NCIT:C35650;NCIT:C3364;NCIT:C35025;NCIT:C37935;NCIT:C34632;NCIT:C116006;NCIT:C34965;NCIT:C26738;NCIT:C3038;NCIT:C128320;NCIT:C26887;NCIT:C157974	Case	NCIT:C49152	Estonia	NCIT:C16562	feces	UBERON:0001988	Infant	NCIT:C27956	216	Day	0.6	7	0	Yes	Paolo_Manghi,Svetlana_Ugarcina_Perovic	Pyelonephritis	NA	NA	NCIT:C34965	Qiagen	HLA-DRB1*04:04 protein complex;HLA protein complex with DQ3 serotype;HLA protein complex with DQ5 serotype	MRO:0001293;MRO:0001622;MRO:0001626	SRR4408097	27133167	IlluminaHiSeq	Female	NCIT:C16576	Penicillin Antibiotic	NCIT:C1500	Yes	Homo sapiens
VatanenT_2016	T000272	G80503	Otitis Media;Pneumonia;bronchitis;Upper Respiratory Tract Infection;Septicemia;Skin Infection;Cough;Gastroenteritis;Tonsillitis;Pyelonephritis;Cystitis;Fever;Infectious Disorder;Stomatitis;Salmonellosis	NCIT:C34885;NCIT:C3333;NCIT:C2911;NCIT:C35650;NCIT:C3364;NCIT:C35025;NCIT:C37935;NCIT:C34632;NCIT:C116006;NCIT:C34965;NCIT:C26738;NCIT:C3038;NCIT:C128320;NCIT:C26887;NCIT:C157974	Case	NCIT:C49152	Estonia	NCIT:C16562	feces	UBERON:0001988	Infant	NCIT:C27956	204	Day	0.6	7	0	Yes	Paolo_Manghi,Svetlana_Ugarcina_Perovic	Otitis Media	NA	NA	NCIT:C34885	Qiagen	HLA protein complex with DQ5 serotype	MRO:0001626	SRR4408089	27133167	IlluminaHiSeq	Male	NCIT:C20197	Penicillin Antibiotic	NCIT:C1500	Yes	Homo sapiens
VatanenT_2016	T000272	G80409	Otitis Media;Pneumonia;bronchitis;Upper Respiratory Tract Infection;Septicemia;Skin Infection;Cough;Gastroenteritis;Tonsillitis;Pyelonephritis;Cystitis;Fever;Infectious Disorder;Stomatitis;Salmonellosis	NCIT:C34885;NCIT:C3333;NCIT:C2911;NCIT:C35650;NCIT:C3364;NCIT:C35025;NCIT:C37935;NCIT:C34632;NCIT:C116006;NCIT:C34965;NCIT:C26738;NCIT:C3038;NCIT:C128320;NCIT:C26887;NCIT:C157974	Study Control	NCIT:C142703	Estonia	NCIT:C16562	feces	UBERON:0001988	Child	NCIT:C49683	1101	Day	3	36	897	No	Paolo_Manghi,Svetlana_Ugarcina_Perovic	Healthy	NA	NA	NCIT:C115935	Qiagen	HLA protein complex with DQ5 serotype	MRO:0001626	SRR4408281	27133167	IlluminaHiSeq	Male	NCIT:C20197	NA	NA	Yes	Homo sapiens
VatanenT_2016	T000461	G80445	Otitis Media;Pneumonia;bronchitis;Upper Respiratory Tract Infection;Septicemia;Skin Infection;Cough;Gastroenteritis;Tonsillitis;Pyelonephritis;Cystitis;Fever;Infectious Disorder;Stomatitis;Salmonellosis	NCIT:C34885;NCIT:C3333;NCIT:C2911;NCIT:C35650;NCIT:C3364;NCIT:C35025;NCIT:C37935;NCIT:C34632;NCIT:C116006;NCIT:C34965;NCIT:C26738;NCIT:C3038;NCIT:C128320;NCIT:C26887;NCIT:C157974	Study Control	NCIT:C142703	Estonia	NCIT:C16562	feces	UBERON:0001988	Infant	NCIT:C27956	682	Day	1.9	22	546	No	Paolo_Manghi,Svetlana_Ugarcina_Perovic	Healthy	NA	NA	NCIT:C115935	Qiagen	HLA-DQA1*02:01 protein complex;HLA protein complex with DQ5 serotype	MRO:0001211;MRO:0001626	SRR4408028	27133167	IlluminaHiSeq	Male	NCIT:C20197	NA	NA	Yes	Homo sapiens
VatanenT_2016	T000461	G80467	Otitis Media;Pneumonia;bronchitis;Upper Respiratory Tract Infection;Septicemia;Skin Infection;Cough;Gastroenteritis;Tonsillitis;Pyelonephritis;Cystitis;Fever;Infectious Disorder;Stomatitis;Salmonellosis	NCIT:C34885;NCIT:C3333;NCIT:C2911;NCIT:C35650;NCIT:C3364;NCIT:C35025;NCIT:C37935;NCIT:C34632;NCIT:C116006;NCIT:C34965;NCIT:C26738;NCIT:C3038;NCIT:C128320;NCIT:C26887;NCIT:C157974	Study Control	NCIT:C142703	Estonia	NCIT:C16562	feces	UBERON:0001988	Infant	NCIT:C27956	136	Day	0.4	4	0	No	Paolo_Manghi,Svetlana_Ugarcina_Perovic	Healthy	NA	NA	NCIT:C115935	Qiagen	HLA-DQA1*02:01 protein complex;HLA protein complex with DQ5 serotype	MRO:0001211;MRO:0001626	SRR4408051	27133167	IlluminaHiSeq	Male	NCIT:C20197	NA	NA	Yes	Homo sapiens
VatanenT_2016	T000461	G80479	Otitis Media;Pneumonia;bronchitis;Upper Respiratory Tract Infection;Septicemia;Skin Infection;Cough;Gastroenteritis;Tonsillitis;Pyelonephritis;Cystitis;Fever;Infectious Disorder;Stomatitis;Salmonellosis	NCIT:C34885;NCIT:C3333;NCIT:C2911;NCIT:C35650;NCIT:C3364;NCIT:C35025;NCIT:C37935;NCIT:C34632;NCIT:C116006;NCIT:C34965;NCIT:C26738;NCIT:C3038;NCIT:C128320;NCIT:C26887;NCIT:C157974	Study Control	NCIT:C142703	Estonia	NCIT:C16562	feces	UBERON:0001988	Infant	NCIT:C27956	315	Day	0.9	10	179	No	Paolo_Manghi,Svetlana_Ugarcina_Perovic	Healthy	NA	NA	NCIT:C115935	Qiagen	HLA-DQA1*02:01 protein complex;HLA protein complex with DQ5 serotype	MRO:0001211;MRO:0001626	SRR4408063	27133167	IlluminaHiSeq	Male	NCIT:C20197	NA	NA	Yes	Homo sapiens
VatanenT_2016	T002534	G78713	Otitis Media;Pneumonia;bronchitis;Upper Respiratory Tract Infection;Septicemia;Skin Infection;Cough;Gastroenteritis;Tonsillitis;Pyelonephritis;Cystitis;Fever;Infectious Disorder;Stomatitis;Salmonellosis	NCIT:C34885;NCIT:C3333;NCIT:C2911;NCIT:C35650;NCIT:C3364;NCIT:C35025;NCIT:C37935;NCIT:C34632;NCIT:C116006;NCIT:C34965;NCIT:C26738;NCIT:C3038;NCIT:C128320;NCIT:C26887;NCIT:C157974	Study Control	NCIT:C142703	Estonia	NCIT:C16562	feces	UBERON:0001988	Child	NCIT:C49683	853	Day	2.3	28	735	No	Paolo_Manghi,Svetlana_Ugarcina_Perovic	Healthy	NA	NA	NCIT:C115935	Qiagen	HLA-DQA1*02:01 protein complex;HLA protein complex with DQ5 serotype	MRO:0001211;MRO:0001626	SRR4305233	27133167	IlluminaHiSeq	Male	NCIT:C20197	NA	NA	Yes	Homo sapiens
VatanenT_2016	T002534	G80459	Otitis Media;Pneumonia;bronchitis;Upper Respiratory Tract Infection;Septicemia;Skin Infection;Cough;Gastroenteritis;Tonsillitis;Pyelonephritis;Cystitis;Fever;Infectious Disorder;Stomatitis;Salmonellosis	NCIT:C34885;NCIT:C3333;NCIT:C2911;NCIT:C35650;NCIT:C3364;NCIT:C35025;NCIT:C37935;NCIT:C34632;NCIT:C116006;NCIT:C34965;NCIT:C26738;NCIT:C3038;NCIT:C128320;NCIT:C26887;NCIT:C157974	Study Control	NCIT:C142703	Estonia	NCIT:C16562	feces	UBERON:0001988	Infant	NCIT:C27956	118	Day	0.3	4	0	No	Paolo_Manghi,Svetlana_Ugarcina_Perovic	Healthy	NA	NA	NCIT:C115935	Qiagen	HLA-DQA1*02:01 protein complex;HLA protein complex with DQ5 serotype	MRO:0001211;MRO:0001626	SRR4408043	27133167	IlluminaHiSeq	Male	NCIT:C20197	NA	NA	Yes	Homo sapiens
VatanenT_2016	T002534	G80476	Otitis Media;Pneumonia;bronchitis;Upper Respiratory Tract Infection;Septicemia;Skin Infection;Cough;Gastroenteritis;Tonsillitis;Pyelonephritis;Cystitis;Fever;Infectious Disorder;Stomatitis;Salmonellosis	NCIT:C34885;NCIT:C3333;NCIT:C2911;NCIT:C35650;NCIT:C3364;NCIT:C35025;NCIT:C37935;NCIT:C34632;NCIT:C116006;NCIT:C34965;NCIT:C26738;NCIT:C3038;NCIT:C128320;NCIT:C26887;NCIT:C157974	Study Control	NCIT:C142703	Estonia	NCIT:C16562	feces	UBERON:0001988	Infant	NCIT:C27956	399	Day	1.1	13	281	No	Paolo_Manghi,Svetlana_Ugarcina_Perovic	Healthy	NA	NA	NCIT:C115935	Qiagen	HLA-DQA1*02:01 protein complex;HLA protein complex with DQ5 serotype	MRO:0001211;MRO:0001626	SRR4408060	27133167	IlluminaHiSeq	Male	NCIT:C20197	NA	NA	Yes	Homo sapiens
VatanenT_2016	T002534	G80598	Otitis Media;Pneumonia;bronchitis;Upper Respiratory Tract Infection;Septicemia;Skin Infection;Cough;Gastroenteritis;Tonsillitis;Pyelonephritis;Cystitis;Fever;Infectious Disorder;Stomatitis;Salmonellosis	NCIT:C34885;NCIT:C3333;NCIT:C2911;NCIT:C35650;NCIT:C3364;NCIT:C35025;NCIT:C37935;NCIT:C34632;NCIT:C116006;NCIT:C34965;NCIT:C26738;NCIT:C3038;NCIT:C128320;NCIT:C26887;NCIT:C157974	Study Control	NCIT:C142703	Estonia	NCIT:C16562	feces	UBERON:0001988	Infant	NCIT:C27956	204	Day	0.6	7	86	No	Paolo_Manghi,Svetlana_Ugarcina_Perovic	Healthy	NA	NA	NCIT:C115935	Qiagen	HLA-DQA1*02:01 protein complex;HLA protein complex with DQ5 serotype	MRO:0001211;MRO:0001626	SRR4408192	27133167	IlluminaHiSeq	Male	NCIT:C20197	NA	NA	Yes	Homo sapiens
VatanenT_2016	T003353	G78714	Otitis Media;Pneumonia;bronchitis;Upper Respiratory Tract Infection;Septicemia;Skin Infection;Cough;Gastroenteritis;Tonsillitis;Pyelonephritis;Cystitis;Fever;Infectious Disorder;Stomatitis;Salmonellosis	NCIT:C34885;NCIT:C3333;NCIT:C2911;NCIT:C35650;NCIT:C3364;NCIT:C35025;NCIT:C37935;NCIT:C34632;NCIT:C116006;NCIT:C34965;NCIT:C26738;NCIT:C3038;NCIT:C128320;NCIT:C26887;NCIT:C157974	Study Control	NCIT:C142703	Estonia	NCIT:C16562	feces	UBERON:0001988	Infant	NCIT:C27956	499	Day	1.4	16	96	No	Paolo_Manghi,Svetlana_Ugarcina_Perovic	Healthy	NA	NA	NCIT:C115935	Qiagen	HLA-DRB1*04:05 protein complex;HLA protein complex with DQ3 serotype;HLA protein complex with DQ5 serotype	MRO:0001294;MRO:0001622;MRO:0001626	SRR4305234	27133167	IlluminaHiSeq	Female	NCIT:C16576	NA	NA	Yes	Homo sapiens
VatanenT_2016	T003353	G78885	Otitis Media;Pneumonia;bronchitis;Upper Respiratory Tract Infection;Septicemia;Skin Infection;Cough;Gastroenteritis;Tonsillitis;Pyelonephritis;Cystitis;Fever;Infectious Disorder;Stomatitis;Salmonellosis	NCIT:C34885;NCIT:C3333;NCIT:C2911;NCIT:C35650;NCIT:C3364;NCIT:C35025;NCIT:C37935;NCIT:C34632;NCIT:C116006;NCIT:C34965;NCIT:C26738;NCIT:C3038;NCIT:C128320;NCIT:C26887;NCIT:C157974	Study Control	NCIT:C142703	Estonia	NCIT:C16562	feces	UBERON:0001988	Infant	NCIT:C27956	403	Day	1.1	13	0	No	Paolo_Manghi,Svetlana_Ugarcina_Perovic	Healthy	NA	NA	NCIT:C115935	Qiagen	HLA-DRB1*04:05 protein complex;HLA protein complex with DQ3 serotype;HLA protein complex with DQ5 serotype	MRO:0001294;MRO:0001622;MRO:0001626	SRR4305388	27133167	IlluminaHiSeq	Female	NCIT:C16576	NA	NA	Yes	Homo sapiens
VatanenT_2016	T003353	G80384	Otitis Media;Pneumonia;bronchitis;Upper Respiratory Tract Infection;Septicemia;Skin Infection;Cough;Gastroenteritis;Tonsillitis;Pyelonephritis;Cystitis;Fever;Infectious Disorder;Stomatitis;Salmonellosis	NCIT:C34885;NCIT:C3333;NCIT:C2911;NCIT:C35650;NCIT:C3364;NCIT:C35025;NCIT:C37935;NCIT:C34632;NCIT:C116006;NCIT:C34965;NCIT:C26738;NCIT:C3038;NCIT:C128320;NCIT:C26887;NCIT:C157974	Study Control	NCIT:C142703	Estonia	NCIT:C16562	feces	UBERON:0001988	Infant	NCIT:C27956	590	Day	1.6	19	187	No	Paolo_Manghi,Svetlana_Ugarcina_Perovic	Healthy	NA	NA	NCIT:C115935	Qiagen	HLA-DRB1*04:05 protein complex;HLA protein complex with DQ3 serotype;HLA protein complex with DQ5 serotype	MRO:0001294;MRO:0001622;MRO:0001626	SRR4408254	27133167	IlluminaHiSeq	Female	NCIT:C16576	NA	NA	Yes	Homo sapiens
VatanenT_2016	T003355	G80464	Otitis Media;Pneumonia;bronchitis;Upper Respiratory Tract Infection;Septicemia;Skin Infection;Cough;Gastroenteritis;Tonsillitis;Pyelonephritis;Cystitis;Fever;Infectious Disorder;Stomatitis;Salmonellosis	NCIT:C34885;NCIT:C3333;NCIT:C2911;NCIT:C35650;NCIT:C3364;NCIT:C35025;NCIT:C37935;NCIT:C34632;NCIT:C116006;NCIT:C34965;NCIT:C26738;NCIT:C3038;NCIT:C128320;NCIT:C26887;NCIT:C157974	Study Control	NCIT:C142703	Estonia	NCIT:C16562	feces	UBERON:0001988	Infant	NCIT:C27956	150	Day	0.4	5	0	No	Paolo_Manghi,Svetlana_Ugarcina_Perovic	Healthy	NA	NA	NCIT:C115935	Qiagen	HLA-DRB1*04:04 protein complex;HLA protein complex with DQ3 serotype;HLA protein complex with DQ5 serotype	MRO:0001293;MRO:0001622;MRO:0001626	SRR4408048	27133167	IlluminaHiSeq	Female	NCIT:C16576	NA	NA	Yes	Homo sapiens
VatanenT_2016	T003355	G80371	Otitis Media;Pneumonia;bronchitis;Upper Respiratory Tract Infection;Septicemia;Skin Infection;Cough;Gastroenteritis;Tonsillitis;Pyelonephritis;Cystitis;Fever;Infectious Disorder;Stomatitis;Salmonellosis	NCIT:C34885;NCIT:C3333;NCIT:C2911;NCIT:C35650;NCIT:C3364;NCIT:C35025;NCIT:C37935;NCIT:C34632;NCIT:C116006;NCIT:C34965;NCIT:C26738;NCIT:C3038;NCIT:C128320;NCIT:C26887;NCIT:C157974	Study Control	NCIT:C142703	Estonia	NCIT:C16562	feces	UBERON:0001988	Infant	NCIT:C27956	456	Day	1.2	15	306	No	Paolo_Manghi,Svetlana_Ugarcina_Perovic	Healthy	NA	NA	NCIT:C115935	Qiagen	HLA-DRB1*04:04 protein complex;HLA protein complex with DQ3 serotype;HLA protein complex with DQ5 serotype	MRO:0001293;MRO:0001622;MRO:0001626	SRR4408240	27133167	IlluminaHiSeq	Female	NCIT:C16576	NA	NA	Yes	Homo sapiens
VatanenT_2016	T003745	G80542	Otitis Media;Pneumonia;bronchitis;Upper Respiratory Tract Infection;Septicemia;Skin Infection;Cough;Gastroenteritis;Tonsillitis;Pyelonephritis;Cystitis;Fever;Infectious Disorder;Stomatitis;Salmonellosis	NCIT:C34885;NCIT:C3333;NCIT:C2911;NCIT:C35650;NCIT:C3364;NCIT:C35025;NCIT:C37935;NCIT:C34632;NCIT:C116006;NCIT:C34965;NCIT:C26738;NCIT:C3038;NCIT:C128320;NCIT:C26887;NCIT:C157974	Study Control	NCIT:C142703	Estonia	NCIT:C16562	feces	UBERON:0001988	Infant	NCIT:C27956	500	Day	1.4	16	0	No	Paolo_Manghi,Svetlana_Ugarcina_Perovic	Healthy	NA	NA	NCIT:C115935	Qiagen	HLA protein complex with DQ5 serotype;HLA protein complex with DQ5 serotype	MRO:0001626;MRO:0001626	SRR4408138	27133167	IlluminaHiSeq	Female	NCIT:C16576	NA	NA	Yes	Homo sapiens
VatanenT_2016	T003950	G78512	Otitis Media;Pneumonia;bronchitis;Upper Respiratory Tract Infection;Septicemia;Skin Infection;Cough;Gastroenteritis;Tonsillitis;Pyelonephritis;Cystitis;Fever;Infectious Disorder;Stomatitis;Salmonellosis	NCIT:C34885;NCIT:C3333;NCIT:C2911;NCIT:C35650;NCIT:C3364;NCIT:C35025;NCIT:C37935;NCIT:C34632;NCIT:C116006;NCIT:C34965;NCIT:C26738;NCIT:C3038;NCIT:C128320;NCIT:C26887;NCIT:C157974	Study Control	NCIT:C142703	Estonia	NCIT:C16562	feces	UBERON:0001988	Infant	NCIT:C27956	598	Day	1.6	20	489	No	Paolo_Manghi,Svetlana_Ugarcina_Perovic	Healthy	NA	NA	NCIT:C115935	Qiagen	HLA protein complex with DQ5 serotype;HLA protein complex with DQ5 serotype	MRO:0001626;MRO:0001626	SRR4305039	27133167	IlluminaHiSeq	Female	NCIT:C16576	NA	NA	Yes	Homo sapiens
VatanenT_2016	T003950	G69154	Otitis Media;Pneumonia;bronchitis;Upper Respiratory Tract Infection;Septicemia;Skin Infection;Cough;Gastroenteritis;Tonsillitis;Pyelonephritis;Cystitis;Fever;Infectious Disorder;Stomatitis;Salmonellosis	NCIT:C34885;NCIT:C3333;NCIT:C2911;NCIT:C35650;NCIT:C3364;NCIT:C35025;NCIT:C37935;NCIT:C34632;NCIT:C116006;NCIT:C34965;NCIT:C26738;NCIT:C3038;NCIT:C128320;NCIT:C26887;NCIT:C157974	Study Control	NCIT:C142703	Estonia	NCIT:C16562	feces	UBERON:0001988	Infant	NCIT:C27956	656	Day	1.8	22	547	No	Paolo_Manghi,Svetlana_Ugarcina_Perovic	Healthy	NA	NA	NCIT:C115935	Qiagen	HLA protein complex with DQ5 serotype;HLA protein complex with DQ5 serotype	MRO:0001626;MRO:0001626	SRR4305500	27133167	IlluminaHiSeq	Female	NCIT:C16576	NA	NA	Yes	Homo sapiens
VatanenT_2016	T003950	G80433	Otitis Media;Pneumonia;bronchitis;Upper Respiratory Tract Infection;Septicemia;Skin Infection;Cough;Gastroenteritis;Tonsillitis;Pyelonephritis;Cystitis;Fever;Infectious Disorder;Stomatitis;Salmonellosis	NCIT:C34885;NCIT:C3333;NCIT:C2911;NCIT:C35650;NCIT:C3364;NCIT:C35025;NCIT:C37935;NCIT:C34632;NCIT:C116006;NCIT:C34965;NCIT:C26738;NCIT:C3038;NCIT:C128320;NCIT:C26887;NCIT:C157974	Study Control	NCIT:C142703	Estonia	NCIT:C16562	feces	UBERON:0001988	Child	NCIT:C49683	1099	Day	3	36	990	No	Paolo_Manghi,Svetlana_Ugarcina_Perovic	Healthy	NA	NA	NCIT:C115935	Qiagen	HLA protein complex with DQ5 serotype;HLA protein complex with DQ5 serotype	MRO:0001626;MRO:0001626	SRR4408017	27133167	IlluminaHiSeq	Female	NCIT:C16576	NA	NA	Yes	Homo sapiens
VatanenT_2016	T003950	G80480	Otitis Media;Pneumonia;bronchitis;Upper Respiratory Tract Infection;Septicemia;Skin Infection;Cough;Gastroenteritis;Tonsillitis;Pyelonephritis;Cystitis;Fever;Infectious Disorder;Stomatitis;Salmonellosis	NCIT:C34885;NCIT:C3333;NCIT:C2911;NCIT:C35650;NCIT:C3364;NCIT:C35025;NCIT:C37935;NCIT:C34632;NCIT:C116006;NCIT:C34965;NCIT:C26738;NCIT:C3038;NCIT:C128320;NCIT:C26887;NCIT:C157974	Study Control	NCIT:C142703	Estonia	NCIT:C16562	feces	UBERON:0001988	Infant	NCIT:C27956	109	Day	0.3	4	0	No	Paolo_Manghi,Svetlana_Ugarcina_Perovic	Healthy	NA	NA	NCIT:C115935	Qiagen	HLA protein complex with DQ5 serotype;HLA protein complex with DQ5 serotype	MRO:0001626;MRO:0001626	SRR4408064	27133167	IlluminaHiSeq	Female	NCIT:C16576	NA	NA	Yes	Homo sapiens
VatanenT_2016	T003950	G80525	Otitis Media;Pneumonia;bronchitis;Upper Respiratory Tract Infection;Septicemia;Skin Infection;Cough;Gastroenteritis;Tonsillitis;Pyelonephritis;Cystitis;Fever;Infectious Disorder;Stomatitis;Salmonellosis	NCIT:C34885;NCIT:C3333;NCIT:C2911;NCIT:C35650;NCIT:C3364;NCIT:C35025;NCIT:C37935;NCIT:C34632;NCIT:C116006;NCIT:C34965;NCIT:C26738;NCIT:C3038;NCIT:C128320;NCIT:C26887;NCIT:C157974	Study Control	NCIT:C142703	Estonia	NCIT:C16562	feces	UBERON:0001988	Infant	NCIT:C27956	294	Day	0.8	10	185	No	Paolo_Manghi,Svetlana_Ugarcina_Perovic	Healthy	NA	NA	NCIT:C115935	Qiagen	HLA protein complex with DQ5 serotype;HLA protein complex with DQ5 serotype	MRO:0001626;MRO:0001626	SRR4408118	27133167	IlluminaHiSeq	Female	NCIT:C16576	NA	NA	Yes	Homo sapiens
VatanenT_2016	T004341	G78513	Otitis Media;Pneumonia;bronchitis;Upper Respiratory Tract Infection;Septicemia;Skin Infection;Cough;Gastroenteritis;Tonsillitis;Pyelonephritis;Cystitis;Fever;Infectious Disorder;Stomatitis;Salmonellosis	NCIT:C34885;NCIT:C3333;NCIT:C2911;NCIT:C35650;NCIT:C3364;NCIT:C35025;NCIT:C37935;NCIT:C34632;NCIT:C116006;NCIT:C34965;NCIT:C26738;NCIT:C3038;NCIT:C128320;NCIT:C26887;NCIT:C157974	Case	NCIT:C49152	Estonia	NCIT:C16562	feces	UBERON:0001988	Infant	NCIT:C27956	594	Day	1.6	20	383	Yes	Paolo_Manghi,Svetlana_Ugarcina_Perovic	Otitis Media	NA	NA	NCIT:C34885	Qiagen	HLA protein complex with DQ5 serotype;HLA protein complex with DQ5 serotype	MRO:0001626;MRO:0001626	SRR4305040	27133167	IlluminaHiSeq	Female	NCIT:C16576	Penicillin Antibiotic	NCIT:C1500	Yes	Homo sapiens
VatanenT_2016	T004341	G80301	Otitis Media;Pneumonia;bronchitis;Upper Respiratory Tract Infection;Septicemia;Skin Infection;Cough;Gastroenteritis;Tonsillitis;Pyelonephritis;Cystitis;Fever;Infectious Disorder;Stomatitis;Salmonellosis	NCIT:C34885;NCIT:C3333;NCIT:C2911;NCIT:C35650;NCIT:C3364;NCIT:C35025;NCIT:C37935;NCIT:C34632;NCIT:C116006;NCIT:C34965;NCIT:C26738;NCIT:C3038;NCIT:C128320;NCIT:C26887;NCIT:C157974	Study Control	NCIT:C142703	Estonia	NCIT:C16562	feces	UBERON:0001988	Child	NCIT:C49683	1102	Day	3	36	891	No	Paolo_Manghi,Svetlana_Ugarcina_Perovic	Healthy	NA	NA	NCIT:C115935	Qiagen	HLA protein complex with DQ5 serotype;HLA protein complex with DQ5 serotype	MRO:0001626;MRO:0001626	SRR4305461	27133167	IlluminaHiSeq	Female	NCIT:C16576	NA	NA	Yes	Homo sapiens
VatanenT_2016	T004341	G80579	Otitis Media;Pneumonia;bronchitis;Upper Respiratory Tract Infection;Septicemia;Skin Infection;Cough;Gastroenteritis;Tonsillitis;Pyelonephritis;Cystitis;Fever;Infectious Disorder;Stomatitis;Salmonellosis	NCIT:C34885;NCIT:C3333;NCIT:C2911;NCIT:C35650;NCIT:C3364;NCIT:C35025;NCIT:C37935;NCIT:C34632;NCIT:C116006;NCIT:C34965;NCIT:C26738;NCIT:C3038;NCIT:C128320;NCIT:C26887;NCIT:C157974	Study Control	NCIT:C142703	Estonia	NCIT:C16562	feces	UBERON:0001988	Infant	NCIT:C27956	211	Day	0.6	7	0	No	Paolo_Manghi,Svetlana_Ugarcina_Perovic	Healthy	NA	NA	NCIT:C115935	Qiagen	HLA protein complex with DQ5 serotype;HLA protein complex with DQ5 serotype	MRO:0001626;MRO:0001626	SRR4408173	27133167	IlluminaHiSeq	Female	NCIT:C16576	NA	NA	Yes	Homo sapiens
VatanenT_2016	T004341	G80585	Otitis Media;Pneumonia;bronchitis;Upper Respiratory Tract Infection;Septicemia;Skin Infection;Cough;Gastroenteritis;Tonsillitis;Pyelonephritis;Cystitis;Fever;Infectious Disorder;Stomatitis;Salmonellosis	NCIT:C34885;NCIT:C3333;NCIT:C2911;NCIT:C35650;NCIT:C3364;NCIT:C35025;NCIT:C37935;NCIT:C34632;NCIT:C116006;NCIT:C34965;NCIT:C26738;NCIT:C3038;NCIT:C128320;NCIT:C26887;NCIT:C157974	Study Control	NCIT:C142703	Estonia	NCIT:C16562	feces	UBERON:0001988	Infant	NCIT:C27956	321	Day	0.9	11	110	No	Paolo_Manghi,Svetlana_Ugarcina_Perovic	Healthy	NA	NA	NCIT:C115935	Qiagen	HLA protein complex with DQ5 serotype;HLA protein complex with DQ5 serotype	MRO:0001626;MRO:0001626	SRR4408180	27133167	IlluminaHiSeq	Female	NCIT:C16576	NA	NA	Yes	Homo sapiens
VatanenT_2016	T005507	G78631	Otitis Media;Pneumonia;bronchitis;Upper Respiratory Tract Infection;Septicemia;Skin Infection;Cough;Gastroenteritis;Tonsillitis;Pyelonephritis;Cystitis;Fever;Infectious Disorder;Stomatitis;Salmonellosis	NCIT:C34885;NCIT:C3333;NCIT:C2911;NCIT:C35650;NCIT:C3364;NCIT:C35025;NCIT:C37935;NCIT:C34632;NCIT:C116006;NCIT:C34965;NCIT:C26738;NCIT:C3038;NCIT:C128320;NCIT:C26887;NCIT:C157974	Study Control	NCIT:C142703	Estonia	NCIT:C16562	feces	UBERON:0001988	Child	NCIT:C49683	1083	Day	3	36	757	No	Paolo_Manghi,Svetlana_Ugarcina_Perovic	Healthy	NA	NA	NCIT:C115935	Qiagen	HLA protein complex with DQ5 serotype	MRO:0001626	SRR4305164	27133167	IlluminaHiSeq	Male	NCIT:C20197	NA	NA	Yes	Homo sapiens
VatanenT_2016	T005507	G80286	Otitis Media;Pneumonia;bronchitis;Upper Respiratory Tract Infection;Septicemia;Skin Infection;Cough;Gastroenteritis;Tonsillitis;Pyelonephritis;Cystitis;Fever;Infectious Disorder;Stomatitis;Salmonellosis	NCIT:C34885;NCIT:C3333;NCIT:C2911;NCIT:C35650;NCIT:C3364;NCIT:C35025;NCIT:C37935;NCIT:C34632;NCIT:C116006;NCIT:C34965;NCIT:C26738;NCIT:C3038;NCIT:C128320;NCIT:C26887;NCIT:C157974	Case	NCIT:C49152	Estonia	NCIT:C16562	feces	UBERON:0001988	Child	NCIT:C49683	801	Day	2.2	26	475	Yes	Paolo_Manghi,Svetlana_Ugarcina_Perovic	Otitis Media	NA	NA	NCIT:C34885	Qiagen	HLA protein complex with DQ5 serotype	MRO:0001626	SRR4305445	27133167	IlluminaHiSeq	Male	NCIT:C20197	Penicillin Antibiotic	NCIT:C1500	Yes	Homo sapiens
VatanenT_2016	T005507	G80615	Otitis Media;Pneumonia;bronchitis;Upper Respiratory Tract Infection;Septicemia;Skin Infection;Cough;Gastroenteritis;Tonsillitis;Pyelonephritis;Cystitis;Fever;Infectious Disorder;Stomatitis;Salmonellosis	NCIT:C34885;NCIT:C3333;NCIT:C2911;NCIT:C35650;NCIT:C3364;NCIT:C35025;NCIT:C37935;NCIT:C34632;NCIT:C116006;NCIT:C34965;NCIT:C26738;NCIT:C3038;NCIT:C128320;NCIT:C26887;NCIT:C157974	Study Control	NCIT:C142703	Estonia	NCIT:C16562	feces	UBERON:0001988	Infant	NCIT:C27956	326	Day	0.9	11	0	No	Paolo_Manghi,Svetlana_Ugarcina_Perovic	Healthy	NA	NA	NCIT:C115935	Qiagen	HLA protein complex with DQ5 serotype	MRO:0001626	SRR4408208	27133167	IlluminaHiSeq	Male	NCIT:C20197	NA	NA	Yes	Homo sapiens
VatanenT_2016	T005643	G80508	Otitis Media;Pneumonia;bronchitis;Upper Respiratory Tract Infection;Septicemia;Skin Infection;Cough;Gastroenteritis;Tonsillitis;Pyelonephritis;Cystitis;Fever;Infectious Disorder;Stomatitis;Salmonellosis	NCIT:C34885;NCIT:C3333;NCIT:C2911;NCIT:C35650;NCIT:C3364;NCIT:C35025;NCIT:C37935;NCIT:C34632;NCIT:C116006;NCIT:C34965;NCIT:C26738;NCIT:C3038;NCIT:C128320;NCIT:C26887;NCIT:C157974	Study Control	NCIT:C142703	Estonia	NCIT:C16562	feces	UBERON:0001988	Infant	NCIT:C27956	209	Day	0.6	7	160	No	Paolo_Manghi,Svetlana_Ugarcina_Perovic	Healthy	NA	NA	NCIT:C115935	Qiagen	HLA protein complex with DQ5 serotype	MRO:0001626	SRR4408094	27133167	IlluminaHiSeq	Female	NCIT:C16576	NA	NA	Yes	Homo sapiens
VatanenT_2016	T005643	G80594	Otitis Media;Pneumonia;bronchitis;Upper Respiratory Tract Infection;Septicemia;Skin Infection;Cough;Gastroenteritis;Tonsillitis;Pyelonephritis;Cystitis;Fever;Infectious Disorder;Stomatitis;Salmonellosis	NCIT:C34885;NCIT:C3333;NCIT:C2911;NCIT:C35650;NCIT:C3364;NCIT:C35025;NCIT:C37935;NCIT:C34632;NCIT:C116006;NCIT:C34965;NCIT:C26738;NCIT:C3038;NCIT:C128320;NCIT:C26887;NCIT:C157974	Study Control	NCIT:C142703	Estonia	NCIT:C16562	feces	UBERON:0001988	Infant	NCIT:C27956	49	Day	0.1	2	0	No	Paolo_Manghi,Svetlana_Ugarcina_Perovic	Healthy	NA	NA	NCIT:C115935	Qiagen	HLA protein complex with DQ5 serotype	MRO:0001626	SRR4408189	27133167	IlluminaHiSeq	Female	NCIT:C16576	NA	NA	Yes	Homo sapiens
VatanenT_2016	T005643	G80378	Otitis Media;Pneumonia;bronchitis;Upper Respiratory Tract Infection;Septicemia;Skin Infection;Cough;Gastroenteritis;Tonsillitis;Pyelonephritis;Cystitis;Fever;Infectious Disorder;Stomatitis;Salmonellosis	NCIT:C34885;NCIT:C3333;NCIT:C2911;NCIT:C35650;NCIT:C3364;NCIT:C35025;NCIT:C37935;NCIT:C34632;NCIT:C116006;NCIT:C34965;NCIT:C26738;NCIT:C3038;NCIT:C128320;NCIT:C26887;NCIT:C157974	Study Control	NCIT:C142703	Estonia	NCIT:C16562	feces	UBERON:0001988	Infant	NCIT:C27956	534	Day	1.5	18	485	No	Paolo_Manghi,Svetlana_Ugarcina_Perovic	Healthy	NA	NA	NCIT:C115935	Qiagen	HLA protein complex with DQ5 serotype	MRO:0001626	SRR4408247	27133167	IlluminaHiSeq	Female	NCIT:C16576	NA	NA	Yes	Homo sapiens
VatanenT_2016	T005999	G78577	Otitis Media;Pneumonia;bronchitis;Upper Respiratory Tract Infection;Septicemia;Skin Infection;Cough;Gastroenteritis;Tonsillitis;Pyelonephritis;Cystitis;Fever;Infectious Disorder;Stomatitis;Salmonellosis	NCIT:C34885;NCIT:C3333;NCIT:C2911;NCIT:C35650;NCIT:C3364;NCIT:C35025;NCIT:C37935;NCIT:C34632;NCIT:C116006;NCIT:C34965;NCIT:C26738;NCIT:C3038;NCIT:C128320;NCIT:C26887;NCIT:C157974	Study Control	NCIT:C142703	Estonia	NCIT:C16562	feces	UBERON:0001988	Infant	NCIT:C27956	588	Day	1.6	19	543	No	Paolo_Manghi,Svetlana_Ugarcina_Perovic	Healthy	NA	NA	NCIT:C115935	Qiagen	HLA protein complex with DQ3 serotype;HLA protein complex with DQ3 serotype;HLA-DRB1*04:04 protein complex	MRO:0001622;MRO:0001622;MRO:0001293	SRR4305105	27133167	IlluminaHiSeq	Male	NCIT:C20197	NA	NA	Yes	Homo sapiens
VatanenT_2016	T005999	G69183	Otitis Media;Pneumonia;bronchitis;Upper Respiratory Tract Infection;Septicemia;Skin Infection;Cough;Gastroenteritis;Tonsillitis;Pyelonephritis;Cystitis;Fever;Infectious Disorder;Stomatitis;Salmonellosis	NCIT:C34885;NCIT:C3333;NCIT:C2911;NCIT:C35650;NCIT:C3364;NCIT:C35025;NCIT:C37935;NCIT:C34632;NCIT:C116006;NCIT:C34965;NCIT:C26738;NCIT:C3038;NCIT:C128320;NCIT:C26887;NCIT:C157974	Study Control	NCIT:C142703	Estonia	NCIT:C16562	feces	UBERON:0001988	Infant	NCIT:C27956	663	Day	1.8	22	618	No	Paolo_Manghi,Svetlana_Ugarcina_Perovic	Healthy	NA	NA	NCIT:C115935	Qiagen	HLA protein complex with DQ3 serotype;HLA protein complex with DQ3 serotype;HLA-DRB1*04:04 protein complex	MRO:0001622;MRO:0001622;MRO:0001293	SRR4305289	27133167	IlluminaHiSeq	Male	NCIT:C20197	NA	NA	Yes	Homo sapiens
VatanenT_2016	T005999	G80487	Otitis Media;Pneumonia;bronchitis;Upper Respiratory Tract Infection;Septicemia;Skin Infection;Cough;Gastroenteritis;Tonsillitis;Pyelonephritis;Cystitis;Fever;Infectious Disorder;Stomatitis;Salmonellosis	NCIT:C34885;NCIT:C3333;NCIT:C2911;NCIT:C35650;NCIT:C3364;NCIT:C35025;NCIT:C37935;NCIT:C34632;NCIT:C116006;NCIT:C34965;NCIT:C26738;NCIT:C3038;NCIT:C128320;NCIT:C26887;NCIT:C157974	Study Control	NCIT:C142703	Estonia	NCIT:C16562	feces	UBERON:0001988	Infant	NCIT:C27956	108	Day	0.3	4	63	No	Paolo_Manghi,Svetlana_Ugarcina_Perovic	Healthy	NA	NA	NCIT:C115935	Qiagen	HLA protein complex with DQ3 serotype;HLA protein complex with DQ3 serotype;HLA-DRB1*04:04 protein complex	MRO:0001622;MRO:0001622;MRO:0001293	SRR4408072	27133167	IlluminaHiSeq	Male	NCIT:C20197	NA	NA	Yes	Homo sapiens
VatanenT_2016	T005999	G80488	Otitis Media;Pneumonia;bronchitis;Upper Respiratory Tract Infection;Septicemia;Skin Infection;Cough;Gastroenteritis;Tonsillitis;Pyelonephritis;Cystitis;Fever;Infectious Disorder;Stomatitis;Salmonellosis	NCIT:C34885;NCIT:C3333;NCIT:C2911;NCIT:C35650;NCIT:C3364;NCIT:C35025;NCIT:C37935;NCIT:C34632;NCIT:C116006;NCIT:C34965;NCIT:C26738;NCIT:C3038;NCIT:C128320;NCIT:C26887;NCIT:C157974	Study Control	NCIT:C142703	Estonia	NCIT:C16562	feces	UBERON:0001988	Infant	NCIT:C27956	45	Day	0.1	1	0	No	Paolo_Manghi,Svetlana_Ugarcina_Perovic	Healthy	NA	NA	NCIT:C115935	Qiagen	HLA protein complex with DQ3 serotype;HLA protein complex with DQ3 serotype;HLA-DRB1*04:04 protein complex	MRO:0001622;MRO:0001622;MRO:0001293	SRR4408073	27133167	IlluminaHiSeq	Male	NCIT:C20197	NA	NA	Yes	Homo sapiens
VatanenT_2016	T006266	G80278	Otitis Media;Pneumonia;bronchitis;Upper Respiratory Tract Infection;Septicemia;Skin Infection;Cough;Gastroenteritis;Tonsillitis;Pyelonephritis;Cystitis;Fever;Infectious Disorder;Stomatitis;Salmonellosis	NCIT:C34885;NCIT:C3333;NCIT:C2911;NCIT:C35650;NCIT:C3364;NCIT:C35025;NCIT:C37935;NCIT:C34632;NCIT:C116006;NCIT:C34965;NCIT:C26738;NCIT:C3038;NCIT:C128320;NCIT:C26887;NCIT:C157974	Study Control	NCIT:C142703	Estonia	NCIT:C16562	feces	UBERON:0001988	Infant	NCIT:C27956	501	Day	1.4	16	379	No	Paolo_Manghi,Svetlana_Ugarcina_Perovic	Healthy	NA	NA	NCIT:C115935	Qiagen	HLA-DRB1*04:04 protein complex	MRO:0001293	SRR4305437	27133167	IlluminaHiSeq	Male	NCIT:C20197	NA	NA	Yes	Homo sapiens
VatanenT_2016	T006266	G80435	Otitis Media;Pneumonia;bronchitis;Upper Respiratory Tract Infection;Septicemia;Skin Infection;Cough;Gastroenteritis;Tonsillitis;Pyelonephritis;Cystitis;Fever;Infectious Disorder;Stomatitis;Salmonellosis	NCIT:C34885;NCIT:C3333;NCIT:C2911;NCIT:C35650;NCIT:C3364;NCIT:C35025;NCIT:C37935;NCIT:C34632;NCIT:C116006;NCIT:C34965;NCIT:C26738;NCIT:C3038;NCIT:C128320;NCIT:C26887;NCIT:C157974	Case	NCIT:C49152	Estonia	NCIT:C16562	feces	UBERON:0001988	Child	NCIT:C49683	892	Day	2.4	29	770	Yes	Paolo_Manghi,Svetlana_Ugarcina_Perovic	Otitis Media	NA	NA	NCIT:C34885	Qiagen	HLA-DRB1*04:04 protein complex	MRO:0001293	SRR4408019	27133167	IlluminaHiSeq	Male	NCIT:C20197	Penicillin Antibiotic	NCIT:C1500	Yes	Homo sapiens
VatanenT_2016	T006266	G80452	Otitis Media;Pneumonia;bronchitis;Upper Respiratory Tract Infection;Septicemia;Skin Infection;Cough;Gastroenteritis;Tonsillitis;Pyelonephritis;Cystitis;Fever;Infectious Disorder;Stomatitis;Salmonellosis	NCIT:C34885;NCIT:C3333;NCIT:C2911;NCIT:C35650;NCIT:C3364;NCIT:C35025;NCIT:C37935;NCIT:C34632;NCIT:C116006;NCIT:C34965;NCIT:C26738;NCIT:C3038;NCIT:C128320;NCIT:C26887;NCIT:C157974	Study Control	NCIT:C142703	Estonia	NCIT:C16562	feces	UBERON:0001988	Infant	NCIT:C27956	685	Day	1.9	23	563	No	Paolo_Manghi,Svetlana_Ugarcina_Perovic	Healthy	NA	NA	NCIT:C115935	Qiagen	HLA-DRB1*04:04 protein complex	MRO:0001293	SRR4408035	27133167	IlluminaHiSeq	Male	NCIT:C20197	NA	NA	Yes	Homo sapiens
VatanenT_2016	T006266	G80599	Otitis Media;Pneumonia;bronchitis;Upper Respiratory Tract Infection;Septicemia;Skin Infection;Cough;Gastroenteritis;Tonsillitis;Pyelonephritis;Cystitis;Fever;Infectious Disorder;Stomatitis;Salmonellosis	NCIT:C34885;NCIT:C3333;NCIT:C2911;NCIT:C35650;NCIT:C3364;NCIT:C35025;NCIT:C37935;NCIT:C34632;NCIT:C116006;NCIT:C34965;NCIT:C26738;NCIT:C3038;NCIT:C128320;NCIT:C26887;NCIT:C157974	Study Control	NCIT:C142703	Estonia	NCIT:C16562	feces	UBERON:0001988	Infant	NCIT:C27956	122	Day	0.3	4	0	No	Paolo_Manghi,Svetlana_Ugarcina_Perovic	Healthy	NA	NA	NCIT:C115935	Qiagen	HLA-DRB1*04:04 protein complex	MRO:0001293	SRR4408193	27133167	IlluminaHiSeq	Male	NCIT:C20197	NA	NA	Yes	Homo sapiens
VatanenT_2016	T006288	G69153	Otitis Media;Pneumonia;bronchitis;Upper Respiratory Tract Infection;Septicemia;Skin Infection;Cough;Gastroenteritis;Tonsillitis;Pyelonephritis;Cystitis;Fever;Infectious Disorder;Stomatitis;Salmonellosis	NCIT:C34885;NCIT:C3333;NCIT:C2911;NCIT:C35650;NCIT:C3364;NCIT:C35025;NCIT:C37935;NCIT:C34632;NCIT:C116006;NCIT:C34965;NCIT:C26738;NCIT:C3038;NCIT:C128320;NCIT:C26887;NCIT:C157974	Study Control	NCIT:C142703	Estonia	NCIT:C16562	feces	UBERON:0001988	Infant	NCIT:C27956	676	Day	1.9	22	499	No	Paolo_Manghi,Svetlana_Ugarcina_Perovic	Healthy	NA	NA	NCIT:C115935	Qiagen	HLA-DQA1*02:01 protein complex;HLA protein complex with DQ5 serotype	MRO:0001211;MRO:0001626	SRR4305489	27133167	IlluminaHiSeq	Male	NCIT:C20197	NA	NA	Yes	Homo sapiens
VatanenT_2016	T006288	G80495	Otitis Media;Pneumonia;bronchitis;Upper Respiratory Tract Infection;Septicemia;Skin Infection;Cough;Gastroenteritis;Tonsillitis;Pyelonephritis;Cystitis;Fever;Infectious Disorder;Stomatitis;Salmonellosis	NCIT:C34885;NCIT:C3333;NCIT:C2911;NCIT:C35650;NCIT:C3364;NCIT:C35025;NCIT:C37935;NCIT:C34632;NCIT:C116006;NCIT:C34965;NCIT:C26738;NCIT:C3038;NCIT:C128320;NCIT:C26887;NCIT:C157974	Study Control	NCIT:C142703	Estonia	NCIT:C16562	feces	UBERON:0001988	Infant	NCIT:C27956	177	Day	0.5	6	0	No	Paolo_Manghi,Svetlana_Ugarcina_Perovic	Healthy	NA	NA	NCIT:C115935	Qiagen	HLA-DQA1*02:01 protein complex;HLA protein complex with DQ5 serotype	MRO:0001211;MRO:0001626	SRR4408081	27133167	IlluminaHiSeq	Male	NCIT:C20197	NA	NA	Yes	Homo sapiens
VatanenT_2016	T006288	G80521	Otitis Media;Pneumonia;bronchitis;Upper Respiratory Tract Infection;Septicemia;Skin Infection;Cough;Gastroenteritis;Tonsillitis;Pyelonephritis;Cystitis;Fever;Infectious Disorder;Stomatitis;Salmonellosis	NCIT:C34885;NCIT:C3333;NCIT:C2911;NCIT:C35650;NCIT:C3364;NCIT:C35025;NCIT:C37935;NCIT:C34632;NCIT:C116006;NCIT:C34965;NCIT:C26738;NCIT:C3038;NCIT:C128320;NCIT:C26887;NCIT:C157974	Case	NCIT:C49152	Estonia	NCIT:C16562	feces	UBERON:0001988	Infant	NCIT:C27956	319	Day	0.9	10	142	Yes	Paolo_Manghi,Svetlana_Ugarcina_Perovic	Pneumonia	NA	NA	NCIT:C3333	Qiagen	HLA-DQA1*02:01 protein complex;HLA protein complex with DQ5 serotype	MRO:0001211;MRO:0001626	SRR4408107	27133167	IlluminaHiSeq	Male	NCIT:C20197	Penicillin Antibiotic	NCIT:C1500	Yes	Homo sapiens
VatanenT_2016	T007404	G80377	Otitis Media;Pneumonia;bronchitis;Upper Respiratory Tract Infection;Septicemia;Skin Infection;Cough;Gastroenteritis;Tonsillitis;Pyelonephritis;Cystitis;Fever;Infectious Disorder;Stomatitis;Salmonellosis	NCIT:C34885;NCIT:C3333;NCIT:C2911;NCIT:C35650;NCIT:C3364;NCIT:C35025;NCIT:C37935;NCIT:C34632;NCIT:C116006;NCIT:C34965;NCIT:C26738;NCIT:C3038;NCIT:C128320;NCIT:C26887;NCIT:C157974	Case	NCIT:C49152	Estonia	NCIT:C16562	feces	UBERON:0001988	Child	NCIT:C49683	878	Day	2.4	29	0	Yes	Paolo_Manghi,Svetlana_Ugarcina_Perovic	Cystitis	NA	NA	NCIT:C26738	Qiagen	HLA protein complex with DQ5 serotype;HLA protein complex with DQ5 serotype	MRO:0001626;MRO:0001626	SRR4408246	27133167	IlluminaHiSeq	Male	NCIT:C20197	Nitrofurantoin;Penicillin Antibiotic	NCIT:C29293;NCIT:C1500	Yes	Homo sapiens
VatanenT_2016	T007748	G80472	Otitis Media;Pneumonia;bronchitis;Upper Respiratory Tract Infection;Septicemia;Skin Infection;Cough;Gastroenteritis;Tonsillitis;Pyelonephritis;Cystitis;Fever;Infectious Disorder;Stomatitis;Salmonellosis	NCIT:C34885;NCIT:C3333;NCIT:C2911;NCIT:C35650;NCIT:C3364;NCIT:C35025;NCIT:C37935;NCIT:C34632;NCIT:C116006;NCIT:C34965;NCIT:C26738;NCIT:C3038;NCIT:C128320;NCIT:C26887;NCIT:C157974	Case	NCIT:C49152	Estonia	NCIT:C16562	feces	UBERON:0001988	Infant	NCIT:C27956	44	Day	0.1	1	0	Yes	Paolo_Manghi,Svetlana_Ugarcina_Perovic	Pyelonephritis	NA	NA	NCIT:C34965	Qiagen	HLA-DRB1*04:01 protein complex	MRO:0001290	SRR4408056	27133167	IlluminaHiSeq	Male	NCIT:C20197	Cephalosporin Antibiotic;Penicillin Antibiotic;Sulfonamide Anti-Infective Agent	NCIT:C357;NCIT:C1500;NCIT:C29739	Yes	Homo sapiens
VatanenT_2016	T007748	G80497	Otitis Media;Pneumonia;bronchitis;Upper Respiratory Tract Infection;Septicemia;Skin Infection;Cough;Gastroenteritis;Tonsillitis;Pyelonephritis;Cystitis;Fever;Infectious Disorder;Stomatitis;Salmonellosis	NCIT:C34885;NCIT:C3333;NCIT:C2911;NCIT:C35650;NCIT:C3364;NCIT:C35025;NCIT:C37935;NCIT:C34632;NCIT:C116006;NCIT:C34965;NCIT:C26738;NCIT:C3038;NCIT:C128320;NCIT:C26887;NCIT:C157974	Study Control	NCIT:C142703	Estonia	NCIT:C16562	feces	UBERON:0001988	Infant	NCIT:C27956	226	Day	0.6	7	182	No	Paolo_Manghi,Svetlana_Ugarcina_Perovic	Healthy	NA	NA	NCIT:C115935	Qiagen	HLA-DRB1*04:01 protein complex	MRO:0001290	SRR4408083	27133167	IlluminaHiSeq	Male	NCIT:C20197	NA	NA	Yes	Homo sapiens
VatanenT_2016	T007748	G80529	Otitis Media;Pneumonia;bronchitis;Upper Respiratory Tract Infection;Septicemia;Skin Infection;Cough;Gastroenteritis;Tonsillitis;Pyelonephritis;Cystitis;Fever;Infectious Disorder;Stomatitis;Salmonellosis	NCIT:C34885;NCIT:C3333;NCIT:C2911;NCIT:C35650;NCIT:C3364;NCIT:C35025;NCIT:C37935;NCIT:C34632;NCIT:C116006;NCIT:C34965;NCIT:C26738;NCIT:C3038;NCIT:C128320;NCIT:C26887;NCIT:C157974	Study Control	NCIT:C142703	Estonia	NCIT:C16562	feces	UBERON:0001988	Infant	NCIT:C27956	309	Day	0.8	10	265	No	Paolo_Manghi,Svetlana_Ugarcina_Perovic	Healthy	NA	NA	NCIT:C115935	Qiagen	HLA-DRB1*04:01 protein complex	MRO:0001290	SRR4408124	27133167	IlluminaHiSeq	Male	NCIT:C20197	NA	NA	Yes	Homo sapiens
VatanenT_2016	T007750	G78511	Otitis Media;Pneumonia;bronchitis;Upper Respiratory Tract Infection;Septicemia;Skin Infection;Cough;Gastroenteritis;Tonsillitis;Pyelonephritis;Cystitis;Fever;Infectious Disorder;Stomatitis;Salmonellosis	NCIT:C34885;NCIT:C3333;NCIT:C2911;NCIT:C35650;NCIT:C3364;NCIT:C35025;NCIT:C37935;NCIT:C34632;NCIT:C116006;NCIT:C34965;NCIT:C26738;NCIT:C3038;NCIT:C128320;NCIT:C26887;NCIT:C157974	Study Control	NCIT:C142703	Estonia	NCIT:C16562	feces	UBERON:0001988	Infant	NCIT:C27956	587	Day	1.6	19	453	No	Paolo_Manghi,Svetlana_Ugarcina_Perovic	Healthy	NA	NA	NCIT:C115935	Qiagen	HLA-DRB1*04:04 protein complex;HLA protein complex with DQ3 serotype;HLA-DQA1*02:01 protein complex	MRO:0001293;MRO:0001622;MRO:0001211	SRR4305038	27133167	IlluminaHiSeq	Female	NCIT:C16576	NA	NA	Yes	Homo sapiens
VatanenT_2016	T007750	G80517	Otitis Media;Pneumonia;bronchitis;Upper Respiratory Tract Infection;Septicemia;Skin Infection;Cough;Gastroenteritis;Tonsillitis;Pyelonephritis;Cystitis;Fever;Infectious Disorder;Stomatitis;Salmonellosis	NCIT:C34885;NCIT:C3333;NCIT:C2911;NCIT:C35650;NCIT:C3364;NCIT:C35025;NCIT:C37935;NCIT:C34632;NCIT:C116006;NCIT:C34965;NCIT:C26738;NCIT:C3038;NCIT:C128320;NCIT:C26887;NCIT:C157974	Study Control	NCIT:C142703	Estonia	NCIT:C16562	feces	UBERON:0001988	Infant	NCIT:C27956	134	Day	0.4	4	0	No	Paolo_Manghi,Svetlana_Ugarcina_Perovic	Healthy	NA	NA	NCIT:C115935	Qiagen	HLA-DRB1*04:04 protein complex;HLA protein complex with DQ3 serotype;HLA-DQA1*02:01 protein complex	MRO:0001293;MRO:0001622;MRO:0001211	SRR4408104	27133167	IlluminaHiSeq	Female	NCIT:C16576	NA	NA	Yes	Homo sapiens
VatanenT_2016	T008025	G78519	Otitis Media;Pneumonia;bronchitis;Upper Respiratory Tract Infection;Septicemia;Skin Infection;Cough;Gastroenteritis;Tonsillitis;Pyelonephritis;Cystitis;Fever;Infectious Disorder;Stomatitis;Salmonellosis	NCIT:C34885;NCIT:C3333;NCIT:C2911;NCIT:C35650;NCIT:C3364;NCIT:C35025;NCIT:C37935;NCIT:C34632;NCIT:C116006;NCIT:C34965;NCIT:C26738;NCIT:C3038;NCIT:C128320;NCIT:C26887;NCIT:C157974	Study Control	NCIT:C142703	Estonia	NCIT:C16562	feces	UBERON:0001988	Infant	NCIT:C27956	675	Day	1.8	22	630	No	Paolo_Manghi,Svetlana_Ugarcina_Perovic	Healthy	NA	NA	NCIT:C115935	Qiagen	HLA-DRB1*04:01 protein complex	MRO:0001290	SRR4305047	27133167	IlluminaHiSeq	Male	NCIT:C20197	NA	NA	Yes	Homo sapiens
VatanenT_2016	T008025	G80507	Otitis Media;Pneumonia;bronchitis;Upper Respiratory Tract Infection;Septicemia;Skin Infection;Cough;Gastroenteritis;Tonsillitis;Pyelonephritis;Cystitis;Fever;Infectious Disorder;Stomatitis;Salmonellosis	NCIT:C34885;NCIT:C3333;NCIT:C2911;NCIT:C35650;NCIT:C3364;NCIT:C35025;NCIT:C37935;NCIT:C34632;NCIT:C116006;NCIT:C34965;NCIT:C26738;NCIT:C3038;NCIT:C128320;NCIT:C26887;NCIT:C157974	Case	NCIT:C49152	Estonia	NCIT:C16562	feces	UBERON:0001988	Infant	NCIT:C27956	228	Day	0.6	7	183	Yes	Paolo_Manghi,Svetlana_Ugarcina_Perovic	Otitis Media	NA	NA	NCIT:C34885	Qiagen	HLA-DRB1*04:01 protein complex	MRO:0001290	SRR4408093	27133167	IlluminaHiSeq	Male	NCIT:C20197	Penicillin Antibiotic	NCIT:C1500	Yes	Homo sapiens
VatanenT_2016	T008025	G80543	Otitis Media;Pneumonia;bronchitis;Upper Respiratory Tract Infection;Septicemia;Skin Infection;Cough;Gastroenteritis;Tonsillitis;Pyelonephritis;Cystitis;Fever;Infectious Disorder;Stomatitis;Salmonellosis	NCIT:C34885;NCIT:C3333;NCIT:C2911;NCIT:C35650;NCIT:C3364;NCIT:C35025;NCIT:C37935;NCIT:C34632;NCIT:C116006;NCIT:C34965;NCIT:C26738;NCIT:C3038;NCIT:C128320;NCIT:C26887;NCIT:C157974	Study Control	NCIT:C142703	Estonia	NCIT:C16562	feces	UBERON:0001988	Infant	NCIT:C27956	45	Day	0.1	1	0	No	Paolo_Manghi,Svetlana_Ugarcina_Perovic	Healthy	NA	NA	NCIT:C115935	Qiagen	HLA-DRB1*04:01 protein complex	MRO:0001290	SRR4408139	27133167	IlluminaHiSeq	Male	NCIT:C20197	NA	NA	Yes	Homo sapiens
VatanenT_2016	T008246	G78518	Otitis Media;Pneumonia;bronchitis;Upper Respiratory Tract Infection;Septicemia;Skin Infection;Cough;Gastroenteritis;Tonsillitis;Pyelonephritis;Cystitis;Fever;Infectious Disorder;Stomatitis;Salmonellosis	NCIT:C34885;NCIT:C3333;NCIT:C2911;NCIT:C35650;NCIT:C3364;NCIT:C35025;NCIT:C37935;NCIT:C34632;NCIT:C116006;NCIT:C34965;NCIT:C26738;NCIT:C3038;NCIT:C128320;NCIT:C26887;NCIT:C157974	Study Control	NCIT:C142703	Estonia	NCIT:C16562	feces	UBERON:0001988	Infant	NCIT:C27956	500	Day	1.4	16	456	No	Paolo_Manghi,Svetlana_Ugarcina_Perovic	Healthy	NA	NA	NCIT:C115935	Qiagen	HLA-DRB1*04:01 protein complex	MRO:0001290	SRR4305046	27133167	IlluminaHiSeq	Female	NCIT:C16576	NA	NA	Yes	Homo sapiens
VatanenT_2016	T008246	G80456	Otitis Media;Pneumonia;bronchitis;Upper Respiratory Tract Infection;Septicemia;Skin Infection;Cough;Gastroenteritis;Tonsillitis;Pyelonephritis;Cystitis;Fever;Infectious Disorder;Stomatitis;Salmonellosis	NCIT:C34885;NCIT:C3333;NCIT:C2911;NCIT:C35650;NCIT:C3364;NCIT:C35025;NCIT:C37935;NCIT:C34632;NCIT:C116006;NCIT:C34965;NCIT:C26738;NCIT:C3038;NCIT:C128320;NCIT:C26887;NCIT:C157974	Study Control	NCIT:C142703	Estonia	NCIT:C16562	feces	UBERON:0001988	Infant	NCIT:C27956	44	Day	0.1	1	0	No	Paolo_Manghi,Svetlana_Ugarcina_Perovic	Healthy	NA	NA	NCIT:C115935	Qiagen	HLA-DRB1*04:01 protein complex	MRO:0001290	SRR4408040	27133167	IlluminaHiSeq	Female	NCIT:C16576	NA	NA	Yes	Homo sapiens
VatanenT_2016	T008246	G80604	Otitis Media;Pneumonia;bronchitis;Upper Respiratory Tract Infection;Septicemia;Skin Infection;Cough;Gastroenteritis;Tonsillitis;Pyelonephritis;Cystitis;Fever;Infectious Disorder;Stomatitis;Salmonellosis	NCIT:C34885;NCIT:C3333;NCIT:C2911;NCIT:C35650;NCIT:C3364;NCIT:C35025;NCIT:C37935;NCIT:C34632;NCIT:C116006;NCIT:C34965;NCIT:C26738;NCIT:C3038;NCIT:C128320;NCIT:C26887;NCIT:C157974	Study Control	NCIT:C142703	Estonia	NCIT:C16562	feces	UBERON:0001988	Infant	NCIT:C27956	108	Day	0.3	4	64	No	Paolo_Manghi,Svetlana_Ugarcina_Perovic	Healthy	NA	NA	NCIT:C115935	Qiagen	HLA-DRB1*04:01 protein complex	MRO:0001290	SRR4408197	27133167	IlluminaHiSeq	Female	NCIT:C16576	NA	NA	Yes	Homo sapiens
VatanenT_2016	T008247	G80592	Otitis Media;Pneumonia;bronchitis;Upper Respiratory Tract Infection;Septicemia;Skin Infection;Cough;Gastroenteritis;Tonsillitis;Pyelonephritis;Cystitis;Fever;Infectious Disorder;Stomatitis;Salmonellosis	NCIT:C34885;NCIT:C3333;NCIT:C2911;NCIT:C35650;NCIT:C3364;NCIT:C35025;NCIT:C37935;NCIT:C34632;NCIT:C116006;NCIT:C34965;NCIT:C26738;NCIT:C3038;NCIT:C128320;NCIT:C26887;NCIT:C157974	Case	NCIT:C49152	Estonia	NCIT:C16562	feces	UBERON:0001988	Infant	NCIT:C27956	120	Day	0.3	4	78	Yes	Paolo_Manghi,Svetlana_Ugarcina_Perovic	Pyelonephritis	NA	NA	NCIT:C34965	Qiagen	HLA-DRB1*04:01 protein complex	MRO:0001290	SRR4408186	27133167	IlluminaHiSeq	Male	NCIT:C20197	Aminoglycoside Antibiotic	NCIT:C2363	Yes	Homo sapiens
VatanenT_2016	T008247	G80605	Otitis Media;Pneumonia;bronchitis;Upper Respiratory Tract Infection;Septicemia;Skin Infection;Cough;Gastroenteritis;Tonsillitis;Pyelonephritis;Cystitis;Fever;Infectious Disorder;Stomatitis;Salmonellosis	NCIT:C34885;NCIT:C3333;NCIT:C2911;NCIT:C35650;NCIT:C3364;NCIT:C35025;NCIT:C37935;NCIT:C34632;NCIT:C116006;NCIT:C34965;NCIT:C26738;NCIT:C3038;NCIT:C128320;NCIT:C26887;NCIT:C157974	Study Control	NCIT:C142703	Estonia	NCIT:C16562	feces	UBERON:0001988	Infant	NCIT:C27956	42	Day	0.1	1	0	No	Paolo_Manghi,Svetlana_Ugarcina_Perovic	Healthy	NA	NA	NCIT:C115935	Qiagen	HLA-DRB1*04:01 protein complex	MRO:0001290	SRR4408199	27133167	IlluminaHiSeq	Male	NCIT:C20197	NA	NA	Yes	Homo sapiens
VatanenT_2016	T009275	G80531	Otitis Media;Pneumonia;bronchitis;Upper Respiratory Tract Infection;Septicemia;Skin Infection;Cough;Gastroenteritis;Tonsillitis;Pyelonephritis;Cystitis;Fever;Infectious Disorder;Stomatitis;Salmonellosis	NCIT:C34885;NCIT:C3333;NCIT:C2911;NCIT:C35650;NCIT:C3364;NCIT:C35025;NCIT:C37935;NCIT:C34632;NCIT:C116006;NCIT:C34965;NCIT:C26738;NCIT:C3038;NCIT:C128320;NCIT:C26887;NCIT:C157974	Case	NCIT:C49152	Estonia	NCIT:C16562	feces	UBERON:0001988	Infant	NCIT:C27956	301	Day	0.8	10	268	Yes	Paolo_Manghi,Svetlana_Ugarcina_Perovic	bronchitis	NA	NA	NCIT:C2911	Qiagen	HLA protein complex with DQ5 serotype	MRO:0001626	SRR4408126	27133167	IlluminaHiSeq	Female	NCIT:C16576	Penicillin Antibiotic	NCIT:C1500	Yes	Homo sapiens
VatanenT_2016	T009275	G80536	Otitis Media;Pneumonia;bronchitis;Upper Respiratory Tract Infection;Septicemia;Skin Infection;Cough;Gastroenteritis;Tonsillitis;Pyelonephritis;Cystitis;Fever;Infectious Disorder;Stomatitis;Salmonellosis	NCIT:C34885;NCIT:C3333;NCIT:C2911;NCIT:C35650;NCIT:C3364;NCIT:C35025;NCIT:C37935;NCIT:C34632;NCIT:C116006;NCIT:C34965;NCIT:C26738;NCIT:C3038;NCIT:C128320;NCIT:C26887;NCIT:C157974	Study Control	NCIT:C142703	Estonia	NCIT:C16562	feces	UBERON:0001988	Infant	NCIT:C27956	33	Day	0.1	1	0	No	Paolo_Manghi,Svetlana_Ugarcina_Perovic	Healthy	NA	NA	NCIT:C115935	Qiagen	HLA protein complex with DQ5 serotype	MRO:0001626	SRR4408131	27133167	IlluminaHiSeq	Female	NCIT:C16576	NA	NA	Yes	Homo sapiens
VatanenT_2016	T009280	G78555	Otitis Media;Pneumonia;bronchitis;Upper Respiratory Tract Infection;Septicemia;Skin Infection;Cough;Gastroenteritis;Tonsillitis;Pyelonephritis;Cystitis;Fever;Infectious Disorder;Stomatitis;Salmonellosis	NCIT:C34885;NCIT:C3333;NCIT:C2911;NCIT:C35650;NCIT:C3364;NCIT:C35025;NCIT:C37935;NCIT:C34632;NCIT:C116006;NCIT:C34965;NCIT:C26738;NCIT:C3038;NCIT:C128320;NCIT:C26887;NCIT:C157974	Case	NCIT:C49152	Estonia	NCIT:C16562	feces	UBERON:0001988	Infant	NCIT:C27956	684	Day	1.9	22	378	Yes	Paolo_Manghi,Svetlana_Ugarcina_Perovic	Otitis Media	NA	NA	NCIT:C34885	Qiagen	HLA-DRB1*04:04 protein complex	MRO:0001293	SRR4305084	27133167	IlluminaHiSeq	Female	NCIT:C16576	Penicillin Antibiotic	NCIT:C1500	Yes	Homo sapiens
VatanenT_2016	T009280	G80484	Otitis Media;Pneumonia;bronchitis;Upper Respiratory Tract Infection;Septicemia;Skin Infection;Cough;Gastroenteritis;Tonsillitis;Pyelonephritis;Cystitis;Fever;Infectious Disorder;Stomatitis;Salmonellosis	NCIT:C34885;NCIT:C3333;NCIT:C2911;NCIT:C35650;NCIT:C3364;NCIT:C35025;NCIT:C37935;NCIT:C34632;NCIT:C116006;NCIT:C34965;NCIT:C26738;NCIT:C3038;NCIT:C128320;NCIT:C26887;NCIT:C157974	Study Control	NCIT:C142703	Estonia	NCIT:C16562	feces	UBERON:0001988	Infant	NCIT:C27956	306	Day	0.8	10	0	No	Paolo_Manghi,Svetlana_Ugarcina_Perovic	Healthy	NA	NA	NCIT:C115935	Qiagen	HLA-DRB1*04:04 protein complex	MRO:0001293	SRR4408068	27133167	IlluminaHiSeq	Female	NCIT:C16576	NA	NA	Yes	Homo sapiens
VatanenT_2016	T009717	G80376	Otitis Media;Pneumonia;bronchitis;Upper Respiratory Tract Infection;Septicemia;Skin Infection;Cough;Gastroenteritis;Tonsillitis;Pyelonephritis;Cystitis;Fever;Infectious Disorder;Stomatitis;Salmonellosis	NCIT:C34885;NCIT:C3333;NCIT:C2911;NCIT:C35650;NCIT:C3364;NCIT:C35025;NCIT:C37935;NCIT:C34632;NCIT:C116006;NCIT:C34965;NCIT:C26738;NCIT:C3038;NCIT:C128320;NCIT:C26887;NCIT:C157974	Study Control	NCIT:C142703	Estonia	NCIT:C16562	feces	UBERON:0001988	Infant	NCIT:C27956	488	Day	1.3	16	0	No	Paolo_Manghi,Svetlana_Ugarcina_Perovic	Healthy	NA	NA	NCIT:C115935	Qiagen	HLA protein complex with DQ5 serotype	MRO:0001626	SRR4408245	27133167	IlluminaHiSeq	Male	NCIT:C20197	NA	NA	Yes	Homo sapiens
VatanenT_2016	T009909	G78614	Otitis Media;Pneumonia;bronchitis;Upper Respiratory Tract Infection;Septicemia;Skin Infection;Cough;Gastroenteritis;Tonsillitis;Pyelonephritis;Cystitis;Fever;Infectious Disorder;Stomatitis;Salmonellosis	NCIT:C34885;NCIT:C3333;NCIT:C2911;NCIT:C35650;NCIT:C3364;NCIT:C35025;NCIT:C37935;NCIT:C34632;NCIT:C116006;NCIT:C34965;NCIT:C26738;NCIT:C3038;NCIT:C128320;NCIT:C26887;NCIT:C157974	Study Control	NCIT:C142703	Estonia	NCIT:C16562	feces	UBERON:0001988	Child	NCIT:C49683	1108	Day	3	36	893	No	Paolo_Manghi,Svetlana_Ugarcina_Perovic	Healthy	NA	NA	NCIT:C115935	Qiagen	HLA protein complex with DQ5 serotype	MRO:0001626	SRR4305146	27133167	IlluminaHiSeq	Male	NCIT:C20197	NA	NA	Yes	Homo sapiens
VatanenT_2016	T009909	G80515	Otitis Media;Pneumonia;bronchitis;Upper Respiratory Tract Infection;Septicemia;Skin Infection;Cough;Gastroenteritis;Tonsillitis;Pyelonephritis;Cystitis;Fever;Infectious Disorder;Stomatitis;Salmonellosis	NCIT:C34885;NCIT:C3333;NCIT:C2911;NCIT:C35650;NCIT:C3364;NCIT:C35025;NCIT:C37935;NCIT:C34632;NCIT:C116006;NCIT:C34965;NCIT:C26738;NCIT:C3038;NCIT:C128320;NCIT:C26887;NCIT:C157974	Study Control	NCIT:C142703	Estonia	NCIT:C16562	feces	UBERON:0001988	Infant	NCIT:C27956	215	Day	0.6	7	0	No	Paolo_Manghi,Svetlana_Ugarcina_Perovic	Healthy	NA	NA	NCIT:C115935	Qiagen	HLA protein complex with DQ5 serotype	MRO:0001626	SRR4408101	27133167	IlluminaHiSeq	Male	NCIT:C20197	NA	NA	Yes	Homo sapiens
VatanenT_2016	T009909	G80523	Otitis Media;Pneumonia;bronchitis;Upper Respiratory Tract Infection;Septicemia;Skin Infection;Cough;Gastroenteritis;Tonsillitis;Pyelonephritis;Cystitis;Fever;Infectious Disorder;Stomatitis;Salmonellosis	NCIT:C34885;NCIT:C3333;NCIT:C2911;NCIT:C35650;NCIT:C3364;NCIT:C35025;NCIT:C37935;NCIT:C34632;NCIT:C116006;NCIT:C34965;NCIT:C26738;NCIT:C3038;NCIT:C128320;NCIT:C26887;NCIT:C157974	Study Control	NCIT:C142703	Estonia	NCIT:C16562	feces	UBERON:0001988	Infant	NCIT:C27956	306	Day	0.8	10	91	No	Paolo_Manghi,Svetlana_Ugarcina_Perovic	Healthy	NA	NA	NCIT:C115935	Qiagen	HLA protein complex with DQ5 serotype	MRO:0001626	SRR4408109	27133167	IlluminaHiSeq	Male	NCIT:C20197	NA	NA	Yes	Homo sapiens
VatanenT_2016	T010520	G80382	Otitis Media;Pneumonia;bronchitis;Upper Respiratory Tract Infection;Septicemia;Skin Infection;Cough;Gastroenteritis;Tonsillitis;Pyelonephritis;Cystitis;Fever;Infectious Disorder;Stomatitis;Salmonellosis	NCIT:C34885;NCIT:C3333;NCIT:C2911;NCIT:C35650;NCIT:C3364;NCIT:C35025;NCIT:C37935;NCIT:C34632;NCIT:C116006;NCIT:C34965;NCIT:C26738;NCIT:C3038;NCIT:C128320;NCIT:C26887;NCIT:C157974	Case	NCIT:C49152	Estonia	NCIT:C16562	feces	UBERON:0001988	Infant	NCIT:C27956	212	Day	0.6	7	0	Yes	Paolo_Manghi,Svetlana_Ugarcina_Perovic	Otitis Media	NA	NA	NCIT:C34885	Qiagen	HLA-DRB1*04:01 protein complex;HLA protein complex with DQ3 serotype;HLA protein complex with DQ5 serotype	MRO:0001290;MRO:0001622;MRO:0001626	SRR4408252	27133167	IlluminaHiSeq	Female	NCIT:C16576	Penicillin Antibiotic	NCIT:C1500	Yes	Homo sapiens
VatanenT_2016	T010520	G80386	Otitis Media;Pneumonia;bronchitis;Upper Respiratory Tract Infection;Septicemia;Skin Infection;Cough;Gastroenteritis;Tonsillitis;Pyelonephritis;Cystitis;Fever;Infectious Disorder;Stomatitis;Salmonellosis	NCIT:C34885;NCIT:C3333;NCIT:C2911;NCIT:C35650;NCIT:C3364;NCIT:C35025;NCIT:C37935;NCIT:C34632;NCIT:C116006;NCIT:C34965;NCIT:C26738;NCIT:C3038;NCIT:C128320;NCIT:C26887;NCIT:C157974	Study Control	NCIT:C142703	Estonia	NCIT:C16562	feces	UBERON:0001988	Infant	NCIT:C27956	584	Day	1.6	19	372	No	Paolo_Manghi,Svetlana_Ugarcina_Perovic	Healthy	NA	NA	NCIT:C115935	Qiagen	HLA-DRB1*04:01 protein complex;HLA protein complex with DQ3 serotype;HLA protein complex with DQ5 serotype	MRO:0001290;MRO:0001622;MRO:0001626	SRR4408256	27133167	IlluminaHiSeq	Female	NCIT:C16576	NA	NA	Yes	Homo sapiens
VatanenT_2016	T010520	G80390	Otitis Media;Pneumonia;bronchitis;Upper Respiratory Tract Infection;Septicemia;Skin Infection;Cough;Gastroenteritis;Tonsillitis;Pyelonephritis;Cystitis;Fever;Infectious Disorder;Stomatitis;Salmonellosis	NCIT:C34885;NCIT:C3333;NCIT:C2911;NCIT:C35650;NCIT:C3364;NCIT:C35025;NCIT:C37935;NCIT:C34632;NCIT:C116006;NCIT:C34965;NCIT:C26738;NCIT:C3038;NCIT:C128320;NCIT:C26887;NCIT:C157974	Case	NCIT:C49152	Estonia	NCIT:C16562	feces	UBERON:0001988	Infant	NCIT:C27956	313	Day	0.9	10	101	Yes	Paolo_Manghi,Svetlana_Ugarcina_Perovic	Otitis Media	NA	NA	NCIT:C34885	Qiagen	HLA-DRB1*04:01 protein complex;HLA protein complex with DQ3 serotype;HLA protein complex with DQ5 serotype	MRO:0001290;MRO:0001622;MRO:0001626	SRR4408260	27133167	IlluminaHiSeq	Female	NCIT:C16576	Penicillin Antibiotic	NCIT:C1500	Yes	Homo sapiens
VatanenT_2016	T010532	G78530	Otitis Media;Pneumonia;bronchitis;Upper Respiratory Tract Infection;Septicemia;Skin Infection;Cough;Gastroenteritis;Tonsillitis;Pyelonephritis;Cystitis;Fever;Infectious Disorder;Stomatitis;Salmonellosis	NCIT:C34885;NCIT:C3333;NCIT:C2911;NCIT:C35650;NCIT:C3364;NCIT:C35025;NCIT:C37935;NCIT:C34632;NCIT:C116006;NCIT:C34965;NCIT:C26738;NCIT:C3038;NCIT:C128320;NCIT:C26887;NCIT:C157974	Study Control	NCIT:C142703	Estonia	NCIT:C16562	feces	UBERON:0001988	Infant	NCIT:C27956	495	Day	1.4	16	268	No	Paolo_Manghi,Svetlana_Ugarcina_Perovic	Healthy	NA	NA	NCIT:C115935	Qiagen	HLA-DRB1*04:04 protein complex;HLA protein complex with DQ3 serotype;HLA-DQA1*02:01 protein complex	MRO:0001293;MRO:0001622;MRO:0001211	SRR4305059	27133167	IlluminaHiSeq	Female	NCIT:C16576	NA	NA	Yes	Homo sapiens
VatanenT_2016	T010532	G78618	Otitis Media;Pneumonia;bronchitis;Upper Respiratory Tract Infection;Septicemia;Skin Infection;Cough;Gastroenteritis;Tonsillitis;Pyelonephritis;Cystitis;Fever;Infectious Disorder;Stomatitis;Salmonellosis	NCIT:C34885;NCIT:C3333;NCIT:C2911;NCIT:C35650;NCIT:C3364;NCIT:C35025;NCIT:C37935;NCIT:C34632;NCIT:C116006;NCIT:C34965;NCIT:C26738;NCIT:C3038;NCIT:C128320;NCIT:C26887;NCIT:C157974	Study Control	NCIT:C142703	Estonia	NCIT:C16562	feces	UBERON:0001988	Infant	NCIT:C27956	657	Day	1.8	22	430	No	Paolo_Manghi,Svetlana_Ugarcina_Perovic	Healthy	NA	NA	NCIT:C115935	Qiagen	HLA-DRB1*04:04 protein complex;HLA protein complex with DQ3 serotype;HLA-DQA1*02:01 protein complex	MRO:0001293;MRO:0001622;MRO:0001211	SRR4305150	27133167	IlluminaHiSeq	Female	NCIT:C16576	NA	NA	Yes	Homo sapiens
VatanenT_2016	T010532	G78824	Otitis Media;Pneumonia;bronchitis;Upper Respiratory Tract Infection;Septicemia;Skin Infection;Cough;Gastroenteritis;Tonsillitis;Pyelonephritis;Cystitis;Fever;Infectious Disorder;Stomatitis;Salmonellosis	NCIT:C34885;NCIT:C3333;NCIT:C2911;NCIT:C35650;NCIT:C3364;NCIT:C35025;NCIT:C37935;NCIT:C34632;NCIT:C116006;NCIT:C34965;NCIT:C26738;NCIT:C3038;NCIT:C128320;NCIT:C26887;NCIT:C157974	Study Control	NCIT:C142703	Estonia	NCIT:C16562	feces	UBERON:0001988	Infant	NCIT:C27956	621	Day	1.7	20	394	No	Paolo_Manghi,Svetlana_Ugarcina_Perovic	Healthy	NA	NA	NCIT:C115935	Qiagen	HLA-DRB1*04:04 protein complex;HLA protein complex with DQ3 serotype;HLA-DQA1*02:01 protein complex	MRO:0001293;MRO:0001622;MRO:0001211	SRR4305322	27133167	IlluminaHiSeq	Female	NCIT:C16576	NA	NA	Yes	Homo sapiens
VatanenT_2016	T010532	G80277	Otitis Media;Pneumonia;bronchitis;Upper Respiratory Tract Infection;Septicemia;Skin Infection;Cough;Gastroenteritis;Tonsillitis;Pyelonephritis;Cystitis;Fever;Infectious Disorder;Stomatitis;Salmonellosis	NCIT:C34885;NCIT:C3333;NCIT:C2911;NCIT:C35650;NCIT:C3364;NCIT:C35025;NCIT:C37935;NCIT:C34632;NCIT:C116006;NCIT:C34965;NCIT:C26738;NCIT:C3038;NCIT:C128320;NCIT:C26887;NCIT:C157974	Study Control	NCIT:C142703	Estonia	NCIT:C16562	feces	UBERON:0001988	Infant	NCIT:C27956	227	Day	0.6	7	0	No	Paolo_Manghi,Svetlana_Ugarcina_Perovic	Healthy	NA	NA	NCIT:C115935	Qiagen	HLA-DRB1*04:04 protein complex;HLA protein complex with DQ3 serotype;HLA-DQA1*02:01 protein complex	MRO:0001293;MRO:0001622;MRO:0001211	SRR4305436	27133167	IlluminaHiSeq	Female	NCIT:C16576	NA	NA	Yes	Homo sapiens
VatanenT_2016	T011454	G78666	Otitis Media;Pneumonia;bronchitis;Upper Respiratory Tract Infection;Septicemia;Skin Infection;Cough;Gastroenteritis;Tonsillitis;Pyelonephritis;Cystitis;Fever;Infectious Disorder;Stomatitis;Salmonellosis	NCIT:C34885;NCIT:C3333;NCIT:C2911;NCIT:C35650;NCIT:C3364;NCIT:C35025;NCIT:C37935;NCIT:C34632;NCIT:C116006;NCIT:C34965;NCIT:C26738;NCIT:C3038;NCIT:C128320;NCIT:C26887;NCIT:C157974	Study Control	NCIT:C142703	Estonia	NCIT:C16562	feces	UBERON:0001988	Infant	NCIT:C27956	500	Day	1.4	16	0	No	Paolo_Manghi,Svetlana_Ugarcina_Perovic	Healthy	NA	NA	NCIT:C115935	Qiagen	HLA protein complex with DQ5 serotype;HLA protein complex with DQ5 serotype	MRO:0001626;MRO:0001626	SRR4305195	27133167	IlluminaHiSeq	Male	NCIT:C20197	NA	NA	Yes	Homo sapiens
VatanenT_2016	T011676	G78603	Otitis Media;Pneumonia;bronchitis;Upper Respiratory Tract Infection;Septicemia;Skin Infection;Cough;Gastroenteritis;Tonsillitis;Pyelonephritis;Cystitis;Fever;Infectious Disorder;Stomatitis;Salmonellosis	NCIT:C34885;NCIT:C3333;NCIT:C2911;NCIT:C35650;NCIT:C3364;NCIT:C35025;NCIT:C37935;NCIT:C34632;NCIT:C116006;NCIT:C34965;NCIT:C26738;NCIT:C3038;NCIT:C128320;NCIT:C26887;NCIT:C157974	Case	NCIT:C49152	Estonia	NCIT:C16562	feces	UBERON:0001988	Infant	NCIT:C27956	592	Day	1.6	19	95	Yes	Paolo_Manghi,Svetlana_Ugarcina_Perovic	Otitis Media	NA	NA	NCIT:C34885	Qiagen	HLA-DRB1*04:04 protein complex	MRO:0001293	SRR4305133	27133167	IlluminaHiSeq	Female	NCIT:C16576	Penicillin Antibiotic	NCIT:C1500	Yes	Homo sapiens
VatanenT_2016	T011676	G69175	Otitis Media;Pneumonia;bronchitis;Upper Respiratory Tract Infection;Septicemia;Skin Infection;Cough;Gastroenteritis;Tonsillitis;Pyelonephritis;Cystitis;Fever;Infectious Disorder;Stomatitis;Salmonellosis	NCIT:C34885;NCIT:C3333;NCIT:C2911;NCIT:C35650;NCIT:C3364;NCIT:C35025;NCIT:C37935;NCIT:C34632;NCIT:C116006;NCIT:C34965;NCIT:C26738;NCIT:C3038;NCIT:C128320;NCIT:C26887;NCIT:C157974	Case	NCIT:C49152	Estonia	NCIT:C16562	feces	UBERON:0001988	Infant	NCIT:C27956	680	Day	1.9	22	183	Yes	Paolo_Manghi,Svetlana_Ugarcina_Perovic	Otitis Media	NA	NA	NCIT:C34885	Qiagen	HLA-DRB1*04:04 protein complex	MRO:0001293	SRR4305199	27133167	IlluminaHiSeq	Female	NCIT:C16576	Penicillin Antibiotic	NCIT:C1500	Yes	Homo sapiens
VatanenT_2016	T011676	G69233	Otitis Media;Pneumonia;bronchitis;Upper Respiratory Tract Infection;Septicemia;Skin Infection;Cough;Gastroenteritis;Tonsillitis;Pyelonephritis;Cystitis;Fever;Infectious Disorder;Stomatitis;Salmonellosis	NCIT:C34885;NCIT:C3333;NCIT:C2911;NCIT:C35650;NCIT:C3364;NCIT:C35025;NCIT:C37935;NCIT:C34632;NCIT:C116006;NCIT:C34965;NCIT:C26738;NCIT:C3038;NCIT:C128320;NCIT:C26887;NCIT:C157974	Case	NCIT:C49152	Estonia	NCIT:C16562	feces	UBERON:0001988	Infant	NCIT:C27956	497	Day	1.4	16	0	Yes	Paolo_Manghi,Svetlana_Ugarcina_Perovic	Otitis Media	NA	NA	NCIT:C34885	Qiagen	HLA-DRB1*04:04 protein complex	MRO:0001293	SRR4305513	27133167	IlluminaHiSeq	Female	NCIT:C16576	Penicillin Antibiotic	NCIT:C1500	Yes	Homo sapiens
VatanenT_2016	T012121	G78557	Otitis Media;Pneumonia;bronchitis;Upper Respiratory Tract Infection;Septicemia;Skin Infection;Cough;Gastroenteritis;Tonsillitis;Pyelonephritis;Cystitis;Fever;Infectious Disorder;Stomatitis;Salmonellosis	NCIT:C34885;NCIT:C3333;NCIT:C2911;NCIT:C35650;NCIT:C3364;NCIT:C35025;NCIT:C37935;NCIT:C34632;NCIT:C116006;NCIT:C34965;NCIT:C26738;NCIT:C3038;NCIT:C128320;NCIT:C26887;NCIT:C157974	Study Control	NCIT:C142703	Estonia	NCIT:C16562	feces	UBERON:0001988	Infant	NCIT:C27956	577	Day	1.6	19	0	No	Paolo_Manghi,Svetlana_Ugarcina_Perovic	Healthy	NA	NA	NCIT:C115935	Qiagen	HLA-DRB1*04:01 protein complex	MRO:0001290	SRR4305086	27133167	IlluminaHiSeq	Female	NCIT:C16576	NA	NA	Yes	Homo sapiens
VatanenT_2016	T012121	G80380	Otitis Media;Pneumonia;bronchitis;Upper Respiratory Tract Infection;Septicemia;Skin Infection;Cough;Gastroenteritis;Tonsillitis;Pyelonephritis;Cystitis;Fever;Infectious Disorder;Stomatitis;Salmonellosis	NCIT:C34885;NCIT:C3333;NCIT:C2911;NCIT:C35650;NCIT:C3364;NCIT:C35025;NCIT:C37935;NCIT:C34632;NCIT:C116006;NCIT:C34965;NCIT:C26738;NCIT:C3038;NCIT:C128320;NCIT:C26887;NCIT:C157974	Study Control	NCIT:C142703	Estonia	NCIT:C16562	feces	UBERON:0001988	Child	NCIT:C49683	1106	Day	3	36	529	No	Paolo_Manghi,Svetlana_Ugarcina_Perovic	Healthy	NA	NA	NCIT:C115935	Qiagen	HLA-DRB1*04:01 protein complex	MRO:0001290	SRR4408249	27133167	IlluminaHiSeq	Female	NCIT:C16576	NA	NA	Yes	Homo sapiens
VatanenT_2016	T012138	G78667	Otitis Media;Pneumonia;bronchitis;Upper Respiratory Tract Infection;Septicemia;Skin Infection;Cough;Gastroenteritis;Tonsillitis;Pyelonephritis;Cystitis;Fever;Infectious Disorder;Stomatitis;Salmonellosis	NCIT:C34885;NCIT:C3333;NCIT:C2911;NCIT:C35650;NCIT:C3364;NCIT:C35025;NCIT:C37935;NCIT:C34632;NCIT:C116006;NCIT:C34965;NCIT:C26738;NCIT:C3038;NCIT:C128320;NCIT:C26887;NCIT:C157974	Study Control	NCIT:C142703	Estonia	NCIT:C16562	feces	UBERON:0001988	Infant	NCIT:C27956	408	Day	1.1	13	0	No	Paolo_Manghi,Svetlana_Ugarcina_Perovic	Healthy	NA	NA	NCIT:C115935	Qiagen	HLA-DQA1*02:01 protein complex;HLA protein complex with DQ5 serotype	MRO:0001211;MRO:0001626	SRR4305196	27133167	IlluminaHiSeq	Male	NCIT:C20197	NA	NA	Yes	Homo sapiens
VatanenT_2016	T012138	G78668	Otitis Media;Pneumonia;bronchitis;Upper Respiratory Tract Infection;Septicemia;Skin Infection;Cough;Gastroenteritis;Tonsillitis;Pyelonephritis;Cystitis;Fever;Infectious Disorder;Stomatitis;Salmonellosis	NCIT:C34885;NCIT:C3333;NCIT:C2911;NCIT:C35650;NCIT:C3364;NCIT:C35025;NCIT:C37935;NCIT:C34632;NCIT:C116006;NCIT:C34965;NCIT:C26738;NCIT:C3038;NCIT:C128320;NCIT:C26887;NCIT:C157974	Study Control	NCIT:C142703	Estonia	NCIT:C16562	feces	UBERON:0001988	Infant	NCIT:C27956	501	Day	1.4	16	93	No	Paolo_Manghi,Svetlana_Ugarcina_Perovic	Healthy	NA	NA	NCIT:C115935	Qiagen	HLA-DQA1*02:01 protein complex;HLA protein complex with DQ5 serotype	MRO:0001211;MRO:0001626	SRR4305197	27133167	IlluminaHiSeq	Male	NCIT:C20197	NA	NA	Yes	Homo sapiens
VatanenT_2016	T012138	G80353	Otitis Media;Pneumonia;bronchitis;Upper Respiratory Tract Infection;Septicemia;Skin Infection;Cough;Gastroenteritis;Tonsillitis;Pyelonephritis;Cystitis;Fever;Infectious Disorder;Stomatitis;Salmonellosis	NCIT:C34885;NCIT:C3333;NCIT:C2911;NCIT:C35650;NCIT:C3364;NCIT:C35025;NCIT:C37935;NCIT:C34632;NCIT:C116006;NCIT:C34965;NCIT:C26738;NCIT:C3038;NCIT:C128320;NCIT:C26887;NCIT:C157974	Study Control	NCIT:C142703	Estonia	NCIT:C16562	feces	UBERON:0001988	Child	NCIT:C49683	863	Day	2.4	28	455	No	Paolo_Manghi,Svetlana_Ugarcina_Perovic	Healthy	NA	NA	NCIT:C115935	Qiagen	HLA-DQA1*02:01 protein complex;HLA protein complex with DQ5 serotype	MRO:0001211;MRO:0001626	SRR4408220	27133167	IlluminaHiSeq	Male	NCIT:C20197	NA	NA	Yes	Homo sapiens
VatanenT_2016	T012312	G78602	Otitis Media;Pneumonia;bronchitis;Upper Respiratory Tract Infection;Septicemia;Skin Infection;Cough;Gastroenteritis;Tonsillitis;Pyelonephritis;Cystitis;Fever;Infectious Disorder;Stomatitis;Salmonellosis	NCIT:C34885;NCIT:C3333;NCIT:C2911;NCIT:C35650;NCIT:C3364;NCIT:C35025;NCIT:C37935;NCIT:C34632;NCIT:C116006;NCIT:C34965;NCIT:C26738;NCIT:C3038;NCIT:C128320;NCIT:C26887;NCIT:C157974	Study Control	NCIT:C142703	Estonia	NCIT:C16562	feces	UBERON:0001988	Infant	NCIT:C27956	680	Day	1.9	22	560	No	Paolo_Manghi,Svetlana_Ugarcina_Perovic	Healthy	NA	NA	NCIT:C115935	Qiagen	HLA-DRB1*04:01 protein complex;HLA protein complex with DQ3 serotype;HLA protein complex with DQ5 serotype	MRO:0001290;MRO:0001622;MRO:0001626	SRR4305131	27133167	IlluminaHiSeq	Male	NCIT:C20197	NA	NA	Yes	Homo sapiens
VatanenT_2016	T012312	G80509	Otitis Media;Pneumonia;bronchitis;Upper Respiratory Tract Infection;Septicemia;Skin Infection;Cough;Gastroenteritis;Tonsillitis;Pyelonephritis;Cystitis;Fever;Infectious Disorder;Stomatitis;Salmonellosis	NCIT:C34885;NCIT:C3333;NCIT:C2911;NCIT:C35650;NCIT:C3364;NCIT:C35025;NCIT:C37935;NCIT:C34632;NCIT:C116006;NCIT:C34965;NCIT:C26738;NCIT:C3038;NCIT:C128320;NCIT:C26887;NCIT:C157974	Study Control	NCIT:C142703	Estonia	NCIT:C16562	feces	UBERON:0001988	Infant	NCIT:C27956	120	Day	0.3	4	0	No	Paolo_Manghi,Svetlana_Ugarcina_Perovic	Healthy	NA	NA	NCIT:C115935	Qiagen	HLA-DRB1*04:01 protein complex;HLA protein complex with DQ3 serotype;HLA protein complex with DQ5 serotype	MRO:0001290;MRO:0001622;MRO:0001626	SRR4408095	27133167	IlluminaHiSeq	Male	NCIT:C20197	NA	NA	Yes	Homo sapiens
VatanenT_2016	T012312	G80343	Otitis Media;Pneumonia;bronchitis;Upper Respiratory Tract Infection;Septicemia;Skin Infection;Cough;Gastroenteritis;Tonsillitis;Pyelonephritis;Cystitis;Fever;Infectious Disorder;Stomatitis;Salmonellosis	NCIT:C34885;NCIT:C3333;NCIT:C2911;NCIT:C35650;NCIT:C3364;NCIT:C35025;NCIT:C37935;NCIT:C34632;NCIT:C116006;NCIT:C34965;NCIT:C26738;NCIT:C3038;NCIT:C128320;NCIT:C26887;NCIT:C157974	Study Control	NCIT:C142703	Estonia	NCIT:C16562	feces	UBERON:0001988	Child	NCIT:C49683	861	Day	2.4	28	741	No	Paolo_Manghi,Svetlana_Ugarcina_Perovic	Healthy	NA	NA	NCIT:C115935	Qiagen	HLA-DRB1*04:01 protein complex;HLA protein complex with DQ3 serotype;HLA protein complex with DQ5 serotype	MRO:0001290;MRO:0001622;MRO:0001626	SRR4408154	27133167	IlluminaHiSeq	Male	NCIT:C20197	NA	NA	Yes	Homo sapiens
VatanenT_2016	T012374	G78508	Otitis Media;Pneumonia;bronchitis;Upper Respiratory Tract Infection;Septicemia;Skin Infection;Cough;Gastroenteritis;Tonsillitis;Pyelonephritis;Cystitis;Fever;Infectious Disorder;Stomatitis;Salmonellosis	NCIT:C34885;NCIT:C3333;NCIT:C2911;NCIT:C35650;NCIT:C3364;NCIT:C35025;NCIT:C37935;NCIT:C34632;NCIT:C116006;NCIT:C34965;NCIT:C26738;NCIT:C3038;NCIT:C128320;NCIT:C26887;NCIT:C157974	Case	NCIT:C49152	Estonia	NCIT:C16562	feces	UBERON:0001988	Infant	NCIT:C27956	502	Day	1.4	16	92	Yes	Paolo_Manghi,Svetlana_Ugarcina_Perovic	Otitis Media	NA	NA	NCIT:C34885	Qiagen	HLA-DQA1*02:01 protein complex;HLA protein complex with DQ5 serotype	MRO:0001211;MRO:0001626	SRR4305035	27133167	IlluminaHiSeq	Male	NCIT:C20197	Penicillin Antibiotic	NCIT:C1500	Yes	Homo sapiens
VatanenT_2016	T012374	G78514	Otitis Media;Pneumonia;bronchitis;Upper Respiratory Tract Infection;Septicemia;Skin Infection;Cough;Gastroenteritis;Tonsillitis;Pyelonephritis;Cystitis;Fever;Infectious Disorder;Stomatitis;Salmonellosis	NCIT:C34885;NCIT:C3333;NCIT:C2911;NCIT:C35650;NCIT:C3364;NCIT:C35025;NCIT:C37935;NCIT:C34632;NCIT:C116006;NCIT:C34965;NCIT:C26738;NCIT:C3038;NCIT:C128320;NCIT:C26887;NCIT:C157974	Case	NCIT:C49152	Estonia	NCIT:C16562	feces	UBERON:0001988	Infant	NCIT:C27956	410	Day	1.1	13	0	Yes	Paolo_Manghi,Svetlana_Ugarcina_Perovic	Otitis Media	NA	NA	NCIT:C34885	Qiagen	HLA-DQA1*02:01 protein complex;HLA protein complex with DQ5 serotype	MRO:0001211;MRO:0001626	SRR4305041	27133167	IlluminaHiSeq	Male	NCIT:C20197	Penicillin Antibiotic	NCIT:C1500	Yes	Homo sapiens
VatanenT_2016	T012374	G78595	Otitis Media;Pneumonia;bronchitis;Upper Respiratory Tract Infection;Septicemia;Skin Infection;Cough;Gastroenteritis;Tonsillitis;Pyelonephritis;Cystitis;Fever;Infectious Disorder;Stomatitis;Salmonellosis	NCIT:C34885;NCIT:C3333;NCIT:C2911;NCIT:C35650;NCIT:C3364;NCIT:C35025;NCIT:C37935;NCIT:C34632;NCIT:C116006;NCIT:C34965;NCIT:C26738;NCIT:C3038;NCIT:C128320;NCIT:C26887;NCIT:C157974	Study Control	NCIT:C142703	Estonia	NCIT:C16562	feces	UBERON:0001988	Infant	NCIT:C27956	683	Day	1.9	22	273	No	Paolo_Manghi,Svetlana_Ugarcina_Perovic	Healthy	NA	NA	NCIT:C115935	Qiagen	HLA-DQA1*02:01 protein complex;HLA protein complex with DQ5 serotype	MRO:0001211;MRO:0001626	SRR4305124	27133167	IlluminaHiSeq	Male	NCIT:C20197	NA	NA	Yes	Homo sapiens
VatanenT_2016	T012389	G69171	Otitis Media;Pneumonia;bronchitis;Upper Respiratory Tract Infection;Septicemia;Skin Infection;Cough;Gastroenteritis;Tonsillitis;Pyelonephritis;Cystitis;Fever;Infectious Disorder;Stomatitis;Salmonellosis	NCIT:C34885;NCIT:C3333;NCIT:C2911;NCIT:C35650;NCIT:C3364;NCIT:C35025;NCIT:C37935;NCIT:C34632;NCIT:C116006;NCIT:C34965;NCIT:C26738;NCIT:C3038;NCIT:C128320;NCIT:C26887;NCIT:C157974	Case	NCIT:C49152	Estonia	NCIT:C16562	feces	UBERON:0001988	Infant	NCIT:C27956	682	Day	1.9	22	552	Yes	Paolo_Manghi,Svetlana_Ugarcina_Perovic	bronchitis	NA	NA	NCIT:C2911	Qiagen	HLA-DRB1*04:01 protein complex	MRO:0001290	SRR4305155	27133167	IlluminaHiSeq	Male	NCIT:C20197	Beta-lactamase Inhibitor;Penicillin Antibiotic	NCIT:C183118;NCIT:C1500	Yes	Homo sapiens
VatanenT_2016	T012389	G80330	Otitis Media;Pneumonia;bronchitis;Upper Respiratory Tract Infection;Septicemia;Skin Infection;Cough;Gastroenteritis;Tonsillitis;Pyelonephritis;Cystitis;Fever;Infectious Disorder;Stomatitis;Salmonellosis	NCIT:C34885;NCIT:C3333;NCIT:C2911;NCIT:C35650;NCIT:C3364;NCIT:C35025;NCIT:C37935;NCIT:C34632;NCIT:C116006;NCIT:C34965;NCIT:C26738;NCIT:C3038;NCIT:C128320;NCIT:C26887;NCIT:C157974	Study Control	NCIT:C142703	Estonia	NCIT:C16562	feces	UBERON:0001988	Infant	NCIT:C27956	496	Day	1.4	16	366	No	Paolo_Manghi,Svetlana_Ugarcina_Perovic	Healthy	NA	NA	NCIT:C115935	Qiagen	HLA-DRB1*04:01 protein complex	MRO:0001290	SRR4408014	27133167	IlluminaHiSeq	Male	NCIT:C20197	NA	NA	Yes	Homo sapiens
VatanenT_2016	T012389	G80367	Otitis Media;Pneumonia;bronchitis;Upper Respiratory Tract Infection;Septicemia;Skin Infection;Cough;Gastroenteritis;Tonsillitis;Pyelonephritis;Cystitis;Fever;Infectious Disorder;Stomatitis;Salmonellosis	NCIT:C34885;NCIT:C3333;NCIT:C2911;NCIT:C35650;NCIT:C3364;NCIT:C35025;NCIT:C37935;NCIT:C34632;NCIT:C116006;NCIT:C34965;NCIT:C26738;NCIT:C3038;NCIT:C128320;NCIT:C26887;NCIT:C157974	Case	NCIT:C49152	Estonia	NCIT:C16562	feces	UBERON:0001988	Infant	NCIT:C27956	130	Day	0.4	4	0	Yes	Paolo_Manghi,Svetlana_Ugarcina_Perovic	bronchitis	NA	NA	NCIT:C2911	Qiagen	HLA-DRB1*04:01 protein complex	MRO:0001290	SRR4408235	27133167	IlluminaHiSeq	Male	NCIT:C20197	Beta-lactamase Inhibitor;Penicillin Antibiotic	NCIT:C183118;NCIT:C1500	Yes	Homo sapiens
VatanenT_2016	T012389	G80403	Otitis Media;Pneumonia;bronchitis;Upper Respiratory Tract Infection;Septicemia;Skin Infection;Cough;Gastroenteritis;Tonsillitis;Pyelonephritis;Cystitis;Fever;Infectious Disorder;Stomatitis;Salmonellosis	NCIT:C34885;NCIT:C3333;NCIT:C2911;NCIT:C35650;NCIT:C3364;NCIT:C35025;NCIT:C37935;NCIT:C34632;NCIT:C116006;NCIT:C34965;NCIT:C26738;NCIT:C3038;NCIT:C128320;NCIT:C26887;NCIT:C157974	Case	NCIT:C49152	Estonia	NCIT:C16562	feces	UBERON:0001988	Infant	NCIT:C27956	593	Day	1.6	19	463	Yes	Paolo_Manghi,Svetlana_Ugarcina_Perovic	bronchitis	NA	NA	NCIT:C2911	Qiagen	HLA-DRB1*04:01 protein complex	MRO:0001290	SRR4408275	27133167	IlluminaHiSeq	Male	NCIT:C20197	Beta-lactamase Inhibitor;Penicillin Antibiotic	NCIT:C183118;NCIT:C1500	Yes	Homo sapiens
VatanenT_2016	T012977	G78515	Otitis Media;Pneumonia;bronchitis;Upper Respiratory Tract Infection;Septicemia;Skin Infection;Cough;Gastroenteritis;Tonsillitis;Pyelonephritis;Cystitis;Fever;Infectious Disorder;Stomatitis;Salmonellosis	NCIT:C34885;NCIT:C3333;NCIT:C2911;NCIT:C35650;NCIT:C3364;NCIT:C35025;NCIT:C37935;NCIT:C34632;NCIT:C116006;NCIT:C34965;NCIT:C26738;NCIT:C3038;NCIT:C128320;NCIT:C26887;NCIT:C157974	Study Control	NCIT:C142703	Estonia	NCIT:C16562	feces	UBERON:0001988	Infant	NCIT:C27956	500	Day	1.4	16	0	No	Paolo_Manghi,Svetlana_Ugarcina_Perovic	Healthy	NA	NA	NCIT:C115935	Qiagen	HLA protein complex with DQ5 serotype;HLA protein complex with DQ5 serotype	MRO:0001626;MRO:0001626	SRR4305042	27133167	IlluminaHiSeq	Male	NCIT:C20197	NA	NA	Yes	Homo sapiens
VatanenT_2016	T012983	G78886	Otitis Media;Pneumonia;bronchitis;Upper Respiratory Tract Infection;Septicemia;Skin Infection;Cough;Gastroenteritis;Tonsillitis;Pyelonephritis;Cystitis;Fever;Infectious Disorder;Stomatitis;Salmonellosis	NCIT:C34885;NCIT:C3333;NCIT:C2911;NCIT:C35650;NCIT:C3364;NCIT:C35025;NCIT:C37935;NCIT:C34632;NCIT:C116006;NCIT:C34965;NCIT:C26738;NCIT:C3038;NCIT:C128320;NCIT:C26887;NCIT:C157974	Study Control	NCIT:C142703	Estonia	NCIT:C16562	feces	UBERON:0001988	Infant	NCIT:C27956	664	Day	1.8	22	625	No	Paolo_Manghi,Svetlana_Ugarcina_Perovic	Healthy	NA	NA	NCIT:C115935	Qiagen	HLA-DRB1*04:04 protein complex;HLA protein complex with DQ3 serotype;HLA protein complex with DQ5 serotype	MRO:0001293;MRO:0001622;MRO:0001626	SRR4305389	27133167	IlluminaHiSeq	Female	NCIT:C16576	NA	NA	Yes	Homo sapiens
VatanenT_2016	T012983	G80588	Otitis Media;Pneumonia;bronchitis;Upper Respiratory Tract Infection;Septicemia;Skin Infection;Cough;Gastroenteritis;Tonsillitis;Pyelonephritis;Cystitis;Fever;Infectious Disorder;Stomatitis;Salmonellosis	NCIT:C34885;NCIT:C3333;NCIT:C2911;NCIT:C35650;NCIT:C3364;NCIT:C35025;NCIT:C37935;NCIT:C34632;NCIT:C116006;NCIT:C34965;NCIT:C26738;NCIT:C3038;NCIT:C128320;NCIT:C26887;NCIT:C157974	Study Control	NCIT:C142703	Estonia	NCIT:C16562	feces	UBERON:0001988	Infant	NCIT:C27956	39	Day	0.1	1	0	No	Paolo_Manghi,Svetlana_Ugarcina_Perovic	Healthy	NA	NA	NCIT:C115935	Qiagen	HLA-DRB1*04:04 protein complex;HLA protein complex with DQ3 serotype;HLA protein complex with DQ5 serotype	MRO:0001293;MRO:0001622;MRO:0001626	SRR4408182	27133167	IlluminaHiSeq	Female	NCIT:C16576	NA	NA	Yes	Homo sapiens
VatanenT_2016	T012983	G80373	Otitis Media;Pneumonia;bronchitis;Upper Respiratory Tract Infection;Septicemia;Skin Infection;Cough;Gastroenteritis;Tonsillitis;Pyelonephritis;Cystitis;Fever;Infectious Disorder;Stomatitis;Salmonellosis	NCIT:C34885;NCIT:C3333;NCIT:C2911;NCIT:C35650;NCIT:C3364;NCIT:C35025;NCIT:C37935;NCIT:C34632;NCIT:C116006;NCIT:C34965;NCIT:C26738;NCIT:C3038;NCIT:C128320;NCIT:C26887;NCIT:C157974	Study Control	NCIT:C142703	Estonia	NCIT:C16562	feces	UBERON:0001988	Infant	NCIT:C27956	393	Day	1.1	13	354	No	Paolo_Manghi,Svetlana_Ugarcina_Perovic	Healthy	NA	NA	NCIT:C115935	Qiagen	HLA-DRB1*04:04 protein complex;HLA protein complex with DQ3 serotype;HLA protein complex with DQ5 serotype	MRO:0001293;MRO:0001622;MRO:0001626	SRR4408242	27133167	IlluminaHiSeq	Female	NCIT:C16576	NA	NA	Yes	Homo sapiens
VatanenT_2016	T012983	G80416	Otitis Media;Pneumonia;bronchitis;Upper Respiratory Tract Infection;Septicemia;Skin Infection;Cough;Gastroenteritis;Tonsillitis;Pyelonephritis;Cystitis;Fever;Infectious Disorder;Stomatitis;Salmonellosis	NCIT:C34885;NCIT:C3333;NCIT:C2911;NCIT:C35650;NCIT:C3364;NCIT:C35025;NCIT:C37935;NCIT:C34632;NCIT:C116006;NCIT:C34965;NCIT:C26738;NCIT:C3038;NCIT:C128320;NCIT:C26887;NCIT:C157974	Study Control	NCIT:C142703	Estonia	NCIT:C16562	feces	UBERON:0001988	Child	NCIT:C49683	836	Day	2.3	27	797	No	Paolo_Manghi,Svetlana_Ugarcina_Perovic	Healthy	NA	NA	NCIT:C115935	Qiagen	HLA-DRB1*04:04 protein complex;HLA protein complex with DQ3 serotype;HLA protein complex with DQ5 serotype	MRO:0001293;MRO:0001622;MRO:0001626	SRR4408289	27133167	IlluminaHiSeq	Female	NCIT:C16576	NA	NA	Yes	Homo sapiens
VatanenT_2016	T013431	G78578	Otitis Media;Pneumonia;bronchitis;Upper Respiratory Tract Infection;Septicemia;Skin Infection;Cough;Gastroenteritis;Tonsillitis;Pyelonephritis;Cystitis;Fever;Infectious Disorder;Stomatitis;Salmonellosis	NCIT:C34885;NCIT:C3333;NCIT:C2911;NCIT:C35650;NCIT:C3364;NCIT:C35025;NCIT:C37935;NCIT:C34632;NCIT:C116006;NCIT:C34965;NCIT:C26738;NCIT:C3038;NCIT:C128320;NCIT:C26887;NCIT:C157974	Study Control	NCIT:C142703	Estonia	NCIT:C16562	feces	UBERON:0001988	Infant	NCIT:C27956	550	Day	1.5	18	0	No	Paolo_Manghi,Svetlana_Ugarcina_Perovic	Healthy	NA	NA	NCIT:C115935	Qiagen	HLA-DRB1*04:04 protein complex	MRO:0001293	SRR4305106	27133167	IlluminaHiSeq	Male	NCIT:C20197	NA	NA	Yes	Homo sapiens
VatanenT_2016	T013828	G80267	Otitis Media;Pneumonia;bronchitis;Upper Respiratory Tract Infection;Septicemia;Skin Infection;Cough;Gastroenteritis;Tonsillitis;Pyelonephritis;Cystitis;Fever;Infectious Disorder;Stomatitis;Salmonellosis	NCIT:C34885;NCIT:C3333;NCIT:C2911;NCIT:C35650;NCIT:C3364;NCIT:C35025;NCIT:C37935;NCIT:C34632;NCIT:C116006;NCIT:C34965;NCIT:C26738;NCIT:C3038;NCIT:C128320;NCIT:C26887;NCIT:C157974	Case	NCIT:C49152	Estonia	NCIT:C16562	feces	UBERON:0001988	Infant	NCIT:C27956	405	Day	1.1	13	0	Yes	Paolo_Manghi,Svetlana_Ugarcina_Perovic	Fever	NA	NA	NCIT:C3038	Qiagen	HLA-DRB1*04:04 protein complex;HLA protein complex with DQ3 serotype;HLA protein complex with DQ5 serotype	MRO:0001293;MRO:0001622;MRO:0001626	SRR4305426	27133167	IlluminaHiSeq	Female	NCIT:C16576	Penicillin Antibiotic	NCIT:C1500	Yes	Homo sapiens
VatanenT_2016	T013828	G80354	Otitis Media;Pneumonia;bronchitis;Upper Respiratory Tract Infection;Septicemia;Skin Infection;Cough;Gastroenteritis;Tonsillitis;Pyelonephritis;Cystitis;Fever;Infectious Disorder;Stomatitis;Salmonellosis	NCIT:C34885;NCIT:C3333;NCIT:C2911;NCIT:C35650;NCIT:C3364;NCIT:C35025;NCIT:C37935;NCIT:C34632;NCIT:C116006;NCIT:C34965;NCIT:C26738;NCIT:C3038;NCIT:C128320;NCIT:C26887;NCIT:C157974	Case	NCIT:C49152	Estonia	NCIT:C16562	feces	UBERON:0001988	Infant	NCIT:C27956	478	Day	1.3	16	73	Yes	Paolo_Manghi,Svetlana_Ugarcina_Perovic	Fever	NA	NA	NCIT:C3038	Qiagen	HLA-DRB1*04:04 protein complex;HLA protein complex with DQ3 serotype;HLA protein complex with DQ5 serotype	MRO:0001293;MRO:0001622;MRO:0001626	SRR4408221	27133167	IlluminaHiSeq	Female	NCIT:C16576	Penicillin Antibiotic	NCIT:C1500	Yes	Homo sapiens
VatanenT_2016	T013832	G78487	Otitis Media;Pneumonia;bronchitis;Upper Respiratory Tract Infection;Septicemia;Skin Infection;Cough;Gastroenteritis;Tonsillitis;Pyelonephritis;Cystitis;Fever;Infectious Disorder;Stomatitis;Salmonellosis	NCIT:C34885;NCIT:C3333;NCIT:C2911;NCIT:C35650;NCIT:C3364;NCIT:C35025;NCIT:C37935;NCIT:C34632;NCIT:C116006;NCIT:C34965;NCIT:C26738;NCIT:C3038;NCIT:C128320;NCIT:C26887;NCIT:C157974	Study Control	NCIT:C142703	Estonia	NCIT:C16562	feces	UBERON:0001988	Infant	NCIT:C27956	666	Day	1.8	22	622	No	Paolo_Manghi,Svetlana_Ugarcina_Perovic	Healthy	NA	NA	NCIT:C115935	Qiagen	HLA-DRB1*04:01 protein complex;HLA protein complex with DQ3 serotype;HLA protein complex with DQ5 serotype	MRO:0001290;MRO:0001622;MRO:0001626	SRR4305518	27133167	IlluminaHiSeq	Male	NCIT:C20197	NA	NA	Yes	Homo sapiens
VatanenT_2016	T013832	G80582	Otitis Media;Pneumonia;bronchitis;Upper Respiratory Tract Infection;Septicemia;Skin Infection;Cough;Gastroenteritis;Tonsillitis;Pyelonephritis;Cystitis;Fever;Infectious Disorder;Stomatitis;Salmonellosis	NCIT:C34885;NCIT:C3333;NCIT:C2911;NCIT:C35650;NCIT:C3364;NCIT:C35025;NCIT:C37935;NCIT:C34632;NCIT:C116006;NCIT:C34965;NCIT:C26738;NCIT:C3038;NCIT:C128320;NCIT:C26887;NCIT:C157974	Case	NCIT:C49152	Estonia	NCIT:C16562	feces	UBERON:0001988	Infant	NCIT:C27956	44	Day	0.1	1	0	Yes	Paolo_Manghi,Svetlana_Ugarcina_Perovic	Infectious Disorder	No Measurable or Evaluable Disease	NCIT:C71458	NCIT:C128320	Qiagen	HLA-DRB1*04:01 protein complex;HLA protein complex with DQ3 serotype;HLA protein complex with DQ5 serotype	MRO:0001290;MRO:0001622;MRO:0001626	SRR4408177	27133167	IlluminaHiSeq	Male	NCIT:C20197	Aminoglycoside Antibiotic;Penicillin Antibiotic	NCIT:C2363;NCIT:C1500	Yes	Homo sapiens
VatanenT_2016	T014197	G80432	Otitis Media;Pneumonia;bronchitis;Upper Respiratory Tract Infection;Septicemia;Skin Infection;Cough;Gastroenteritis;Tonsillitis;Pyelonephritis;Cystitis;Fever;Infectious Disorder;Stomatitis;Salmonellosis	NCIT:C34885;NCIT:C3333;NCIT:C2911;NCIT:C35650;NCIT:C3364;NCIT:C35025;NCIT:C37935;NCIT:C34632;NCIT:C116006;NCIT:C34965;NCIT:C26738;NCIT:C3038;NCIT:C128320;NCIT:C26887;NCIT:C157974	Study Control	NCIT:C142703	Estonia	NCIT:C16562	feces	UBERON:0001988	Infant	NCIT:C27956	686	Day	1.9	23	250	No	Paolo_Manghi,Svetlana_Ugarcina_Perovic	Healthy	NA	NA	NCIT:C115935	Qiagen	HLA-DRB1*04:05 protein complex;HLA protein complex with DQ3 serotype;HLA-DQA1*02:01 protein complex	MRO:0001294;MRO:0001622;MRO:0001211	SRR4408016	27133167	IlluminaHiSeq	Female	NCIT:C16576	NA	NA	Yes	Homo sapiens
VatanenT_2016	T014197	G80379	Otitis Media;Pneumonia;bronchitis;Upper Respiratory Tract Infection;Septicemia;Skin Infection;Cough;Gastroenteritis;Tonsillitis;Pyelonephritis;Cystitis;Fever;Infectious Disorder;Stomatitis;Salmonellosis	NCIT:C34885;NCIT:C3333;NCIT:C2911;NCIT:C35650;NCIT:C3364;NCIT:C35025;NCIT:C37935;NCIT:C34632;NCIT:C116006;NCIT:C34965;NCIT:C26738;NCIT:C3038;NCIT:C128320;NCIT:C26887;NCIT:C157974	Study Control	NCIT:C142703	Estonia	NCIT:C16562	feces	UBERON:0001988	Infant	NCIT:C27956	436	Day	1.2	14	0	No	Paolo_Manghi,Svetlana_Ugarcina_Perovic	Healthy	NA	NA	NCIT:C115935	Qiagen	HLA-DRB1*04:05 protein complex;HLA protein complex with DQ3 serotype;HLA-DQA1*02:01 protein complex	MRO:0001294;MRO:0001622;MRO:0001211	SRR4408248	27133167	IlluminaHiSeq	Female	NCIT:C16576	NA	NA	Yes	Homo sapiens
VatanenT_2016	T014575	G78665	Otitis Media;Pneumonia;bronchitis;Upper Respiratory Tract Infection;Septicemia;Skin Infection;Cough;Gastroenteritis;Tonsillitis;Pyelonephritis;Cystitis;Fever;Infectious Disorder;Stomatitis;Salmonellosis	NCIT:C34885;NCIT:C3333;NCIT:C2911;NCIT:C35650;NCIT:C3364;NCIT:C35025;NCIT:C37935;NCIT:C34632;NCIT:C116006;NCIT:C34965;NCIT:C26738;NCIT:C3038;NCIT:C128320;NCIT:C26887;NCIT:C157974	Study Control	NCIT:C142703	Estonia	NCIT:C16562	feces	UBERON:0001988	Infant	NCIT:C27956	516	Day	1.4	17	315	No	Paolo_Manghi,Svetlana_Ugarcina_Perovic	Healthy	NA	NA	NCIT:C115935	Qiagen	HLA protein complex with DQ5 serotype;HLA protein complex with DQ5 serotype	MRO:0001626;MRO:0001626	SRR4305194	27133167	IlluminaHiSeq	Male	NCIT:C20197	NA	NA	Yes	Homo sapiens
VatanenT_2016	T014575	G80540	Otitis Media;Pneumonia;bronchitis;Upper Respiratory Tract Infection;Septicemia;Skin Infection;Cough;Gastroenteritis;Tonsillitis;Pyelonephritis;Cystitis;Fever;Infectious Disorder;Stomatitis;Salmonellosis	NCIT:C34885;NCIT:C3333;NCIT:C2911;NCIT:C35650;NCIT:C3364;NCIT:C35025;NCIT:C37935;NCIT:C34632;NCIT:C116006;NCIT:C34965;NCIT:C26738;NCIT:C3038;NCIT:C128320;NCIT:C26887;NCIT:C157974	Study Control	NCIT:C142703	Estonia	NCIT:C16562	feces	UBERON:0001988	Infant	NCIT:C27956	201	Day	0.6	7	0	No	Paolo_Manghi,Svetlana_Ugarcina_Perovic	Healthy	NA	NA	NCIT:C115935	Qiagen	HLA protein complex with DQ5 serotype;HLA protein complex with DQ5 serotype	MRO:0001626;MRO:0001626	SRR4408136	27133167	IlluminaHiSeq	Male	NCIT:C20197	NA	NA	Yes	Homo sapiens
VatanenT_2016	T014800	G78664	Otitis Media;Pneumonia;bronchitis;Upper Respiratory Tract Infection;Septicemia;Skin Infection;Cough;Gastroenteritis;Tonsillitis;Pyelonephritis;Cystitis;Fever;Infectious Disorder;Stomatitis;Salmonellosis	NCIT:C34885;NCIT:C3333;NCIT:C2911;NCIT:C35650;NCIT:C3364;NCIT:C35025;NCIT:C37935;NCIT:C34632;NCIT:C116006;NCIT:C34965;NCIT:C26738;NCIT:C3038;NCIT:C128320;NCIT:C26887;NCIT:C157974	Study Control	NCIT:C142703	Estonia	NCIT:C16562	feces	UBERON:0001988	Infant	NCIT:C27956	406	Day	1.1	13	0	No	Paolo_Manghi,Svetlana_Ugarcina_Perovic	Healthy	NA	NA	NCIT:C115935	Qiagen	HLA-DRB1*04:04 protein complex;HLA protein complex with DQ3 serotype;HLA-DQA1*02:01 protein complex	MRO:0001293;MRO:0001622;MRO:0001211	SRR4305193	27133167	IlluminaHiSeq	Female	NCIT:C16576	NA	NA	Yes	Homo sapiens
VatanenT_2016	T014801	G78576	Otitis Media;Pneumonia;bronchitis;Upper Respiratory Tract Infection;Septicemia;Skin Infection;Cough;Gastroenteritis;Tonsillitis;Pyelonephritis;Cystitis;Fever;Infectious Disorder;Stomatitis;Salmonellosis	NCIT:C34885;NCIT:C3333;NCIT:C2911;NCIT:C35650;NCIT:C3364;NCIT:C35025;NCIT:C37935;NCIT:C34632;NCIT:C116006;NCIT:C34965;NCIT:C26738;NCIT:C3038;NCIT:C128320;NCIT:C26887;NCIT:C157974	Study Control	NCIT:C142703	Estonia	NCIT:C16562	feces	UBERON:0001988	Infant	NCIT:C27956	494	Day	1.4	16	0	No	Paolo_Manghi,Svetlana_Ugarcina_Perovic	Healthy	NA	NA	NCIT:C115935	Qiagen	HLA-DRB1*04:04 protein complex	MRO:0001293	SRR4305104	27133167	IlluminaHiSeq	Female	NCIT:C16576	NA	NA	Yes	Homo sapiens
VatanenT_2016	T014801	G80408	Otitis Media;Pneumonia;bronchitis;Upper Respiratory Tract Infection;Septicemia;Skin Infection;Cough;Gastroenteritis;Tonsillitis;Pyelonephritis;Cystitis;Fever;Infectious Disorder;Stomatitis;Salmonellosis	NCIT:C34885;NCIT:C3333;NCIT:C2911;NCIT:C35650;NCIT:C3364;NCIT:C35025;NCIT:C37935;NCIT:C34632;NCIT:C116006;NCIT:C34965;NCIT:C26738;NCIT:C3038;NCIT:C128320;NCIT:C26887;NCIT:C157974	Study Control	NCIT:C142703	Estonia	NCIT:C16562	feces	UBERON:0001988	Infant	NCIT:C27956	678	Day	1.9	22	184	No	Paolo_Manghi,Svetlana_Ugarcina_Perovic	Healthy	NA	NA	NCIT:C115935	Qiagen	HLA-DRB1*04:04 protein complex	MRO:0001293	SRR4408280	27133167	IlluminaHiSeq	Female	NCIT:C16576	NA	NA	Yes	Homo sapiens
VatanenT_2016	T014806	G78831	Otitis Media;Pneumonia;bronchitis;Upper Respiratory Tract Infection;Septicemia;Skin Infection;Cough;Gastroenteritis;Tonsillitis;Pyelonephritis;Cystitis;Fever;Infectious Disorder;Stomatitis;Salmonellosis	NCIT:C34885;NCIT:C3333;NCIT:C2911;NCIT:C35650;NCIT:C3364;NCIT:C35025;NCIT:C37935;NCIT:C34632;NCIT:C116006;NCIT:C34965;NCIT:C26738;NCIT:C3038;NCIT:C128320;NCIT:C26887;NCIT:C157974	Study Control	NCIT:C142703	Estonia	NCIT:C16562	feces	UBERON:0001988	Infant	NCIT:C27956	459	Day	1.3	15	0	No	Paolo_Manghi,Svetlana_Ugarcina_Perovic	Healthy	NA	NA	NCIT:C115935	Qiagen	HLA-DRB1*04:04 protein complex;HLA protein complex with DQ3 serotype;HLA-DQA1*02:01 protein complex	MRO:0001293;MRO:0001622;MRO:0001211	SRR4305330	27133167	IlluminaHiSeq	Male	NCIT:C20197	NA	NA	Yes	Homo sapiens
VatanenT_2016	T014806	G80275	Otitis Media;Pneumonia;bronchitis;Upper Respiratory Tract Infection;Septicemia;Skin Infection;Cough;Gastroenteritis;Tonsillitis;Pyelonephritis;Cystitis;Fever;Infectious Disorder;Stomatitis;Salmonellosis	NCIT:C34885;NCIT:C3333;NCIT:C2911;NCIT:C35650;NCIT:C3364;NCIT:C35025;NCIT:C37935;NCIT:C34632;NCIT:C116006;NCIT:C34965;NCIT:C26738;NCIT:C3038;NCIT:C128320;NCIT:C26887;NCIT:C157974	Study Control	NCIT:C142703	Estonia	NCIT:C16562	feces	UBERON:0001988	Infant	NCIT:C27956	489	Day	1.3	16	30	No	Paolo_Manghi,Svetlana_Ugarcina_Perovic	Healthy	NA	NA	NCIT:C115935	Qiagen	HLA-DRB1*04:04 protein complex;HLA protein complex with DQ3 serotype;HLA-DQA1*02:01 protein complex	MRO:0001293;MRO:0001622;MRO:0001211	SRR4305433	27133167	IlluminaHiSeq	Male	NCIT:C20197	NA	NA	Yes	Homo sapiens
VatanenT_2016	T014806	G80361	Otitis Media;Pneumonia;bronchitis;Upper Respiratory Tract Infection;Septicemia;Skin Infection;Cough;Gastroenteritis;Tonsillitis;Pyelonephritis;Cystitis;Fever;Infectious Disorder;Stomatitis;Salmonellosis	NCIT:C34885;NCIT:C3333;NCIT:C2911;NCIT:C35650;NCIT:C3364;NCIT:C35025;NCIT:C37935;NCIT:C34632;NCIT:C116006;NCIT:C34965;NCIT:C26738;NCIT:C3038;NCIT:C128320;NCIT:C26887;NCIT:C157974	Study Control	NCIT:C142703	Estonia	NCIT:C16562	feces	UBERON:0001988	Infant	NCIT:C27956	713	Day	2	23	254	No	Paolo_Manghi,Svetlana_Ugarcina_Perovic	Healthy	NA	NA	NCIT:C115935	Qiagen	HLA-DRB1*04:04 protein complex;HLA protein complex with DQ3 serotype;HLA-DQA1*02:01 protein complex	MRO:0001293;MRO:0001622;MRO:0001211	SRR4408229	27133167	IlluminaHiSeq	Male	NCIT:C20197	NA	NA	Yes	Homo sapiens
VatanenT_2016	T014825	G80591	Otitis Media;Pneumonia;bronchitis;Upper Respiratory Tract Infection;Septicemia;Skin Infection;Cough;Gastroenteritis;Tonsillitis;Pyelonephritis;Cystitis;Fever;Infectious Disorder;Stomatitis;Salmonellosis	NCIT:C34885;NCIT:C3333;NCIT:C2911;NCIT:C35650;NCIT:C3364;NCIT:C35025;NCIT:C37935;NCIT:C34632;NCIT:C116006;NCIT:C34965;NCIT:C26738;NCIT:C3038;NCIT:C128320;NCIT:C26887;NCIT:C157974	Study Control	NCIT:C142703	Estonia	NCIT:C16562	feces	UBERON:0001988	Infant	NCIT:C27956	127	Day	0.3	4	0	No	Paolo_Manghi,Svetlana_Ugarcina_Perovic	Healthy	NA	NA	NCIT:C115935	Qiagen	HLA-DQA1*02:01 protein complex;HLA protein complex with DQ5 serotype	MRO:0001211;MRO:0001626	SRR4408185	27133167	IlluminaHiSeq	Male	NCIT:C20197	NA	NA	Yes	Homo sapiens
VatanenT_2016	T014827	G78663	Otitis Media;Pneumonia;bronchitis;Upper Respiratory Tract Infection;Septicemia;Skin Infection;Cough;Gastroenteritis;Tonsillitis;Pyelonephritis;Cystitis;Fever;Infectious Disorder;Stomatitis;Salmonellosis	NCIT:C34885;NCIT:C3333;NCIT:C2911;NCIT:C35650;NCIT:C3364;NCIT:C35025;NCIT:C37935;NCIT:C34632;NCIT:C116006;NCIT:C34965;NCIT:C26738;NCIT:C3038;NCIT:C128320;NCIT:C26887;NCIT:C157974	Study Control	NCIT:C142703	Estonia	NCIT:C16562	feces	UBERON:0001988	Infant	NCIT:C27956	407	Day	1.1	13	0	No	Paolo_Manghi,Svetlana_Ugarcina_Perovic	Healthy	NA	NA	NCIT:C115935	Qiagen	HLA protein complex with DQ5 serotype	MRO:0001626	SRR4305192	27133167	IlluminaHiSeq	Male	NCIT:C20197	NA	NA	Yes	Homo sapiens
VatanenT_2016	T014827	G78737	Otitis Media;Pneumonia;bronchitis;Upper Respiratory Tract Infection;Septicemia;Skin Infection;Cough;Gastroenteritis;Tonsillitis;Pyelonephritis;Cystitis;Fever;Infectious Disorder;Stomatitis;Salmonellosis	NCIT:C34885;NCIT:C3333;NCIT:C2911;NCIT:C35650;NCIT:C3364;NCIT:C35025;NCIT:C37935;NCIT:C34632;NCIT:C116006;NCIT:C34965;NCIT:C26738;NCIT:C3038;NCIT:C128320;NCIT:C26887;NCIT:C157974	Study Control	NCIT:C142703	Estonia	NCIT:C16562	feces	UBERON:0001988	Child	NCIT:C49683	1062	Day	2.9	35	655	No	Paolo_Manghi,Svetlana_Ugarcina_Perovic	Healthy	NA	NA	NCIT:C115935	Qiagen	HLA protein complex with DQ5 serotype	MRO:0001626	SRR4305251	27133167	IlluminaHiSeq	Male	NCIT:C20197	NA	NA	Yes	Homo sapiens
VatanenT_2016	T014827	G78502	Otitis Media;Pneumonia;bronchitis;Upper Respiratory Tract Infection;Septicemia;Skin Infection;Cough;Gastroenteritis;Tonsillitis;Pyelonephritis;Cystitis;Fever;Infectious Disorder;Stomatitis;Salmonellosis	NCIT:C34885;NCIT:C3333;NCIT:C2911;NCIT:C35650;NCIT:C3364;NCIT:C35025;NCIT:C37935;NCIT:C34632;NCIT:C116006;NCIT:C34965;NCIT:C26738;NCIT:C3038;NCIT:C128320;NCIT:C26887;NCIT:C157974	Study Control	NCIT:C142703	Estonia	NCIT:C16562	feces	UBERON:0001988	Child	NCIT:C49683	852	Day	2.3	28	445	No	Paolo_Manghi,Svetlana_Ugarcina_Perovic	Healthy	NA	NA	NCIT:C115935	Qiagen	HLA protein complex with DQ5 serotype	MRO:0001626	SRR4305531	27133167	IlluminaHiSeq	Male	NCIT:C20197	NA	NA	Yes	Homo sapiens
VatanenT_2016	T014827	G80338	Otitis Media;Pneumonia;bronchitis;Upper Respiratory Tract Infection;Septicemia;Skin Infection;Cough;Gastroenteritis;Tonsillitis;Pyelonephritis;Cystitis;Fever;Infectious Disorder;Stomatitis;Salmonellosis	NCIT:C34885;NCIT:C3333;NCIT:C2911;NCIT:C35650;NCIT:C3364;NCIT:C35025;NCIT:C37935;NCIT:C34632;NCIT:C116006;NCIT:C34965;NCIT:C26738;NCIT:C3038;NCIT:C128320;NCIT:C26887;NCIT:C157974	Study Control	NCIT:C142703	Estonia	NCIT:C16562	feces	UBERON:0001988	Infant	NCIT:C27956	666	Day	1.8	22	259	No	Paolo_Manghi,Svetlana_Ugarcina_Perovic	Healthy	NA	NA	NCIT:C115935	Qiagen	HLA protein complex with DQ5 serotype	MRO:0001626	SRR4408091	27133167	IlluminaHiSeq	Male	NCIT:C20197	NA	NA	Yes	Homo sapiens
VatanenT_2016	T016234	G80576	Otitis Media;Pneumonia;bronchitis;Upper Respiratory Tract Infection;Septicemia;Skin Infection;Cough;Gastroenteritis;Tonsillitis;Pyelonephritis;Cystitis;Fever;Infectious Disorder;Stomatitis;Salmonellosis	NCIT:C34885;NCIT:C3333;NCIT:C2911;NCIT:C35650;NCIT:C3364;NCIT:C35025;NCIT:C37935;NCIT:C34632;NCIT:C116006;NCIT:C34965;NCIT:C26738;NCIT:C3038;NCIT:C128320;NCIT:C26887;NCIT:C157974	Study Control	NCIT:C142703	Estonia	NCIT:C16562	feces	UBERON:0001988	Infant	NCIT:C27956	43	Day	0.1	1	0	No	Paolo_Manghi,Svetlana_Ugarcina_Perovic	Healthy	NA	NA	NCIT:C115935	Qiagen	HLA protein complex with DQ5 serotype;HLA protein complex with DQ5 serotype	MRO:0001626;MRO:0001626	SRR4408170	27133167	IlluminaHiSeq	Male	NCIT:C20197	NA	NA	Yes	Homo sapiens
VatanenT_2016	T016548	G78825	Otitis Media;Pneumonia;bronchitis;Upper Respiratory Tract Infection;Septicemia;Skin Infection;Cough;Gastroenteritis;Tonsillitis;Pyelonephritis;Cystitis;Fever;Infectious Disorder;Stomatitis;Salmonellosis	NCIT:C34885;NCIT:C3333;NCIT:C2911;NCIT:C35650;NCIT:C3364;NCIT:C35025;NCIT:C37935;NCIT:C34632;NCIT:C116006;NCIT:C34965;NCIT:C26738;NCIT:C3038;NCIT:C128320;NCIT:C26887;NCIT:C157974	Study Control	NCIT:C142703	Estonia	NCIT:C16562	feces	UBERON:0001988	Infant	NCIT:C27956	569	Day	1.6	19	434	No	Paolo_Manghi,Svetlana_Ugarcina_Perovic	Healthy	NA	NA	NCIT:C115935	Qiagen	HLA protein complex with DQ5 serotype	MRO:0001626	SRR4305324	27133167	IlluminaHiSeq	Female	NCIT:C16576	NA	NA	Yes	Homo sapiens
VatanenT_2016	T016548	G80500	Otitis Media;Pneumonia;bronchitis;Upper Respiratory Tract Infection;Septicemia;Skin Infection;Cough;Gastroenteritis;Tonsillitis;Pyelonephritis;Cystitis;Fever;Infectious Disorder;Stomatitis;Salmonellosis	NCIT:C34885;NCIT:C3333;NCIT:C2911;NCIT:C35650;NCIT:C3364;NCIT:C35025;NCIT:C37935;NCIT:C34632;NCIT:C116006;NCIT:C34965;NCIT:C26738;NCIT:C3038;NCIT:C128320;NCIT:C26887;NCIT:C157974	Study Control	NCIT:C142703	Estonia	NCIT:C16562	feces	UBERON:0001988	Infant	NCIT:C27956	135	Day	0.4	4	0	No	Paolo_Manghi,Svetlana_Ugarcina_Perovic	Healthy	NA	NA	NCIT:C115935	Qiagen	HLA protein complex with DQ5 serotype	MRO:0001626	SRR4408086	27133167	IlluminaHiSeq	Female	NCIT:C16576	NA	NA	Yes	Homo sapiens
VatanenT_2016	T016811	G78509	Otitis Media;Pneumonia;bronchitis;Upper Respiratory Tract Infection;Septicemia;Skin Infection;Cough;Gastroenteritis;Tonsillitis;Pyelonephritis;Cystitis;Fever;Infectious Disorder;Stomatitis;Salmonellosis	NCIT:C34885;NCIT:C3333;NCIT:C2911;NCIT:C35650;NCIT:C3364;NCIT:C35025;NCIT:C37935;NCIT:C34632;NCIT:C116006;NCIT:C34965;NCIT:C26738;NCIT:C3038;NCIT:C128320;NCIT:C26887;NCIT:C157974	Case	NCIT:C49152	Estonia	NCIT:C16562	feces	UBERON:0001988	Infant	NCIT:C27956	390	Day	1.1	13	268	Yes	Paolo_Manghi,Svetlana_Ugarcina_Perovic	Stomatitis	NA	NA	NCIT:C26887	Qiagen	HLA protein complex with DQ5 serotype	MRO:0001626	SRR4305036	27133167	IlluminaHiSeq	Male	NCIT:C20197	Penicillin Antibiotic	NCIT:C1500	Yes	Homo sapiens
VatanenT_2016	T016811	G78517	Otitis Media;Pneumonia;bronchitis;Upper Respiratory Tract Infection;Septicemia;Skin Infection;Cough;Gastroenteritis;Tonsillitis;Pyelonephritis;Cystitis;Fever;Infectious Disorder;Stomatitis;Salmonellosis	NCIT:C34885;NCIT:C3333;NCIT:C2911;NCIT:C35650;NCIT:C3364;NCIT:C35025;NCIT:C37935;NCIT:C34632;NCIT:C116006;NCIT:C34965;NCIT:C26738;NCIT:C3038;NCIT:C128320;NCIT:C26887;NCIT:C157974	Case	NCIT:C49152	Estonia	NCIT:C16562	feces	UBERON:0001988	Infant	NCIT:C27956	483	Day	1.3	16	361	Yes	Paolo_Manghi,Svetlana_Ugarcina_Perovic	Stomatitis	NA	NA	NCIT:C26887	Qiagen	HLA protein complex with DQ5 serotype	MRO:0001626	SRR4305045	27133167	IlluminaHiSeq	Male	NCIT:C20197	Penicillin Antibiotic	NCIT:C1500	Yes	Homo sapiens
VatanenT_2016	T016811	G80457	Otitis Media;Pneumonia;bronchitis;Upper Respiratory Tract Infection;Septicemia;Skin Infection;Cough;Gastroenteritis;Tonsillitis;Pyelonephritis;Cystitis;Fever;Infectious Disorder;Stomatitis;Salmonellosis	NCIT:C34885;NCIT:C3333;NCIT:C2911;NCIT:C35650;NCIT:C3364;NCIT:C35025;NCIT:C37935;NCIT:C34632;NCIT:C116006;NCIT:C34965;NCIT:C26738;NCIT:C3038;NCIT:C128320;NCIT:C26887;NCIT:C157974	Study Control	NCIT:C142703	Estonia	NCIT:C16562	feces	UBERON:0001988	Infant	NCIT:C27956	122	Day	0.3	4	0	No	Paolo_Manghi,Svetlana_Ugarcina_Perovic	Healthy	NA	NA	NCIT:C115935	Qiagen	HLA protein complex with DQ5 serotype	MRO:0001626	SRR4408041	27133167	IlluminaHiSeq	Male	NCIT:C20197	NA	NA	Yes	Homo sapiens
VatanenT_2016	T016811	G80510	Otitis Media;Pneumonia;bronchitis;Upper Respiratory Tract Infection;Septicemia;Skin Infection;Cough;Gastroenteritis;Tonsillitis;Pyelonephritis;Cystitis;Fever;Infectious Disorder;Stomatitis;Salmonellosis	NCIT:C34885;NCIT:C3333;NCIT:C2911;NCIT:C35650;NCIT:C3364;NCIT:C35025;NCIT:C37935;NCIT:C34632;NCIT:C116006;NCIT:C34965;NCIT:C26738;NCIT:C3038;NCIT:C128320;NCIT:C26887;NCIT:C157974	Study Control	NCIT:C142703	Estonia	NCIT:C16562	feces	UBERON:0001988	Infant	NCIT:C27956	678	Day	1.9	22	556	No	Paolo_Manghi,Svetlana_Ugarcina_Perovic	Healthy	NA	NA	NCIT:C115935	Qiagen	HLA protein complex with DQ5 serotype	MRO:0001626	SRR4408096	27133167	IlluminaHiSeq	Male	NCIT:C20197	NA	NA	Yes	Homo sapiens
VatanenT_2016	T016812	G69176	Otitis Media;Pneumonia;bronchitis;Upper Respiratory Tract Infection;Septicemia;Skin Infection;Cough;Gastroenteritis;Tonsillitis;Pyelonephritis;Cystitis;Fever;Infectious Disorder;Stomatitis;Salmonellosis	NCIT:C34885;NCIT:C3333;NCIT:C2911;NCIT:C35650;NCIT:C3364;NCIT:C35025;NCIT:C37935;NCIT:C34632;NCIT:C116006;NCIT:C34965;NCIT:C26738;NCIT:C3038;NCIT:C128320;NCIT:C26887;NCIT:C157974	Study Control	NCIT:C142703	Estonia	NCIT:C16562	feces	UBERON:0001988	Infant	NCIT:C27956	675	Day	1.8	22	186	No	Paolo_Manghi,Svetlana_Ugarcina_Perovic	Healthy	NA	NA	NCIT:C115935	Qiagen	HLA-DRB1*04:04 protein complex	MRO:0001293	SRR4305210	27133167	IlluminaHiSeq	Female	NCIT:C16576	NA	NA	Yes	Homo sapiens
VatanenT_2016	T016812	G69184	Otitis Media;Pneumonia;bronchitis;Upper Respiratory Tract Infection;Septicemia;Skin Infection;Cough;Gastroenteritis;Tonsillitis;Pyelonephritis;Cystitis;Fever;Infectious Disorder;Stomatitis;Salmonellosis	NCIT:C34885;NCIT:C3333;NCIT:C2911;NCIT:C35650;NCIT:C3364;NCIT:C35025;NCIT:C37935;NCIT:C34632;NCIT:C116006;NCIT:C34965;NCIT:C26738;NCIT:C3038;NCIT:C128320;NCIT:C26887;NCIT:C157974	Study Control	NCIT:C142703	Estonia	NCIT:C16562	feces	UBERON:0001988	Infant	NCIT:C27956	489	Day	1.3	16	0	No	Paolo_Manghi,Svetlana_Ugarcina_Perovic	Healthy	NA	NA	NCIT:C115935	Qiagen	HLA-DRB1*04:04 protein complex	MRO:0001293	SRR4305300	27133167	IlluminaHiSeq	Female	NCIT:C16576	NA	NA	Yes	Homo sapiens
VatanenT_2016	T016812	G80340	Otitis Media;Pneumonia;bronchitis;Upper Respiratory Tract Infection;Septicemia;Skin Infection;Cough;Gastroenteritis;Tonsillitis;Pyelonephritis;Cystitis;Fever;Infectious Disorder;Stomatitis;Salmonellosis	NCIT:C34885;NCIT:C3333;NCIT:C2911;NCIT:C35650;NCIT:C3364;NCIT:C35025;NCIT:C37935;NCIT:C34632;NCIT:C116006;NCIT:C34965;NCIT:C26738;NCIT:C3038;NCIT:C128320;NCIT:C26887;NCIT:C157974	Study Control	NCIT:C142703	Estonia	NCIT:C16562	feces	UBERON:0001988	Infant	NCIT:C27956	589	Day	1.6	19	100	No	Paolo_Manghi,Svetlana_Ugarcina_Perovic	Healthy	NA	NA	NCIT:C115935	Qiagen	HLA-DRB1*04:04 protein complex	MRO:0001293	SRR4408121	27133167	IlluminaHiSeq	Female	NCIT:C16576	NA	NA	Yes	Homo sapiens
VatanenT_2016	T016834	G69194	Otitis Media;Pneumonia;bronchitis;Upper Respiratory Tract Infection;Septicemia;Skin Infection;Cough;Gastroenteritis;Tonsillitis;Pyelonephritis;Cystitis;Fever;Infectious Disorder;Stomatitis;Salmonellosis	NCIT:C34885;NCIT:C3333;NCIT:C2911;NCIT:C35650;NCIT:C3364;NCIT:C35025;NCIT:C37935;NCIT:C34632;NCIT:C116006;NCIT:C34965;NCIT:C26738;NCIT:C3038;NCIT:C128320;NCIT:C26887;NCIT:C157974	Case	NCIT:C49152	Estonia	NCIT:C16562	feces	UBERON:0001988	Infant	NCIT:C27956	475	Day	1.3	16	0	Yes	Paolo_Manghi,Svetlana_Ugarcina_Perovic	bronchitis	NA	NA	NCIT:C2911	Qiagen	HLA-DRB1*04:02 protein complex	MRO:0001291	SRR4305413	27133167	IlluminaHiSeq	Female	NCIT:C16576	Penicillin Antibiotic	NCIT:C1500	Yes	Homo sapiens
VatanenT_2016	T017394	G78510	Otitis Media;Pneumonia;bronchitis;Upper Respiratory Tract Infection;Septicemia;Skin Infection;Cough;Gastroenteritis;Tonsillitis;Pyelonephritis;Cystitis;Fever;Infectious Disorder;Stomatitis;Salmonellosis	NCIT:C34885;NCIT:C3333;NCIT:C2911;NCIT:C35650;NCIT:C3364;NCIT:C35025;NCIT:C37935;NCIT:C34632;NCIT:C116006;NCIT:C34965;NCIT:C26738;NCIT:C3038;NCIT:C128320;NCIT:C26887;NCIT:C157974	Study Control	NCIT:C142703	Estonia	NCIT:C16562	feces	UBERON:0001988	Infant	NCIT:C27956	427	Day	1.2	14	0	No	Paolo_Manghi,Svetlana_Ugarcina_Perovic	Healthy	NA	NA	NCIT:C115935	Qiagen	HLA-DRB1*04:01 protein complex	MRO:0001290	SRR4305037	27133167	IlluminaHiSeq	Male	NCIT:C20197	NA	NA	Yes	Homo sapiens
VatanenT_2016	T017394	G78520	Otitis Media;Pneumonia;bronchitis;Upper Respiratory Tract Infection;Septicemia;Skin Infection;Cough;Gastroenteritis;Tonsillitis;Pyelonephritis;Cystitis;Fever;Infectious Disorder;Stomatitis;Salmonellosis	NCIT:C34885;NCIT:C3333;NCIT:C2911;NCIT:C35650;NCIT:C3364;NCIT:C35025;NCIT:C37935;NCIT:C34632;NCIT:C116006;NCIT:C34965;NCIT:C26738;NCIT:C3038;NCIT:C128320;NCIT:C26887;NCIT:C157974	Study Control	NCIT:C142703	Estonia	NCIT:C16562	feces	UBERON:0001988	Infant	NCIT:C27956	479	Day	1.3	16	52	No	Paolo_Manghi,Svetlana_Ugarcina_Perovic	Healthy	NA	NA	NCIT:C115935	Qiagen	HLA-DRB1*04:01 protein complex	MRO:0001290	SRR4305048	27133167	IlluminaHiSeq	Male	NCIT:C20197	NA	NA	Yes	Homo sapiens
VatanenT_2016	T017394	G80393	Otitis Media;Pneumonia;bronchitis;Upper Respiratory Tract Infection;Septicemia;Skin Infection;Cough;Gastroenteritis;Tonsillitis;Pyelonephritis;Cystitis;Fever;Infectious Disorder;Stomatitis;Salmonellosis	NCIT:C34885;NCIT:C3333;NCIT:C2911;NCIT:C35650;NCIT:C3364;NCIT:C35025;NCIT:C37935;NCIT:C34632;NCIT:C116006;NCIT:C34965;NCIT:C26738;NCIT:C3038;NCIT:C128320;NCIT:C26887;NCIT:C157974	Study Control	NCIT:C142703	Estonia	NCIT:C16562	feces	UBERON:0001988	Infant	NCIT:C27956	661	Day	1.8	22	234	No	Paolo_Manghi,Svetlana_Ugarcina_Perovic	Healthy	NA	NA	NCIT:C115935	Qiagen	HLA-DRB1*04:01 protein complex	MRO:0001290	SRR4408264	27133167	IlluminaHiSeq	Male	NCIT:C20197	NA	NA	Yes	Homo sapiens
VatanenT_2016	T017394	G80412	Otitis Media;Pneumonia;bronchitis;Upper Respiratory Tract Infection;Septicemia;Skin Infection;Cough;Gastroenteritis;Tonsillitis;Pyelonephritis;Cystitis;Fever;Infectious Disorder;Stomatitis;Salmonellosis	NCIT:C34885;NCIT:C3333;NCIT:C2911;NCIT:C35650;NCIT:C3364;NCIT:C35025;NCIT:C37935;NCIT:C34632;NCIT:C116006;NCIT:C34965;NCIT:C26738;NCIT:C3038;NCIT:C128320;NCIT:C26887;NCIT:C157974	Study Control	NCIT:C142703	Estonia	NCIT:C16562	feces	UBERON:0001988	Child	NCIT:C49683	849	Day	2.3	28	422	No	Paolo_Manghi,Svetlana_Ugarcina_Perovic	Healthy	NA	NA	NCIT:C115935	Qiagen	HLA-DRB1*04:01 protein complex	MRO:0001290	SRR4408285	27133167	IlluminaHiSeq	Male	NCIT:C20197	NA	NA	Yes	Homo sapiens
VatanenT_2016	T017419	G78516	Otitis Media;Pneumonia;bronchitis;Upper Respiratory Tract Infection;Septicemia;Skin Infection;Cough;Gastroenteritis;Tonsillitis;Pyelonephritis;Cystitis;Fever;Infectious Disorder;Stomatitis;Salmonellosis	NCIT:C34885;NCIT:C3333;NCIT:C2911;NCIT:C35650;NCIT:C3364;NCIT:C35025;NCIT:C37935;NCIT:C34632;NCIT:C116006;NCIT:C34965;NCIT:C26738;NCIT:C3038;NCIT:C128320;NCIT:C26887;NCIT:C157974	Study Control	NCIT:C142703	Estonia	NCIT:C16562	feces	UBERON:0001988	Infant	NCIT:C27956	406	Day	1.1	13	346	No	Paolo_Manghi,Svetlana_Ugarcina_Perovic	Healthy	NA	NA	NCIT:C115935	Qiagen	HLA protein complex with DQ5 serotype	MRO:0001626	SRR4305043	27133167	IlluminaHiSeq	Female	NCIT:C16576	NA	NA	Yes	Homo sapiens
VatanenT_2016	T017419	G80440	Otitis Media;Pneumonia;bronchitis;Upper Respiratory Tract Infection;Septicemia;Skin Infection;Cough;Gastroenteritis;Tonsillitis;Pyelonephritis;Cystitis;Fever;Infectious Disorder;Stomatitis;Salmonellosis	NCIT:C34885;NCIT:C3333;NCIT:C2911;NCIT:C35650;NCIT:C3364;NCIT:C35025;NCIT:C37935;NCIT:C34632;NCIT:C116006;NCIT:C34965;NCIT:C26738;NCIT:C3038;NCIT:C128320;NCIT:C26887;NCIT:C157974	Study Control	NCIT:C142703	Estonia	NCIT:C16562	feces	UBERON:0001988	Infant	NCIT:C27956	589	Day	1.6	19	529	No	Paolo_Manghi,Svetlana_Ugarcina_Perovic	Healthy	NA	NA	NCIT:C115935	Qiagen	HLA protein complex with DQ5 serotype	MRO:0001626	SRR4408024	27133167	IlluminaHiSeq	Female	NCIT:C16576	NA	NA	Yes	Homo sapiens
VatanenT_2016	T017419	G80603	Otitis Media;Pneumonia;bronchitis;Upper Respiratory Tract Infection;Septicemia;Skin Infection;Cough;Gastroenteritis;Tonsillitis;Pyelonephritis;Cystitis;Fever;Infectious Disorder;Stomatitis;Salmonellosis	NCIT:C34885;NCIT:C3333;NCIT:C2911;NCIT:C35650;NCIT:C3364;NCIT:C35025;NCIT:C37935;NCIT:C34632;NCIT:C116006;NCIT:C34965;NCIT:C26738;NCIT:C3038;NCIT:C128320;NCIT:C26887;NCIT:C157974	Study Control	NCIT:C142703	Estonia	NCIT:C16562	feces	UBERON:0001988	Infant	NCIT:C27956	60	Day	0.2	2	0	No	Paolo_Manghi,Svetlana_Ugarcina_Perovic	Healthy	NA	NA	NCIT:C115935	Qiagen	HLA protein complex with DQ5 serotype	MRO:0001626	SRR4408196	27133167	IlluminaHiSeq	Female	NCIT:C16576	NA	NA	Yes	Homo sapiens
VatanenT_2016	T018343	G80532	Otitis Media;Pneumonia;bronchitis;Upper Respiratory Tract Infection;Septicemia;Skin Infection;Cough;Gastroenteritis;Tonsillitis;Pyelonephritis;Cystitis;Fever;Infectious Disorder;Stomatitis;Salmonellosis	NCIT:C34885;NCIT:C3333;NCIT:C2911;NCIT:C35650;NCIT:C3364;NCIT:C35025;NCIT:C37935;NCIT:C34632;NCIT:C116006;NCIT:C34965;NCIT:C26738;NCIT:C3038;NCIT:C128320;NCIT:C26887;NCIT:C157974	Study Control	NCIT:C142703	Estonia	NCIT:C16562	feces	UBERON:0001988	Infant	NCIT:C27956	121	Day	0.3	4	0	No	Paolo_Manghi,Svetlana_Ugarcina_Perovic	Healthy	NA	NA	NCIT:C115935	Qiagen	HLA protein complex with DQ5 serotype	MRO:0001626	SRR4408127	27133167	IlluminaHiSeq	Female	NCIT:C16576	NA	NA	Yes	Homo sapiens
VatanenT_2016	T018343	G80419	Otitis Media;Pneumonia;bronchitis;Upper Respiratory Tract Infection;Septicemia;Skin Infection;Cough;Gastroenteritis;Tonsillitis;Pyelonephritis;Cystitis;Fever;Infectious Disorder;Stomatitis;Salmonellosis	NCIT:C34885;NCIT:C3333;NCIT:C2911;NCIT:C35650;NCIT:C3364;NCIT:C35025;NCIT:C37935;NCIT:C34632;NCIT:C116006;NCIT:C34965;NCIT:C26738;NCIT:C3038;NCIT:C128320;NCIT:C26887;NCIT:C157974	Study Control	NCIT:C142703	Estonia	NCIT:C16562	feces	UBERON:0001988	Infant	NCIT:C27956	673	Day	1.8	22	552	No	Paolo_Manghi,Svetlana_Ugarcina_Perovic	Healthy	NA	NA	NCIT:C115935	Qiagen	HLA protein complex with DQ5 serotype	MRO:0001626	SRR4408292	27133167	IlluminaHiSeq	Female	NCIT:C16576	NA	NA	Yes	Homo sapiens
VatanenT_2016	T019021	G78828	Otitis Media;Pneumonia;bronchitis;Upper Respiratory Tract Infection;Septicemia;Skin Infection;Cough;Gastroenteritis;Tonsillitis;Pyelonephritis;Cystitis;Fever;Infectious Disorder;Stomatitis;Salmonellosis	NCIT:C34885;NCIT:C3333;NCIT:C2911;NCIT:C35650;NCIT:C3364;NCIT:C35025;NCIT:C37935;NCIT:C34632;NCIT:C116006;NCIT:C34965;NCIT:C26738;NCIT:C3038;NCIT:C128320;NCIT:C26887;NCIT:C157974	Case	NCIT:C49152	Estonia	NCIT:C16562	feces	UBERON:0001988	Infant	NCIT:C27956	406	Day	1.1	13	362	Yes	Paolo_Manghi,Svetlana_Ugarcina_Perovic	bronchitis	NA	NA	NCIT:C2911	Qiagen	HLA-DRB1*04:01 protein complex;HLA protein complex with DQ3 serotype;HLA protein complex with DQ5 serotype	MRO:0001290;MRO:0001622;MRO:0001626	SRR4305327	27133167	IlluminaHiSeq	Female	NCIT:C16576	Penicillin Antibiotic	NCIT:C1500	Yes	Homo sapiens
VatanenT_2016	T019021	G80516	Otitis Media;Pneumonia;bronchitis;Upper Respiratory Tract Infection;Septicemia;Skin Infection;Cough;Gastroenteritis;Tonsillitis;Pyelonephritis;Cystitis;Fever;Infectious Disorder;Stomatitis;Salmonellosis	NCIT:C34885;NCIT:C3333;NCIT:C2911;NCIT:C35650;NCIT:C3364;NCIT:C35025;NCIT:C37935;NCIT:C34632;NCIT:C116006;NCIT:C34965;NCIT:C26738;NCIT:C3038;NCIT:C128320;NCIT:C26887;NCIT:C157974	Study Control	NCIT:C142703	Estonia	NCIT:C16562	feces	UBERON:0001988	Infant	NCIT:C27956	44	Day	0.1	1	0	No	Paolo_Manghi,Svetlana_Ugarcina_Perovic	Healthy	NA	NA	NCIT:C115935	Qiagen	HLA-DRB1*04:01 protein complex;HLA protein complex with DQ3 serotype;HLA protein complex with DQ5 serotype	MRO:0001290;MRO:0001622;MRO:0001626	SRR4408103	27133167	IlluminaHiSeq	Female	NCIT:C16576	NA	NA	Yes	Homo sapiens
VatanenT_2016	T019021	G80411	Otitis Media;Pneumonia;bronchitis;Upper Respiratory Tract Infection;Septicemia;Skin Infection;Cough;Gastroenteritis;Tonsillitis;Pyelonephritis;Cystitis;Fever;Infectious Disorder;Stomatitis;Salmonellosis	NCIT:C34885;NCIT:C3333;NCIT:C2911;NCIT:C35650;NCIT:C3364;NCIT:C35025;NCIT:C37935;NCIT:C34632;NCIT:C116006;NCIT:C34965;NCIT:C26738;NCIT:C3038;NCIT:C128320;NCIT:C26887;NCIT:C157974	Study Control	NCIT:C142703	Estonia	NCIT:C16562	feces	UBERON:0001988	Infant	NCIT:C27956	582	Day	1.6	19	538	No	Paolo_Manghi,Svetlana_Ugarcina_Perovic	Healthy	NA	NA	NCIT:C115935	Qiagen	HLA-DRB1*04:01 protein complex;HLA protein complex with DQ3 serotype;HLA protein complex with DQ5 serotype	MRO:0001290;MRO:0001622;MRO:0001626	SRR4408284	27133167	IlluminaHiSeq	Female	NCIT:C16576	NA	NA	Yes	Homo sapiens
VatanenT_2016	T019031	G78596	Otitis Media;Pneumonia;bronchitis;Upper Respiratory Tract Infection;Septicemia;Skin Infection;Cough;Gastroenteritis;Tonsillitis;Pyelonephritis;Cystitis;Fever;Infectious Disorder;Stomatitis;Salmonellosis	NCIT:C34885;NCIT:C3333;NCIT:C2911;NCIT:C35650;NCIT:C3364;NCIT:C35025;NCIT:C37935;NCIT:C34632;NCIT:C116006;NCIT:C34965;NCIT:C26738;NCIT:C3038;NCIT:C128320;NCIT:C26887;NCIT:C157974	Study Control	NCIT:C142703	Estonia	NCIT:C16562	feces	UBERON:0001988	Infant	NCIT:C27956	438	Day	1.2	14	376	No	Paolo_Manghi,Svetlana_Ugarcina_Perovic	Healthy	NA	NA	NCIT:C115935	Qiagen	HLA-DRB1*04:01 protein complex	MRO:0001290	SRR4305125	27133167	IlluminaHiSeq	Male	NCIT:C20197	NA	NA	Yes	Homo sapiens
VatanenT_2016	T019031	G78597	Otitis Media;Pneumonia;bronchitis;Upper Respiratory Tract Infection;Septicemia;Skin Infection;Cough;Gastroenteritis;Tonsillitis;Pyelonephritis;Cystitis;Fever;Infectious Disorder;Stomatitis;Salmonellosis	NCIT:C34885;NCIT:C3333;NCIT:C2911;NCIT:C35650;NCIT:C3364;NCIT:C35025;NCIT:C37935;NCIT:C34632;NCIT:C116006;NCIT:C34965;NCIT:C26738;NCIT:C3038;NCIT:C128320;NCIT:C26887;NCIT:C157974	Study Control	NCIT:C142703	Estonia	NCIT:C16562	feces	UBERON:0001988	Infant	NCIT:C27956	495	Day	1.4	16	433	No	Paolo_Manghi,Svetlana_Ugarcina_Perovic	Healthy	NA	NA	NCIT:C115935	Qiagen	HLA-DRB1*04:01 protein complex	MRO:0001290	SRR4305126	27133167	IlluminaHiSeq	Male	NCIT:C20197	NA	NA	Yes	Homo sapiens
VatanenT_2016	T019031	G78896	Otitis Media;Pneumonia;bronchitis;Upper Respiratory Tract Infection;Septicemia;Skin Infection;Cough;Gastroenteritis;Tonsillitis;Pyelonephritis;Cystitis;Fever;Infectious Disorder;Stomatitis;Salmonellosis	NCIT:C34885;NCIT:C3333;NCIT:C2911;NCIT:C35650;NCIT:C3364;NCIT:C35025;NCIT:C37935;NCIT:C34632;NCIT:C116006;NCIT:C34965;NCIT:C26738;NCIT:C3038;NCIT:C128320;NCIT:C26887;NCIT:C157974	Case	NCIT:C49152	Estonia	NCIT:C16562	feces	UBERON:0001988	Infant	NCIT:C27956	224	Day	0.6	7	162	Yes	Paolo_Manghi,Svetlana_Ugarcina_Perovic	Otitis Media	NA	NA	NCIT:C34885	Qiagen	HLA-DRB1*04:01 protein complex	MRO:0001290	SRR4305399	27133167	IlluminaHiSeq	Male	NCIT:C20197	Penicillin Antibiotic	NCIT:C1500	Yes	Homo sapiens
VatanenT_2016	T019031	G80524	Otitis Media;Pneumonia;bronchitis;Upper Respiratory Tract Infection;Septicemia;Skin Infection;Cough;Gastroenteritis;Tonsillitis;Pyelonephritis;Cystitis;Fever;Infectious Disorder;Stomatitis;Salmonellosis	NCIT:C34885;NCIT:C3333;NCIT:C2911;NCIT:C35650;NCIT:C3364;NCIT:C35025;NCIT:C37935;NCIT:C34632;NCIT:C116006;NCIT:C34965;NCIT:C26738;NCIT:C3038;NCIT:C128320;NCIT:C26887;NCIT:C157974	Study Control	NCIT:C142703	Estonia	NCIT:C16562	feces	UBERON:0001988	Infant	NCIT:C27956	62	Day	0.2	2	0	No	Paolo_Manghi,Svetlana_Ugarcina_Perovic	Healthy	NA	NA	NCIT:C115935	Qiagen	HLA-DRB1*04:01 protein complex	MRO:0001290	SRR4408117	27133167	IlluminaHiSeq	Male	NCIT:C20197	NA	NA	Yes	Homo sapiens
VatanenT_2016	T019031	G80400	Otitis Media;Pneumonia;bronchitis;Upper Respiratory Tract Infection;Septicemia;Skin Infection;Cough;Gastroenteritis;Tonsillitis;Pyelonephritis;Cystitis;Fever;Infectious Disorder;Stomatitis;Salmonellosis	NCIT:C34885;NCIT:C3333;NCIT:C2911;NCIT:C35650;NCIT:C3364;NCIT:C35025;NCIT:C37935;NCIT:C34632;NCIT:C116006;NCIT:C34965;NCIT:C26738;NCIT:C3038;NCIT:C128320;NCIT:C26887;NCIT:C157974	Study Control	NCIT:C142703	Estonia	NCIT:C16562	feces	UBERON:0001988	Infant	NCIT:C27956	591	Day	1.6	19	529	No	Paolo_Manghi,Svetlana_Ugarcina_Perovic	Healthy	NA	NA	NCIT:C115935	Qiagen	HLA-DRB1*04:01 protein complex	MRO:0001290	SRR4408271	27133167	IlluminaHiSeq	Male	NCIT:C20197	NA	NA	Yes	Homo sapiens
VatanenT_2016	T019850	G78708	Otitis Media;Pneumonia;bronchitis;Upper Respiratory Tract Infection;Septicemia;Skin Infection;Cough;Gastroenteritis;Tonsillitis;Pyelonephritis;Cystitis;Fever;Infectious Disorder;Stomatitis;Salmonellosis	NCIT:C34885;NCIT:C3333;NCIT:C2911;NCIT:C35650;NCIT:C3364;NCIT:C35025;NCIT:C37935;NCIT:C34632;NCIT:C116006;NCIT:C34965;NCIT:C26738;NCIT:C3038;NCIT:C128320;NCIT:C26887;NCIT:C157974	Study Control	NCIT:C142703	Estonia	NCIT:C16562	feces	UBERON:0001988	Child	NCIT:C49683	865	Day	2.4	28	830	No	Paolo_Manghi,Svetlana_Ugarcina_Perovic	Healthy	NA	NA	NCIT:C115935	Qiagen	HLA-DRB1*04:01 protein complex	MRO:0001290	SRR4305229	27133167	IlluminaHiSeq	Male	NCIT:C20197	NA	NA	Yes	Homo sapiens
VatanenT_2016	T019850	G69218	Otitis Media;Pneumonia;bronchitis;Upper Respiratory Tract Infection;Septicemia;Skin Infection;Cough;Gastroenteritis;Tonsillitis;Pyelonephritis;Cystitis;Fever;Infectious Disorder;Stomatitis;Salmonellosis	NCIT:C34885;NCIT:C3333;NCIT:C2911;NCIT:C35650;NCIT:C3364;NCIT:C35025;NCIT:C37935;NCIT:C34632;NCIT:C116006;NCIT:C34965;NCIT:C26738;NCIT:C3038;NCIT:C128320;NCIT:C26887;NCIT:C157974	Study Control	NCIT:C142703	Estonia	NCIT:C16562	feces	UBERON:0001988	Infant	NCIT:C27956	482	Day	1.3	16	447	No	Paolo_Manghi,Svetlana_Ugarcina_Perovic	Healthy	NA	NA	NCIT:C115935	Qiagen	HLA-DRB1*04:01 protein complex	MRO:0001290	SRR4305497	27133167	IlluminaHiSeq	Male	NCIT:C20197	NA	NA	Yes	Homo sapiens
VatanenT_2016	T019850	G69238	Otitis Media;Pneumonia;bronchitis;Upper Respiratory Tract Infection;Septicemia;Skin Infection;Cough;Gastroenteritis;Tonsillitis;Pyelonephritis;Cystitis;Fever;Infectious Disorder;Stomatitis;Salmonellosis	NCIT:C34885;NCIT:C3333;NCIT:C2911;NCIT:C35650;NCIT:C3364;NCIT:C35025;NCIT:C37935;NCIT:C34632;NCIT:C116006;NCIT:C34965;NCIT:C26738;NCIT:C3038;NCIT:C128320;NCIT:C26887;NCIT:C157974	Study Control	NCIT:C142703	Estonia	NCIT:C16562	feces	UBERON:0001988	Infant	NCIT:C27956	312	Day	0.9	10	277	No	Paolo_Manghi,Svetlana_Ugarcina_Perovic	Healthy	NA	NA	NCIT:C115935	Qiagen	HLA-DRB1*04:01 protein complex	MRO:0001290	SRR4305517	27133167	IlluminaHiSeq	Male	NCIT:C20197	NA	NA	Yes	Homo sapiens
VatanenT_2016	T019850	G80609	Otitis Media;Pneumonia;bronchitis;Upper Respiratory Tract Infection;Septicemia;Skin Infection;Cough;Gastroenteritis;Tonsillitis;Pyelonephritis;Cystitis;Fever;Infectious Disorder;Stomatitis;Salmonellosis	NCIT:C34885;NCIT:C3333;NCIT:C2911;NCIT:C35650;NCIT:C3364;NCIT:C35025;NCIT:C37935;NCIT:C34632;NCIT:C116006;NCIT:C34965;NCIT:C26738;NCIT:C3038;NCIT:C128320;NCIT:C26887;NCIT:C157974	Study Control	NCIT:C142703	Estonia	NCIT:C16562	feces	UBERON:0001988	Infant	NCIT:C27956	35	Day	0.1	1	0	No	Paolo_Manghi,Svetlana_Ugarcina_Perovic	Healthy	NA	NA	NCIT:C115935	Qiagen	HLA-DRB1*04:01 protein complex	MRO:0001290	SRR4408202	27133167	IlluminaHiSeq	Male	NCIT:C20197	NA	NA	Yes	Homo sapiens
VatanenT_2016	T019850	G80381	Otitis Media;Pneumonia;bronchitis;Upper Respiratory Tract Infection;Septicemia;Skin Infection;Cough;Gastroenteritis;Tonsillitis;Pyelonephritis;Cystitis;Fever;Infectious Disorder;Stomatitis;Salmonellosis	NCIT:C34885;NCIT:C3333;NCIT:C2911;NCIT:C35650;NCIT:C3364;NCIT:C35025;NCIT:C37935;NCIT:C34632;NCIT:C116006;NCIT:C34965;NCIT:C26738;NCIT:C3038;NCIT:C128320;NCIT:C26887;NCIT:C157974	Study Control	NCIT:C142703	Estonia	NCIT:C16562	feces	UBERON:0001988	Child	NCIT:C49683	1102	Day	3	36	1067	No	Paolo_Manghi,Svetlana_Ugarcina_Perovic	Healthy	NA	NA	NCIT:C115935	Qiagen	HLA-DRB1*04:01 protein complex	MRO:0001290	SRR4408251	27133167	IlluminaHiSeq	Male	NCIT:C20197	NA	NA	Yes	Homo sapiens
VatanenT_2016	T019852	G78855	Otitis Media;Pneumonia;bronchitis;Upper Respiratory Tract Infection;Septicemia;Skin Infection;Cough;Gastroenteritis;Tonsillitis;Pyelonephritis;Cystitis;Fever;Infectious Disorder;Stomatitis;Salmonellosis	NCIT:C34885;NCIT:C3333;NCIT:C2911;NCIT:C35650;NCIT:C3364;NCIT:C35025;NCIT:C37935;NCIT:C34632;NCIT:C116006;NCIT:C34965;NCIT:C26738;NCIT:C3038;NCIT:C128320;NCIT:C26887;NCIT:C157974	Study Control	NCIT:C142703	Estonia	NCIT:C16562	feces	UBERON:0001988	Child	NCIT:C49683	1099	Day	3	36	1055	No	Paolo_Manghi,Svetlana_Ugarcina_Perovic	Healthy	NA	NA	NCIT:C115935	Qiagen	HLA protein complex with DQ5 serotype	MRO:0001626	SRR4305353	27133167	IlluminaHiSeq	Female	NCIT:C16576	NA	NA	Yes	Homo sapiens
VatanenT_2016	T019852	G80489	Otitis Media;Pneumonia;bronchitis;Upper Respiratory Tract Infection;Septicemia;Skin Infection;Cough;Gastroenteritis;Tonsillitis;Pyelonephritis;Cystitis;Fever;Infectious Disorder;Stomatitis;Salmonellosis	NCIT:C34885;NCIT:C3333;NCIT:C2911;NCIT:C35650;NCIT:C3364;NCIT:C35025;NCIT:C37935;NCIT:C34632;NCIT:C116006;NCIT:C34965;NCIT:C26738;NCIT:C3038;NCIT:C128320;NCIT:C26887;NCIT:C157974	Study Control	NCIT:C142703	Estonia	NCIT:C16562	feces	UBERON:0001988	Infant	NCIT:C27956	44	Day	0.1	1	0	No	Paolo_Manghi,Svetlana_Ugarcina_Perovic	Healthy	NA	NA	NCIT:C115935	Qiagen	HLA protein complex with DQ5 serotype	MRO:0001626	SRR4408074	27133167	IlluminaHiSeq	Female	NCIT:C16576	NA	NA	Yes	Homo sapiens
VatanenT_2016	T019852	G80601	Otitis Media;Pneumonia;bronchitis;Upper Respiratory Tract Infection;Septicemia;Skin Infection;Cough;Gastroenteritis;Tonsillitis;Pyelonephritis;Cystitis;Fever;Infectious Disorder;Stomatitis;Salmonellosis	NCIT:C34885;NCIT:C3333;NCIT:C2911;NCIT:C35650;NCIT:C3364;NCIT:C35025;NCIT:C37935;NCIT:C34632;NCIT:C116006;NCIT:C34965;NCIT:C26738;NCIT:C3038;NCIT:C128320;NCIT:C26887;NCIT:C157974	Study Control	NCIT:C142703	Estonia	NCIT:C16562	feces	UBERON:0001988	Infant	NCIT:C27956	205	Day	0.6	7	161	No	Paolo_Manghi,Svetlana_Ugarcina_Perovic	Healthy	NA	NA	NCIT:C115935	Qiagen	HLA protein complex with DQ5 serotype	MRO:0001626	SRR4408194	27133167	IlluminaHiSeq	Female	NCIT:C16576	NA	NA	Yes	Homo sapiens
VatanenT_2016	T019852	G80366	Otitis Media;Pneumonia;bronchitis;Upper Respiratory Tract Infection;Septicemia;Skin Infection;Cough;Gastroenteritis;Tonsillitis;Pyelonephritis;Cystitis;Fever;Infectious Disorder;Stomatitis;Salmonellosis	NCIT:C34885;NCIT:C3333;NCIT:C2911;NCIT:C35650;NCIT:C3364;NCIT:C35025;NCIT:C37935;NCIT:C34632;NCIT:C116006;NCIT:C34965;NCIT:C26738;NCIT:C3038;NCIT:C128320;NCIT:C26887;NCIT:C157974	Study Control	NCIT:C142703	Estonia	NCIT:C16562	feces	UBERON:0001988	Infant	NCIT:C27956	305	Day	0.8	10	261	No	Paolo_Manghi,Svetlana_Ugarcina_Perovic	Healthy	NA	NA	NCIT:C115935	Qiagen	HLA protein complex with DQ5 serotype	MRO:0001626	SRR4408234	27133167	IlluminaHiSeq	Female	NCIT:C16576	NA	NA	Yes	Homo sapiens
VatanenT_2016	T019853	G78529	Otitis Media;Pneumonia;bronchitis;Upper Respiratory Tract Infection;Septicemia;Skin Infection;Cough;Gastroenteritis;Tonsillitis;Pyelonephritis;Cystitis;Fever;Infectious Disorder;Stomatitis;Salmonellosis	NCIT:C34885;NCIT:C3333;NCIT:C2911;NCIT:C35650;NCIT:C3364;NCIT:C35025;NCIT:C37935;NCIT:C34632;NCIT:C116006;NCIT:C34965;NCIT:C26738;NCIT:C3038;NCIT:C128320;NCIT:C26887;NCIT:C157974	Study Control	NCIT:C142703	Estonia	NCIT:C16562	feces	UBERON:0001988	Infant	NCIT:C27956	217	Day	0.6	7	0	No	Paolo_Manghi,Svetlana_Ugarcina_Perovic	Healthy	NA	NA	NCIT:C115935	Qiagen	HLA protein complex with DQ3 serotype;HLA protein complex with DQ5 serotype	MRO:0001622;MRO:0001626	SRR4305058	27133167	IlluminaHiSeq	Female	NCIT:C16576	NA	NA	Yes	Homo sapiens
VatanenT_2016	T019853	G78554	Otitis Media;Pneumonia;bronchitis;Upper Respiratory Tract Infection;Septicemia;Skin Infection;Cough;Gastroenteritis;Tonsillitis;Pyelonephritis;Cystitis;Fever;Infectious Disorder;Stomatitis;Salmonellosis	NCIT:C34885;NCIT:C3333;NCIT:C2911;NCIT:C35650;NCIT:C3364;NCIT:C35025;NCIT:C37935;NCIT:C34632;NCIT:C116006;NCIT:C34965;NCIT:C26738;NCIT:C3038;NCIT:C128320;NCIT:C26887;NCIT:C157974	Case	NCIT:C49152	Estonia	NCIT:C16562	feces	UBERON:0001988	Infant	NCIT:C27956	499	Day	1.4	16	282	Yes	Paolo_Manghi,Svetlana_Ugarcina_Perovic	Salmonellosis	NA	NA	NCIT:C157974	Qiagen	HLA protein complex with DQ3 serotype;HLA protein complex with DQ5 serotype	MRO:0001622;MRO:0001626	SRR4305083	27133167	IlluminaHiSeq	Female	NCIT:C16576	Penicillin Antibiotic	NCIT:C1500	Yes	Homo sapiens
VatanenT_2016	T019853	G80431	Otitis Media;Pneumonia;bronchitis;Upper Respiratory Tract Infection;Septicemia;Skin Infection;Cough;Gastroenteritis;Tonsillitis;Pyelonephritis;Cystitis;Fever;Infectious Disorder;Stomatitis;Salmonellosis	NCIT:C34885;NCIT:C3333;NCIT:C2911;NCIT:C35650;NCIT:C3364;NCIT:C35025;NCIT:C37935;NCIT:C34632;NCIT:C116006;NCIT:C34965;NCIT:C26738;NCIT:C3038;NCIT:C128320;NCIT:C26887;NCIT:C157974	Study Control	NCIT:C142703	Estonia	NCIT:C16562	feces	UBERON:0001988	Child	NCIT:C49683	1095	Day	3	36	878	No	Paolo_Manghi,Svetlana_Ugarcina_Perovic	Healthy	NA	NA	NCIT:C115935	Qiagen	HLA protein complex with DQ3 serotype;HLA protein complex with DQ5 serotype	MRO:0001622;MRO:0001626	SRR4408015	27133167	IlluminaHiSeq	Female	NCIT:C16576	NA	NA	Yes	Homo sapiens
VatanenT_2016	T020231	G78531	Otitis Media;Pneumonia;bronchitis;Upper Respiratory Tract Infection;Septicemia;Skin Infection;Cough;Gastroenteritis;Tonsillitis;Pyelonephritis;Cystitis;Fever;Infectious Disorder;Stomatitis;Salmonellosis	NCIT:C34885;NCIT:C3333;NCIT:C2911;NCIT:C35650;NCIT:C3364;NCIT:C35025;NCIT:C37935;NCIT:C34632;NCIT:C116006;NCIT:C34965;NCIT:C26738;NCIT:C3038;NCIT:C128320;NCIT:C26887;NCIT:C157974	Study Control	NCIT:C142703	Estonia	NCIT:C16562	feces	UBERON:0001988	Infant	NCIT:C27956	210	Day	0.6	7	0	No	Paolo_Manghi,Svetlana_Ugarcina_Perovic	Healthy	NA	NA	NCIT:C115935	Qiagen	HLA-DRB1*04:04 protein complex;HLA protein complex with DQ3 serotype;HLA-DQA1*02:01 protein complex	MRO:0001293;MRO:0001622;MRO:0001211	SRR4305060	27133167	IlluminaHiSeq	Male	NCIT:C20197	NA	NA	Yes	Homo sapiens
VatanenT_2016	T020231	G78669	Otitis Media;Pneumonia;bronchitis;Upper Respiratory Tract Infection;Septicemia;Skin Infection;Cough;Gastroenteritis;Tonsillitis;Pyelonephritis;Cystitis;Fever;Infectious Disorder;Stomatitis;Salmonellosis	NCIT:C34885;NCIT:C3333;NCIT:C2911;NCIT:C35650;NCIT:C3364;NCIT:C35025;NCIT:C37935;NCIT:C34632;NCIT:C116006;NCIT:C34965;NCIT:C26738;NCIT:C3038;NCIT:C128320;NCIT:C26887;NCIT:C157974	Study Control	NCIT:C142703	Estonia	NCIT:C16562	feces	UBERON:0001988	Infant	NCIT:C27956	591	Day	1.6	19	381	No	Paolo_Manghi,Svetlana_Ugarcina_Perovic	Healthy	NA	NA	NCIT:C115935	Qiagen	HLA-DRB1*04:04 protein complex;HLA protein complex with DQ3 serotype;HLA-DQA1*02:01 protein complex	MRO:0001293;MRO:0001622;MRO:0001211	SRR4305198	27133167	IlluminaHiSeq	Male	NCIT:C20197	NA	NA	Yes	Homo sapiens
VatanenT_2016	T020231	G69185	Otitis Media;Pneumonia;bronchitis;Upper Respiratory Tract Infection;Septicemia;Skin Infection;Cough;Gastroenteritis;Tonsillitis;Pyelonephritis;Cystitis;Fever;Infectious Disorder;Stomatitis;Salmonellosis	NCIT:C34885;NCIT:C3333;NCIT:C2911;NCIT:C35650;NCIT:C3364;NCIT:C35025;NCIT:C37935;NCIT:C34632;NCIT:C116006;NCIT:C34965;NCIT:C26738;NCIT:C3038;NCIT:C128320;NCIT:C26887;NCIT:C157974	Study Control	NCIT:C142703	Estonia	NCIT:C16562	feces	UBERON:0001988	Infant	NCIT:C27956	683	Day	1.9	22	473	No	Paolo_Manghi,Svetlana_Ugarcina_Perovic	Healthy	NA	NA	NCIT:C115935	Qiagen	HLA-DRB1*04:04 protein complex;HLA protein complex with DQ3 serotype;HLA-DQA1*02:01 protein complex	MRO:0001293;MRO:0001622;MRO:0001211	SRR4305311	27133167	IlluminaHiSeq	Male	NCIT:C20197	NA	NA	Yes	Homo sapiens
VatanenT_2016	T020231	G69219	Otitis Media;Pneumonia;bronchitis;Upper Respiratory Tract Infection;Septicemia;Skin Infection;Cough;Gastroenteritis;Tonsillitis;Pyelonephritis;Cystitis;Fever;Infectious Disorder;Stomatitis;Salmonellosis	NCIT:C34885;NCIT:C3333;NCIT:C2911;NCIT:C35650;NCIT:C3364;NCIT:C35025;NCIT:C37935;NCIT:C34632;NCIT:C116006;NCIT:C34965;NCIT:C26738;NCIT:C3038;NCIT:C128320;NCIT:C26887;NCIT:C157974	Study Control	NCIT:C142703	Estonia	NCIT:C16562	feces	UBERON:0001988	Infant	NCIT:C27956	481	Day	1.3	16	271	No	Paolo_Manghi,Svetlana_Ugarcina_Perovic	Healthy	NA	NA	NCIT:C115935	Qiagen	HLA-DRB1*04:04 protein complex;HLA protein complex with DQ3 serotype;HLA-DQA1*02:01 protein complex	MRO:0001293;MRO:0001622;MRO:0001211	SRR4305498	27133167	IlluminaHiSeq	Male	NCIT:C20197	NA	NA	Yes	Homo sapiens
VatanenT_2016	T020231	G69155	Otitis Media;Pneumonia;bronchitis;Upper Respiratory Tract Infection;Septicemia;Skin Infection;Cough;Gastroenteritis;Tonsillitis;Pyelonephritis;Cystitis;Fever;Infectious Disorder;Stomatitis;Salmonellosis	NCIT:C34885;NCIT:C3333;NCIT:C2911;NCIT:C35650;NCIT:C3364;NCIT:C35025;NCIT:C37935;NCIT:C34632;NCIT:C116006;NCIT:C34965;NCIT:C26738;NCIT:C3038;NCIT:C128320;NCIT:C26887;NCIT:C157974	Study Control	NCIT:C142703	Estonia	NCIT:C16562	feces	UBERON:0001988	Infant	NCIT:C27956	302	Day	0.8	10	92	No	Paolo_Manghi,Svetlana_Ugarcina_Perovic	Healthy	NA	NA	NCIT:C115935	Qiagen	HLA-DRB1*04:04 protein complex;HLA protein complex with DQ3 serotype;HLA-DQA1*02:01 protein complex	MRO:0001293;MRO:0001622;MRO:0001211	SRR4305511	27133167	IlluminaHiSeq	Male	NCIT:C20197	NA	NA	Yes	Homo sapiens
VatanenT_2016	T021076	G78556	Otitis Media;Pneumonia;bronchitis;Upper Respiratory Tract Infection;Septicemia;Skin Infection;Cough;Gastroenteritis;Tonsillitis;Pyelonephritis;Cystitis;Fever;Infectious Disorder;Stomatitis;Salmonellosis	NCIT:C34885;NCIT:C3333;NCIT:C2911;NCIT:C35650;NCIT:C3364;NCIT:C35025;NCIT:C37935;NCIT:C34632;NCIT:C116006;NCIT:C34965;NCIT:C26738;NCIT:C3038;NCIT:C128320;NCIT:C26887;NCIT:C157974	Study Control	NCIT:C142703	Estonia	NCIT:C16562	feces	UBERON:0001988	Infant	NCIT:C27956	500	Day	1.4	16	0	No	Paolo_Manghi,Svetlana_Ugarcina_Perovic	Healthy	NA	NA	NCIT:C115935	Qiagen	HLA-DRB1*04:04 protein complex;HLA protein complex with DQ3 serotype;HLA protein complex with DQ5 serotype	MRO:0001293;MRO:0001622;MRO:0001626	SRR4305085	27133167	IlluminaHiSeq	Female	NCIT:C16576	NA	NA	Yes	Homo sapiens
VatanenT_2016	T021076	G78712	Otitis Media;Pneumonia;bronchitis;Upper Respiratory Tract Infection;Septicemia;Skin Infection;Cough;Gastroenteritis;Tonsillitis;Pyelonephritis;Cystitis;Fever;Infectious Disorder;Stomatitis;Salmonellosis	NCIT:C34885;NCIT:C3333;NCIT:C2911;NCIT:C35650;NCIT:C3364;NCIT:C35025;NCIT:C37935;NCIT:C34632;NCIT:C116006;NCIT:C34965;NCIT:C26738;NCIT:C3038;NCIT:C128320;NCIT:C26887;NCIT:C157974	Study Control	NCIT:C142703	Estonia	NCIT:C16562	feces	UBERON:0001988	Infant	NCIT:C27956	678	Day	1.9	22	178	No	Paolo_Manghi,Svetlana_Ugarcina_Perovic	Healthy	NA	NA	NCIT:C115935	Qiagen	HLA-DRB1*04:04 protein complex;HLA protein complex with DQ3 serotype;HLA protein complex with DQ5 serotype	MRO:0001293;MRO:0001622;MRO:0001626	SRR4305231	27133167	IlluminaHiSeq	Female	NCIT:C16576	NA	NA	Yes	Homo sapiens
VatanenT_2016	T021613	G80425	Otitis Media;Pneumonia;bronchitis;Upper Respiratory Tract Infection;Septicemia;Skin Infection;Cough;Gastroenteritis;Tonsillitis;Pyelonephritis;Cystitis;Fever;Infectious Disorder;Stomatitis;Salmonellosis	NCIT:C34885;NCIT:C3333;NCIT:C2911;NCIT:C35650;NCIT:C3364;NCIT:C35025;NCIT:C37935;NCIT:C34632;NCIT:C116006;NCIT:C34965;NCIT:C26738;NCIT:C3038;NCIT:C128320;NCIT:C26887;NCIT:C157974	Case	NCIT:C49152	Estonia	NCIT:C16562	feces	UBERON:0001988	Infant	NCIT:C27956	678	Day	1.9	22	638	Yes	Paolo_Manghi,Svetlana_Ugarcina_Perovic	Cough	NA	NA	NCIT:C37935	Qiagen	HLA protein complex with DQ5 serotype	MRO:0001626	SRR4408008	27133167	IlluminaHiSeq	Female	NCIT:C16576	Sulfonamide Anti-Infective Agent	NCIT:C29739	Yes	Homo sapiens
VatanenT_2016	T021613	G80481	Otitis Media;Pneumonia;bronchitis;Upper Respiratory Tract Infection;Septicemia;Skin Infection;Cough;Gastroenteritis;Tonsillitis;Pyelonephritis;Cystitis;Fever;Infectious Disorder;Stomatitis;Salmonellosis	NCIT:C34885;NCIT:C3333;NCIT:C2911;NCIT:C35650;NCIT:C3364;NCIT:C35025;NCIT:C37935;NCIT:C34632;NCIT:C116006;NCIT:C34965;NCIT:C26738;NCIT:C3038;NCIT:C128320;NCIT:C26887;NCIT:C157974	Study Control	NCIT:C142703	Estonia	NCIT:C16562	feces	UBERON:0001988	Infant	NCIT:C27956	40	Day	0.1	1	0	No	Paolo_Manghi,Svetlana_Ugarcina_Perovic	Healthy	NA	NA	NCIT:C115935	Qiagen	HLA protein complex with DQ5 serotype	MRO:0001626	SRR4408065	27133167	IlluminaHiSeq	Female	NCIT:C16576	NA	NA	Yes	Homo sapiens
VatanenT_2016	T022883	G78507	Otitis Media;Pneumonia;bronchitis;Upper Respiratory Tract Infection;Septicemia;Skin Infection;Cough;Gastroenteritis;Tonsillitis;Pyelonephritis;Cystitis;Fever;Infectious Disorder;Stomatitis;Salmonellosis	NCIT:C34885;NCIT:C3333;NCIT:C2911;NCIT:C35650;NCIT:C3364;NCIT:C35025;NCIT:C37935;NCIT:C34632;NCIT:C116006;NCIT:C34965;NCIT:C26738;NCIT:C3038;NCIT:C128320;NCIT:C26887;NCIT:C157974	Study Control	NCIT:C142703	Estonia	NCIT:C16562	feces	UBERON:0001988	Infant	NCIT:C27956	229	Day	0.6	8	118	No	Paolo_Manghi,Svetlana_Ugarcina_Perovic	Healthy	NA	NA	NCIT:C115935	Qiagen	HLA protein complex with DQ5 serotype;HLA protein complex with DQ5 serotype	MRO:0001626;MRO:0001626	SRR4305034	27133167	IlluminaHiSeq	Male	NCIT:C20197	NA	NA	Yes	Homo sapiens
VatanenT_2016	T022883	G78594	Otitis Media;Pneumonia;bronchitis;Upper Respiratory Tract Infection;Septicemia;Skin Infection;Cough;Gastroenteritis;Tonsillitis;Pyelonephritis;Cystitis;Fever;Infectious Disorder;Stomatitis;Salmonellosis	NCIT:C34885;NCIT:C3333;NCIT:C2911;NCIT:C35650;NCIT:C3364;NCIT:C35025;NCIT:C37935;NCIT:C34632;NCIT:C116006;NCIT:C34965;NCIT:C26738;NCIT:C3038;NCIT:C128320;NCIT:C26887;NCIT:C157974	Study Control	NCIT:C142703	Estonia	NCIT:C16562	feces	UBERON:0001988	Infant	NCIT:C27956	402	Day	1.1	13	291	No	Paolo_Manghi,Svetlana_Ugarcina_Perovic	Healthy	NA	NA	NCIT:C115935	Qiagen	HLA protein complex with DQ5 serotype;HLA protein complex with DQ5 serotype	MRO:0001626;MRO:0001626	SRR4305123	27133167	IlluminaHiSeq	Male	NCIT:C20197	NA	NA	Yes	Homo sapiens
VatanenT_2016	T022883	G69170	Otitis Media;Pneumonia;bronchitis;Upper Respiratory Tract Infection;Septicemia;Skin Infection;Cough;Gastroenteritis;Tonsillitis;Pyelonephritis;Cystitis;Fever;Infectious Disorder;Stomatitis;Salmonellosis	NCIT:C34885;NCIT:C3333;NCIT:C2911;NCIT:C35650;NCIT:C3364;NCIT:C35025;NCIT:C37935;NCIT:C34632;NCIT:C116006;NCIT:C34965;NCIT:C26738;NCIT:C3038;NCIT:C128320;NCIT:C26887;NCIT:C157974	Study Control	NCIT:C142703	Estonia	NCIT:C16562	feces	UBERON:0001988	Infant	NCIT:C27956	485	Day	1.3	16	374	No	Paolo_Manghi,Svetlana_Ugarcina_Perovic	Healthy	NA	NA	NCIT:C115935	Qiagen	HLA protein complex with DQ5 serotype;HLA protein complex with DQ5 serotype	MRO:0001626;MRO:0001626	SRR4305144	27133167	IlluminaHiSeq	Male	NCIT:C20197	NA	NA	Yes	Homo sapiens
VatanenT_2016	T022883	G69152	Otitis Media;Pneumonia;bronchitis;Upper Respiratory Tract Infection;Septicemia;Skin Infection;Cough;Gastroenteritis;Tonsillitis;Pyelonephritis;Cystitis;Fever;Infectious Disorder;Stomatitis;Salmonellosis	NCIT:C34885;NCIT:C3333;NCIT:C2911;NCIT:C35650;NCIT:C3364;NCIT:C35025;NCIT:C37935;NCIT:C34632;NCIT:C116006;NCIT:C34965;NCIT:C26738;NCIT:C3038;NCIT:C128320;NCIT:C26887;NCIT:C157974	Study Control	NCIT:C142703	Estonia	NCIT:C16562	feces	UBERON:0001988	Infant	NCIT:C27956	292	Day	0.8	10	181	No	Paolo_Manghi,Svetlana_Ugarcina_Perovic	Healthy	NA	NA	NCIT:C115935	Qiagen	HLA protein complex with DQ5 serotype;HLA protein complex with DQ5 serotype	MRO:0001626;MRO:0001626	SRR4305478	27133167	IlluminaHiSeq	Male	NCIT:C20197	NA	NA	Yes	Homo sapiens
VatanenT_2016	T022883	G80453	Otitis Media;Pneumonia;bronchitis;Upper Respiratory Tract Infection;Septicemia;Skin Infection;Cough;Gastroenteritis;Tonsillitis;Pyelonephritis;Cystitis;Fever;Infectious Disorder;Stomatitis;Salmonellosis	NCIT:C34885;NCIT:C3333;NCIT:C2911;NCIT:C35650;NCIT:C3364;NCIT:C35025;NCIT:C37935;NCIT:C34632;NCIT:C116006;NCIT:C34965;NCIT:C26738;NCIT:C3038;NCIT:C128320;NCIT:C26887;NCIT:C157974	Study Control	NCIT:C142703	Estonia	NCIT:C16562	feces	UBERON:0001988	Infant	NCIT:C27956	111	Day	0.3	4	0	No	Paolo_Manghi,Svetlana_Ugarcina_Perovic	Healthy	NA	NA	NCIT:C115935	Qiagen	HLA protein complex with DQ5 serotype;HLA protein complex with DQ5 serotype	MRO:0001626;MRO:0001626	SRR4408037	27133167	IlluminaHiSeq	Male	NCIT:C20197	NA	NA	Yes	Homo sapiens
VatanenT_2016	T023390	G78830	Otitis Media;Pneumonia;bronchitis;Upper Respiratory Tract Infection;Septicemia;Skin Infection;Cough;Gastroenteritis;Tonsillitis;Pyelonephritis;Cystitis;Fever;Infectious Disorder;Stomatitis;Salmonellosis	NCIT:C34885;NCIT:C3333;NCIT:C2911;NCIT:C35650;NCIT:C3364;NCIT:C35025;NCIT:C37935;NCIT:C34632;NCIT:C116006;NCIT:C34965;NCIT:C26738;NCIT:C3038;NCIT:C128320;NCIT:C26887;NCIT:C157974	Study Control	NCIT:C142703	Estonia	NCIT:C16562	feces	UBERON:0001988	Infant	NCIT:C27956	310	Day	0.8	10	269	No	Paolo_Manghi,Svetlana_Ugarcina_Perovic	Healthy	NA	NA	NCIT:C115935	Qiagen	HLA-DRB1*04:04 protein complex;HLA protein complex with DQ3 serotype;HLA protein complex with DQ5 serotype	MRO:0001293;MRO:0001622;MRO:0001626	SRR4305329	27133167	IlluminaHiSeq	Female	NCIT:C16576	NA	NA	Yes	Homo sapiens
VatanenT_2016	T023390	G80492	Otitis Media;Pneumonia;bronchitis;Upper Respiratory Tract Infection;Septicemia;Skin Infection;Cough;Gastroenteritis;Tonsillitis;Pyelonephritis;Cystitis;Fever;Infectious Disorder;Stomatitis;Salmonellosis	NCIT:C34885;NCIT:C3333;NCIT:C2911;NCIT:C35650;NCIT:C3364;NCIT:C35025;NCIT:C37935;NCIT:C34632;NCIT:C116006;NCIT:C34965;NCIT:C26738;NCIT:C3038;NCIT:C128320;NCIT:C26887;NCIT:C157974	Study Control	NCIT:C142703	Estonia	NCIT:C16562	feces	UBERON:0001988	Infant	NCIT:C27956	41	Day	0.1	1	0	No	Paolo_Manghi,Svetlana_Ugarcina_Perovic	Healthy	NA	NA	NCIT:C115935	Qiagen	HLA-DRB1*04:04 protein complex;HLA protein complex with DQ3 serotype;HLA protein complex with DQ5 serotype	MRO:0001293;MRO:0001622;MRO:0001626	SRR4408077	27133167	IlluminaHiSeq	Female	NCIT:C16576	NA	NA	Yes	Homo sapiens
VatanenT_2016	T023909	G78592	Otitis Media;Pneumonia;bronchitis;Upper Respiratory Tract Infection;Septicemia;Skin Infection;Cough;Gastroenteritis;Tonsillitis;Pyelonephritis;Cystitis;Fever;Infectious Disorder;Stomatitis;Salmonellosis	NCIT:C34885;NCIT:C3333;NCIT:C2911;NCIT:C35650;NCIT:C3364;NCIT:C35025;NCIT:C37935;NCIT:C34632;NCIT:C116006;NCIT:C34965;NCIT:C26738;NCIT:C3038;NCIT:C128320;NCIT:C26887;NCIT:C157974	Study Control	NCIT:C142703	Estonia	NCIT:C16562	feces	UBERON:0001988	Infant	NCIT:C27956	203	Day	0.6	7	0	No	Paolo_Manghi,Svetlana_Ugarcina_Perovic	Healthy	NA	NA	NCIT:C115935	Qiagen	HLA-DQA1*02:01 protein complex;HLA protein complex with DQ5 serotype	MRO:0001211;MRO:0001626	SRR4305120	27133167	IlluminaHiSeq	Male	NCIT:C20197	NA	NA	Yes	Homo sapiens
VatanenT_2016	T023909	G78593	Otitis Media;Pneumonia;bronchitis;Upper Respiratory Tract Infection;Septicemia;Skin Infection;Cough;Gastroenteritis;Tonsillitis;Pyelonephritis;Cystitis;Fever;Infectious Disorder;Stomatitis;Salmonellosis	NCIT:C34885;NCIT:C3333;NCIT:C2911;NCIT:C35650;NCIT:C3364;NCIT:C35025;NCIT:C37935;NCIT:C34632;NCIT:C116006;NCIT:C34965;NCIT:C26738;NCIT:C3038;NCIT:C128320;NCIT:C26887;NCIT:C157974	Study Control	NCIT:C142703	Estonia	NCIT:C16562	feces	UBERON:0001988	Infant	NCIT:C27956	311	Day	0.9	10	108	No	Paolo_Manghi,Svetlana_Ugarcina_Perovic	Healthy	NA	NA	NCIT:C115935	Qiagen	HLA-DQA1*02:01 protein complex;HLA protein complex with DQ5 serotype	MRO:0001211;MRO:0001626	SRR4305122	27133167	IlluminaHiSeq	Male	NCIT:C20197	NA	NA	Yes	Homo sapiens
VatanenT_2016	T023909	G78829	Otitis Media;Pneumonia;bronchitis;Upper Respiratory Tract Infection;Septicemia;Skin Infection;Cough;Gastroenteritis;Tonsillitis;Pyelonephritis;Cystitis;Fever;Infectious Disorder;Stomatitis;Salmonellosis	NCIT:C34885;NCIT:C3333;NCIT:C2911;NCIT:C35650;NCIT:C3364;NCIT:C35025;NCIT:C37935;NCIT:C34632;NCIT:C116006;NCIT:C34965;NCIT:C26738;NCIT:C3038;NCIT:C128320;NCIT:C26887;NCIT:C157974	Study Control	NCIT:C142703	Estonia	NCIT:C16562	feces	UBERON:0001988	Infant	NCIT:C27956	484	Day	1.3	16	281	No	Paolo_Manghi,Svetlana_Ugarcina_Perovic	Healthy	NA	NA	NCIT:C115935	Qiagen	HLA-DQA1*02:01 protein complex;HLA protein complex with DQ5 serotype	MRO:0001211;MRO:0001626	SRR4305328	27133167	IlluminaHiSeq	Male	NCIT:C20197	NA	NA	Yes	Homo sapiens
VatanenT_2016	T024121	G78887	Otitis Media;Pneumonia;bronchitis;Upper Respiratory Tract Infection;Septicemia;Skin Infection;Cough;Gastroenteritis;Tonsillitis;Pyelonephritis;Cystitis;Fever;Infectious Disorder;Stomatitis;Salmonellosis	NCIT:C34885;NCIT:C3333;NCIT:C2911;NCIT:C35650;NCIT:C3364;NCIT:C35025;NCIT:C37935;NCIT:C34632;NCIT:C116006;NCIT:C34965;NCIT:C26738;NCIT:C3038;NCIT:C128320;NCIT:C26887;NCIT:C157974	Case	NCIT:C49152	Estonia	NCIT:C16562	feces	UBERON:0001988	Infant	NCIT:C27956	410	Day	1.1	13	94	Yes	Paolo_Manghi,Svetlana_Ugarcina_Perovic	Otitis Media	NA	NA	NCIT:C34885	Qiagen	HLA protein complex with DQ5 serotype	MRO:0001626	SRR4305390	27133167	IlluminaHiSeq	Male	NCIT:C20197	Penicillin Antibiotic	NCIT:C1500	Yes	Homo sapiens
VatanenT_2016	T024121	G80395	Otitis Media;Pneumonia;bronchitis;Upper Respiratory Tract Infection;Septicemia;Skin Infection;Cough;Gastroenteritis;Tonsillitis;Pyelonephritis;Cystitis;Fever;Infectious Disorder;Stomatitis;Salmonellosis	NCIT:C34885;NCIT:C3333;NCIT:C2911;NCIT:C35650;NCIT:C3364;NCIT:C35025;NCIT:C37935;NCIT:C34632;NCIT:C116006;NCIT:C34965;NCIT:C26738;NCIT:C3038;NCIT:C128320;NCIT:C26887;NCIT:C157974	Case	NCIT:C49152	Estonia	NCIT:C16562	feces	UBERON:0001988	Infant	NCIT:C27956	316	Day	0.9	10	0	Yes	Paolo_Manghi,Svetlana_Ugarcina_Perovic	Fever	NA	NA	NCIT:C3038	Qiagen	HLA protein complex with DQ5 serotype	MRO:0001626	SRR4408266	27133167	IlluminaHiSeq	Male	NCIT:C20197	Penicillin Antibiotic	NCIT:C1500	Yes	Homo sapiens
VatanenT_2016	T024121	G80401	Otitis Media;Pneumonia;bronchitis;Upper Respiratory Tract Infection;Septicemia;Skin Infection;Cough;Gastroenteritis;Tonsillitis;Pyelonephritis;Cystitis;Fever;Infectious Disorder;Stomatitis;Salmonellosis	NCIT:C34885;NCIT:C3333;NCIT:C2911;NCIT:C35650;NCIT:C3364;NCIT:C35025;NCIT:C37935;NCIT:C34632;NCIT:C116006;NCIT:C34965;NCIT:C26738;NCIT:C3038;NCIT:C128320;NCIT:C26887;NCIT:C157974	Case	NCIT:C49152	Estonia	NCIT:C16562	feces	UBERON:0001988	Infant	NCIT:C27956	493	Day	1.3	16	177	Yes	Paolo_Manghi,Svetlana_Ugarcina_Perovic	Otitis Media	NA	NA	NCIT:C34885	Qiagen	HLA protein complex with DQ5 serotype	MRO:0001626	SRR4408273	27133167	IlluminaHiSeq	Male	NCIT:C20197	Penicillin Antibiotic	NCIT:C1500	Yes	Homo sapiens
VatanenT_2016	T025415	G78625	Otitis Media;Pneumonia;bronchitis;Upper Respiratory Tract Infection;Septicemia;Skin Infection;Cough;Gastroenteritis;Tonsillitis;Pyelonephritis;Cystitis;Fever;Infectious Disorder;Stomatitis;Salmonellosis	NCIT:C34885;NCIT:C3333;NCIT:C2911;NCIT:C35650;NCIT:C3364;NCIT:C35025;NCIT:C37935;NCIT:C34632;NCIT:C116006;NCIT:C34965;NCIT:C26738;NCIT:C3038;NCIT:C128320;NCIT:C26887;NCIT:C157974	Study Control	NCIT:C142703	Estonia	NCIT:C16562	feces	UBERON:0001988	Infant	NCIT:C27956	393	Day	1.1	13	150	No	Paolo_Manghi,Svetlana_Ugarcina_Perovic	Healthy	NA	NA	NCIT:C115935	Qiagen	HLA-DRB1*04:01 protein complex;HLA protein complex with DQ3 serotype;HLA protein complex with DQ5 serotype	MRO:0001290;MRO:0001622;MRO:0001626	SRR4305158	27133167	IlluminaHiSeq	Male	NCIT:C20197	NA	NA	Yes	Homo sapiens
VatanenT_2016	T025415	G78688	Otitis Media;Pneumonia;bronchitis;Upper Respiratory Tract Infection;Septicemia;Skin Infection;Cough;Gastroenteritis;Tonsillitis;Pyelonephritis;Cystitis;Fever;Infectious Disorder;Stomatitis;Salmonellosis	NCIT:C34885;NCIT:C3333;NCIT:C2911;NCIT:C35650;NCIT:C3364;NCIT:C35025;NCIT:C37935;NCIT:C34632;NCIT:C116006;NCIT:C34965;NCIT:C26738;NCIT:C3038;NCIT:C128320;NCIT:C26887;NCIT:C157974	Study Control	NCIT:C142703	Estonia	NCIT:C16562	feces	UBERON:0001988	Infant	NCIT:C27956	243	Day	0.7	8	0	No	Paolo_Manghi,Svetlana_Ugarcina_Perovic	Healthy	NA	NA	NCIT:C115935	Qiagen	HLA-DRB1*04:01 protein complex;HLA protein complex with DQ3 serotype;HLA protein complex with DQ5 serotype	MRO:0001290;MRO:0001622;MRO:0001626	SRR4305217	27133167	IlluminaHiSeq	Male	NCIT:C20197	NA	NA	Yes	Homo sapiens
VatanenT_2016	T025415	G80375	Otitis Media;Pneumonia;bronchitis;Upper Respiratory Tract Infection;Septicemia;Skin Infection;Cough;Gastroenteritis;Tonsillitis;Pyelonephritis;Cystitis;Fever;Infectious Disorder;Stomatitis;Salmonellosis	NCIT:C34885;NCIT:C3333;NCIT:C2911;NCIT:C35650;NCIT:C3364;NCIT:C35025;NCIT:C37935;NCIT:C34632;NCIT:C116006;NCIT:C34965;NCIT:C26738;NCIT:C3038;NCIT:C128320;NCIT:C26887;NCIT:C157974	Case	NCIT:C49152	Estonia	NCIT:C16562	feces	UBERON:0001988	Infant	NCIT:C27956	674	Day	1.8	22	431	Yes	Paolo_Manghi,Svetlana_Ugarcina_Perovic	Tonsillitis	NA	NA	NCIT:C116006	Qiagen	HLA-DRB1*04:01 protein complex;HLA protein complex with DQ3 serotype;HLA protein complex with DQ5 serotype	MRO:0001290;MRO:0001622;MRO:0001626	SRR4408244	27133167	IlluminaHiSeq	Male	NCIT:C20197	Cephalosporin Antibiotic;Penicillin Antibiotic	NCIT:C357;NCIT:C1500	Yes	Homo sapiens
VatanenT_2016	T026211	G78630	Otitis Media;Pneumonia;bronchitis;Upper Respiratory Tract Infection;Septicemia;Skin Infection;Cough;Gastroenteritis;Tonsillitis;Pyelonephritis;Cystitis;Fever;Infectious Disorder;Stomatitis;Salmonellosis	NCIT:C34885;NCIT:C3333;NCIT:C2911;NCIT:C35650;NCIT:C3364;NCIT:C35025;NCIT:C37935;NCIT:C34632;NCIT:C116006;NCIT:C34965;NCIT:C26738;NCIT:C3038;NCIT:C128320;NCIT:C26887;NCIT:C157974	Study Control	NCIT:C142703	Estonia	NCIT:C16562	feces	UBERON:0001988	Infant	NCIT:C27956	664	Day	1.8	22	365	No	Paolo_Manghi,Svetlana_Ugarcina_Perovic	Healthy	NA	NA	NCIT:C115935	Qiagen	HLA-DQA1*02:01 protein complex;HLA protein complex with DQ5 serotype	MRO:0001211;MRO:0001626	SRR4305163	27133167	IlluminaHiSeq	Male	NCIT:C20197	NA	NA	Yes	Homo sapiens
VatanenT_2016	T026211	G78690	Otitis Media;Pneumonia;bronchitis;Upper Respiratory Tract Infection;Septicemia;Skin Infection;Cough;Gastroenteritis;Tonsillitis;Pyelonephritis;Cystitis;Fever;Infectious Disorder;Stomatitis;Salmonellosis	NCIT:C34885;NCIT:C3333;NCIT:C2911;NCIT:C35650;NCIT:C3364;NCIT:C35025;NCIT:C37935;NCIT:C34632;NCIT:C116006;NCIT:C34965;NCIT:C26738;NCIT:C3038;NCIT:C128320;NCIT:C26887;NCIT:C157974	Study Control	NCIT:C142703	Estonia	NCIT:C16562	feces	UBERON:0001988	Infant	NCIT:C27956	299	Day	0.8	10	0	No	Paolo_Manghi,Svetlana_Ugarcina_Perovic	Healthy	NA	NA	NCIT:C115935	Qiagen	HLA-DQA1*02:01 protein complex;HLA protein complex with DQ5 serotype	MRO:0001211;MRO:0001626	SRR4305218	27133167	IlluminaHiSeq	Male	NCIT:C20197	NA	NA	Yes	Homo sapiens
VatanenT_2016	T026211	G78889	Otitis Media;Pneumonia;bronchitis;Upper Respiratory Tract Infection;Septicemia;Skin Infection;Cough;Gastroenteritis;Tonsillitis;Pyelonephritis;Cystitis;Fever;Infectious Disorder;Stomatitis;Salmonellosis	NCIT:C34885;NCIT:C3333;NCIT:C2911;NCIT:C35650;NCIT:C3364;NCIT:C35025;NCIT:C37935;NCIT:C34632;NCIT:C116006;NCIT:C34965;NCIT:C26738;NCIT:C3038;NCIT:C128320;NCIT:C26887;NCIT:C157974	Study Control	NCIT:C142703	Estonia	NCIT:C16562	feces	UBERON:0001988	Infant	NCIT:C27956	494	Day	1.4	16	195	No	Paolo_Manghi,Svetlana_Ugarcina_Perovic	Healthy	NA	NA	NCIT:C115935	Qiagen	HLA-DQA1*02:01 protein complex;HLA protein complex with DQ5 serotype	MRO:0001211;MRO:0001626	SRR4305392	27133167	IlluminaHiSeq	Male	NCIT:C20197	NA	NA	Yes	Homo sapiens
VatanenT_2016	T026211	G80339	Otitis Media;Pneumonia;bronchitis;Upper Respiratory Tract Infection;Septicemia;Skin Infection;Cough;Gastroenteritis;Tonsillitis;Pyelonephritis;Cystitis;Fever;Infectious Disorder;Stomatitis;Salmonellosis	NCIT:C34885;NCIT:C3333;NCIT:C2911;NCIT:C35650;NCIT:C3364;NCIT:C35025;NCIT:C37935;NCIT:C34632;NCIT:C116006;NCIT:C34965;NCIT:C26738;NCIT:C3038;NCIT:C128320;NCIT:C26887;NCIT:C157974	Study Control	NCIT:C142703	Estonia	NCIT:C16562	feces	UBERON:0001988	Child	NCIT:C49683	1094	Day	3	36	795	No	Paolo_Manghi,Svetlana_Ugarcina_Perovic	Healthy	NA	NA	NCIT:C115935	Qiagen	HLA-DQA1*02:01 protein complex;HLA protein complex with DQ5 serotype	MRO:0001211;MRO:0001626	SRR4408102	27133167	IlluminaHiSeq	Male	NCIT:C20197	NA	NA	Yes	Homo sapiens
VatanenT_2016	T028029	G78591	Otitis Media;Pneumonia;bronchitis;Upper Respiratory Tract Infection;Septicemia;Skin Infection;Cough;Gastroenteritis;Tonsillitis;Pyelonephritis;Cystitis;Fever;Infectious Disorder;Stomatitis;Salmonellosis	NCIT:C34885;NCIT:C3333;NCIT:C2911;NCIT:C35650;NCIT:C3364;NCIT:C35025;NCIT:C37935;NCIT:C34632;NCIT:C116006;NCIT:C34965;NCIT:C26738;NCIT:C3038;NCIT:C128320;NCIT:C26887;NCIT:C157974	Study Control	NCIT:C142703	Estonia	NCIT:C16562	feces	UBERON:0001988	Infant	NCIT:C27956	320	Day	0.9	11	0	No	Paolo_Manghi,Svetlana_Ugarcina_Perovic	Healthy	NA	NA	NCIT:C115935	Qiagen	HLA-DRB1*04:01 protein complex;HLA protein complex with DQ3 serotype;HLA protein complex with DQ3 serotype	MRO:0001290;MRO:0001622;MRO:0001622	SRR4305119	27133167	IlluminaHiSeq	Female	NCIT:C16576	NA	NA	Yes	Homo sapiens
VatanenT_2016	T028029	G78911	Otitis Media;Pneumonia;bronchitis;Upper Respiratory Tract Infection;Septicemia;Skin Infection;Cough;Gastroenteritis;Tonsillitis;Pyelonephritis;Cystitis;Fever;Infectious Disorder;Stomatitis;Salmonellosis	NCIT:C34885;NCIT:C3333;NCIT:C2911;NCIT:C35650;NCIT:C3364;NCIT:C35025;NCIT:C37935;NCIT:C34632;NCIT:C116006;NCIT:C34965;NCIT:C26738;NCIT:C3038;NCIT:C128320;NCIT:C26887;NCIT:C157974	Study Control	NCIT:C142703	Estonia	NCIT:C16562	feces	UBERON:0001988	Infant	NCIT:C27956	391	Day	1.1	13	71	No	Paolo_Manghi,Svetlana_Ugarcina_Perovic	Healthy	NA	NA	NCIT:C115935	Qiagen	HLA-DRB1*04:01 protein complex;HLA protein complex with DQ3 serotype;HLA protein complex with DQ3 serotype	MRO:0001290;MRO:0001622;MRO:0001622	SRR4305416	27133167	IlluminaHiSeq	Female	NCIT:C16576	NA	NA	Yes	Homo sapiens
VatanenT_2016	T028183	G78528	Otitis Media;Pneumonia;bronchitis;Upper Respiratory Tract Infection;Septicemia;Skin Infection;Cough;Gastroenteritis;Tonsillitis;Pyelonephritis;Cystitis;Fever;Infectious Disorder;Stomatitis;Salmonellosis	NCIT:C34885;NCIT:C3333;NCIT:C2911;NCIT:C35650;NCIT:C3364;NCIT:C35025;NCIT:C37935;NCIT:C34632;NCIT:C116006;NCIT:C34965;NCIT:C26738;NCIT:C3038;NCIT:C128320;NCIT:C26887;NCIT:C157974	Case	NCIT:C49152	Estonia	NCIT:C16562	feces	UBERON:0001988	Infant	NCIT:C27956	593	Day	1.6	19	0	Yes	Paolo_Manghi,Svetlana_Ugarcina_Perovic	Otitis Media	NA	NA	NCIT:C34885	Qiagen	HLA protein complex with DQ5 serotype	MRO:0001626	SRR4305057	27133167	IlluminaHiSeq	Female	NCIT:C16576	Penicillin Antibiotic	NCIT:C1500	Yes	Homo sapiens
VatanenT_2016	T028183	G78839	Otitis Media;Pneumonia;bronchitis;Upper Respiratory Tract Infection;Septicemia;Skin Infection;Cough;Gastroenteritis;Tonsillitis;Pyelonephritis;Cystitis;Fever;Infectious Disorder;Stomatitis;Salmonellosis	NCIT:C34885;NCIT:C3333;NCIT:C2911;NCIT:C35650;NCIT:C3364;NCIT:C35025;NCIT:C37935;NCIT:C34632;NCIT:C116006;NCIT:C34965;NCIT:C26738;NCIT:C3038;NCIT:C128320;NCIT:C26887;NCIT:C157974	Case	NCIT:C49152	Estonia	NCIT:C16562	feces	UBERON:0001988	Child	NCIT:C49683	866	Day	2.4	28	273	Yes	Paolo_Manghi,Svetlana_Ugarcina_Perovic	Pneumonia	NA	NA	NCIT:C3333	Qiagen	HLA protein complex with DQ5 serotype	MRO:0001626	SRR4305339	27133167	IlluminaHiSeq	Female	NCIT:C16576	Penicillin Antibiotic	NCIT:C1500	Yes	Homo sapiens
VatanenT_2016	T028183	G80281	Otitis Media;Pneumonia;bronchitis;Upper Respiratory Tract Infection;Septicemia;Skin Infection;Cough;Gastroenteritis;Tonsillitis;Pyelonephritis;Cystitis;Fever;Infectious Disorder;Stomatitis;Salmonellosis	NCIT:C34885;NCIT:C3333;NCIT:C2911;NCIT:C35650;NCIT:C3364;NCIT:C35025;NCIT:C37935;NCIT:C34632;NCIT:C116006;NCIT:C34965;NCIT:C26738;NCIT:C3038;NCIT:C128320;NCIT:C26887;NCIT:C157974	Study Control	NCIT:C142703	Estonia	NCIT:C16562	feces	UBERON:0001988	Child	NCIT:C49683	1101	Day	3	36	508	No	Paolo_Manghi,Svetlana_Ugarcina_Perovic	Healthy	NA	NA	NCIT:C115935	Qiagen	HLA protein complex with DQ5 serotype	MRO:0001626	SRR4305440	27133167	IlluminaHiSeq	Female	NCIT:C16576	NA	NA	Yes	Homo sapiens
VatanenT_2016	T029687	G80291	Otitis Media;Pneumonia;bronchitis;Upper Respiratory Tract Infection;Septicemia;Skin Infection;Cough;Gastroenteritis;Tonsillitis;Pyelonephritis;Cystitis;Fever;Infectious Disorder;Stomatitis;Salmonellosis	NCIT:C34885;NCIT:C3333;NCIT:C2911;NCIT:C35650;NCIT:C3364;NCIT:C35025;NCIT:C37935;NCIT:C34632;NCIT:C116006;NCIT:C34965;NCIT:C26738;NCIT:C3038;NCIT:C128320;NCIT:C26887;NCIT:C157974	Study Control	NCIT:C142703	Estonia	NCIT:C16562	feces	UBERON:0001988	Child	NCIT:C49683	1110	Day	3	36	609	No	Paolo_Manghi,Svetlana_Ugarcina_Perovic	Healthy	NA	NA	NCIT:C115935	Qiagen	HLA-DRB1*04:01 protein complex;HLA protein complex with DQ3 serotype;HLA protein complex with DQ5 serotype	MRO:0001290;MRO:0001622;MRO:0001626	SRR4305450	27133167	IlluminaHiSeq	Male	NCIT:C20197	NA	NA	Yes	Homo sapiens
VatanenT_2016	T029687	G69226	Otitis Media;Pneumonia;bronchitis;Upper Respiratory Tract Infection;Septicemia;Skin Infection;Cough;Gastroenteritis;Tonsillitis;Pyelonephritis;Cystitis;Fever;Infectious Disorder;Stomatitis;Salmonellosis	NCIT:C34885;NCIT:C3333;NCIT:C2911;NCIT:C35650;NCIT:C3364;NCIT:C35025;NCIT:C37935;NCIT:C34632;NCIT:C116006;NCIT:C34965;NCIT:C26738;NCIT:C3038;NCIT:C128320;NCIT:C26887;NCIT:C157974	Case	NCIT:C49152	Estonia	NCIT:C16562	feces	UBERON:0001988	Infant	NCIT:C27956	712	Day	1.9	23	211	Yes	Paolo_Manghi,Svetlana_Ugarcina_Perovic	bronchitis	NA	NA	NCIT:C2911	Qiagen	HLA-DRB1*04:01 protein complex;HLA protein complex with DQ3 serotype;HLA protein complex with DQ5 serotype	MRO:0001290;MRO:0001622;MRO:0001626	SRR4305505	27133167	IlluminaHiSeq	Male	NCIT:C20197	Penicillin Antibiotic	NCIT:C1500	Yes	Homo sapiens
VatanenT_2016	T029687	G69228	Otitis Media;Pneumonia;bronchitis;Upper Respiratory Tract Infection;Septicemia;Skin Infection;Cough;Gastroenteritis;Tonsillitis;Pyelonephritis;Cystitis;Fever;Infectious Disorder;Stomatitis;Salmonellosis	NCIT:C34885;NCIT:C3333;NCIT:C2911;NCIT:C35650;NCIT:C3364;NCIT:C35025;NCIT:C37935;NCIT:C34632;NCIT:C116006;NCIT:C34965;NCIT:C26738;NCIT:C3038;NCIT:C128320;NCIT:C26887;NCIT:C157974	Study Control	NCIT:C142703	Estonia	NCIT:C16562	feces	UBERON:0001988	Infant	NCIT:C27956	501	Day	1.4	16	0	No	Paolo_Manghi,Svetlana_Ugarcina_Perovic	Healthy	NA	NA	NCIT:C115935	Qiagen	HLA-DRB1*04:01 protein complex;HLA protein complex with DQ3 serotype;HLA protein complex with DQ5 serotype	MRO:0001290;MRO:0001622;MRO:0001626	SRR4305507	27133167	IlluminaHiSeq	Male	NCIT:C20197	NA	NA	Yes	Homo sapiens
VatanenT_2016	T029922	G78722	Otitis Media;Pneumonia;bronchitis;Upper Respiratory Tract Infection;Septicemia;Skin Infection;Cough;Gastroenteritis;Tonsillitis;Pyelonephritis;Cystitis;Fever;Infectious Disorder;Stomatitis;Salmonellosis	NCIT:C34885;NCIT:C3333;NCIT:C2911;NCIT:C35650;NCIT:C3364;NCIT:C35025;NCIT:C37935;NCIT:C34632;NCIT:C116006;NCIT:C34965;NCIT:C26738;NCIT:C3038;NCIT:C128320;NCIT:C26887;NCIT:C157974	Case	NCIT:C49152	Estonia	NCIT:C16562	feces	UBERON:0001988	Infant	NCIT:C27956	311	Day	0.9	10	0	Yes	Paolo_Manghi,Svetlana_Ugarcina_Perovic	bronchitis	NA	NA	NCIT:C2911	Qiagen	HLA protein complex with DQ3 serotype;HLA protein complex with DQ5 serotype	MRO:0001622;MRO:0001626	SRR4305242	27133167	IlluminaHiSeq	Male	NCIT:C20197	Cephalosporin Antibiotic	NCIT:C357	Yes	Homo sapiens