Run	ReleaseDate	LoadDate	spots	bases	spots_with_mates	avgLength	size_MB	AssemblyName	download_path	Experiment	LibraryName	LibraryStrategy	LibrarySelection	LibrarySource	LibraryLayout	InsertSize	InsertDev	Platform	Model	SRAStudy	BioProject	Study_Pubmed_id	ProjectID	Sample	BioSample	SampleType	TaxID	ScientificName	SampleName	g1k_pop_code	source	g1k_analysis_group	Subject_ID	Sex	Disease	Tumor	Affection_Status	Analyte_Type	Histological_Type	Body_Site	CenterName	Submission	dbgap_study_accession	Consent	RunHash	ReadHash
ERR525960	2015-06-02 13:47:07	2022-07-20 07:23:16	23267698	4641101620	23267698	199	2794		https://sra-downloadb.be-md.ncbi.nlm.nih.gov/sos8/sra-pub-zq-820/ERR000/525/ERR525960/ERR525960.lite.2	ERX491195	GUTfirMNYDFAAPEI-3	WGS	other	METAGENOMIC	PAIRED	340	0	ILLUMINA	Illumina HiSeq 2000	ERP005989	PRJEB6456		285453	ERS473295	SAMEA2580177	simple	408170	human gut metagenome	SAMEA2580177							no					BGI	ERA315811		public	3E18D5FEC727FEE74E5441FE9C5417BC	D042999CD92691D5F829D1F6375C324B
ERR525963	2015-06-02 13:47:16	2022-07-31 23:57:34	22471550	4482520460	22471550	199	2694		https://sra-downloadb.be-md.ncbi.nlm.nih.gov/sos8/sra-pub-zq-820/ERR000/525/ERR525963/ERR525963.lite.2	ERX491198	GUTfirMNZDFAAPEI-4	WGS	other	METAGENOMIC	PAIRED	339	0	ILLUMINA	Illumina HiSeq 2000	ERP005989	PRJEB6456		285453	ERS473298	SAMEA2580180	simple	408170	human gut metagenome	SAMEA2580180							no					BGI	ERA315811		public	9DFD0B43B86AE3BE03446A9CC87D7C1E	6A344A5A833867C061DCD3495C27FDF5
ERR525966	2015-06-02 13:47:16	2022-07-14 23:11:52	15787855	3150406550	15787855	199	1871		https://sra-downloadb.be-md.ncbi.nlm.nih.gov/sos8/sra-pub-zq-820/ERR000/525/ERR525966/ERR525966.lite.2	ERX491201	INFdxqMOADFAAPEI-1	WGS	other	METAGENOMIC	PAIRED	339	0	ILLUMINA	Illumina HiSeq 2000	ERP005989	PRJEB6456		285453	ERS473301	SAMEA2580183	simple	408170	human gut metagenome	SAMEA2580183							no					BGI	ERA315811		public	11E6ED6AD4B868D4370B330A53A5D4E4	41FCE79650151210017273F2113A177B
ERR525968	2015-06-02 13:47:12	2022-07-21 02:40:48	24133660	4814972870	24133660	199	2862		https://sra-downloadb.be-md.ncbi.nlm.nih.gov/sos9/sra-pub-zq-924/ERR000/525/ERR525968/ERR525968.lite.2	ERX491203	GUTfirMOODFAAPEI-7	WGS	other	METAGENOMIC	PAIRED	339	0	ILLUMINA	Illumina HiSeq 2000	ERP005989	PRJEB6456		285453	ERS473303	SAMEA2580185	simple	408170	human gut metagenome	SAMEA2580185							no					BGI	ERA315811		public	170D508502B4694ED431A885C823CC26	56741136435293782B052643DF4F2228
ERR525970	2015-06-02 13:47:16	2022-07-20 07:27:53	26689400	5329560490	26689400	199	3107		https://sra-downloadb.be-md.ncbi.nlm.nih.gov/sos8/sra-pub-zq-820/ERR000/525/ERR525970/ERR525970.lite.2	ERX491205	GUTfirMOMDFAAPEI-5	WGS	other	METAGENOMIC	PAIRED	342	0	ILLUMINA	Illumina HiSeq 2000	ERP005989	PRJEB6456		285453	ERS473305	SAMEA2580187	simple	408170	human gut metagenome	SAMEA2580187							no					BGI	ERA315811		public	28476803DD3D05E8D2510212FBE072CD	A6C6D0BAD7301F5A5A92C87AB87DF171
ERR525971	2015-06-02 13:47:16	2022-07-22 22:12:09	21289222	4243728400	21289222	199	2565		https://sra-downloadb.be-md.ncbi.nlm.nih.gov/sos13/sra-pub-zq-1301/ERR000/525/ERR525971/ERR525971.lite.2	ERX491206	GUTfirMOPDFAAPEI-8	WGS	other	METAGENOMIC	PAIRED	340	0	ILLUMINA	Illumina HiSeq 2000	ERP005989	PRJEB6456		285453	ERS473306	SAMEA2580188	simple	408170	human gut metagenome	SAMEA2580188							no					BGI	ERA315811		public	9FFAE5115318600C757E5E43B3CB2888	074637D33DB89EA2C50707C828FFB2BE
ERR525972	2015-06-02 13:47:16	2022-07-14 23:08:31	18985385	3788264100	0	199	2242		https://sra-downloadb.be-md.ncbi.nlm.nih.gov/sos1/sra-pub-zq-38/ERR000/525/ERR525972/ERR525972.lite.2	ERX491207	GUTfirMOSDFAAPEI-11	WGS	other	METAGENOMIC	PAIRED	338	0	ILLUMINA	Illumina HiSeq 2000	ERP005989	PRJEB6456		285453	ERS473307	SAMEA2580189	simple	408170	human gut metagenome	SAMEA2580189							no					BGI	ERA315811		public	B4C09AA4D74AE67E8DD5D16987A7415E	788778DC737F791C18CD00667A66161D
ERR525978	2015-06-02 13:47:40	2022-07-22 07:25:40	685774	136915240	685774	199	72		https://sra-downloadb.be-md.ncbi.nlm.nih.gov/sos1/sra-pub-zq-38/ERR000/525/ERR525978/ERR525978.lite.2	ERX491213	INFgtjMOUDFAAPEI-9	WGS	other	METAGENOMIC	PAIRED	331	0	ILLUMINA	Illumina HiSeq 2000	ERP005989	PRJEB6456		285453	ERS473313	SAMEA2580195	simple	408170	human gut metagenome	SAMEA2580195							no					BGI	ERA315811		public	FBDC73C2058A0FA3A1240DE60DFFA5E1	B00E92E001379EB877751281AB6D1764
ERR525982	2015-06-02 13:47:17	2022-07-20 07:27:12	22386151	4470493620	22386151	199	2532		https://sra-downloadb.be-md.ncbi.nlm.nih.gov/sos1/sra-pub-zq-38/ERR000/525/ERR525982/ERR525982.lite.2	ERX491217	GUTfirMOYDFAAPEI-1	WGS	other	METAGENOMIC	PAIRED	336	0	ILLUMINA	Illumina HiSeq 2000	ERP005989	PRJEB6456		285453	ERS473317	SAMEA2580199	simple	408170	human gut metagenome	SAMEA2580199							no					BGI	ERA315811		public	FC2D60270AF2C0F8ECE24E86E6813C3A	7B640B8AA80662A31B9973A49462EE30
ERR525983	2015-06-02 13:47:17	2022-07-12 21:57:34	21866098	4359720570	21866098	199	2643		https://sra-downloadb.be-md.ncbi.nlm.nih.gov/sos1/sra-pub-zq-38/ERR000/525/ERR525983/ERR525983.lite.2	ERX491218	GUTfirMPBDFAAPEI-4	WGS	other	METAGENOMIC	PAIRED	342	0	ILLUMINA	Illumina HiSeq 2000	ERP005989	PRJEB6456		285453	ERS473318	SAMEA2580200	simple	408170	human gut metagenome	SAMEA2580200							no					BGI	ERA315811		public	002955B808A5909A51019ED9A47202F6	EFDD2DBFAF2B2D68EA7DBE5177F6CBF7
ERR525984	2015-06-02 13:47:17	2022-08-01 23:47:44	20928753	4175899520	20928753	199	2480		https://sra-downloadb.be-md.ncbi.nlm.nih.gov/sos13/sra-pub-zq-1301/ERR000/525/ERR525984/ERR525984.lite.2	ERX491219	GUTfirMPEDFAAPEI-7	WGS	other	METAGENOMIC	PAIRED	340	0	ILLUMINA	Illumina HiSeq 2000	ERP005989	PRJEB6456		285453	ERS473319	SAMEA2580201	simple	408170	human gut metagenome	SAMEA2580201							no					BGI	ERA315811		public	5CCF460FEA85F909DAFDE37015300572	AE1E8464ADBAD929B3C1843C8561616E
ERR525985	2015-06-02 13:47:21	2022-07-22 22:14:57	22176168	4422995370	22176168	199	2660		https://sra-downloadb.be-md.ncbi.nlm.nih.gov/sos9/sra-pub-zq-924/ERR000/525/ERR525985/ERR525985.lite.2	ERX491220	GUTfirMPDDFAAPEI-6	WGS	other	METAGENOMIC	PAIRED	344	0	ILLUMINA	Illumina HiSeq 2000	ERP005989	PRJEB6456		285453	ERS473320	SAMEA2580202	simple	408170	human gut metagenome	SAMEA2580202							no					BGI	ERA315811		public	1F706B41ABF1A5E92B775491106DE6A2	4310A226610DE2B93B5B1763EC7D9BFC
ERR525988	2015-06-02 13:47:21	2022-07-22 22:12:02	19757699	3941382290	19757699	199	2390		https://sra-downloadb.be-md.ncbi.nlm.nih.gov/sos13/sra-pub-zq-1301/ERR000/525/ERR525988/ERR525988.lite.2	ERX491223	GUTfirMPIDFAAPEI-11	WGS	other	METAGENOMIC	PAIRED	340	0	ILLUMINA	Illumina HiSeq 2000	ERP005989	PRJEB6456		285453	ERS473323	SAMEA2580205	simple	408170	human gut metagenome	SAMEA2580205							no					BGI	ERA315811		public	1EDB19CAD19080907816C96208FB70F5	4A82159754F1EDEF2A0DD4B47AAE50F4
ERR525999	2015-06-02 13:47:22	2022-07-22 22:11:50	18302021	3652085330	18302021	199	2149		https://sra-downloadb.be-md.ncbi.nlm.nih.gov/sos13/sra-pub-zq-1301/ERR000/525/ERR525999/ERR525999.lite.2	ERX491234	INFdxqMPRDFAAPEI-8	WGS	other	METAGENOMIC	PAIRED	336	0	ILLUMINA	Illumina HiSeq 2000	ERP005989	PRJEB6456		285453	ERS473334	SAMEA2580216	simple	408170	human gut metagenome	SAMEA2580216							no					BGI	ERA315811		public	259FDA249542886E92E79DB5D684C125	AF17BCF1BA1A29D9C6F4865D59EB7541
ERR526005	2015-06-02 13:47:24	2022-07-15 16:28:17	24604889	4910858020	24604889	199	2924		https://sra-downloadb.be-md.ncbi.nlm.nih.gov/sos13/sra-pub-zq-1301/ERR000/526/ERR526005/ERR526005.lite.2	ERX491240	GUTfirMPXDFAAPEI-6	WGS	other	METAGENOMIC	PAIRED	342	0	ILLUMINA	Illumina HiSeq 2000	ERP005989	PRJEB6456		285453	ERS473340	SAMEA2580222	simple	408170	human gut metagenome	SAMEA2580222							no					BGI	ERA315811		public	22E8E51E19BCDFBFB3639F298393A0FA	5A18AF0094C21F1D2DF44A6CDE6F4013
ERR526007	2015-06-02 13:47:24	2022-07-22 22:38:18	24466248	4881194180	24466248	199	2945		https://sra-downloadb.be-md.ncbi.nlm.nih.gov/sos8/sra-pub-zq-820/ERR000/526/ERR526007/ERR526007.lite.2	ERX491242	GUTfirMPZDFAAPEI-8	WGS	other	METAGENOMIC	PAIRED	340	0	ILLUMINA	Illumina HiSeq 2000	ERP005989	PRJEB6456		285453	ERS473342	SAMEA2580224	simple	408170	human gut metagenome	SAMEA2580224							no					BGI	ERA315811		public	5241C33258534A58B0F50D9E772B129D	32F1C09AE5D9F899E252F50A91B75064
ERR526010	2015-06-02 13:47:24	2022-07-16 16:25:11	14993225	2987910670	14993225	199	1875		https://sra-downloadb.be-md.ncbi.nlm.nih.gov/sos13/sra-pub-zq-1301/ERR000/526/ERR526010/ERR526010.lite.2	ERX491245	GUTfirMQADFAAPEI-9	WGS	other	METAGENOMIC	PAIRED	340	0	ILLUMINA	Illumina HiSeq 2000	ERP005989	PRJEB6456		285453	ERS473345	SAMEA2580227	simple	408170	human gut metagenome	SAMEA2580227							no					BGI	ERA315811		public	E894919FB2B57BF839416DC89A1D709E	D133C91A076BDB450CD2499DD6D6E7A4
ERR526014	2015-06-02 13:47:41	2022-07-22 23:13:59	17982593	3591269940	17982593	199	2049		https://sra-downloadb.be-md.ncbi.nlm.nih.gov/sos13/sra-pub-zq-1301/ERR000/526/ERR526014/ERR526014.lite.2	ERX491249	GUTfirMQEDFAAPEI-1	WGS	other	METAGENOMIC	PAIRED	340	0	ILLUMINA	Illumina HiSeq 2000	ERP005989	PRJEB6456		285453	ERS473349	SAMEA2580231	simple	408170	human gut metagenome	SAMEA2580231							no					BGI	ERA315811		public	8964CF882AFF7781761A841BE6BCA66D	2FCEDDDE5AFE36CC9A959CB4665B5B1F
ERR526017	2015-06-02 13:47:42	2022-07-20 07:21:37	19008148	3789274890	19008148	199	2273		https://sra-downloadb.be-md.ncbi.nlm.nih.gov/sos8/sra-pub-zq-820/ERR000/526/ERR526017/ERR526017.lite.2	ERX491252	GUTfirMQJDFAAPEI-6	WGS	other	METAGENOMIC	PAIRED	336	0	ILLUMINA	Illumina HiSeq 2000	ERP005989	PRJEB6456		285453	ERS473352	SAMEA2580234	simple	408170	human gut metagenome	SAMEA2580234							no					BGI	ERA315811		public	665E509324F2BBC3BB021AF5BD4632D3	466DEEF11D7479E764F5A436CE1CB7FE
ERR526019	2015-06-02 13:47:25	2022-07-19 09:09:32	18319189	3649223410	18319189	199	2264		https://sra-downloadb.be-md.ncbi.nlm.nih.gov/sos1/sra-pub-zq-38/ERR000/526/ERR526019/ERR526019.lite.2	ERX491254	GUTfirMQLDFAAPEI-8	WGS	other	METAGENOMIC	PAIRED	336	0	ILLUMINA	Illumina HiSeq 2000	ERP005989	PRJEB6456		285453	ERS473354	SAMEA2580236	simple	408170	human gut metagenome	SAMEA2580236							no					BGI	ERA315811		public	E1835110F4B7A25DE0175CEC279AA599	78F6742679E4A59F74B8958339F1E8FC
ERR526020	2015-06-02 13:47:42	2022-07-22 23:16:43	18415285	3673020930	18415285	199	2195		https://sra-downloadb.be-md.ncbi.nlm.nih.gov/sos1/sra-pub-zq-38/ERR000/526/ERR526020/ERR526020.lite.2	ERX491255	GUTfirMQODFAAPEI-11	WGS	other	METAGENOMIC	PAIRED	335	0	ILLUMINA	Illumina HiSeq 2000	ERP005989	PRJEB6456		285453	ERS473355	SAMEA2580237	simple	408170	human gut metagenome	SAMEA2580237							no					BGI	ERA315811		public	529D1AE7AB453D03050CDA09D8EB6F76	A40FB773FE92E7F867AC944FED91F889
ERR526025	2015-06-02 13:47:25	2022-07-22 22:06:10	4777679	949299180	4777679	198	598		https://sra-downloadb.be-md.ncbi.nlm.nih.gov/sos13/sra-pub-zq-1301/ERR000/526/ERR526025/ERR526025.lite.2	ERX491260	GUTfirMQRDFAAPEI-2	WGS	other	METAGENOMIC	PAIRED	334	0	ILLUMINA	Illumina HiSeq 2000	ERP005989	PRJEB6456		285453	ERS473360	SAMEA2580242	simple	408170	human gut metagenome	SAMEA2580242							no					BGI	ERA315811		public	6A9186A8985983F767D6DAB0763C40D7	81914772C324FA82ACAE92EC9BA29133
ERR526026	2015-06-02 13:47:42	2022-07-16 19:31:27	15475573	3081839760	15475573	199	1839		https://sra-downloadb.be-md.ncbi.nlm.nih.gov/sos1/sra-pub-zq-38/ERR000/526/ERR526026/ERR526026.lite.2	ERX491261	GUTfirMQQDFAAPEI-1	WGS	other	METAGENOMIC	PAIRED	346	0	ILLUMINA	Illumina HiSeq 2000	ERP005989	PRJEB6456		285453	ERS473361	SAMEA2580243	simple	408170	human gut metagenome	SAMEA2580243							no					BGI	ERA315811		public	8D1F274C1286C22F05D2CBBD3A297A06	5A64D70515E04A53F3B45F753F59B6AB
ERR526027	2015-06-02 13:47:25	2022-07-13 08:25:06	18396736	3672350400	18396736	199	2037		https://sra-downloadb.be-md.ncbi.nlm.nih.gov/sos13/sra-pub-zq-1301/ERR000/526/ERR526027/ERR526027.lite.2	ERX491262	GUTfirMQTDFAAPEI-4	WGS	other	METAGENOMIC	PAIRED	324	0	ILLUMINA	Illumina HiSeq 2000	ERP005989	PRJEB6456		285453	ERS473362	SAMEA2580244	simple	408170	human gut metagenome	SAMEA2580244							no					BGI	ERA315811		public	EEC59F4B09181099C407163F742C4DE9	72A7035472518DC0FF8DC3A17FD5FD94
ERR526028	2015-06-02 13:47:42	2022-07-22 23:11:16	16368882	3266963890	16368882	199	1869		https://sra-downloadb.be-md.ncbi.nlm.nih.gov/sos1/sra-pub-zq-38/ERR000/526/ERR526028/ERR526028.lite.2	ERX491263	GUTfirMQWDFAAPEI-7	WGS	other	METAGENOMIC	PAIRED	332	0	ILLUMINA	Illumina HiSeq 2000	ERP005989	PRJEB6456		285453	ERS473363	SAMEA2580245	simple	408170	human gut metagenome	SAMEA2580245							no					BGI	ERA315811		public	562DDC917B62B431815A288D05FB9DB6	AB19F67E847CD91F8CE947EB31B97EE3
ERR526031	2015-06-02 13:47:25	2022-07-16 17:25:38	17296589	3454133020	17296589	199	1922		https://sra-downloadb.be-md.ncbi.nlm.nih.gov/sos8/sra-pub-zq-820/ERR000/526/ERR526031/ERR526031.lite.2	ERX491266	GUTfirMQXDFAAPEI-8	WGS	other	METAGENOMIC	PAIRED	343	0	ILLUMINA	Illumina HiSeq 2000	ERP005989	PRJEB6456		285453	ERS473366	SAMEA2580248	simple	408170	human gut metagenome	SAMEA2580248							no					BGI	ERA315811		public	253E65C44651FC4196226BD11E41F786	FAA96C98B950C39C88B94BC41D0096D5
ERR526034	2015-06-02 13:47:26	2022-07-29 22:58:22	12198299	2436927600	12198299	199	1266		https://sra-downloadb.be-md.ncbi.nlm.nih.gov/sos9/sra-pub-zq-924/ERR000/526/ERR526034/ERR526034.lite.2	ERX491269	GUTfirMQYDFAAPEI-9	WGS	other	METAGENOMIC	PAIRED	329	0	ILLUMINA	Illumina HiSeq 2000	ERP005989	PRJEB6456		285453	ERS473369	SAMEA2580251	simple	408170	human gut metagenome	SAMEA2580251							no					BGI	ERA315811		public	0545A1E46270A9B5AA7DC54006B9DEA6	4B5BD5010061689DACE7D5016B893131
ERR526035	2015-06-02 13:47:26	2022-07-20 07:20:36	15112226	3017160830	15112226	199	1636		https://sra-downloadb.be-md.ncbi.nlm.nih.gov/sos1/sra-pub-zq-38/ERR000/526/ERR526035/ERR526035.lite.2	ERX491270	GUTfirMRBDFAAPEI-12	WGS	other	METAGENOMIC	PAIRED	324	0	ILLUMINA	Illumina HiSeq 2000	ERP005989	PRJEB6456		285453	ERS473370	SAMEA2580252	simple	408170	human gut metagenome	SAMEA2580252							no					BGI	ERA315811		public	BE8CD3946E92FFCF9B316BA79EEC9C60	B3CE68092B04B5AF8C0D849E44D0740A
ERR526036	2015-06-02 13:47:42	2022-07-14 23:21:45	13467598	2690255400	13467598	199	1420		https://sra-downloadb.be-md.ncbi.nlm.nih.gov/sos13/sra-pub-zq-1301/ERR000/526/ERR526036/ERR526036.lite.2	ERX491271	GUTfirMREDFAAPEI-3	WGS	other	METAGENOMIC	PAIRED	325	0	ILLUMINA	Illumina HiSeq 2000	ERP005989	PRJEB6456		285453	ERS473371	SAMEA2580253	simple	408170	human gut metagenome	SAMEA2580253							no					BGI	ERA315811		public	9FF50BC1C3C00097C9652EF531A77D12	0DF89AB5E590AA0051C81A9B5149A656
ERR526039	2015-06-02 13:47:26	2022-07-12 22:07:00	17827317	3555019220	17827317	199	2104		https://sra-downloadb.be-md.ncbi.nlm.nih.gov/sos13/sra-pub-zq-1301/ERR000/526/ERR526039/ERR526039.lite.2	ERX491274	GUTfirMRFDFAAPEI-4	WGS	other	METAGENOMIC	PAIRED	330	0	ILLUMINA	Illumina HiSeq 2000	ERP005989	PRJEB6456		285453	ERS473374	SAMEA2580256	simple	408170	human gut metagenome	SAMEA2580256							no					BGI	ERA315811		public	EB6A7775ABB92978AF44528ECBFA7150	7614B7F54BCF60D2AB58F6501CCF79CA
ERR526042	2015-06-02 13:47:26	2022-07-16 16:27:09	12771775	2550468420	12771775	199	1407		https://sra-downloadb.be-md.ncbi.nlm.nih.gov/sos13/sra-pub-zq-1301/ERR000/526/ERR526042/ERR526042.lite.2	ERX491277	GUTfirMRGDFAAPEI-5	WGS	other	METAGENOMIC	PAIRED	329	0	ILLUMINA	Illumina HiSeq 2000	ERP005989	PRJEB6456		285453	ERS473377	SAMEA2580259	simple	408170	human gut metagenome	SAMEA2580259							no					BGI	ERA315811		public	A09E5DE3220A3409EFC70C140EF22067	FF76BBB518BAF06C131F36B347471785
ERR526043	2015-06-02 13:47:26	2022-07-21 02:43:06	18936888	3779280460	18936888	199	2156		https://sra-downloadb.be-md.ncbi.nlm.nih.gov/sos8/sra-pub-zq-818/ERR000/526/ERR526043/ERR526043.lite.2	ERX491278	GUTfirMRJDFAAPEI-8	WGS	other	METAGENOMIC	PAIRED	336	0	ILLUMINA	Illumina HiSeq 2000	ERP005989	PRJEB6456		285453	ERS473378	SAMEA2580260	simple	408170	human gut metagenome	SAMEA2580260							no					BGI	ERA315811		public	554A04A3F6A491AAD30F227F10D73734	94831A37A51BB283128D9544AE5E8C17
ERR526045	2015-06-02 13:47:26	2022-07-22 22:41:33	16540988	3299999730	16540988	199	1910		https://sra-downloadb.be-md.ncbi.nlm.nih.gov/sos8/sra-pub-zq-820/ERR000/526/ERR526045/ERR526045.lite.2	ERX491280	GUTfirMRLDFAAPEI-10	WGS	other	METAGENOMIC	PAIRED	334	0	ILLUMINA	Illumina HiSeq 2000	ERP005989	PRJEB6456		285453	ERS473380	SAMEA2580262	simple	408170	human gut metagenome	SAMEA2580262							no					BGI	ERA315811		public	A14E8C60F0A0563374F6B39FBEA41A22	2E2772FCE313A33E52B03E9A7BBA75AE
ERR526046	2015-06-02 13:47:42	2022-07-21 03:07:26	15325953	3061300190	15325953	199	1673		https://sra-downloadb.be-md.ncbi.nlm.nih.gov/sos8/sra-pub-zq-818/ERR000/526/ERR526046/ERR526046.lite.2	ERX491281	GUTfirMRKDFAAPEI-9	WGS	other	METAGENOMIC	PAIRED	338	0	ILLUMINA	Illumina HiSeq 2000	ERP005989	PRJEB6456		285453	ERS473381	SAMEA2580263	simple	408170	human gut metagenome	SAMEA2580263							no					BGI	ERA315811		public	85CCCA7ACE6A70F31DB2142BF9B0AEFF	61EE6819A5D6A2682D218FBFDED8EB7C
ERR526049	2015-06-02 13:47:26	2022-07-22 22:12:13	17244291	3423382820	17244291	198	2112		https://sra-downloadb.be-md.ncbi.nlm.nih.gov/sos8/sra-pub-zq-818/ERR000/526/ERR526049/ERR526049.lite.2	ERX491284	INFgtjMRPDFAAPEI-6	WGS	other	METAGENOMIC	PAIRED	330	0	ILLUMINA	Illumina HiSeq 2000	ERP005989	PRJEB6456		285453	ERS473384	SAMEA2580266	simple	408170	human gut metagenome	SAMEA2580266							no					BGI	ERA315811		public	1D36921D365C7FBD679CD3605D0C068C	B0330E1281776D36565A0E3F0D0CE4B9
ERR526050	2015-06-02 13:47:31	2022-07-12 16:20:59	17331115	3450664050	0	199	2061		https://sra-downloadb.be-md.ncbi.nlm.nih.gov/sos1/sra-pub-zq-38/ERR000/526/ERR526050/ERR526050.lite.2	ERX491285	INFgtjMRODFAAPEI-5	WGS	other	METAGENOMIC	PAIRED	333	0	ILLUMINA	Illumina HiSeq 2000	ERP005989	PRJEB6456		285453	ERS473385	SAMEA2580267	simple	408170	human gut metagenome	SAMEA2580267							no					BGI	ERA315811		public	E8DA5CD2D8EDB6366F868D198DF5E58F	0D53706C2083404E3C357D9F0DBC5553
ERR526051	2015-06-02 13:47:27	2022-07-13 08:24:28	18873737	3756263120	18873737	199	2230		https://sra-downloadb.be-md.ncbi.nlm.nih.gov/sos13/sra-pub-zq-1301/ERR000/526/ERR526051/ERR526051.lite.2	ERX491286	INFgtjMRRDFAAPEI-8	WGS	other	METAGENOMIC	PAIRED	334	0	ILLUMINA	Illumina HiSeq 2000	ERP005989	PRJEB6456		285453	ERS473386	SAMEA2580268	simple	408170	human gut metagenome	SAMEA2580268							no					BGI	ERA315811		public	1FC407CD613270A612D1CA02D68BA437	824EFA0B93B316478EC83E4B247DD054
ERR526052	2015-06-02 13:47:27	2022-07-22 22:12:03	17745231	3544139980	17745231	199	1947		https://sra-downloadb.be-md.ncbi.nlm.nih.gov/sos1/sra-pub-zq-38/ERR000/526/ERR526052/ERR526052.lite.2	ERX491287	GUTfirMRUDFAAPEI-3	WGS	other	METAGENOMIC	PAIRED	342	0	ILLUMINA	Illumina HiSeq 2000	ERP005989	PRJEB6456		285453	ERS473387	SAMEA2580269	simple	408170	human gut metagenome	SAMEA2580269							no					BGI	ERA315811		public	92D86DBEDE8198251E8AC5B0B1A7E593	C2DF5B4E1C3128B8BDA577E491214EEF
ERR526054	2015-06-02 13:47:27	2022-07-20 09:13:25	4238708	845340220	4238708	199	502		https://sra-downloadb.be-md.ncbi.nlm.nih.gov/sos9/sra-pub-zq-924/ERR000/526/ERR526054/ERR526054.lite.2	ERX491289	GUTfirMRSDFAAPEI-1	WGS	other	METAGENOMIC	PAIRED	323	0	ILLUMINA	Illumina HiSeq 2000	ERP005989	PRJEB6456		285453	ERS473389	SAMEA2580271	simple	408170	human gut metagenome	SAMEA2580271							no					BGI	ERA315811		public	A57E6D0F76FD4C473FA40CDCFDDBC5FB	2E4DD0AF48F039216666AA305436C43F
ERR526055	2015-06-02 13:47:31	2022-07-12 21:58:11	18144796	3622027700	18144796	199	2059		https://sra-downloadb.be-md.ncbi.nlm.nih.gov/sos13/sra-pub-zq-1301/ERR000/526/ERR526055/ERR526055.lite.2	ERX491290	GUTfirMRVDFAAPEI-4	WGS	other	METAGENOMIC	PAIRED	343	0	ILLUMINA	Illumina HiSeq 2000	ERP005989	PRJEB6456		285453	ERS473390	SAMEA2580272	simple	408170	human gut metagenome	SAMEA2580272							no					BGI	ERA315811		public	6132F13D29CE7825F124267E7000EFAB	1DE18050FBCC66D741654C495892EE30
ERR526056	2015-06-02 13:47:27	2022-07-13 22:06:11	28283308	5638210520	28283308	199	3367		https://sra-downloadb.be-md.ncbi.nlm.nih.gov/sos1/sra-pub-zq-38/ERR000/526/ERR526056/ERR526056.lite.2	ERX491291	GUTfirMRYDFAAPEI-7	WGS	other	METAGENOMIC	PAIRED	340	0	ILLUMINA	Illumina HiSeq 2000	ERP005989	PRJEB6456		285453	ERS473391	SAMEA2580273	simple	408170	human gut metagenome	SAMEA2580273							no					BGI	ERA315811		public	BDE54B5CF5159C936229B3D75EA15542	3355C14CB9BDA9EA55438DBA131F28D6
ERR526059	2015-06-02 13:47:32	2022-07-14 23:33:42	25485669	5077528840	25485669	199	3062		https://sra-downloadb.be-md.ncbi.nlm.nih.gov/sos1/sra-pub-zq-38/ERR000/526/ERR526059/ERR526059.lite.2	ERX491294	GUTfirMRZDFAAPEI-8	WGS	other	METAGENOMIC	PAIRED	342	0	ILLUMINA	Illumina HiSeq 2000	ERP005989	PRJEB6456		285453	ERS473394	SAMEA2580276	simple	408170	human gut metagenome	SAMEA2580276							no					BGI	ERA315811		public	D3C5A2841BDBB8EAD0FFE8C2B012FAAB	2D1C94A062B5A44B3367EBB1BAE5B69D
ERR526062	2015-06-02 13:47:42	2022-07-17 06:55:21	11515639	2285878440	11515639	198	1430		https://sra-downloadb.be-md.ncbi.nlm.nih.gov/sos1/sra-pub-zq-38/ERR000/526/ERR526062/ERR526062.lite.2	ERX491297	INFgtjMSADFAAPEI-9	WGS	other	METAGENOMIC	PAIRED	339	0	ILLUMINA	Illumina HiSeq 2000	ERP005989	PRJEB6456		285453	ERS473397	SAMEA2580279	simple	408170	human gut metagenome	SAMEA2580279							no					BGI	ERA315811		public	8DB9BE1AC6D5F6989620B4DA51986FE7	10CD5306D507216B4EF00F36F9F117D3
ERR526064	2015-06-02 13:47:43	2022-07-13 08:26:58	27280872	5443169430	27280872	199	3173		https://sra-downloadb.be-md.ncbi.nlm.nih.gov/sos9/sra-pub-zq-924/ERR000/526/ERR526064/ERR526064.lite.2	ERX491299	GUTfirMCGDFAAPEI-7	WGS	other	METAGENOMIC	PAIRED	324	0	ILLUMINA	Illumina HiSeq 2000	ERP005989	PRJEB6456		285453	ERS473399	SAMEA2580281	simple	408170	human gut metagenome	SAMEA2580281							no					BGI	ERA315811		public	148BC94BCFB8767338C695F5F62FBC8B	B3D2D18E8B0864A0EDBAB126F05E2D21
ERR526065	2015-06-02 13:47:32	2022-07-22 23:12:06	22120812	4405307590	22120812	199	2674		https://sra-downloadb.be-md.ncbi.nlm.nih.gov/sos1/sra-pub-zq-38/ERR000/526/ERR526065/ERR526065.lite.2	ERX491300	GUTfirMCFDFAAPEI-6	WGS	other	METAGENOMIC	PAIRED	339	0	ILLUMINA	Illumina HiSeq 2000	ERP005989	PRJEB6456		285453	ERS473400	SAMEA2580282	simple	408170	human gut metagenome	SAMEA2580282							no					BGI	ERA315811		public	0C36B440282C4816759BF0BFF762151C	4073AF73A8CA384013BC8AB2CE7F6B25
ERR526066	2015-06-02 13:47:32	2022-07-14 08:16:26	28109151	5608724010	28109151	199	3344		https://sra-downloadb.be-md.ncbi.nlm.nih.gov/sos13/sra-pub-zq-1301/ERR000/526/ERR526066/ERR526066.lite.2	ERX491301	GUTfirMCEDFAAPEI-5	WGS	other	METAGENOMIC	PAIRED	326	0	ILLUMINA	Illumina HiSeq 2000	ERP005989	PRJEB6456		285453	ERS473401	SAMEA2580283	simple	408170	human gut metagenome	SAMEA2580283							no					BGI	ERA315811		public	AECC15AE8FF68D1A1AF9F6C9D8F643B0	69F56D5AC42C6A708583499F152B5A7F
ERR526067	2015-06-02 13:47:32	2022-07-22 23:13:47	25526122	5091603760	25526122	199	2999		https://sra-downloadb.be-md.ncbi.nlm.nih.gov/sos13/sra-pub-zq-1301/ERR000/526/ERR526067/ERR526067.lite.2	ERX491302	GUTfirMCHDFAAPEI-8	WGS	other	METAGENOMIC	PAIRED	328	0	ILLUMINA	Illumina HiSeq 2000	ERP005989	PRJEB6456		285453	ERS473402	SAMEA2580284	simple	408170	human gut metagenome	SAMEA2580284							no					BGI	ERA315811		public	00667B63BA5A139A7BDFC24878FD40F6	929410707B212562312DA45C5BDACB67
ERR526068	2015-06-02 13:47:43	2022-07-21 02:46:15	17918484	3575499280	17918484	199	1973		https://sra-downloadb.be-md.ncbi.nlm.nih.gov/sos13/sra-pub-zq-1301/ERR000/526/ERR526068/ERR526068.lite.2	ERX491303	INFgtjMAGDFAAPEI-3	WGS	other	METAGENOMIC	PAIRED	342	0	ILLUMINA	Illumina HiSeq 2000	ERP005989	PRJEB6456		285453	ERS473403	SAMEA2580285	simple	408170	human gut metagenome	SAMEA2580285							no					BGI	ERA315811		public	E05E16B7265657DDF82E49FD05FE24AB	B5B8C54DAE669E3CF2FBE235AF0AAC52
ERR526069	2015-06-02 13:47:32	2022-07-22 23:09:19	14517183	2887616600	14517183	198	1757		https://sra-downloadb.be-md.ncbi.nlm.nih.gov/sos13/sra-pub-zq-1301/ERR000/526/ERR526069/ERR526069.lite.2	ERX491304	INFgtjMAFDFAAPEI-2	WGS	other	METAGENOMIC	PAIRED	340	0	ILLUMINA	Illumina HiSeq 2000	ERP005989	PRJEB6456		285453	ERS473404	SAMEA2580286	simple	408170	human gut metagenome	SAMEA2580286							no					BGI	ERA315811		public	AFBB9A85A95A76AEB88397A6C551ADE5	EDC7363EC78F3DF08B5325721DE2FE60
ERR526070	2015-06-02 13:47:43	2022-07-16 19:37:43	25278755	5040913310	25278755	199	3011		https://sra-downloadb.be-md.ncbi.nlm.nih.gov/sos1/sra-pub-zq-38/ERR000/526/ERR526070/ERR526070.lite.2	ERX491305	GUTfirMCKDFAAPEI-11	WGS	other	METAGENOMIC	PAIRED	328	0	ILLUMINA	Illumina HiSeq 2000	ERP005989	PRJEB6456		285453	ERS473405	SAMEA2580287	simple	408170	human gut metagenome	SAMEA2580287							no					BGI	ERA315811		public	BA5095A3957FD710DAFF216CF4CD1A35	6120B17AF3C4578B84695FCD979ADDEB
ERR526071	2015-06-02 13:47:32	2022-07-20 07:26:20	26025497	5185164830	26025497	199	3151		https://sra-downloadb.be-md.ncbi.nlm.nih.gov/sos13/sra-pub-zq-1301/ERR000/526/ERR526071/ERR526071.lite.2	ERX491306	GUTfirMCJDFAAPEI-10	WGS	other	METAGENOMIC	PAIRED	339	0	ILLUMINA	Illumina HiSeq 2000	ERP005989	PRJEB6456		285453	ERS473406	SAMEA2580288	simple	408170	human gut metagenome	SAMEA2580288							no					BGI	ERA315811		public	AB2E5DB9F902DBD80C75CECEE3691328	32ECA3B5C5D8521441E488B7AA5353C4
ERR526075	2015-06-02 13:47:43	2022-07-16 18:25:49	18619203	3712067790	18619203	199	2107		https://sra-downloadb.be-md.ncbi.nlm.nih.gov/sos1/sra-pub-zq-38/ERR000/526/ERR526075/ERR526075.lite.2	ERX491310	INFgtjMAHDFAAPEI-4	WGS	other	METAGENOMIC	PAIRED	338	0	ILLUMINA	Illumina HiSeq 2000	ERP005989	PRJEB6456		285453	ERS473410	SAMEA2580292	simple	408170	human gut metagenome	SAMEA2580292							no					BGI	ERA315811		public	B8FF5AB9928480D5753BB88406B21A0B	E0FA1A4142090270D854DFBB9B39CB32
ERR526078	2015-06-02 13:47:32	2022-07-17 20:40:20	16498981	3294141700	16498981	199	1857		https://sra-downloadb.be-md.ncbi.nlm.nih.gov/sos13/sra-pub-zq-1301/ERR000/526/ERR526078/ERR526078.lite.2	ERX491313	INFdxqMCMDFAAPEI-1	WGS	other	METAGENOMIC	PAIRED	348	0	ILLUMINA	Illumina HiSeq 2000	ERP005989	PRJEB6456		285453	ERS473413	SAMEA2580295	simple	408170	human gut metagenome	SAMEA2580295							no					BGI	ERA315811		public	4CFC62FE564872BABC43A741DCA75D74	13B1861CFB3793C0869F439E73963AA2
ERR526080	2015-06-02 13:47:32	2022-07-20 09:21:13	19039819	3793155730	19039819	199	2231		https://sra-downloadb.be-md.ncbi.nlm.nih.gov/sos8/sra-pub-zq-820/ERR000/526/ERR526080/ERR526080.lite.2	ERX491315	GUTfirMCSDFAAPEI-3	WGS	other	METAGENOMIC	PAIRED	476	0	ILLUMINA	Illumina HiSeq 2000	ERP005989	PRJEB6456		285453	ERS473415	SAMEA2580297	simple	408170	human gut metagenome	SAMEA2580297							no					BGI	ERA315811		public	46C68BDB2055EFD163B739DBE8B2C0C2	F4C2A31C32F905D487E3D538C18F53B6
ERR526081	2015-06-02 13:47:43	2022-07-12 22:00:09	28884344	5764340970	28884344	199	3351		https://sra-downloadb.be-md.ncbi.nlm.nih.gov/sos1/sra-pub-zq-38/ERR000/526/ERR526081/ERR526081.lite.2	ERX491316	GUTfirMCRDFAAPEI-2	WGS	other	METAGENOMIC	PAIRED	325	0	ILLUMINA	Illumina HiSeq 2000	ERP005989	PRJEB6456		285453	ERS473416	SAMEA2580298	simple	408170	human gut metagenome	SAMEA2580298							no					BGI	ERA315811		public	B0C19C78AFE76E63A55D388E84DCF463	BB6195A89220952D714EC00F57914D21
ERR526083	2015-06-02 13:47:33	2022-07-13 21:45:39	16856196	3356940700	16856196	199	2000		https://sra-downloadb.be-md.ncbi.nlm.nih.gov/sos13/sra-pub-zq-1301/ERR000/526/ERR526083/ERR526083.lite.2	ERX491318	GUTfirMCTDFAAPEI-4	WGS	other	METAGENOMIC	PAIRED	334	0	ILLUMINA	Illumina HiSeq 2000	ERP005989	PRJEB6456		285453	ERS473418	SAMEA2580300	simple	408170	human gut metagenome	SAMEA2580300							no					BGI	ERA315811		public	9EA6F9143C46E2D16738F65A7AF6614A	F2E3D49D9A2D9C952A2BF908EBE15CB4
ERR526084	2015-06-02 13:47:33	2022-07-16 16:31:19	25643186	5116156570	25643186	199	3037		https://sra-downloadb.be-md.ncbi.nlm.nih.gov/sos1/sra-pub-zq-38/ERR000/526/ERR526084/ERR526084.lite.2	ERX491319	GUTfirMAKDFAAPEI-7	WGS	other	METAGENOMIC	PAIRED	333	0	ILLUMINA	Illumina HiSeq 2000	ERP005989	PRJEB6456		285453	ERS473419	SAMEA2580301	simple	408170	human gut metagenome	SAMEA2580301							no					BGI	ERA315811		public	FE162A6813B091B5203E8F9F61287A4C	0C7938B2D0A3C691A0F586712FD51C5B
ERR526085	2015-06-02 13:47:43	2022-08-01 23:47:43	24264970	4835904100	24264970	199	2957		https://sra-downloadb.be-md.ncbi.nlm.nih.gov/sos13/sra-pub-zq-1301/ERR000/526/ERR526085/ERR526085.lite.2	ERX491320	GUTfirMAJDFAAPEI-6	WGS	other	METAGENOMIC	PAIRED	334	0	ILLUMINA	Illumina HiSeq 2000	ERP005989	PRJEB6456		285453	ERS473420	SAMEA2580302	simple	408170	human gut metagenome	SAMEA2580302							no					BGI	ERA315811		public	75EF0E36E1C8BB3AFE487B237C6983D9	116747F737CB67B9BDB993D01F83DD7B
ERR526086	2015-06-02 13:47:43	2022-07-13 08:25:42	27638546	5513918410	27638546	199	3272		https://sra-downloadb.be-md.ncbi.nlm.nih.gov/sos1/sra-pub-zq-38/ERR000/526/ERR526086/ERR526086.lite.2	ERX491321	GUTfirMAIDFAAPEI-5	WGS	other	METAGENOMIC	PAIRED	317	0	ILLUMINA	Illumina HiSeq 2000	ERP005989	PRJEB6456		285453	ERS473421	SAMEA2580303	simple	408170	human gut metagenome	SAMEA2580303							no					BGI	ERA315811		public	3424089E9E00CDD4990C9B1DA9DED43E	CFD6ACACDBB11CA5FC2C3659874155D4
ERR526087	2015-06-02 13:47:33	2022-07-22 23:17:00	23826774	4749914770	23826774	199	2850		https://sra-downloadb.be-md.ncbi.nlm.nih.gov/sos1/sra-pub-zq-38/ERR000/526/ERR526087/ERR526087.lite.2	ERX491322	GUTfirMALDFAAPEI-8	WGS	other	METAGENOMIC	PAIRED	330	0	ILLUMINA	Illumina HiSeq 2000	ERP005989	PRJEB6456		285453	ERS473422	SAMEA2580304	simple	408170	human gut metagenome	SAMEA2580304							no					BGI	ERA315811		public	9DB1D850D87501E6662584C4F9DE436F	CC3F0B1E0813522E7B56FA81E69B38B5
ERR525821	2015-06-02 13:47:08	2022-07-30 18:03:22	22574076	4498025200	22574076	199	2782		https://sra-downloadb.be-md.ncbi.nlm.nih.gov/sos9/sra-pub-zq-924/ERR000/525/ERR525821/ERR525821.lite.2	ERX491056	GUTfirMINDFABPEI-2	WGS	other	METAGENOMIC	PAIRED	337	0	ILLUMINA	Illumina HiSeq 2000	ERP005989	PRJEB6456		285453	ERS473156	SAMEA2580038	simple	408170	human gut metagenome	SAMEA2580038							no					BGI	ERA315811		public	FA610B337EE3A3E63F52C675F79094BA	4945816C261463913CF628491A953BF7
ERR525826	2015-06-02 13:47:09	2022-07-13 08:22:35	17400303	3472549400	17400303	199	1941		https://sra-downloadb.be-md.ncbi.nlm.nih.gov/sos1/sra-pub-zq-38/ERR000/525/ERR525826/ERR525826.lite.2	ERX491061	INFgtjMIQDFAAPEI-5	WGS	other	METAGENOMIC	PAIRED	338	0	ILLUMINA	Illumina HiSeq 2000	ERP005989	PRJEB6456		285453	ERS473161	SAMEA2580043	simple	408170	human gut metagenome	SAMEA2580043							no					BGI	ERA315811		public	A0CDCB394C635604157149F60734C24F	262E82030C9681E41DB08B8AFB8FF08C
ERR525830	2015-06-02 13:47:09	2022-07-14 23:07:10	17156287	3425023470	17156287	199	1935		https://sra-downloadb.be-md.ncbi.nlm.nih.gov/sos8/sra-pub-zq-820/ERR000/525/ERR525830/ERR525830.lite.2	ERX491065	GUTfirMIUDFAAPEI-5	WGS	other	METAGENOMIC	PAIRED	347	0	ILLUMINA	Illumina HiSeq 2000	ERP005989	PRJEB6456		285453	ERS473165	SAMEA2580047	simple	408170	human gut metagenome	SAMEA2580047							no					BGI	ERA315811		public	8888CBBB39FBD260326852316E2CE6D4	3C6779135A8D757B3740C45A1FE4A5F1
ERR525831	2015-06-02 13:47:09	2022-07-17 20:24:40	17600913	3514974560	17600913	199	1923		https://sra-downloadb.be-md.ncbi.nlm.nih.gov/sos9/sra-pub-zq-924/ERR000/525/ERR525831/ERR525831.lite.2	ERX491066	GUTfirMIXDFAAPEI-8	WGS	other	METAGENOMIC	PAIRED	345	0	ILLUMINA	Illumina HiSeq 2000	ERP005989	PRJEB6456		285453	ERS473166	SAMEA2580048	simple	408170	human gut metagenome	SAMEA2580048							no					BGI	ERA315811		public	62F6507A4DD682619A589CB1FB0F1B98	15E51C1921DED17B6647CA891ECC0EB0
ERR525832	2015-06-02 13:47:37	2022-07-22 23:10:52	17523362	3495720640	17523362	199	2053		https://sra-downloadb.be-md.ncbi.nlm.nih.gov/sos13/sra-pub-zq-1301/ERR000/525/ERR525832/ERR525832.lite.2	ERX491067	GUTfirMJADFAAPEI-11	WGS	other	METAGENOMIC	PAIRED	463	0	ILLUMINA	Illumina HiSeq 2000	ERP005989	PRJEB6456		285453	ERS473167	SAMEA2580049	simple	408170	human gut metagenome	SAMEA2580049							no					BGI	ERA315811		public	D52A64C4C5C1BD2D610A027CA2B37FCD	E33F6E0AC63A0CF1C4CC9788E71D28A7
ERR525833	2015-06-02 13:47:09	2022-08-01 23:47:09	20630210	4116152370	20630210	199	2354		https://sra-downloadb.be-md.ncbi.nlm.nih.gov/sos13/sra-pub-zq-1301/ERR000/525/ERR525833/ERR525833.lite.2	ERX491068	GUTfirMIZDFAAPEI-10	WGS	other	METAGENOMIC	PAIRED	335	0	ILLUMINA	Illumina HiSeq 2000	ERP005989	PRJEB6456		285453	ERS473168	SAMEA2580050	simple	408170	human gut metagenome	SAMEA2580050							no					BGI	ERA315811		public	49DF9BFA9DCDA7E6942171BBA95B7F94	F9240970971267164B0E86AF8A68BD63
ERR525834	2015-06-02 13:47:09	2022-07-16 21:09:22	13719149	2738365380	13719149	199	1543		https://sra-downloadb.be-md.ncbi.nlm.nih.gov/sos13/sra-pub-zq-1301/ERR000/525/ERR525834/ERR525834.lite.2	ERX491069	GUTfirMIYDFAAPEI-9	WGS	other	METAGENOMIC	PAIRED	340	0	ILLUMINA	Illumina HiSeq 2000	ERP005989	PRJEB6456		285453	ERS473169	SAMEA2580051	simple	408170	human gut metagenome	SAMEA2580051							no					BGI	ERA315811		public	21F42609BB839D0CC9E64FD76BB3E75A	4B0C6ED485859AEFFD2082E2F6227432
ERR525836	2015-06-02 13:47:09	2022-07-22 17:02:28	19532422	3901595000	19532422	199	2170		https://sra-downloadb.be-md.ncbi.nlm.nih.gov/sos13/sra-pub-zq-1301/ERR000/525/ERR525836/ERR525836.lite.2	ERX491071	GUTfirMJEDFAAPEI-3	WGS	other	METAGENOMIC	PAIRED	327	0	ILLUMINA	Illumina HiSeq 2000	ERP005989	PRJEB6456		285453	ERS473171	SAMEA2580053	simple	408170	human gut metagenome	SAMEA2580053							no					BGI	ERA315811		public	0711CC8742877C3A5A32B0B5DB28B089	EE8AA4173B7FCBD5676ABD49632CD5D2
ERR525840	2015-06-02 13:47:37	2022-07-22 13:04:40	19907152	3973438200	19907152	199	2279		https://sra-downloadb.be-md.ncbi.nlm.nih.gov/sos1/sra-pub-zq-38/ERR000/525/ERR525840/ERR525840.lite.2	ERX491075	GUTfirMJUDFAAPEI-7	WGS	other	METAGENOMIC	PAIRED	333	0	ILLUMINA	Illumina HiSeq 2000	ERP005989	PRJEB6456		285453	ERS473175	SAMEA2580057	simple	408170	human gut metagenome	SAMEA2580057							no					BGI	ERA315811		public	DA1F0778C980C3CF06C5FC2104D1CEA1	8AAA090BE60BC4030FD64BD9EFB49703
ERR525841	2015-06-02 13:47:17	2022-07-16 16:46:19	39389112	7845307950	0	199	4914		https://sra-downloadb.be-md.ncbi.nlm.nih.gov/sos13/sra-pub-zq-1301/ERR000/525/ERR525841/ERR525841.lite.2	ERX491076	GUTfirMJTDFAAPEI-6	WGS	other	METAGENOMIC	PAIRED	343	0	ILLUMINA	Illumina HiSeq 2000	ERP005989	PRJEB6456		285453	ERS473176	SAMEA2580058	simple	408170	human gut metagenome	SAMEA2580058							no					BGI	ERA315811		public	FDCA8A1BD0CA45B71ABF4B906B2B114F	938792DB55939F71565A3EC4E222CED8
ERR525843	2015-06-02 13:47:17	2022-07-14 06:25:23	24020494	4796491320	24020494	199	2725		https://sra-downloadb.be-md.ncbi.nlm.nih.gov/sos9/sra-pub-zq-924/ERR000/525/ERR525843/ERR525843.lite.2	ERX491078	GUTfirMJVDFAAPEI-8	WGS	other	METAGENOMIC	PAIRED	343	0	ILLUMINA	Illumina HiSeq 2000	ERP005989	PRJEB6456		285453	ERS473178	SAMEA2580060	simple	408170	human gut metagenome	SAMEA2580060							no					BGI	ERA315811		public	B6024B699E116A909A285F9DD79554E8	8A40E7749497DCC59D1E6802B977DA53
ERR525847	2015-06-02 13:47:10	2022-07-14 06:21:39	20292858	4050536320	20292858	199	2349		https://sra-downloadb.be-md.ncbi.nlm.nih.gov/sos8/sra-pub-zq-820/ERR000/525/ERR525847/ERR525847.lite.2	ERX491082	INFdxqMJZDFAAPEI-12	WGS	other	METAGENOMIC	PAIRED	340	0	ILLUMINA	Illumina HiSeq 2000	ERP005989	PRJEB6456		285453	ERS473182	SAMEA2580064	simple	408170	human gut metagenome	SAMEA2580064							no					BGI	ERA315811		public	7EB0817F8CF63D70FB9D1789D3699874	DED7925BF2ACE3EACD3C09E84BFAA368
ERR525854	2015-06-02 13:47:28	2022-07-16 19:33:09	17807244	3555173690	17807244	199	2044		https://sra-downloadb.be-md.ncbi.nlm.nih.gov/sos9/sra-pub-zq-924/ERR000/525/ERR525854/ERR525854.lite.2	ERX491089	GUTfirMKEDFAAPEI-1	WGS	other	METAGENOMIC	PAIRED	344	0	ILLUMINA	Illumina HiSeq 2000	ERP005989	PRJEB6456		285453	ERS473189	SAMEA2580071	simple	408170	human gut metagenome	SAMEA2580071							no					BGI	ERA315811		public	3F9DE875B4DC95E76794408F2FB82353	6DC083DF7044B2E484A69AD1D2627327
ERR525857	2015-06-02 13:47:33	2022-07-14 08:59:38	16984911	3388234080	16984911	199	1950		https://sra-downloadb.be-md.ncbi.nlm.nih.gov/sos1/sra-pub-zq-38/ERR000/525/ERR525857/ERR525857.lite.2	ERX491092	GUTfirMKJDFAAPEI-6	WGS	other	METAGENOMIC	PAIRED	336	0	ILLUMINA	Illumina HiSeq 2000	ERP005989	PRJEB6456		285453	ERS473192	SAMEA2580074	simple	408170	human gut metagenome	SAMEA2580074							no					BGI	ERA315811		public	BEED80B1D202EFA16FE5229E8CA9FF9A	2EFDA631F65191AE0B1A038AD76D7D21
ERR525860	2015-06-02 13:47:37	2022-07-22 23:16:37	23686780	4729770100	23686780	199	2599		https://sra-downloadb.be-md.ncbi.nlm.nih.gov/sos1/sra-pub-zq-38/ERR000/525/ERR525860/ERR525860.lite.2	ERX491095	GUTfirMKODFAAPEI-11	WGS	other	METAGENOMIC	PAIRED	322	0	ILLUMINA	Illumina HiSeq 2000	ERP005989	PRJEB6456		285453	ERS473195	SAMEA2580077	simple	408170	human gut metagenome	SAMEA2580077							no					BGI	ERA315811		public	2B6F138204477DBDDDF784554102C78E	DD8DEEB8CEEF018F0087B27D68621C31
ERR525863	2015-06-02 13:47:10	2022-07-16 17:31:54	25863147	5162327430	25863147	199	2859		https://sra-downloadb.be-md.ncbi.nlm.nih.gov/sos8/sra-pub-zq-820/ERR000/525/ERR525863/ERR525863.lite.2	ERX491098	GUTfirMKPDFAAPEI-12	WGS	other	METAGENOMIC	PAIRED	319	0	ILLUMINA	Illumina HiSeq 2000	ERP005989	PRJEB6456		285453	ERS473198	SAMEA2580080	simple	408170	human gut metagenome	SAMEA2580080							no					BGI	ERA315811		public	2F1B2E8D79639997E0CE833863711ABF	EE63D71FF60067CBA6D3F3F3B051ACCA
ERR525865	2015-06-02 13:47:29	2022-07-22 22:11:14	20446193	4073871650	20446193	199	2421		https://sra-downloadb.be-md.ncbi.nlm.nih.gov/sos9/sra-pub-zq-924/ERR000/525/ERR525865/ERR525865.lite.2	ERX491100	GUTfirMKVDFAAPEI-2	WGS	other	METAGENOMIC	PAIRED	334	0	ILLUMINA	Illumina HiSeq 2000	ERP005989	PRJEB6456		285453	ERS473200	SAMEA2580082	simple	408170	human gut metagenome	SAMEA2580082							no					BGI	ERA315811		public	5FD107956CD061EFCC8CE3F39A5E142F	588C962F9570C46F01185891A31FA186
ERR525866	2015-06-02 13:47:10	2022-07-22 22:16:49	16747108	3335424320	16747108	199	2014		https://sra-downloadb.be-md.ncbi.nlm.nih.gov/sos9/sra-pub-zq-924/ERR000/525/ERR525866/ERR525866.lite.2	ERX491101	GUTfirMKUDFAAPEI-1	WGS	other	METAGENOMIC	PAIRED	331	0	ILLUMINA	Illumina HiSeq 2000	ERP005989	PRJEB6456		285453	ERS473201	SAMEA2580083	simple	408170	human gut metagenome	SAMEA2580083							no					BGI	ERA315811		public	8D4BDB87B93C3ED6AB9AAC75B71E4FE1	BA293033D8632DD4A9F4F9C877D59682
ERR525867	2015-06-02 13:47:10	2022-07-19 09:08:41	22218947	4434433170	0	199	2429		https://sra-downloadb.be-md.ncbi.nlm.nih.gov/sos1/sra-pub-zq-38/ERR000/525/ERR525867/ERR525867.lite.2	ERX491102	GUTfirMKXDFAAPEI-4	WGS	other	METAGENOMIC	PAIRED	328	0	ILLUMINA	Illumina HiSeq 2000	ERP005989	PRJEB6456		285453	ERS473202	SAMEA2580084	simple	408170	human gut metagenome	SAMEA2580084							no					BGI	ERA315811		public	5DC24156618F4BF22521068CBF42CF51	02BE536C8909D42F29949797A2476556
ERR525868	2015-06-02 13:47:11	2022-08-01 23:47:21	27155288	5419335480	27155288	199	3074		https://sra-downloadb.be-md.ncbi.nlm.nih.gov/sos1/sra-pub-zq-38/ERR000/525/ERR525868/ERR525868.lite.2	ERX491103	GUTfirMLADFAAPEI-7	WGS	other	METAGENOMIC	PAIRED	324	0	ILLUMINA	Illumina HiSeq 2000	ERP005989	PRJEB6456		285453	ERS473203	SAMEA2580085	simple	408170	human gut metagenome	SAMEA2580085							no					BGI	ERA315811		public	99E2693112736A016406162C28C78494	C0EAE4F397398FFF79162AA06159321F
ERR525869	2015-06-02 13:47:11	2022-08-01 23:48:08	21318816	4254072320	21318816	199	2359		https://sra-downloadb.be-md.ncbi.nlm.nih.gov/sos8/sra-pub-zq-818/ERR000/525/ERR525869/ERR525869.lite.2	ERX491104	GUTfirMKZDFAAPEI-6	WGS	other	METAGENOMIC	PAIRED	330	0	ILLUMINA	Illumina HiSeq 2000	ERP005989	PRJEB6456		285453	ERS473204	SAMEA2580086	simple	408170	human gut metagenome	SAMEA2580086							no					BGI	ERA315811		public	928B6F3227DA66A0FC1A5638D55904DD	60F07FBB26E492F651B2C6795DAB40C3
ERR525871	2015-06-02 13:47:33	2022-07-20 09:37:28	27841087	5556157920	27841087	199	3143		https://sra-downloadb.be-md.ncbi.nlm.nih.gov/sos8/sra-pub-zq-818/ERR000/525/ERR525871/ERR525871.lite.2	ERX491106	GUTfirMLBDFAAPEI-8	WGS	other	METAGENOMIC	PAIRED	327	0	ILLUMINA	Illumina HiSeq 2000	ERP005989	PRJEB6456		285453	ERS473206	SAMEA2580088	simple	408170	human gut metagenome	SAMEA2580088							no					BGI	ERA315811		public	7D7E122F20699FAF147BE806AB8E3E4D	77A0F80C547C4F38BF84C3EB7CB9A11C
ERR525875	2015-06-02 13:47:29	2022-07-17 06:59:42	20504394	4085760520	20504394	199	2518		https://sra-downloadb.be-md.ncbi.nlm.nih.gov/sos8/sra-pub-zq-818/ERR000/525/ERR525875/ERR525875.lite.2	ERX491110	GUTfirMLFDFAAPEI-12	WGS	other	METAGENOMIC	PAIRED	310	0	ILLUMINA	Illumina HiSeq 2000	ERP005989	PRJEB6456		285453	ERS473210	SAMEA2580092	simple	408170	human gut metagenome	SAMEA2580092							no					BGI	ERA315811		public	CE5165CB9CEDED9B0A59D2BD171E3365	D748AB51DD264E5302FE562D5D0867D8
ERR525876	2015-06-02 13:47:37	2022-07-23 01:16:59	25527102	5095473960	25527102	199	2931		https://sra-downloadb.be-md.ncbi.nlm.nih.gov/sos8/sra-pub-zq-818/ERR000/525/ERR525876/ERR525876.lite.2	ERX491111	GUTfirMLIDFAAPEI-3	WGS	other	METAGENOMIC	PAIRED	351	0	ILLUMINA	Illumina HiSeq 2000	ERP005989	PRJEB6456		285453	ERS473211	SAMEA2580093	simple	408170	human gut metagenome	SAMEA2580093							no					BGI	ERA315811		public	8CDC4D36D763D4BD0E6C7367AB4BE0EF	3DA427911BFCC1AFB0D495472EE6DDD6
ERR525880	2015-06-02 13:47:37	2022-07-29 20:04:50	20538983	4093542910	20538983	199	2380		https://sra-downloadb.be-md.ncbi.nlm.nih.gov/sos9/sra-pub-zq-924/ERR000/525/ERR525880/ERR525880.lite.2	ERX491115	GUTfirMBEDFAAPEI-7	WGS	other	METAGENOMIC	PAIRED	321	0	ILLUMINA	Illumina HiSeq 2000	ERP005989	PRJEB6456		285453	ERS473215	SAMEA2580097	simple	408170	human gut metagenome	SAMEA2580097							no					BGI	ERA315811		public	7AB40B57EC01F00665A8F1B219334A86	693D378A4B370CFC8D1305495BAA0352
ERR525884	2015-06-02 13:47:38	2022-07-22 23:13:08	19303151	3849592070	19303151	199	2244		https://sra-downloadb.be-md.ncbi.nlm.nih.gov/sos8/sra-pub-zq-818/ERR000/525/ERR525884/ERR525884.lite.2	ERX491119	INFgtjMLNDFAAPEI-12	WGS	other	METAGENOMIC	PAIRED	327	0	ILLUMINA	Illumina HiSeq 2000	ERP005989	PRJEB6456		285453	ERS473219	SAMEA2580101	simple	408170	human gut metagenome	SAMEA2580101							no					BGI	ERA315811		public	1EABA04E1213858E2C8AA0F834ECEC86	D3364531A30DA2BF00790FD57A1E8EAC
ERR525887	2015-06-02 13:47:29	2022-07-22 22:12:20	15318803	3040850570	15318803	198	1931		https://sra-downloadb.be-md.ncbi.nlm.nih.gov/sos8/sra-pub-zq-820/ERR000/525/ERR525887/ERR525887.lite.2	ERX491122	INFgtjMLPDFAAPEI-2	WGS	other	METAGENOMIC	PAIRED	332	0	ILLUMINA	Illumina HiSeq 2000	ERP005989	PRJEB6456		285453	ERS473222	SAMEA2580104	simple	408170	human gut metagenome	SAMEA2580104							no					BGI	ERA315811		public	EE57002A15088F321B376CAC50CF4B81	626FC56A292851C4850944F1B5271330
ERR525889	2015-06-02 13:47:29	2022-07-15 05:46:17	20880356	4159031580	20880356	199	2531		https://sra-downloadb.be-md.ncbi.nlm.nih.gov/sos8/sra-pub-zq-820/ERR000/525/ERR525889/ERR525889.lite.2	ERX491124	INFgtjMLRDFAAPEI-4	WGS	other	METAGENOMIC	PAIRED	326	0	ILLUMINA	Illumina HiSeq 2000	ERP005989	PRJEB6456		285453	ERS473224	SAMEA2580106	simple	408170	human gut metagenome	SAMEA2580106							no					BGI	ERA315811		public	11DF00570FC1C2817EF6CDF3E65B224C	B3271BF61997A3B709510B5E3C94104D
ERR525890	2015-06-02 13:47:38	2022-07-22 23:13:29	23589301	4707421190	23589301	199	2703		https://sra-downloadb.be-md.ncbi.nlm.nih.gov/sos13/sra-pub-zq-1301/ERR000/525/ERR525890/ERR525890.lite.2	ERX491125	INFgtjMLUDFAAPEI-7	WGS	other	METAGENOMIC	PAIRED	342	0	ILLUMINA	Illumina HiSeq 2000	ERP005989	PRJEB6456		285453	ERS473225	SAMEA2580107	simple	408170	human gut metagenome	SAMEA2580107							no					BGI	ERA315811		public	86088803B7CCBE9C1DBB00C89D7167D9	D7D3797A98174AB7F4FAB3D833B9976A
ERR525892	2015-06-02 13:47:29	2022-07-16 16:33:28	23974718	4782474990	23974718	199	2785		https://sra-downloadb.be-md.ncbi.nlm.nih.gov/sos1/sra-pub-zq-38/ERR000/525/ERR525892/ERR525892.lite.2	ERX491127	INFgtjMLSDFAAPEI-5	WGS	other	METAGENOMIC	PAIRED	330	0	ILLUMINA	Illumina HiSeq 2000	ERP005989	PRJEB6456		285453	ERS473227	SAMEA2580109	simple	408170	human gut metagenome	SAMEA2580109							no					BGI	ERA315811		public	C6029F9D0B72C2D2FE87308EAF2D152D	9DBBC7BAF6502A05B0E8C5019FD2443E
ERR525893	2015-06-02 13:47:38	2022-07-20 07:21:34	19601501	3908570580	19601501	199	2260		https://sra-downloadb.be-md.ncbi.nlm.nih.gov/sos13/sra-pub-zq-1301/ERR000/525/ERR525893/ERR525893.lite.2	ERX491128	INFgtjMLVDFAAPEI-8	WGS	other	METAGENOMIC	PAIRED	335	0	ILLUMINA	Illumina HiSeq 2000	ERP005989	PRJEB6456		285453	ERS473228	SAMEA2580110	simple	408170	human gut metagenome	SAMEA2580110							no					BGI	ERA315811		public	587D875A176E6BEBB909C4824EA6E72F	10AD9F1B5D5646F78AD36ECD2F290FE0
ERR525896	2015-06-02 13:47:41	2022-07-13 08:26:30	25135690	5011288460	25135690	199	2938		https://sra-downloadb.be-md.ncbi.nlm.nih.gov/sos1/sra-pub-zq-38/ERR000/525/ERR525896/ERR525896.lite.2	ERX491131	GUTfirMBIDFAAPEI-11	WGS	other	METAGENOMIC	PAIRED	320	0	ILLUMINA	Illumina HiSeq 2000	ERP005989	PRJEB6456		285453	ERS473231	SAMEA2580113	simple	408170	human gut metagenome	SAMEA2580113							no					BGI	ERA315811		public	96C5FAB90757F8A5DACBCED4D7824527	3E34B8D43E2917EADE916A96FF604CEC
ERR525899	2015-06-02 13:47:30	2022-07-22 22:12:18	21506729	4283538470	21506729	199	2667		https://sra-downloadb.be-md.ncbi.nlm.nih.gov/sos13/sra-pub-zq-1301/ERR000/525/ERR525899/ERR525899.lite.2	ERX491134	GUTfirMLXDFAAPEI-6	WGS	other	METAGENOMIC	PAIRED	334	0	ILLUMINA	Illumina HiSeq 2000	ERP005989	PRJEB6456		285453	ERS473234	SAMEA2580116	simple	408170	human gut metagenome	SAMEA2580116							no					BGI	ERA315811		public	94FDFA5FCD8B19C6494B68419C3FC6D0	FD191F9A4C61A0A78205EB726C2306FD
ERR525901	2015-06-02 13:47:38	2022-07-22 23:20:34	23282407	4646122780	23282407	199	2717		https://sra-downloadb.be-md.ncbi.nlm.nih.gov/sos9/sra-pub-zq-924/ERR000/525/ERR525901/ERR525901.lite.2	ERX491136	GUTfirMLZDFAAPEI-8	WGS	other	METAGENOMIC	PAIRED	339	0	ILLUMINA	Illumina HiSeq 2000	ERP005989	PRJEB6456		285453	ERS473236	SAMEA2580118	simple	408170	human gut metagenome	SAMEA2580118							no					BGI	ERA315811		public	95D3FE4B14779ECEA9A0CDF175F1015A	B98B5DEB6C7B3C4DE546F1E80281F5DA
ERR525904	2015-06-02 13:47:38	2022-07-16 19:34:47	24288102	4838845280	24288102	199	2984		https://sra-downloadb.be-md.ncbi.nlm.nih.gov/sos1/sra-pub-zq-38/ERR000/525/ERR525904/ERR525904.lite.2	ERX491139	GUTfirMBMDFAAPEI-3	WGS	other	METAGENOMIC	PAIRED	325	0	ILLUMINA	Illumina HiSeq 2000	ERP005989	PRJEB6456		285453	ERS473239	SAMEA2580121	simple	408170	human gut metagenome	SAMEA2580121							no					BGI	ERA315811		public	7D76F45E55C8547EDC619C35220B6630	B647EAB41FB72291CABE6D1360005079
ERR525906	2015-06-02 13:47:38	2022-07-19 14:01:11	21743991	4331800760	21743991	199	2694		https://sra-downloadb.be-md.ncbi.nlm.nih.gov/sos1/sra-pub-zq-38/ERR000/525/ERR525906/ERR525906.lite.2	ERX491141	GUTfirMBKDFAAPEI-1	WGS	other	METAGENOMIC	PAIRED	324	0	ILLUMINA	Illumina HiSeq 2000	ERP005989	PRJEB6456		285453	ERS473241	SAMEA2580123	simple	408170	human gut metagenome	SAMEA2580123							no					BGI	ERA315811		public	582BE4F874D1FE2C5915222DC510349D	78FD73D2385900822751AC0D625817D4
ERR525907	2015-06-02 13:47:38	2022-07-15 05:52:52	25816000	5146101400	25816000	199	3147		https://sra-downloadb.be-md.ncbi.nlm.nih.gov/sos1/sra-pub-zq-38/ERR000/525/ERR525907/ERR525907.lite.2	ERX491142	GUTfirMBNDFAAPEI-4	WGS	other	METAGENOMIC	PAIRED	321	0	ILLUMINA	Illumina HiSeq 2000	ERP005989	PRJEB6456		285453	ERS473242	SAMEA2580124	simple	408170	human gut metagenome	SAMEA2580124							no					BGI	ERA315811		public	C03C00D1C079B451223D9AE5A5BE1757	C87D44F34BB2FE7F7C540416E0D86721
ERR525909	2015-06-02 13:47:11	2022-08-01 23:49:36	21867625	4365636750	21867625	199	2500		https://sra-downloadb.be-md.ncbi.nlm.nih.gov/sos8/sra-pub-zq-820/ERR000/525/ERR525909/ERR525909.lite.2	ERX491144	INFdxqMBPDFAAPEI-6	WGS	other	METAGENOMIC	PAIRED	337	0	ILLUMINA	Illumina HiSeq 2000	ERP005989	PRJEB6456		285453	ERS473244	SAMEA2580126	simple	408170	human gut metagenome	SAMEA2580126							no					BGI	ERA315811		public	3E1AEBC8CC4FB2D46FA7A16B8CB45AEE	1E41964BB8DF428FC267AC8A6CBF703A
ERR525910	2015-06-02 13:47:17	2022-07-22 22:11:51	18168898	3628453400	18168898	199	2024		https://sra-downloadb.be-md.ncbi.nlm.nih.gov/sos8/sra-pub-zq-818/ERR000/525/ERR525910/ERR525910.lite.2	ERX491145	INFdxqMBODFAAPEI-5	WGS	other	METAGENOMIC	PAIRED	327	0	ILLUMINA	Illumina HiSeq 2000	ERP005989	PRJEB6456		285453	ERS473245	SAMEA2580127	simple	408170	human gut metagenome	SAMEA2580127							no					BGI	ERA315811		public	C712B9B78E8C67B36FCFCB74A562DF7F	7AA76BF68998D8E65A4FB3FCCC3CDB8D
ERR525911	2015-06-02 13:47:11	2022-07-17 20:24:14	19162391	3824543560	19162391	199	2197		https://sra-downloadb.be-md.ncbi.nlm.nih.gov/sos8/sra-pub-zq-820/ERR000/525/ERR525911/ERR525911.lite.2	ERX491146	INFdxqMBRDFAAPEI-8	WGS	other	METAGENOMIC	PAIRED	331	0	ILLUMINA	Illumina HiSeq 2000	ERP005989	PRJEB6456		285453	ERS473246	SAMEA2580128	simple	408170	human gut metagenome	SAMEA2580128							no					BGI	ERA315811		public	AB158C987FC801C861FD1B6ADD0D7A19	5CD24464FAFCC84C8FE0400D21243193
ERR525913	2015-06-02 13:47:30	2022-07-16 17:26:52	21411437	4270187860	21411437	199	2564		https://sra-downloadb.be-md.ncbi.nlm.nih.gov/sos13/sra-pub-zq-1301/ERR000/525/ERR525913/ERR525913.lite.2	ERX491148	GUTfirMMBDFAAPEI-10	WGS	other	METAGENOMIC	PAIRED	339	0	ILLUMINA	Illumina HiSeq 2000	ERP005989	PRJEB6456		285453	ERS473248	SAMEA2580130	simple	408170	human gut metagenome	SAMEA2580130							no					BGI	ERA315811		public	83D9B82036D67018B343C70CB7662616	EF0CC6574E52D62688D1FBE6A0C1DBBC
ERR525914	2015-06-02 13:47:30	2022-07-20 07:13:57	8095003	1614533850	8095003	199	975		https://sra-downloadb.be-md.ncbi.nlm.nih.gov/sos1/sra-pub-zq-38/ERR000/525/ERR525914/ERR525914.lite.2	ERX491149	GUTfirMMADFAAPEI-9	WGS	other	METAGENOMIC	PAIRED	338	0	ILLUMINA	Illumina HiSeq 2000	ERP005989	PRJEB6456		285453	ERS473249	SAMEA2580131	simple	408170	human gut metagenome	SAMEA2580131							no					BGI	ERA315811		public	7AB60C8C0E533DCE5AF358B8D904A525	668917651EF634F316D295CF5CEF0BAB
ERR525916	2015-06-02 13:47:30	2022-07-22 23:24:37	21015481	4192190530	0	199	2398		https://sra-downloadb.be-md.ncbi.nlm.nih.gov/sos1/sra-pub-zq-38/ERR000/525/ERR525916/ERR525916.lite.2	ERX491151	INFgtjMMGDFAAPEI-11	WGS	other	METAGENOMIC	PAIRED	339	0	ILLUMINA	Illumina HiSeq 2000	ERP005989	PRJEB6456		285453	ERS473251	SAMEA2580133	simple	408170	human gut metagenome	SAMEA2580133							no					BGI	ERA315811		public	89C4989BC2E5D69CBC61E02F07A1C559	81FCB67CD58F041BBDF96747490099D2
ERR525921	2015-06-02 13:47:12	2022-07-13 08:24:16	22380150	4464478590	22380150	199	2658		https://sra-downloadb.be-md.ncbi.nlm.nih.gov/sos9/sra-pub-zq-924/ERR000/525/ERR525921/ERR525921.lite.2	ERX491156	GUTfirMMJDFAAPEI-2	WGS	other	METAGENOMIC	PAIRED	473	0	ILLUMINA	Illumina HiSeq 2000	ERP005989	PRJEB6456		285453	ERS473256	SAMEA2580138	simple	408170	human gut metagenome	SAMEA2580138							no					BGI	ERA315811		public	4AD0F7007F7C28ECFA07298249BDF7E1	917C6675BCF718F84BB8B662AD4CCBF5
ERR525924	2015-06-02 13:47:14	2022-07-13 08:25:09	26018305	5194030430	26018305	199	3001		https://sra-downloadb.be-md.ncbi.nlm.nih.gov/sos1/sra-pub-zq-38/ERR000/525/ERR525924/ERR525924.lite.2	ERX491159	GUTfirMMODFAAPEI-7	WGS	other	METAGENOMIC	PAIRED	340	0	ILLUMINA	Illumina HiSeq 2000	ERP005989	PRJEB6456		285453	ERS473259	SAMEA2580141	simple	408170	human gut metagenome	SAMEA2580141							no					BGI	ERA315811		public	B9FA28DA68976138C28DB8680FA498C8	73A36C5B3DA46CA7FE4A25F342629F5E
ERR525927	2015-06-02 13:47:14	2022-07-14 06:33:12	25485882	5088095840	25485882	199	2925		https://sra-downloadb.be-md.ncbi.nlm.nih.gov/sos1/sra-pub-zq-38/ERR000/525/ERR525927/ERR525927.lite.2	ERX491162	GUTfirMMMDFAAPEI-5	WGS	other	METAGENOMIC	PAIRED	349	0	ILLUMINA	Illumina HiSeq 2000	ERP005989	PRJEB6456		285453	ERS473262	SAMEA2580144	simple	408170	human gut metagenome	SAMEA2580144							no					BGI	ERA315811		public	CD4AE8817955B128571E648BC648FCCC	E85BC0C03794E26FB4C39D6C9AFAA74B
ERR525928	2015-06-02 13:47:14	2022-08-01 23:54:38	30029659	5994536420	30029659	199	3465		https://sra-downloadb.be-md.ncbi.nlm.nih.gov/sos8/sra-pub-zq-818/ERR000/525/ERR525928/ERR525928.lite.2	ERX491163	GUTfirMMPDFAAPEI-8	WGS	other	METAGENOMIC	PAIRED	344	0	ILLUMINA	Illumina HiSeq 2000	ERP005989	PRJEB6456		285453	ERS473263	SAMEA2580145	simple	408170	human gut metagenome	SAMEA2580145							no					BGI	ERA315811		public	7BAD6E69774F4F3D6B6C43E0FEE14EB4	8313AD54482FABDBBCDBA91DC012ECD1
ERR525930	2015-06-02 13:47:14	2022-07-23 01:47:03	17507642	3490017490	17507642	199	2079		https://sra-downloadb.be-md.ncbi.nlm.nih.gov/sos8/sra-pub-zq-820/ERR000/525/ERR525930/ERR525930.lite.2	ERX491165	INFgtjMBSDFAAPEI-9	WGS	other	METAGENOMIC	PAIRED	338	0	ILLUMINA	Illumina HiSeq 2000	ERP005989	PRJEB6456		285453	ERS473265	SAMEA2580147	simple	408170	human gut metagenome	SAMEA2580147							no					BGI	ERA315811		public	CCAFBAED7B7DE1EA813163C77A27F021	6AC0339CC1FE39A8BA40A967DEFBB723
ERR525933	2015-06-02 13:47:14	2022-08-02 00:26:08	23738930	4738282240	23738930	199	2748		https://sra-downloadb.be-md.ncbi.nlm.nih.gov/sos8/sra-pub-zq-820/ERR000/525/ERR525933/ERR525933.lite.2	ERX491168	GUTfirMMVDFAAPEI-10	WGS	other	METAGENOMIC	PAIRED	342	0	ILLUMINA	Illumina HiSeq 2000	ERP005989	PRJEB6456		285453	ERS473268	SAMEA2580150	simple	408170	human gut metagenome	SAMEA2580150							no					BGI	ERA315811		public	A834748A3B894817FD3690E88238092F	93817D939DA36EB8DED793FFE8A21336
ERR525937	2015-06-02 13:47:15	2022-08-01 23:44:59	19516645	3889685190	19516645	199	2368		https://sra-downloadb.be-md.ncbi.nlm.nih.gov/sos9/sra-pub-zq-924/ERR000/525/ERR525937/ERR525937.lite.2	ERX491172	GUTfirMMZDFAAPEI-2	WGS	other	METAGENOMIC	PAIRED	472	0	ILLUMINA	Illumina HiSeq 2000	ERP005989	PRJEB6456		285453	ERS473272	SAMEA2580154	simple	408170	human gut metagenome	SAMEA2580154							no					BGI	ERA315811		public	A29FF56F5D4F0CBF9B9AEE042E7FCE05	9550E7526AD9D4E976FF872D515C7F1D
ERR525939	2015-06-02 13:47:17	2022-07-14 09:04:04	24593880	4908003600	24593880	199	2895		https://sra-downloadb.be-md.ncbi.nlm.nih.gov/sos1/sra-pub-zq-38/ERR000/525/ERR525939/ERR525939.lite.2	ERX491174	GUTfirMNBDFAAPEI-4	WGS	other	METAGENOMIC	PAIRED	341	0	ILLUMINA	Illumina HiSeq 2000	ERP005989	PRJEB6456		285453	ERS473274	SAMEA2580156	simple	408170	human gut metagenome	SAMEA2580156							no					BGI	ERA315811		public	D295A29E315A37D4B1EE6A4B08FFFF16	EEBA7BA6D5D91CCDB981C60CD077776C
ERR525940	2015-06-02 13:47:15	2022-07-16 17:29:15	24345475	4856229890	24345475	199	2768		https://sra-downloadb.be-md.ncbi.nlm.nih.gov/sos13/sra-pub-zq-1301/ERR000/525/ERR525940/ERR525940.lite.2	ERX491175	INFgtjMNEDFAAPEI-3	WGS	other	METAGENOMIC	PAIRED	331	0	ILLUMINA	Illumina HiSeq 2000	ERP005989	PRJEB6456		285453	ERS473275	SAMEA2580157	simple	408170	human gut metagenome	SAMEA2580157							no					BGI	ERA315811		public	ACD4FA9D491DE1A797786245B1F34C0A	D8B75D02E9B9A6601E24F8E909F3A808
ERR525941	2015-06-02 13:47:15	2022-07-20 07:23:20	21909433	4366163620	21909433	199	2540		https://sra-downloadb.be-md.ncbi.nlm.nih.gov/sos8/sra-pub-zq-820/ERR000/525/ERR525941/ERR525941.lite.2	ERX491176	INFgtjMNDDFAAPEI-2	WGS	other	METAGENOMIC	PAIRED	331	0	ILLUMINA	Illumina HiSeq 2000	ERP005989	PRJEB6456		285453	ERS473276	SAMEA2580158	simple	408170	human gut metagenome	SAMEA2580158							no					BGI	ERA315811		public	CDF274DB91068A146834B39D58C5629C	2843FCC9EEA3B955C05011DC97B5EC31
ERR525943	2015-06-02 13:47:15	2022-07-23 01:34:52	22654147	4519416020	22654147	199	2531		https://sra-downloadb.be-md.ncbi.nlm.nih.gov/sos1/sra-pub-zq-38/ERR000/525/ERR525943/ERR525943.lite.2	ERX491178	INFgtjMNFDFAAPEI-4	WGS	other	METAGENOMIC	PAIRED	338	0	ILLUMINA	Illumina HiSeq 2000	ERP005989	PRJEB6456		285453	ERS473278	SAMEA2580160	simple	408170	human gut metagenome	SAMEA2580160							no					BGI	ERA315811		public	9DC8214461064BDF5FC7190166C33C61	F5905AE1C3426178C690E2CBF3C0D4B9
ERR525947	2015-06-02 13:47:06	2022-07-12 17:32:47	20125219	4011314520	20125219	199	2480		https://sra-downloadb.be-md.ncbi.nlm.nih.gov/sos8/sra-pub-zq-818/ERR000/525/ERR525947/ERR525947.lite.2	ERX491182	GUTfirMNGDFAAPEI-5	WGS	other	METAGENOMIC	PAIRED	324	0	ILLUMINA	Illumina HiSeq 2000	ERP005989	PRJEB6456		285453	ERS473282	SAMEA2580164	simple	408170	human gut metagenome	SAMEA2580164							no					BGI	ERA315811		public	8DB1FB3539DEDD14185136A64A843FBA	3E05CD839CB6ACDFBE6F301C6C457E76
ERR525948	2015-06-02 13:47:16	2022-07-13 21:56:33	18028587	3586019240	18028587	198	2286		https://sra-downloadb.be-md.ncbi.nlm.nih.gov/sos13/sra-pub-zq-1301/ERR000/525/ERR525948/ERR525948.lite.2	ERX491183	GUTfirMNJDFAAPEI-8	WGS	other	METAGENOMIC	PAIRED	313	0	ILLUMINA	Illumina HiSeq 2000	ERP005989	PRJEB6456		285453	ERS473283	SAMEA2580165	simple	408170	human gut metagenome	SAMEA2580165							no					BGI	ERA315811		public	5D774BFB5C2DD874CA2E0BFB1ED67FE0	5DC5DADF75D1B8B3C80D3AB6B2E7E6F1
ERR525950	2015-06-02 13:47:06	2022-07-22 22:15:51	22472422	4484217830	22472422	199	2539		https://sra-downloadb.be-md.ncbi.nlm.nih.gov/sos8/sra-pub-zq-820/ERR000/525/ERR525950/ERR525950.lite.2	ERX491185	INFgtjMNMDFAAPEI-7	WGS	other	METAGENOMIC	PAIRED	327	0	ILLUMINA	Illumina HiSeq 2000	ERP005989	PRJEB6456		285453	ERS473285	SAMEA2580167	simple	408170	human gut metagenome	SAMEA2580167							no					BGI	ERA315811		public	7351D78965CAB7EEAF72EE6D1DDB1B19	8A8B6A678C3E22D4052D8B31AD1F7936
ERR525952	2015-06-02 13:47:39	2022-07-18 01:37:23	17288120	3453631490	17288120	199	1815		https://sra-downloadb.be-md.ncbi.nlm.nih.gov/sos13/sra-pub-zq-1301/ERR000/525/ERR525952/ERR525952.lite.2	ERX491187	INFgtjMNKDFAAPEI-5	WGS	other	METAGENOMIC	PAIRED	329	0	ILLUMINA	Illumina HiSeq 2000	ERP005989	PRJEB6456		285453	ERS473287	SAMEA2580169	simple	408170	human gut metagenome	SAMEA2580169							no					BGI	ERA315811		public	D2A213553AE76E2A101BBD25D8D3EC79	BF19823D98D1B119BFA1B10A6B381B36
ERR525957	2015-06-02 13:47:07	2022-07-16 17:38:35	24235813	4834367340	24235813	199	2942		https://sra-downloadb.be-md.ncbi.nlm.nih.gov/sos1/sra-pub-zq-38/ERR000/525/ERR525957/ERR525957.lite.2	ERX491192	GUTfirMNPDFAAPEI-10	WGS	other	METAGENOMIC	PAIRED	341	0	ILLUMINA	Illumina HiSeq 2000	ERP005989	PRJEB6456		285453	ERS473292	SAMEA2580174	simple	408170	human gut metagenome	SAMEA2580174							no					BGI	ERA315811		public	D60C94458AB59DF8A65AE114F80A8D6C	C44E1A3699FA262C0FAD214C5FDED726
ERR525959	2015-06-02 13:47:39	2022-07-12 21:57:48	22761006	4536676330	22761006	199	2757		https://sra-downloadb.be-md.ncbi.nlm.nih.gov/sos1/sra-pub-zq-38/ERR000/525/ERR525959/ERR525959.lite.2	ERX491194	GUTfirMNRDFAAPEI-12	WGS	other	METAGENOMIC	PAIRED	341	0	ILLUMINA	Illumina HiSeq 2000	ERP005989	PRJEB6456		285453	ERS473294	SAMEA2580176	simple	408170	human gut metagenome	SAMEA2580176							no					BGI	ERA315811		public	03A54DA16045AB7A4D4598C6292F9AD3	79CDCEDE913BFDD80ABF608F7E430101
ERR525700	2015-06-02 13:47:33	2022-07-13 08:31:13	28056007	5600036640	28056007	199	3194		https://sra-downloadb.be-md.ncbi.nlm.nih.gov/sos1/sra-pub-zq-38/ERR000/525/ERR525700/ERR525700.lite.2	ERX490935	GUTfirMACDFAAPEI-3	WGS	other	METAGENOMIC	PAIRED	327	0	ILLUMINA	Illumina HiSeq 2000	ERP005989	PRJEB6456		285453	ERS473035	SAMEA2579917	simple	408170	human gut metagenome	SAMEA2579917							no					BGI	ERA315811		public	F3FE30D739214352410BC2EFD6BA44C0	654A0B331DA3997487A7B91F7AE1C4B1
ERR525701	2015-06-02 13:47:13	2022-07-21 02:35:38	17241604	3441303170	17241604	199	1855		https://sra-downloadb.be-md.ncbi.nlm.nih.gov/sos1/sra-pub-zq-38/ERR000/525/ERR525701/ERR525701.lite.2	ERX490936	GUTfirMASDFAAPEI-11	WGS	other	METAGENOMIC	PAIRED	323	0	ILLUMINA	Illumina HiSeq 2000	ERP005989	PRJEB6456		285453	ERS473036	SAMEA2579918	simple	408170	human gut metagenome	SAMEA2579918							no					BGI	ERA315811		public	E8897DAA16B76258EBE586985FED394D	85D9503CF24AF0AB411AFECBFF18AF33
ERR525703	2015-06-02 13:47:13	2022-07-20 09:25:43	22415928	4471533220	22415928	199	2568		https://sra-downloadb.be-md.ncbi.nlm.nih.gov/sos13/sra-pub-zq-1301/ERR000/525/ERR525703/ERR525703.lite.2	ERX490938	GUTfirMDQDFAAPEI-3	WGS	other	METAGENOMIC	PAIRED	327	0	ILLUMINA	Illumina HiSeq 2000	ERP005989	PRJEB6456		285453	ERS473038	SAMEA2579920	simple	408170	human gut metagenome	SAMEA2579920							no					BGI	ERA315811		public	9F2F555E7673E8378A2C6B682AE940AE	A4AA070F78F16F7B5BD28EC6D65320FB
ERR525704	2015-06-02 13:47:06	2022-07-16 19:34:29	19651981	3919169630	19651981	199	2272		https://sra-downloadb.be-md.ncbi.nlm.nih.gov/sos13/sra-pub-zq-1301/ERR000/525/ERR525704/ERR525704.lite.2	ERX490939	GUTfirMDPDFAAPEI-2	WGS	other	METAGENOMIC	PAIRED	330	0	ILLUMINA	Illumina HiSeq 2000	ERP005989	PRJEB6456		285453	ERS473039	SAMEA2579921	simple	408170	human gut metagenome	SAMEA2579921							no					BGI	ERA315811		public	12ECAF886C31D46117DA98B539DD5D84	E9E542ECC395DC26A0053DF18C378FC1
ERR525706	2015-06-02 13:47:33	2022-07-20 07:26:12	22905105	4567599630	22905105	199	2646		https://sra-downloadb.be-md.ncbi.nlm.nih.gov/sos13/sra-pub-zq-1301/ERR000/525/ERR525706/ERR525706.lite.2	ERX490941	GUTfirMDRDFAAPEI-4	WGS	other	METAGENOMIC	PAIRED	324	0	ILLUMINA	Illumina HiSeq 2000	ERP005989	PRJEB6456		285453	ERS473041	SAMEA2579923	simple	408170	human gut metagenome	SAMEA2579923							no					BGI	ERA315811		public	184A9B17C8FED2DDB9B6217BC6082DCC	D8E650DE883EF2A0240426C1D553DFEB
ERR525707	2015-06-02 13:47:34	2022-07-22 23:08:43	14033431	2800841910	14033431	199	1498		https://sra-downloadb.be-md.ncbi.nlm.nih.gov/sos9/sra-pub-zq-924/ERR000/525/ERR525707/ERR525707.lite.2	ERX490942	GUTfirMAQDFAAPEI-9	WGS	other	METAGENOMIC	PAIRED	320	0	ILLUMINA	Illumina HiSeq 2000	ERP005989	PRJEB6456		285453	ERS473042	SAMEA2579924	simple	408170	human gut metagenome	SAMEA2579924							no					BGI	ERA315811		public	DD6697DC2C8BC2B0DCA9577301AA4A4C	3D0C143416136B94F7E3EBD254E79CFD
ERR525708	2015-06-02 13:47:13	2022-08-01 23:44:02	16620752	3315549640	16620752	199	1803		https://sra-downloadb.be-md.ncbi.nlm.nih.gov/sos13/sra-pub-zq-1301/ERR000/525/ERR525708/ERR525708.lite.2	ERX490943	GUTfirMATDFAAPEI-12	WGS	other	METAGENOMIC	PAIRED	328	0	ILLUMINA	Illumina HiSeq 2000	ERP005989	PRJEB6456		285453	ERS473043	SAMEA2579925	simple	408170	human gut metagenome	SAMEA2579925							no					BGI	ERA315811		public	57FD1A5F7B79629555DB388735D6A0F4	5367272943DBB7238E8A3023E5079DB2
ERR525709	2015-06-02 13:47:13	2022-07-14 23:58:34	29734394	5933697350	29734394	199	3458		https://sra-downloadb.be-md.ncbi.nlm.nih.gov/sos13/sra-pub-zq-1301/ERR000/525/ERR525709/ERR525709.lite.2	ERX490944	GUTfirMDUDFAAPEI-7	WGS	other	METAGENOMIC	PAIRED	332	0	ILLUMINA	Illumina HiSeq 2000	ERP005989	PRJEB6456		285453	ERS473044	SAMEA2579926	simple	408170	human gut metagenome	SAMEA2579926							no					BGI	ERA315811		public	D1C294B2673FAFB6DC2A5A60DBE17FAC	125DA4B0250D4DCCDFB1D6D66F7C13E4
ERR525710	2015-06-02 13:47:13	2022-08-01 23:55:30	23103855	4603425530	23103855	199	2815		https://sra-downloadb.be-md.ncbi.nlm.nih.gov/sos8/sra-pub-zq-818/ERR000/525/ERR525710/ERR525710.lite.2	ERX490945	GUTfirMDTDFAAPEI-6	WGS	other	METAGENOMIC	PAIRED	329	0	ILLUMINA	Illumina HiSeq 2000	ERP005989	PRJEB6456		285453	ERS473045	SAMEA2579927	simple	408170	human gut metagenome	SAMEA2579927							no					BGI	ERA315811		public	C88137B8F56C00E8FC1142FC9639003F	F139A77A49B5DD06F964D98FF11A5C20
ERR525711	2015-06-02 13:47:34	2022-07-29 20:05:22	22223116	4425925190	22223116	199	2767		https://sra-downloadb.be-md.ncbi.nlm.nih.gov/sos9/sra-pub-zq-924/ERR000/525/ERR525711/ERR525711.lite.2	ERX490946	GUTfirMDSDFAAPEI-5	WGS	other	METAGENOMIC	PAIRED	332	0	ILLUMINA	Illumina HiSeq 2000	ERP005989	PRJEB6456		285453	ERS473046	SAMEA2579928	simple	408170	human gut metagenome	SAMEA2579928							no					BGI	ERA315811		public	2C2A5D10EF1738911E35DB33774E6B18	B2E274DB038DB20EFCC19A0D3B0F07FD
ERR525715	2015-06-02 13:47:34	2022-07-22 23:16:37	21566595	4298672550	21566595	199	2503		https://sra-downloadb.be-md.ncbi.nlm.nih.gov/sos1/sra-pub-zq-38/ERR000/525/ERR525715/ERR525715.lite.2	ERX490950	GUTfirMEADFAAPEI-9	WGS	other	METAGENOMIC	PAIRED	336	0	ILLUMINA	Illumina HiSeq 2000	ERP005989	PRJEB6456		285453	ERS473050	SAMEA2579932	simple	408170	human gut metagenome	SAMEA2579932							no					BGI	ERA315811		public	C83257D57DD1805A6BDDD1FFE2738645	E34A2A65C59A371C11ED244B67AF2686
ERR525716	2015-06-02 13:47:06	2022-08-02 00:03:20	24578005	4903753150	24578005	199	2715		https://sra-downloadb.be-md.ncbi.nlm.nih.gov/sos8/sra-pub-zq-820/ERR000/525/ERR525716/ERR525716.lite.2	ERX490951	GUTfirMEDDFAAPEI-12	WGS	other	METAGENOMIC	PAIRED	331	0	ILLUMINA	Illumina HiSeq 2000	ERP005989	PRJEB6456		285453	ERS473051	SAMEA2579933	simple	408170	human gut metagenome	SAMEA2579933							no					BGI	ERA315811		public	1BC98BE9E0608E8ECF8530AEA444D303	E2C9CF2A09E7D3E4AFB42827461428BC
ERR525718	2015-06-02 13:47:34	2022-07-13 21:53:36	20321974	4048295820	20321974	199	2500		https://sra-downloadb.be-md.ncbi.nlm.nih.gov/sos13/sra-pub-zq-1301/ERR000/525/ERR525718/ERR525718.lite.2	ERX490953	INFdxqMEJDFAAPEI-6	WGS	other	METAGENOMIC	PAIRED	325	0	ILLUMINA	Illumina HiSeq 2000	ERP005989	PRJEB6456		285453	ERS473053	SAMEA2579935	simple	408170	human gut metagenome	SAMEA2579935							no					BGI	ERA315811		public	D735AED1CA6E316B04B3C066F1E960B5	6DB11E778A09479B2F4C6F1D6EF3C922
ERR525719	2015-06-02 13:47:34	2022-07-21 02:46:33	19138873	3819951970	19138873	199	2250		https://sra-downloadb.be-md.ncbi.nlm.nih.gov/sos1/sra-pub-zq-38/ERR000/525/ERR525719/ERR525719.lite.2	ERX490954	INFdxqMEIDFAAPEI-5	WGS	other	METAGENOMIC	PAIRED	329	0	ILLUMINA	Illumina HiSeq 2000	ERP005989	PRJEB6456		285453	ERS473054	SAMEA2579936	simple	408170	human gut metagenome	SAMEA2579936							no					BGI	ERA315811		public	CCDFCE21B4A12A7B07A4B04A0EC6C5C3	736BE19309AFD567819570B9C12F5F5B
ERR525721	2015-06-02 13:47:40	2022-07-12 22:02:01	24908343	4962578870	24908343	199	2968		https://sra-downloadb.be-md.ncbi.nlm.nih.gov/sos13/sra-pub-zq-1301/ERR000/525/ERR525721/ERR525721.lite.2	ERX490956	GUTfirMABDFAAPEI-2	WGS	other	METAGENOMIC	PAIRED	333	0	ILLUMINA	Illumina HiSeq 2000	ERP005989	PRJEB6456		285453	ERS473056	SAMEA2579938	simple	408170	human gut metagenome	SAMEA2579938							no					BGI	ERA315811		public	1B2A7E448FCF4CCCE850D1BDFD75AE62	2179A71806F96CA3F0BBCEE712948DD3
ERR525723	2015-06-02 13:47:18	2022-07-17 20:25:27	23382422	4666297970	23382422	199	2562		https://sra-downloadb.be-md.ncbi.nlm.nih.gov/sos13/sra-pub-zq-1301/ERR000/525/ERR525723/ERR525723.lite.2	ERX490958	GUTfirMENDFAAPEI-2	WGS	other	METAGENOMIC	PAIRED	328	0	ILLUMINA	Illumina HiSeq 2000	ERP005989	PRJEB6456		285453	ERS473058	SAMEA2579940	simple	408170	human gut metagenome	SAMEA2579940							no					BGI	ERA315811		public	FA88441E1CC523E10E951ADE18CCFC06	28CFAC0233052888EB14769B8F7E9305
ERR525724	2015-06-02 13:47:19	2022-07-20 01:32:11	23488209	4688717910	23488209	199	2580		https://sra-downloadb.be-md.ncbi.nlm.nih.gov/sos8/sra-pub-zq-820/ERR000/525/ERR525724/ERR525724.lite.2	ERX490959	GUTfirMEMDFAAPEI-1	WGS	other	METAGENOMIC	PAIRED	332	0	ILLUMINA	Illumina HiSeq 2000	ERP005989	PRJEB6456		285453	ERS473059	SAMEA2579941	simple	408170	human gut metagenome	SAMEA2579941							no					BGI	ERA315811		public	11BF0D4A7B90716BD5B0FC2AE92C50A6	72AD9D7AD0F8BEAEB931FB3D1938CE65
ERR525730	2015-06-02 13:47:19	2022-07-22 12:51:47	20055538	4002618720	0	199	2180		https://sra-downloadb.be-md.ncbi.nlm.nih.gov/sos1/sra-pub-zq-38/ERR000/525/ERR525730/ERR525730.lite.2	ERX490965	GUTfirMFADFAAPEI-11	WGS	other	METAGENOMIC	PAIRED	344	0	ILLUMINA	Illumina HiSeq 2000	ERP005989	PRJEB6456		285453	ERS473065	SAMEA2579947	simple	408170	human gut metagenome	SAMEA2579947							no					BGI	ERA315811		public	7C3BCC18C6DD0DEE30D6BAA1638AD04B	53AC9C7A768749CC140F6BDA367F87A3
ERR525731	2015-06-02 13:47:44	2022-07-20 09:30:00	20430552	4078575840	20430552	199	2176		https://sra-downloadb.be-md.ncbi.nlm.nih.gov/sos13/sra-pub-zq-1301/ERR000/525/ERR525731/ERR525731.lite.2	ERX490966	GUTfirMEZDFAAPEI-10	WGS	other	METAGENOMIC	PAIRED	332	0	ILLUMINA	Illumina HiSeq 2000	ERP005989	PRJEB6456		285453	ERS473066	SAMEA2579948	simple	408170	human gut metagenome	SAMEA2579948							no					BGI	ERA315811		public	6E1C85D3FB84753455962605983139E5	84105B5C2C425BF9699E92A87221ECD1
ERR525732	2015-06-02 13:47:15	2022-07-14 23:09:39	18664926	3724807000	18664926	199	2028		https://sra-downloadb.be-md.ncbi.nlm.nih.gov/sos1/sra-pub-zq-38/ERR000/525/ERR525732/ERR525732.lite.2	ERX490967	GUTfirMEYDFAAPEI-9	WGS	other	METAGENOMIC	PAIRED	338	0	ILLUMINA	Illumina HiSeq 2000	ERP005989	PRJEB6456		285453	ERS473067	SAMEA2579949	simple	408170	human gut metagenome	SAMEA2579949							no					BGI	ERA315811		public	04F53D009BB36420AAA9FB7E95A90346	17B9728094C78CA8118A5C2EB130E3AD
ERR525733	2015-06-02 13:47:19	2022-07-13 22:40:26	19102325	3808848740	19102325	199	2114		https://sra-downloadb.be-md.ncbi.nlm.nih.gov/sos13/sra-pub-zq-1301/ERR000/525/ERR525733/ERR525733.lite.2	ERX490968	GUTfirMFBDFAAPEI-12	WGS	other	METAGENOMIC	PAIRED	334	0	ILLUMINA	Illumina HiSeq 2000	ERP005989	PRJEB6456		285453	ERS473068	SAMEA2579950	simple	408170	human gut metagenome	SAMEA2579950							no					BGI	ERA315811		public	64531A57E3CFEB2BAE50D04138DC177E	CA75F6AFA86B9CC386728A2143B26D62
ERR525737	2015-06-02 13:47:34	2022-07-21 02:49:21	19593498	3906055940	19593498	199	2238		https://sra-downloadb.be-md.ncbi.nlm.nih.gov/sos8/sra-pub-zq-820/ERR000/525/ERR525737/ERR525737.lite.2	ERX490972	GUTfirMFFDFAAPEI-4	WGS	other	METAGENOMIC	PAIRED	330	0	ILLUMINA	Illumina HiSeq 2000	ERP005989	PRJEB6456		285453	ERS473072	SAMEA2579954	simple	408170	human gut metagenome	SAMEA2579954							no					BGI	ERA315811		public	A1B3848E6A470DF8F5C8A73E2E179303	CB8AAD99035FB820885D6EA182473CA4
ERR525740	2015-06-02 13:47:06	2022-07-15 06:08:20	16144291	3222314080	0	199	1775		https://sra-downloadb.be-md.ncbi.nlm.nih.gov/sos13/sra-pub-zq-1301/ERR000/525/ERR525740/ERR525740.lite.2	ERX490975	INFgtjMFGDFAAPEI-1	WGS	other	METAGENOMIC	PAIRED	336	0	ILLUMINA	Illumina HiSeq 2000	ERP005989	PRJEB6456		285453	ERS473075	SAMEA2579957	simple	408170	human gut metagenome	SAMEA2579957							no					BGI	ERA315811		public	6D48EBD186A54F30E915E046A0603F75	12BC3879262AEF9E3F5E6C8D87BDC56C
ERR525742	2015-06-02 13:47:20	2022-08-01 23:47:38	19857571	3964901180	19857571	199	2129		https://sra-downloadb.be-md.ncbi.nlm.nih.gov/sos13/sra-pub-zq-1301/ERR000/525/ERR525742/ERR525742.lite.2	ERX490977	GUTfirMFMDFAAPEI-7	WGS	other	METAGENOMIC	PAIRED	335	0	ILLUMINA	Illumina HiSeq 2000	ERP005989	PRJEB6456		285453	ERS473077	SAMEA2579959	simple	408170	human gut metagenome	SAMEA2579959							no					BGI	ERA315811		public	2585BA1EF3095994E061753210A9AB37	109440B57007E68E0305A181FB99197A
ERR525743	2015-06-02 13:47:35	2022-07-15 05:48:04	17081376	3407693230	17081376	199	1909		https://sra-downloadb.be-md.ncbi.nlm.nih.gov/sos1/sra-pub-zq-38/ERR000/525/ERR525743/ERR525743.lite.2	ERX490978	GUTfirMAWDFAAPEI-3	WGS	other	METAGENOMIC	PAIRED	475	0	ILLUMINA	Illumina HiSeq 2000	ERP005989	PRJEB6456		285453	ERS473078	SAMEA2579960	simple	408170	human gut metagenome	SAMEA2579960							no					BGI	ERA315811		public	E781C4B3090C9D4F99BC9FAAA1276982	EA12C45C0EA2F4E7FACF09328AB35919
ERR525745	2015-06-02 13:47:20	2022-07-16 19:32:14	17796408	3549865520	17796408	199	1984		https://sra-downloadb.be-md.ncbi.nlm.nih.gov/sos13/sra-pub-zq-1301/ERR000/525/ERR525745/ERR525745.lite.2	ERX490980	GUTfirMFKDFAAPEI-5	WGS	other	METAGENOMIC	PAIRED	330	0	ILLUMINA	Illumina HiSeq 2000	ERP005989	PRJEB6456		285453	ERS473080	SAMEA2579962	simple	408170	human gut metagenome	SAMEA2579962							no					BGI	ERA315811		public	4C93FE87F1569C15F0B209DE07A566AF	C7A0AEEED99B64B0CD49E14A8381E912
ERR525747	2015-06-02 13:47:06	2022-07-22 22:12:44	19711262	3928848640	19711262	199	2286		https://sra-downloadb.be-md.ncbi.nlm.nih.gov/sos1/sra-pub-zq-38/ERR000/525/ERR525747/ERR525747.lite.2	ERX490982	GUTfirMFQDFAAPEI-11	WGS	other	METAGENOMIC	PAIRED	324	0	ILLUMINA	Illumina HiSeq 2000	ERP005989	PRJEB6456		285453	ERS473082	SAMEA2579964	simple	408170	human gut metagenome	SAMEA2579964							no					BGI	ERA315811		public	7134655625FA3C33E3592C7FA8BD1A38	F64C740BB521D428E1DD93A6F51FB042
ERR525748	2015-06-02 13:47:35	2022-07-15 05:55:41	15386376	3054696520	15386376	198	1866		https://sra-downloadb.be-md.ncbi.nlm.nih.gov/sos1/sra-pub-zq-38/ERR000/525/ERR525748/ERR525748.lite.2	ERX490983	GUTfirMFPDFAAPEI-10	WGS	other	METAGENOMIC	PAIRED	317	0	ILLUMINA	Illumina HiSeq 2000	ERP005989	PRJEB6456		285453	ERS473083	SAMEA2579965	simple	408170	human gut metagenome	SAMEA2579965							no					BGI	ERA315811		public	B1742BE1550852512BF43F35046FB644	DEDF33F76C446F1C35D9B1CAD74551FA
ERR525751	2015-06-02 13:47:20	2022-07-20 09:22:02	21331993	4253537530	21331993	199	2432		https://sra-downloadb.be-md.ncbi.nlm.nih.gov/sos13/sra-pub-zq-1301/ERR000/525/ERR525751/ERR525751.lite.2	ERX490986	GUTfirMFRDFAAPEI-12	WGS	other	METAGENOMIC	PAIRED	319	0	ILLUMINA	Illumina HiSeq 2000	ERP005989	PRJEB6456		285453	ERS473086	SAMEA2579968	simple	408170	human gut metagenome	SAMEA2579968							no					BGI	ERA315811		public	A7F7DBD06C45B0558170A5E3309ADC31	2CDB660EB4740DBBCDCA54FA18F5DD7C
ERR525752	2015-06-02 13:47:20	2022-07-29 22:06:28	16970052	3381286220	16970052	199	1951		https://sra-downloadb.be-md.ncbi.nlm.nih.gov/sos1/sra-pub-zq-38/ERR000/525/ERR525752/ERR525752.lite.2	ERX490987	GUTfirMAUDFAAPEI-1	WGS	other	METAGENOMIC	PAIRED	329	0	ILLUMINA	Illumina HiSeq 2000	ERP005989	PRJEB6456		285453	ERS473087	SAMEA2579969	simple	408170	human gut metagenome	SAMEA2579969							no					BGI	ERA315811		public	85DF46ED9D94352A34D5B12D57AD9343	FA3CB9DF9778952EFBAB9315628E2D4D
ERR525756	2015-06-02 13:47:20	2022-07-21 02:40:44	20701104	4128084620	20701104	199	2375		https://sra-downloadb.be-md.ncbi.nlm.nih.gov/sos1/sra-pub-zq-38/ERR000/525/ERR525756/ERR525756.lite.2	ERX490991	GUTfirMFSDFAAPEI-1	WGS	other	METAGENOMIC	PAIRED	332	0	ILLUMINA	Illumina HiSeq 2000	ERP005989	PRJEB6456		285453	ERS473091	SAMEA2579973	simple	408170	human gut metagenome	SAMEA2579973							no					BGI	ERA315811		public	D52A1C7E9602796384630517E1368A15	598239CDE9DAA3A0016AB79C7CFA1A79
ERR525757	2015-06-02 13:47:20	2022-07-22 22:14:34	24185369	4817454730	24185369	199	2834		https://sra-downloadb.be-md.ncbi.nlm.nih.gov/sos8/sra-pub-zq-818/ERR000/525/ERR525757/ERR525757.lite.2	ERX490992	GUTfirMFVDFAAPEI-4	WGS	other	METAGENOMIC	PAIRED	323	0	ILLUMINA	Illumina HiSeq 2000	ERP005989	PRJEB6456		285453	ERS473092	SAMEA2579974	simple	408170	human gut metagenome	SAMEA2579974							no					BGI	ERA315811		public	C6AC99B2492B536A1E1866FC19D530DE	BD2935A4D7CE271D0B0287D4DD0A7920
ERR525759	2015-06-02 13:47:20	2022-07-22 22:14:28	21850086	4352898980	21850086	199	2612		https://sra-downloadb.be-md.ncbi.nlm.nih.gov/sos8/sra-pub-zq-818/ERR000/525/ERR525759/ERR525759.lite.2	ERX490994	GUTfirMADDFAAPEI-4	WGS	other	METAGENOMIC	PAIRED	331	0	ILLUMINA	Illumina HiSeq 2000	ERP005989	PRJEB6456		285453	ERS473094	SAMEA2579976	simple	408170	human gut metagenome	SAMEA2579976							no					BGI	ERA315811		public	22B114C2D287CB606B929EBA1DE1B017	79C79313F1D41B830ECAB58052C3456C
ERR525761	2015-06-02 13:47:20	2022-07-22 22:11:34	15617323	3102891450	15617323	198	1835		https://sra-downloadb.be-md.ncbi.nlm.nih.gov/sos9/sra-pub-zq-924/ERR000/525/ERR525761/ERR525761.lite.2	ERX490996	GUTfirMFXDFAAPEI-6	WGS	other	METAGENOMIC	PAIRED	335	0	ILLUMINA	Illumina HiSeq 2000	ERP005989	PRJEB6456		285453	ERS473096	SAMEA2579978	simple	408170	human gut metagenome	SAMEA2579978							no					BGI	ERA315811		public	FC17DB570C28FA32DE9B7B82F98E8102	38678B2443EE79A44EEF377FCA95E7C3
ERR525763	2015-06-02 13:47:35	2022-07-29 19:00:03	18214184	3628345500	18214184	199	2049		https://sra-downloadb.be-md.ncbi.nlm.nih.gov/sos1/sra-pub-zq-38/ERR000/525/ERR525763/ERR525763.lite.2	ERX490998	GUTfirMFZDFAAPEI-8	WGS	other	METAGENOMIC	PAIRED	333	0	ILLUMINA	Illumina HiSeq 2000	ERP005989	PRJEB6456		285453	ERS473098	SAMEA2579980	simple	408170	human gut metagenome	SAMEA2579980							no					BGI	ERA315811		public	AC701E16E9760BBC14AD8DDA69572705	2DE8453D9117E256AFA760CFF898E559
ERR525765	2015-06-02 13:47:21	2022-07-20 09:17:51	13324851	2646099580	13324851	198	1569		https://sra-downloadb.be-md.ncbi.nlm.nih.gov/sos8/sra-pub-zq-820/ERR000/525/ERR525765/ERR525765.lite.2	ERX491000	GUTfirMGBDFAAPEI-10	WGS	other	METAGENOMIC	PAIRED	333	0	ILLUMINA	Illumina HiSeq 2000	ERP005989	PRJEB6456		285453	ERS473100	SAMEA2579982	simple	408170	human gut metagenome	SAMEA2579982							no					BGI	ERA315811		public	CE00C9C8CB9D68E3A4D6365E8868A0A1	CDEAE73C52725D92C30A44C2427D4755
ERR525766	2015-06-02 13:47:21	2022-07-29 18:58:08	19589198	3910188840	19589198	199	2084		https://sra-downloadb.be-md.ncbi.nlm.nih.gov/sos1/sra-pub-zq-38/ERR000/525/ERR525766/ERR525766.lite.2	ERX491001	GUTfirMGADFAAPEI-9	WGS	other	METAGENOMIC	PAIRED	340	0	ILLUMINA	Illumina HiSeq 2000	ERP005989	PRJEB6456		285453	ERS473101	SAMEA2579983	simple	408170	human gut metagenome	SAMEA2579983							no					BGI	ERA315811		public	70CC28B242D423D6099A2DFD7B4EBDFE	6C564F4A769634866C55DC1D2F4615E4
ERR525768	2015-06-02 13:47:35	2022-07-23 01:50:17	22468621	4480924870	22468621	199	2536		https://sra-downloadb.be-md.ncbi.nlm.nih.gov/sos1/sra-pub-zq-38/ERR000/525/ERR525768/ERR525768.lite.2	ERX491003	GUTfirMGGDFAAPEI-3	WGS	other	METAGENOMIC	PAIRED	336	0	ILLUMINA	Illumina HiSeq 2000	ERP005989	PRJEB6456		285453	ERS473103	SAMEA2579985	simple	408170	human gut metagenome	SAMEA2579985							no					BGI	ERA315811		public	BB3EF7E62BB550F15B6264890AD625C4	4A11BED9DA974FBF10C27B4AF88BD302
ERR525777	2015-06-02 13:47:36	2022-07-18 01:22:40	13406907	2665426950	13406907	198	1531		https://sra-downloadb.be-md.ncbi.nlm.nih.gov/sos8/sra-pub-zq-820/ERR000/525/ERR525777/ERR525777.lite.2	ERX491012	GUTfirMGRDFAAPEI-10	WGS	other	METAGENOMIC	PAIRED	319	0	ILLUMINA	Illumina HiSeq 2000	ERP005989	PRJEB6456		285453	ERS473112	SAMEA2579994	simple	408170	human gut metagenome	SAMEA2579994							no					BGI	ERA315811		public	480F5CA68455F1D12624D17E8B456DAC	D108F6D4ACE1CEF86DCBF910B57B74A5
ERR525780	2015-06-02 13:47:23	2022-07-20 09:17:33	10730252	2137777800	10730252	199	1196		https://sra-downloadb.be-md.ncbi.nlm.nih.gov/sos1/sra-pub-zq-38/ERR000/525/ERR525780/ERR525780.lite.2	ERX491015	GUTfirMHADFAAPEI-3	WGS	other	METAGENOMIC	PAIRED	332	0	ILLUMINA	Illumina HiSeq 2000	ERP005989	PRJEB6456		285453	ERS473115	SAMEA2579997	simple	408170	human gut metagenome	SAMEA2579997							no					BGI	ERA315811		public	BFF8B1200B5B8E3153F1CAAAFADAF138	3EF6CFFE98DB79CD8E29D1AA42A7B2C0
ERR525783	2015-06-02 13:47:06	2022-07-29 18:56:18	9418395	1877484590	9418395	199	1042		https://sra-downloadb.be-md.ncbi.nlm.nih.gov/sos1/sra-pub-zq-38/ERR000/525/ERR525783/ERR525783.lite.2	ERX491018	GUTfirMHBDFAAPEI-4	WGS	other	METAGENOMIC	PAIRED	326	0	ILLUMINA	Illumina HiSeq 2000	ERP005989	PRJEB6456		285453	ERS473118	SAMEA2580000	simple	408170	human gut metagenome	SAMEA2580000							no					BGI	ERA315811		public	CC369F328AF27EF180AE5BA19F8EADBE	3AAE8A49FACE08DB28DCD2858B2AECC3
ERR525792	2015-06-02 13:47:23	2022-07-14 23:17:34	18311934	3646016140	18311934	199	2267		https://sra-downloadb.be-md.ncbi.nlm.nih.gov/sos13/sra-pub-zq-1301/ERR000/525/ERR525792/ERR525792.lite.2	ERX491027	GUTfirMHQDFAAPEI-3	WGS	other	METAGENOMIC	PAIRED	341	0	ILLUMINA	Illumina HiSeq 2000	ERP005989	PRJEB6456		285453	ERS473127	SAMEA2580009	simple	408170	human gut metagenome	SAMEA2580009							no					BGI	ERA315811		public	2D1DDE4FDDA80B094655C5C2F06403C0	796BC817FCD3F8438CF2435777D0E1F8
ERR525799	2015-06-02 13:47:24	2022-07-21 02:38:20	15044546	2993323450	15044546	198	1852		https://sra-downloadb.be-md.ncbi.nlm.nih.gov/sos8/sra-pub-zq-820/ERR000/525/ERR525799/ERR525799.lite.2	ERX491034	GUTfirMHVDFAAPEI-8	WGS	other	METAGENOMIC	PAIRED	343	0	ILLUMINA	Illumina HiSeq 2000	ERP005989	PRJEB6456		285453	ERS473134	SAMEA2580016	simple	408170	human gut metagenome	SAMEA2580016							no					BGI	ERA315811		public	DD930E65451240C11B57BB37C91F59B9	1C75F33848463BBEAC579B0DB6E22D93
ERR525800	2015-06-02 13:47:24	2022-07-22 22:21:25	22590717	4505622600	22590717	199	2623		https://sra-downloadb.be-md.ncbi.nlm.nih.gov/sos1/sra-pub-zq-38/ERR000/525/ERR525800/ERR525800.lite.2	ERX491035	INFgtjMBADFAAPEI-7	WGS	other	METAGENOMIC	PAIRED	341	0	ILLUMINA	Illumina HiSeq 2000	ERP005989	PRJEB6456		285453	ERS473135	SAMEA2580017	simple	408170	human gut metagenome	SAMEA2580017							no					BGI	ERA315811		public	FC1508CDA9D05D987BF1136C28581620	271E8831052A2FFB794483CA8E53EDD3
ERR525802	2015-06-02 13:47:24	2022-07-21 02:41:56	20888086	4155515850	20888086	198	2565		https://sra-downloadb.be-md.ncbi.nlm.nih.gov/sos13/sra-pub-zq-1301/ERR000/525/ERR525802/ERR525802.lite.2	ERX491037	GUTfirMHXDFAAPEI-10	WGS	other	METAGENOMIC	PAIRED	333	0	ILLUMINA	Illumina HiSeq 2000	ERP005989	PRJEB6456		285453	ERS473137	SAMEA2580019	simple	408170	human gut metagenome	SAMEA2580019							no					BGI	ERA315811		public	9A35B4BF132CD5B7455CCFF0CDFD1EE7	C038FCC71293EA619E1F7E9F478B59BA
ERR525806	2015-06-02 13:47:07	2022-07-22 22:25:01	15928516	3175291460	15928516	199	1910		https://sra-downloadb.be-md.ncbi.nlm.nih.gov/sos13/sra-pub-zq-1301/ERR000/525/ERR525806/ERR525806.lite.2	ERX491041	GUTfirMICDFAAPEI-3	WGS	other	METAGENOMIC	PAIRED	330	0	ILLUMINA	Illumina HiSeq 2000	ERP005989	PRJEB6456		285453	ERS473141	SAMEA2580023	simple	408170	human gut metagenome	SAMEA2580023							no					BGI	ERA315811		public	BDA3E155056958B69FBA3F4A03D2CD2B	640692A0AB091105B92A738035FF94C8
ERR525810	2015-06-02 13:47:08	2022-07-20 09:31:09	26908601	5374055960	26908601	199	3003		https://sra-downloadb.be-md.ncbi.nlm.nih.gov/sos1/sra-pub-zq-38/ERR000/525/ERR525810/ERR525810.lite.2	ERX491045	GUTfirMIGDFAAPEI-7	WGS	other	METAGENOMIC	PAIRED	470	0	ILLUMINA	Illumina HiSeq 2000	ERP005989	PRJEB6456		285453	ERS473145	SAMEA2580027	simple	408170	human gut metagenome	SAMEA2580027							no					BGI	ERA315811		public	CBE0C2FE518DBAF85AA83BBD6749B2BD	656FF5790D8CAE8748891E62F7878669
ERR526033	2015-06-02 13:47:31	2022-07-20 09:19:07	14284786	2847110840	14284786	199	1735		https://sra-downloadb.be-md.ncbi.nlm.nih.gov/sos1/sra-pub-zq-38/ERR000/526/ERR526033/ERR526033.lite.2	ERX491268	GUTfirMQZDFAAPEI-10	WGS	other	METAGENOMIC	PAIRED	337	0	ILLUMINA	Illumina HiSeq 2000	ERP005989	PRJEB6456		285453	ERS473368	SAMEA2580250	simple	408170	human gut metagenome	SAMEA2580250							no					BGI	ERA315811		public	B9C97F22E1BB99847B8EEA9E879D8FEC	1141BB29100F6AFACF5F8CFD4EDFB052
ERR526037	2015-06-02 13:47:26	2022-07-22 22:18:32	12857461	2560881450	12857461	199	1559		https://sra-downloadb.be-md.ncbi.nlm.nih.gov/sos9/sra-pub-zq-924/ERR000/526/ERR526037/ERR526037.lite.2	ERX491272	GUTfirMRDDFAAPEI-2	WGS	other	METAGENOMIC	PAIRED	324	0	ILLUMINA	Illumina HiSeq 2000	ERP005989	PRJEB6456		285453	ERS473372	SAMEA2580254	simple	408170	human gut metagenome	SAMEA2580254							no					BGI	ERA315811		public	5B511F98EF6E7062DD2ED9D8F084C6E1	B031E9CEBAA70F1571B46981C7AC50B4
ERR526038	2015-06-02 13:47:33	2022-07-20 07:19:20	12375303	2469891290	12375303	199	1421		https://sra-downloadb.be-md.ncbi.nlm.nih.gov/sos13/sra-pub-zq-1301/ERR000/526/ERR526038/ERR526038.lite.2	ERX491273	GUTfirMRCDFAAPEI-1	WGS	other	METAGENOMIC	PAIRED	329	0	ILLUMINA	Illumina HiSeq 2000	ERP005989	PRJEB6456		285453	ERS473373	SAMEA2580255	simple	408170	human gut metagenome	SAMEA2580255							no					BGI	ERA315811		public	BA93E343F7C9EBE7DC27ED98295AF2F5	74FCE187D30C2BAD26BD99386BE1AA83
ERR526040	2015-06-02 13:47:26	2022-07-29 22:59:26	17862347	3568450220	17862347	199	1921		https://sra-downloadb.be-md.ncbi.nlm.nih.gov/sos8/sra-pub-zq-820/ERR000/526/ERR526040/ERR526040.lite.2	ERX491275	GUTfirMRIDFAAPEI-7	WGS	other	METAGENOMIC	PAIRED	351	0	ILLUMINA	Illumina HiSeq 2000	ERP005989	PRJEB6456		285453	ERS473375	SAMEA2580257	simple	408170	human gut metagenome	SAMEA2580257							no					BGI	ERA315811		public	84933DFD6D4C1AE8E6F14AE3D976A20E	79BAA29346739E9FCD9A36B21E97C4FF
ERR526041	2015-06-02 13:47:26	2022-07-22 22:12:29	17876621	3570959620	17876621	199	1909		https://sra-downloadb.be-md.ncbi.nlm.nih.gov/sos1/sra-pub-zq-38/ERR000/526/ERR526041/ERR526041.lite.2	ERX491276	GUTfirMRHDFAAPEI-6	WGS	other	METAGENOMIC	PAIRED	326	0	ILLUMINA	Illumina HiSeq 2000	ERP005989	PRJEB6456		285453	ERS473376	SAMEA2580258	simple	408170	human gut metagenome	SAMEA2580258							no					BGI	ERA315811		public	EB2C195A65B3C0CD10E6098BE1028998	F476142A169B49D2106897183133EE53
ERR526047	2015-06-02 13:47:31	2022-07-14 06:41:53	15226731	3039482500	15226731	199	1718		https://sra-downloadb.be-md.ncbi.nlm.nih.gov/sos13/sra-pub-zq-1301/ERR000/526/ERR526047/ERR526047.lite.2	ERX491282	GUTfirMRNDFAAPEI-12	WGS	other	METAGENOMIC	PAIRED	324	0	ILLUMINA	Illumina HiSeq 2000	ERP005989	PRJEB6456		285453	ERS473382	SAMEA2580264	simple	408170	human gut metagenome	SAMEA2580264							no					BGI	ERA315811		public	F7AE49C907B2FB98CDC810C310D81727	FC8E204093C97489CA6FDC6B347F2AAB
ERR526048	2015-06-02 13:47:26	2022-07-17 06:59:14	19451624	3869938640	19451624	198	2342		https://sra-downloadb.be-md.ncbi.nlm.nih.gov/sos13/sra-pub-zq-1301/ERR000/526/ERR526048/ERR526048.lite.2	ERX491283	INFgtjMRQDFAAPEI-7	WGS	other	METAGENOMIC	PAIRED	331	0	ILLUMINA	Illumina HiSeq 2000	ERP005989	PRJEB6456		285453	ERS473383	SAMEA2580265	simple	408170	human gut metagenome	SAMEA2580265							no					BGI	ERA315811		public	C2E1D8C5A12EB268B938DE377402F8F8	5C1A7BF30B228CDA6DFE9975E0072901
ERR526053	2015-06-02 13:47:31	2022-07-20 09:30:40	18844425	3755809750	18844425	199	2300		https://sra-downloadb.be-md.ncbi.nlm.nih.gov/sos8/sra-pub-zq-818/ERR000/526/ERR526053/ERR526053.lite.2	ERX491288	GUTfirMRTDFAAPEI-2	WGS	other	METAGENOMIC	PAIRED	321	0	ILLUMINA	Illumina HiSeq 2000	ERP005989	PRJEB6456		285453	ERS473388	SAMEA2580270	simple	408170	human gut metagenome	SAMEA2580270							no					BGI	ERA315811		public	C5CFB1EF8A04FE426616775EEADDB70A	919E26D1F1EC0AB3E509DAB28487FA09
ERR526057	2015-06-02 13:47:31	2022-07-16 18:27:05	20780750	4143299910	20780750	199	2475		https://sra-downloadb.be-md.ncbi.nlm.nih.gov/sos8/sra-pub-zq-818/ERR000/526/ERR526057/ERR526057.lite.2	ERX491292	GUTfirMRXDFAAPEI-6	WGS	other	METAGENOMIC	PAIRED	339	0	ILLUMINA	Illumina HiSeq 2000	ERP005989	PRJEB6456		285453	ERS473392	SAMEA2580274	simple	408170	human gut metagenome	SAMEA2580274							no					BGI	ERA315811		public	ED838162214B05DD099775EA473FB70B	690DF1E98F00408BE6DC992356D495DA
ERR526058	2015-06-02 13:47:31	2022-07-22 22:10:54	12687444	2528257490	12687444	199	1549		https://sra-downloadb.be-md.ncbi.nlm.nih.gov/sos8/sra-pub-zq-820/ERR000/526/ERR526058/ERR526058.lite.2	ERX491293	GUTfirMRWDFAAPEI-5	WGS	other	METAGENOMIC	PAIRED	339	0	ILLUMINA	Illumina HiSeq 2000	ERP005989	PRJEB6456		285453	ERS473393	SAMEA2580275	simple	408170	human gut metagenome	SAMEA2580275							no					BGI	ERA315811		public	155EE65DE00CA486C4070B3607F1CDD2	F2BD37DFF681C346DB6900E4AC2E8CB1
ERR526060	2015-06-02 13:47:32	2022-07-22 23:17:23	20186368	4023417630	20186368	199	2363		https://sra-downloadb.be-md.ncbi.nlm.nih.gov/sos8/sra-pub-zq-820/ERR000/526/ERR526060/ERR526060.lite.2	ERX491295	INFgtjMSCDFAAPEI-11	WGS	other	METAGENOMIC	PAIRED	333	0	ILLUMINA	Illumina HiSeq 2000	ERP005989	PRJEB6456		285453	ERS473395	SAMEA2580277	simple	408170	human gut metagenome	SAMEA2580277							no					BGI	ERA315811		public	D89C592925FB83C0637EE4CFE7A473A4	3C3C31403CD60634A98B5DF8CA4716C8
ERR526061	2015-06-02 13:47:42	2022-07-22 23:11:54	18655904	3718583090	18655904	199	2166		https://sra-downloadb.be-md.ncbi.nlm.nih.gov/sos8/sra-pub-zq-820/ERR000/526/ERR526061/ERR526061.lite.2	ERX491296	INFgtjMSBDFAAPEI-10	WGS	other	METAGENOMIC	PAIRED	330	0	ILLUMINA	Illumina HiSeq 2000	ERP005989	PRJEB6456		285453	ERS473396	SAMEA2580278	simple	408170	human gut metagenome	SAMEA2580278							no					BGI	ERA315811		public	EC0CDB4E7D71BF6AA6C9BAFEC00A2399	49D85E29B6AB58910904BA372458EE7E
ERR526063	2015-06-02 13:47:42	2022-07-21 03:10:03	19417240	3871843430	19417240	199	2239		https://sra-downloadb.be-md.ncbi.nlm.nih.gov/sos1/sra-pub-zq-38/ERR000/526/ERR526063/ERR526063.lite.2	ERX491298	INFgtjMSDDFAAPEI-12	WGS	other	METAGENOMIC	PAIRED	333	0	ILLUMINA	Illumina HiSeq 2000	ERP005989	PRJEB6456		285453	ERS473398	SAMEA2580280	simple	408170	human gut metagenome	SAMEA2580280							no					BGI	ERA315811		public	BCA6E33DAD71D3172F738A98412BE1BD	32C38ECF863775BF112FEDE44AC5D98D
ERR525891	2015-06-02 13:47:38	2022-07-16 17:25:34	18929277	3763836080	18929277	198	2353		https://sra-downloadb.be-md.ncbi.nlm.nih.gov/sos1/sra-pub-zq-38/ERR000/525/ERR525891/ERR525891.lite.2	ERX491126	INFgtjMLTDFAAPEI-6	WGS	other	METAGENOMIC	PAIRED	331	0	ILLUMINA	Illumina HiSeq 2000	ERP005989	PRJEB6456		285453	ERS473226	SAMEA2580108	simple	408170	human gut metagenome	SAMEA2580108							no					BGI	ERA315811		public	168416E22843ED8E5D5F2FB3083239E5	4957E2407A56A8B524A88808F2466DD2
ERR525894	2015-06-02 13:47:30	2022-07-22 22:15:59	22928976	4576404890	22928976	199	2499		https://sra-downloadb.be-md.ncbi.nlm.nih.gov/sos1/sra-pub-zq-38/ERR000/525/ERR525894/ERR525894.lite.2	ERX491129	GUTfirMBCDFAAPEI-5	WGS	other	METAGENOMIC	PAIRED	324	0	ILLUMINA	Illumina HiSeq 2000	ERP005989	PRJEB6456		285453	ERS473229	SAMEA2580111	simple	408170	human gut metagenome	SAMEA2580111							no					BGI	ERA315811		public	09AD285B221C2EA89FB9EF4CE96A5DF0	1CE075DCF417ED0442B2E3D305AA6EAD
ERR525895	2015-06-02 13:47:30	2022-07-29 20:03:57	22392569	4465154900	22392569	199	2678		https://sra-downloadb.be-md.ncbi.nlm.nih.gov/sos9/sra-pub-zq-924/ERR000/525/ERR525895/ERR525895.lite.2	ERX491130	GUTfirMBFDFAAPEI-8	WGS	other	METAGENOMIC	PAIRED	321	0	ILLUMINA	Illumina HiSeq 2000	ERP005989	PRJEB6456		285453	ERS473230	SAMEA2580112	simple	408170	human gut metagenome	SAMEA2580112							no					BGI	ERA315811		public	457CB2BB7A51D2286931C32CB2ED3246	A67E072FF21D5EFCF57CF0B7140E6EB8
ERR525898	2015-06-02 13:47:27	2022-07-21 02:48:18	25624058	5115794210	25624058	199	2938		https://sra-downloadb.be-md.ncbi.nlm.nih.gov/sos1/sra-pub-zq-38/ERR000/525/ERR525898/ERR525898.lite.2	ERX491133	GUTfirMLYDFAAPEI-7	WGS	other	METAGENOMIC	PAIRED	342	0	ILLUMINA	Illumina HiSeq 2000	ERP005989	PRJEB6456		285453	ERS473233	SAMEA2580115	simple	408170	human gut metagenome	SAMEA2580115							no					BGI	ERA315811		public	5B290A7A5568C7E43DB9F44BC8B6F370	311D11AB41A19770CAB9CC446DBD3ED8
ERR525900	2015-06-02 13:47:30	2022-07-19 13:54:14	19191895	3822157210	19191895	199	2385		https://sra-downloadb.be-md.ncbi.nlm.nih.gov/sos1/sra-pub-zq-38/ERR000/525/ERR525900/ERR525900.lite.2	ERX491135	GUTfirMLWDFAAPEI-5	WGS	other	METAGENOMIC	PAIRED	339	0	ILLUMINA	Illumina HiSeq 2000	ERP005989	PRJEB6456		285453	ERS473235	SAMEA2580117	simple	408170	human gut metagenome	SAMEA2580117							no					BGI	ERA315811		public	529A07C9A61BB328F5DC9709CA63B23F	E1A862928328DF1CCD635FE7D96CF96F
ERR525902	2015-06-02 13:47:41	2022-07-22 08:37:19	16418982	3268018410	16418982	199	1972		https://sra-downloadb.be-md.ncbi.nlm.nih.gov/sos1/sra-pub-zq-38/ERR000/525/ERR525902/ERR525902.lite.2	ERX491137	GUTfirMBGDFAAPEI-9	WGS	other	METAGENOMIC	PAIRED	331	0	ILLUMINA	Illumina HiSeq 2000	ERP005989	PRJEB6456		285453	ERS473237	SAMEA2580119	simple	408170	human gut metagenome	SAMEA2580119							no					BGI	ERA315811		public	AD62E496DEE5B0635D23522F18B4FF8D	1207BFB512A2293744EA3956548725FD
ERR525903	2015-06-02 13:47:30	2022-07-19 09:16:16	23927799	4770439200	23927799	199	2862		https://sra-downloadb.be-md.ncbi.nlm.nih.gov/sos13/sra-pub-zq-1301/ERR000/525/ERR525903/ERR525903.lite.2	ERX491138	GUTfirMBJDFAAPEI-12	WGS	other	METAGENOMIC	PAIRED	322	0	ILLUMINA	Illumina HiSeq 2000	ERP005989	PRJEB6456		285453	ERS473238	SAMEA2580120	simple	408170	human gut metagenome	SAMEA2580120							no					BGI	ERA315811		public	C9E5B5889B1070D50622DF81CB35B1EE	E752EB94257275274507993F688A911F
ERR525905	2015-06-02 13:47:30	2022-07-22 22:22:46	19920115	3968971140	19920115	199	2419		https://sra-downloadb.be-md.ncbi.nlm.nih.gov/sos13/sra-pub-zq-1301/ERR000/525/ERR525905/ERR525905.lite.2	ERX491140	GUTfirMBLDFAAPEI-2	WGS	other	METAGENOMIC	PAIRED	328	0	ILLUMINA	Illumina HiSeq 2000	ERP005989	PRJEB6456		285453	ERS473240	SAMEA2580122	simple	408170	human gut metagenome	SAMEA2580122							no					BGI	ERA315811		public	EFF738AA1C4F030F47C4B7E9B90BE447	4A66C72072710DF9A5CA8B2B32EEA1D2
ERR525908	2015-06-02 13:47:39	2022-07-16 21:06:30	17375424	3463260190	17375424	199	2074		https://sra-downloadb.be-md.ncbi.nlm.nih.gov/sos1/sra-pub-zq-38/ERR000/525/ERR525908/ERR525908.lite.2	ERX491143	INFdxqMBQDFAAPEI-7	WGS	other	METAGENOMIC	PAIRED	340	0	ILLUMINA	Illumina HiSeq 2000	ERP005989	PRJEB6456		285453	ERS473243	SAMEA2580125	simple	408170	human gut metagenome	SAMEA2580125							no					BGI	ERA315811		public	97A9B4D9183A9591C6B9D3F828A04B56	1ED085F41A013CC8371E2615E1FF674B
ERR525912	2015-06-02 13:47:11	2022-07-19 14:01:15	25574884	5103893390	25574884	199	3006		https://sra-downloadb.be-md.ncbi.nlm.nih.gov/sos1/sra-pub-zq-38/ERR000/525/ERR525912/ERR525912.lite.2	ERX491147	GUTfirMMCDFAAPEI-11	WGS	other	METAGENOMIC	PAIRED	340	0	ILLUMINA	Illumina HiSeq 2000	ERP005989	PRJEB6456		285453	ERS473247	SAMEA2580129	simple	408170	human gut metagenome	SAMEA2580129							no					BGI	ERA315811		public	7FCEFAB1E6A49EDF94D9FD203294C34B	572E6704BDD98B28F8D2349566D95915
ERR525915	2015-06-02 13:47:17	2022-07-20 09:46:33	29737564	5936790060	29737564	199	3405		https://sra-downloadb.be-md.ncbi.nlm.nih.gov/sos9/sra-pub-zq-924/ERR000/525/ERR525915/ERR525915.lite.2	ERX491150	GUTfirMMDDFAAPEI-12	WGS	other	METAGENOMIC	PAIRED	331	0	ILLUMINA	Illumina HiSeq 2000	ERP005989	PRJEB6456		285453	ERS473250	SAMEA2580132	simple	408170	human gut metagenome	SAMEA2580132							no					BGI	ERA315811		public	0EFC9AE456C9834FA526FE8EB9C0F283	A79C057CEFE2A48EF4EEE7C976C91033
ERR525917	2015-06-02 13:47:31	2022-07-15 17:18:17	18650023	3721449230	18650023	199	2087		https://sra-downloadb.be-md.ncbi.nlm.nih.gov/sos1/sra-pub-zq-38/ERR000/525/ERR525917/ERR525917.lite.2	ERX491152	INFgtjMMFDFAAPEI-10	WGS	other	METAGENOMIC	PAIRED	330	0	ILLUMINA	Illumina HiSeq 2000	ERP005989	PRJEB6456		285453	ERS473252	SAMEA2580134	simple	408170	human gut metagenome	SAMEA2580134							no					BGI	ERA315811		public	D4D76027BC0151F089475A611180C96C	860D97204609D5EE2B4E72F0CDA655C9
ERR525918	2015-06-02 13:47:11	2022-08-01 23:46:09	19228767	3835201850	19228767	199	2154		https://sra-downloadb.be-md.ncbi.nlm.nih.gov/sos9/sra-pub-zq-924/ERR000/525/ERR525918/ERR525918.lite.2	ERX491153	INFgtjMMEDFAAPEI-9	WGS	other	METAGENOMIC	PAIRED	336	0	ILLUMINA	Illumina HiSeq 2000	ERP005989	PRJEB6456		285453	ERS473253	SAMEA2580135	simple	408170	human gut metagenome	SAMEA2580135							no					BGI	ERA315811		public	6A85E0EECF0582757E060679C6C22CBB	D6DE1531091DD555292293AB6151B63B
ERR525919	2015-06-02 13:47:11	2022-07-16 22:58:47	19262930	3839170010	19262930	199	2252		https://sra-downloadb.be-md.ncbi.nlm.nih.gov/sos1/sra-pub-zq-38/ERR000/525/ERR525919/ERR525919.lite.2	ERX491154	INFgtjMMHDFAAPEI-12	WGS	other	METAGENOMIC	PAIRED	327	0	ILLUMINA	Illumina HiSeq 2000	ERP005989	PRJEB6456		285453	ERS473254	SAMEA2580136	simple	408170	human gut metagenome	SAMEA2580136							no					BGI	ERA315811		public	EC0CA05859B6EAB0D27F6C64BDD173AE	10A1A0C292D1BBAF5686192AE9BCFCF7
ERR525920	2015-06-02 13:47:11	2022-07-22 22:21:33	20129288	4015357390	20129288	199	2372		https://sra-downloadb.be-md.ncbi.nlm.nih.gov/sos1/sra-pub-zq-38/ERR000/525/ERR525920/ERR525920.lite.2	ERX491155	GUTfirMMKDFAAPEI-3	WGS	other	METAGENOMIC	PAIRED	350	0	ILLUMINA	Illumina HiSeq 2000	ERP005989	PRJEB6456		285453	ERS473255	SAMEA2580137	simple	408170	human gut metagenome	SAMEA2580137							no					BGI	ERA315811		public	F250AF60B9C60CF5E5B9BBA1164B9D7F	A670B398A8B11BDECD0F05229906B46A
ERR525922	2015-06-02 13:47:12	2022-07-21 02:40:46	19698873	3924928770	19698873	199	2442		https://sra-downloadb.be-md.ncbi.nlm.nih.gov/sos8/sra-pub-zq-820/ERR000/525/ERR525922/ERR525922.lite.2	ERX491157	GUTfirMMIDFAAPEI-1	WGS	other	METAGENOMIC	PAIRED	339	0	ILLUMINA	Illumina HiSeq 2000	ERP005989	PRJEB6456		285453	ERS473257	SAMEA2580139	simple	408170	human gut metagenome	SAMEA2580139							no					BGI	ERA315811		public	C39697BC06A7270065E8B035FC1CE9A0	8386C4C693EFD4651786F010B200D3C5
ERR525925	2015-06-02 13:47:14	2022-07-21 02:42:49	23273688	4641679330	23273688	199	2675		https://sra-downloadb.be-md.ncbi.nlm.nih.gov/sos13/sra-pub-zq-1301/ERR000/525/ERR525925/ERR525925.lite.2	ERX491160	INFgtjMBUDFAAPEI-11	WGS	other	METAGENOMIC	PAIRED	335	0	ILLUMINA	Illumina HiSeq 2000	ERP005989	PRJEB6456		285453	ERS473260	SAMEA2580142	simple	408170	human gut metagenome	SAMEA2580142							no					BGI	ERA315811		public	2B03B6B7737118FB93E373788D41E591	A756543666BF9892C193D99EE3A124F1
ERR525926	2015-06-02 13:47:14	2022-07-21 03:39:11	25493982	5089216530	25493982	199	2954		https://sra-downloadb.be-md.ncbi.nlm.nih.gov/sos8/sra-pub-zq-820/ERR000/525/ERR525926/ERR525926.lite.2	ERX491161	GUTfirMMNDFAAPEI-6	WGS	other	METAGENOMIC	PAIRED	338	0	ILLUMINA	Illumina HiSeq 2000	ERP005989	PRJEB6456		285453	ERS473261	SAMEA2580143	simple	408170	human gut metagenome	SAMEA2580143							no					BGI	ERA315811		public	3B9BFE4AB6FA31F2C79E0DF734712DC2	1F0C858140E8ED91160EF9AD83E26441
ERR525929	2015-06-02 13:47:14	2022-07-21 02:47:24	22279455	4446066740	22279455	199	2495		https://sra-downloadb.be-md.ncbi.nlm.nih.gov/sos13/sra-pub-zq-1301/ERR000/525/ERR525929/ERR525929.lite.2	ERX491164	INFgtjMBTDFAAPEI-10	WGS	other	METAGENOMIC	PAIRED	333	0	ILLUMINA	Illumina HiSeq 2000	ERP005989	PRJEB6456		285453	ERS473264	SAMEA2580146	simple	408170	human gut metagenome	SAMEA2580146							no					BGI	ERA315811		public	013D245305EA762086DE0F01B7EDB276	33E8AC8769F58138AA1D23DF0FE04F47
ERR525931	2015-06-02 13:47:39	2022-07-22 23:20:59	20450042	4079515380	20450042	199	2314		https://sra-downloadb.be-md.ncbi.nlm.nih.gov/sos1/sra-pub-zq-38/ERR000/525/ERR525931/ERR525931.lite.2	ERX491166	INFgtjMBVDFAAPEI-12	WGS	other	METAGENOMIC	PAIRED	330	0	ILLUMINA	Illumina HiSeq 2000	ERP005989	PRJEB6456		285453	ERS473266	SAMEA2580148	simple	408170	human gut metagenome	SAMEA2580148							no					BGI	ERA315811		public	D1225BFC5499AB0225E768FC1B6D9DDE	8B131C6E82DF6FC91124D900D957710C
ERR525932	2015-06-02 13:47:14	2022-07-15 05:46:13	21055165	4202253180	21055165	199	2487		https://sra-downloadb.be-md.ncbi.nlm.nih.gov/sos13/sra-pub-zq-1301/ERR000/525/ERR525932/ERR525932.lite.2	ERX491167	GUTfirMMWDFAAPEI-11	WGS	other	METAGENOMIC	PAIRED	326	0	ILLUMINA	Illumina HiSeq 2000	ERP005989	PRJEB6456		285453	ERS473267	SAMEA2580149	simple	408170	human gut metagenome	SAMEA2580149							no					BGI	ERA315811		public	4CB9164FACA9AD28B67D670318E236F3	F40CB1FD6DDD049AE38C97D5032DE3BD
ERR525934	2015-06-02 13:47:14	2022-07-31 23:59:57	22452104	4478554940	22452104	199	2731		https://sra-downloadb.be-md.ncbi.nlm.nih.gov/sos8/sra-pub-zq-818/ERR000/525/ERR525934/ERR525934.lite.2	ERX491169	GUTfirMMUDFAAPEI-9	WGS	other	METAGENOMIC	PAIRED	339	0	ILLUMINA	Illumina HiSeq 2000	ERP005989	PRJEB6456		285453	ERS473269	SAMEA2580151	simple	408170	human gut metagenome	SAMEA2580151							no					BGI	ERA315811		public	C99112384EB4695C2ECCB229D00AA2FB	EFC16CDE9022F477578A6F6D741C3309
ERR525935	2015-06-02 13:47:14	2022-07-17 16:56:04	27747376	5535350960	27747376	199	3271		https://sra-downloadb.be-md.ncbi.nlm.nih.gov/sos1/sra-pub-zq-38/ERR000/525/ERR525935/ERR525935.lite.2	ERX491170	GUTfirMMXDFAAPEI-12	WGS	other	METAGENOMIC	PAIRED	335	0	ILLUMINA	Illumina HiSeq 2000	ERP005989	PRJEB6456		285453	ERS473270	SAMEA2580152	simple	408170	human gut metagenome	SAMEA2580152							no					BGI	ERA315811		public	58C7BA1FBDE5B97E16EDB90DBFE275DE	708D42DF06F332C06414DF54BCACF346
ERR525936	2015-06-02 13:47:15	2022-07-20 07:27:28	28204093	5630720010	28204093	199	3251		https://sra-downloadb.be-md.ncbi.nlm.nih.gov/sos13/sra-pub-zq-1301/ERR000/525/ERR525936/ERR525936.lite.2	ERX491171	GUTfirMNADFAAPEI-3	WGS	other	METAGENOMIC	PAIRED	339	0	ILLUMINA	Illumina HiSeq 2000	ERP005989	PRJEB6456		285453	ERS473271	SAMEA2580153	simple	408170	human gut metagenome	SAMEA2580153							no					BGI	ERA315811		public	0E1B1AC531E380F5D41D16819933D908	EC581206561F6572EB734362C83DDF98
ERR525938	2015-06-02 13:47:18	2022-07-14 08:37:58	29511493	5897176030	29511493	199	3196		https://sra-downloadb.be-md.ncbi.nlm.nih.gov/sos1/sra-pub-zq-38/ERR000/525/ERR525938/ERR525938.lite.2	ERX491173	GUTfirMMYDFAAPEI-1	WGS	other	METAGENOMIC	PAIRED	332	0	ILLUMINA	Illumina HiSeq 2000	ERP005989	PRJEB6456		285453	ERS473273	SAMEA2580155	simple	408170	human gut metagenome	SAMEA2580155							no					BGI	ERA315811		public	39458312FEDF8E638ACFB6CA425AAA02	0A525799A432666B368D0756D6E6AB46
ERR525942	2015-06-02 13:47:15	2022-07-16 16:27:04	17196786	3427022730	17196786	199	2067		https://sra-downloadb.be-md.ncbi.nlm.nih.gov/sos13/sra-pub-zq-1301/ERR000/525/ERR525942/ERR525942.lite.2	ERX491177	INFgtjMNCDFAAPEI-1	WGS	other	METAGENOMIC	PAIRED	339	0	ILLUMINA	Illumina HiSeq 2000	ERP005989	PRJEB6456		285453	ERS473277	SAMEA2580159	simple	408170	human gut metagenome	SAMEA2580159							no					BGI	ERA315811		public	AD7051E71CD68201E2CCBF4CC095FE84	EEA724BC5F753F139F8B4A11B579ACCB
ERR525951	2015-06-02 13:47:39	2022-07-22 23:13:09	18932938	3766117940	18932938	198	2305		https://sra-downloadb.be-md.ncbi.nlm.nih.gov/sos13/sra-pub-zq-1301/ERR000/525/ERR525951/ERR525951.lite.2	ERX491186	INFgtjMNLDFAAPEI-6	WGS	other	METAGENOMIC	PAIRED	331	0	ILLUMINA	Illumina HiSeq 2000	ERP005989	PRJEB6456		285453	ERS473286	SAMEA2580168	simple	408170	human gut metagenome	SAMEA2580168							no					BGI	ERA315811		public	CBC6D2C52A342BAC81FBD5CFF231BF84	851679E9A8EE342A5BD94822F8569B44
ERR525954	2015-06-02 13:47:16	2022-07-16 17:29:45	13367513	2665203880	13367513	199	1620		https://sra-downloadb.be-md.ncbi.nlm.nih.gov/sos9/sra-pub-zq-924/ERR000/525/ERR525954/ERR525954.lite.2	ERX491189	INFdxqMBWDFAAPEI-9	WGS	other	METAGENOMIC	PAIRED	337	0	ILLUMINA	Illumina HiSeq 2000	ERP005989	PRJEB6456		285453	ERS473289	SAMEA2580171	simple	408170	human gut metagenome	SAMEA2580171							no					BGI	ERA315811		public	54A614CB1B819CFBF45401425A15CB78	AD006FCE3F0161CD828089F44438E4F3
ERR525956	2015-06-02 13:47:39	2022-07-22 23:11:12	18607087	3710579060	18607087	199	2260		https://sra-downloadb.be-md.ncbi.nlm.nih.gov/sos13/sra-pub-zq-1301/ERR000/525/ERR525956/ERR525956.lite.2	ERX491191	GUTfirMNQDFAAPEI-11	WGS	other	METAGENOMIC	PAIRED	328	0	ILLUMINA	Illumina HiSeq 2000	ERP005989	PRJEB6456		285453	ERS473291	SAMEA2580173	simple	408170	human gut metagenome	SAMEA2580173							no					BGI	ERA315811		public	3E3F243692E640E4F9C57C746CC40A3D	859B261DD9238EFD086EDD7BA7080CA9
ERR525958	2015-06-02 13:47:07	2022-07-21 02:53:22	24862281	4964063130	24862281	199	2959		https://sra-downloadb.be-md.ncbi.nlm.nih.gov/sos8/sra-pub-zq-820/ERR000/525/ERR525958/ERR525958.lite.2	ERX491193	GUTfirMNODFAAPEI-9	WGS	other	METAGENOMIC	PAIRED	330	0	ILLUMINA	Illumina HiSeq 2000	ERP005989	PRJEB6456		285453	ERS473293	SAMEA2580175	simple	408170	human gut metagenome	SAMEA2580175							no					BGI	ERA315811		public	B5FFBE52ACAA38132813513256BC8297	A38ED2BE9B7DA7283F778ED91B40C916
ERR525962	2015-06-02 13:47:40	2022-07-22 23:11:37	19033734	3789394230	19033734	199	2388		https://sra-downloadb.be-md.ncbi.nlm.nih.gov/sos1/sra-pub-zq-38/ERR000/525/ERR525962/ERR525962.lite.2	ERX491197	GUTfirMNWDFAAPEI-1	WGS	other	METAGENOMIC	PAIRED	338	0	ILLUMINA	Illumina HiSeq 2000	ERP005989	PRJEB6456		285453	ERS473297	SAMEA2580179	simple	408170	human gut metagenome	SAMEA2580179							no					BGI	ERA315811		public	DCC8129BD467312F30C0ABD77BE78E32	56B19771D80F907B8C2C6C5E77510B6C
ERR525965	2015-06-02 13:47:40	2022-07-14 08:18:11	21410834	4270379740	21410834	199	2550		https://sra-downloadb.be-md.ncbi.nlm.nih.gov/sos1/sra-pub-zq-38/ERR000/525/ERR525965/ERR525965.lite.2	ERX491200	INFdxqMOBDFAAPEI-2	WGS	other	METAGENOMIC	PAIRED	326	0	ILLUMINA	Illumina HiSeq 2000	ERP005989	PRJEB6456		285453	ERS473300	SAMEA2580182	simple	408170	human gut metagenome	SAMEA2580182							no					BGI	ERA315811		public	C4F44B03F9E8664C116656461793D1B4	03799E70C6BBD1987C56EE5DB97084B3
ERR525973	2015-06-02 13:47:40	2022-07-22 23:12:31	20098466	4005926220	20098466	199	2416		https://sra-downloadb.be-md.ncbi.nlm.nih.gov/sos8/sra-pub-zq-820/ERR000/525/ERR525973/ERR525973.lite.2	ERX491208	GUTfirMORDFAAPEI-10	WGS	other	METAGENOMIC	PAIRED	334	0	ILLUMINA	Illumina HiSeq 2000	ERP005989	PRJEB6456		285453	ERS473308	SAMEA2580190	simple	408170	human gut metagenome	SAMEA2580190							no					BGI	ERA315811		public	B07367C9F7DE9BCC2973A811B747D9D5	5DE5A9BAF26B65349281DBC85463EBE6
ERR525974	2015-06-02 13:47:16	2022-07-21 02:44:20	18348898	3657729090	18348898	199	2223		https://sra-downloadb.be-md.ncbi.nlm.nih.gov/sos8/sra-pub-zq-820/ERR000/525/ERR525974/ERR525974.lite.2	ERX491209	GUTfirMOQDFAAPEI-9	WGS	other	METAGENOMIC	PAIRED	344	0	ILLUMINA	Illumina HiSeq 2000	ERP005989	PRJEB6456		285453	ERS473309	SAMEA2580191	simple	408170	human gut metagenome	SAMEA2580191							no					BGI	ERA315811		public	AEAF55E918EDBC2CF57A2DF1BEAECCDF	51E7FD24F6671E95C61BFECED9B9B9BF
ERR525975	2015-06-02 13:47:40	2022-07-17 20:25:19	18765639	3738725220	18765639	199	2259		https://sra-downloadb.be-md.ncbi.nlm.nih.gov/sos1/sra-pub-zq-38/ERR000/525/ERR525975/ERR525975.lite.2	ERX491210	GUTfirMOTDFAAPEI-12	WGS	other	METAGENOMIC	PAIRED	332	0	ILLUMINA	Illumina HiSeq 2000	ERP005989	PRJEB6456		285453	ERS473310	SAMEA2580192	simple	408170	human gut metagenome	SAMEA2580192							no					BGI	ERA315811		public	7C197F7B8373A28D544414DE18805532	B6C60E36C0925EBCCF35D08B19FA0F95
ERR525976	2015-06-02 13:47:18	2022-07-20 07:25:03	20228584	4036828080	20228584	199	2231		https://sra-downloadb.be-md.ncbi.nlm.nih.gov/sos1/sra-pub-zq-38/ERR000/525/ERR525976/ERR525976.lite.2	ERX491211	INFgtjMOWDFAAPEI-11	WGS	other	METAGENOMIC	PAIRED	332	0	ILLUMINA	Illumina HiSeq 2000	ERP005989	PRJEB6456		285453	ERS473311	SAMEA2580193	simple	408170	human gut metagenome	SAMEA2580193							no					BGI	ERA315811		public	A989195BA6A20B00FBDE36F489B99F22	45A02263974A70A60485F765E47AEAEC
ERR525977	2015-06-02 13:47:18	2022-07-20 07:52:13	16633485	3306730650	16633485	198	2038		https://sra-downloadb.be-md.ncbi.nlm.nih.gov/sos8/sra-pub-zq-820/ERR000/525/ERR525977/ERR525977.lite.2	ERX491212	INFgtjMOVDFAAPEI-10	WGS	other	METAGENOMIC	PAIRED	332	0	ILLUMINA	Illumina HiSeq 2000	ERP005989	PRJEB6456		285453	ERS473312	SAMEA2580194	simple	408170	human gut metagenome	SAMEA2580194							no					BGI	ERA315811		public	872FC5D80DBEFABBED500FF12C82866C	866816F734A820CCD36747BA92EE543B
ERR525979	2015-06-02 13:47:41	2022-07-17 20:21:57	18432206	3674522250	18432206	199	2115		https://sra-downloadb.be-md.ncbi.nlm.nih.gov/sos9/sra-pub-zq-924/ERR000/525/ERR525979/ERR525979.lite.2	ERX491214	INFgtjMOXDFAAPEI-12	WGS	other	METAGENOMIC	PAIRED	329	0	ILLUMINA	Illumina HiSeq 2000	ERP005989	PRJEB6456		285453	ERS473314	SAMEA2580196	simple	408170	human gut metagenome	SAMEA2580196							no					BGI	ERA315811		public	0AB83DD04AB4C46AC2CF1AA996B9DF49	45AE6ED851BCAA75BE5C45D2B2F1113E
ERR525980	2015-06-02 13:47:40	2022-07-22 23:09:47	19880014	3961359480	19880014	199	2414		https://sra-downloadb.be-md.ncbi.nlm.nih.gov/sos8/sra-pub-zq-820/ERR000/525/ERR525980/ERR525980.lite.2	ERX491215	GUTfirMPADFAAPEI-3	WGS	other	METAGENOMIC	PAIRED	331	0	ILLUMINA	Illumina HiSeq 2000	ERP005989	PRJEB6456		285453	ERS473315	SAMEA2580197	simple	408170	human gut metagenome	SAMEA2580197							no					BGI	ERA315811		public	288D0E93295ABD88EA8B390AE77A04D3	A0B0F666973D280C577B3E5C490DD3E8
ERR525981	2015-06-02 13:47:17	2022-07-22 22:56:41	16112302	3205613270	16112302	198	1978		https://sra-downloadb.be-md.ncbi.nlm.nih.gov/sos13/sra-pub-zq-1301/ERR000/525/ERR525981/ERR525981.lite.2	ERX491216	GUTfirMOZDFAAPEI-2	WGS	other	METAGENOMIC	PAIRED	336	0	ILLUMINA	Illumina HiSeq 2000	ERP005989	PRJEB6456		285453	ERS473316	SAMEA2580198	simple	408170	human gut metagenome	SAMEA2580198							no					BGI	ERA315811		public	164430B5A27EE778367B56B7BABB43A9	8E3DD5E6C05B0BF6F25BD00DEDC2281B
ERR525986	2015-06-02 13:47:21	2022-07-13 20:28:41	22351128	4460024090	22351128	199	2641		https://sra-downloadb.be-md.ncbi.nlm.nih.gov/sos1/sra-pub-zq-38/ERR000/525/ERR525986/ERR525986.lite.2	ERX491221	GUTfirMPCDFAAPEI-5	WGS	other	METAGENOMIC	PAIRED	340	0	ILLUMINA	Illumina HiSeq 2000	ERP005989	PRJEB6456		285453	ERS473321	SAMEA2580203	simple	408170	human gut metagenome	SAMEA2580203							no					BGI	ERA315811		public	25AED5846A4D2E71BED98AD5B5EB88A2	704AC8DABBA3F69F3770A783359DBB7D
ERR525987	2015-06-02 13:47:21	2022-07-21 02:39:20	21985877	4385125140	21985877	199	2595		https://sra-downloadb.be-md.ncbi.nlm.nih.gov/sos13/sra-pub-zq-1301/ERR000/525/ERR525987/ERR525987.lite.2	ERX491222	GUTfirMPFDFAAPEI-8	WGS	other	METAGENOMIC	PAIRED	339	0	ILLUMINA	Illumina HiSeq 2000	ERP005989	PRJEB6456		285453	ERS473322	SAMEA2580204	simple	408170	human gut metagenome	SAMEA2580204							no					BGI	ERA315811		public	1611614534383745A890CAF3F1A8AD73	2B5444534F15E2BDA917BF0ABEE9B473
ERR525989	2015-06-02 13:47:22	2022-07-15 05:45:40	18314094	3648766130	18314094	199	2224		https://sra-downloadb.be-md.ncbi.nlm.nih.gov/sos1/sra-pub-zq-38/ERR000/525/ERR525989/ERR525989.lite.2	ERX491224	GUTfirMPHDFAAPEI-10	WGS	other	METAGENOMIC	PAIRED	332	0	ILLUMINA	Illumina HiSeq 2000	ERP005989	PRJEB6456		285453	ERS473324	SAMEA2580206	simple	408170	human gut metagenome	SAMEA2580206							no					BGI	ERA315811		public	767FC76DDA9D2C65C961A8860DC30A2C	730B5FF09ED5986E6294325F37BF470C
ERR525998	2015-06-02 13:47:22	2022-07-20 07:22:24	16188505	3232583530	16188505	199	1870		https://sra-downloadb.be-md.ncbi.nlm.nih.gov/sos1/sra-pub-zq-38/ERR000/525/ERR525998/ERR525998.lite.2	ERX491233	INFdxqMPODFAAPEI-5	WGS	other	METAGENOMIC	PAIRED	343	0	ILLUMINA	Illumina HiSeq 2000	ERP005989	PRJEB6456		285453	ERS473333	SAMEA2580215	simple	408170	human gut metagenome	SAMEA2580215							no					BGI	ERA315811		public	1507465A61364A46E9A010A31A1F7A36	21749AC89DA84A1C852E576FE2F5B944
ERR526004	2015-06-02 13:47:18	2022-07-29 23:02:09	25009176	4993402070	25009176	199	2929		https://sra-downloadb.be-md.ncbi.nlm.nih.gov/sos8/sra-pub-zq-820/ERR000/526/ERR526004/ERR526004.lite.2	ERX491239	GUTfirMPYDFAAPEI-7	WGS	other	METAGENOMIC	PAIRED	337	0	ILLUMINA	Illumina HiSeq 2000	ERP005989	PRJEB6456		285453	ERS473339	SAMEA2580221	simple	408170	human gut metagenome	SAMEA2580221							no					BGI	ERA315811		public	4CE76439B0ECBDB406171EB1E4C77C55	E7777010C37E4495ACDC2A814BCF58D3
ERR526006	2015-06-02 13:47:18	2022-07-29 20:03:52	21460344	4285211930	21460344	199	2494		https://sra-downloadb.be-md.ncbi.nlm.nih.gov/sos1/sra-pub-zq-38/ERR000/526/ERR526006/ERR526006.lite.2	ERX491241	GUTfirMPWDFAAPEI-5	WGS	other	METAGENOMIC	PAIRED	341	0	ILLUMINA	Illumina HiSeq 2000	ERP005989	PRJEB6456		285453	ERS473341	SAMEA2580223	simple	408170	human gut metagenome	SAMEA2580223							no					BGI	ERA315811		public	D55DAB39975A71AD413B2459C2ADDC27	4B3C3DD88C7DA0A1EC777611F0D61AAB
ERR526008	2015-06-02 13:47:24	2022-07-22 22:14:33	22807740	4553467660	22807740	199	2656		https://sra-downloadb.be-md.ncbi.nlm.nih.gov/sos8/sra-pub-zq-818/ERR000/526/ERR526008/ERR526008.lite.2	ERX491243	GUTfirMQCDFAAPEI-11	WGS	other	METAGENOMIC	PAIRED	335	0	ILLUMINA	Illumina HiSeq 2000	ERP005989	PRJEB6456		285453	ERS473343	SAMEA2580225	simple	408170	human gut metagenome	SAMEA2580225							no					BGI	ERA315811		public	751BC6CFA8DC9CAD3D6A4CCB0358B2DA	608B883EEA44085468377C1F7494088F
ERR526011	2015-06-02 13:47:25	2022-07-20 09:21:14	19269470	3843691760	19269470	199	2336		https://sra-downloadb.be-md.ncbi.nlm.nih.gov/sos1/sra-pub-zq-38/ERR000/526/ERR526011/ERR526011.lite.2	ERX491246	GUTfirMQDDFAAPEI-12	WGS	other	METAGENOMIC	PAIRED	335	0	ILLUMINA	Illumina HiSeq 2000	ERP005989	PRJEB6456		285453	ERS473346	SAMEA2580228	simple	408170	human gut metagenome	SAMEA2580228							no					BGI	ERA315811		public	9F526C851BC353BC1AF92591CD7E50FF	456FE3E03D403C5C35424600E4F80EBE
ERR526012	2015-06-02 13:47:41	2022-07-22 23:13:19	24561450	4900476660	24561450	199	2865		https://sra-downloadb.be-md.ncbi.nlm.nih.gov/sos8/sra-pub-zq-818/ERR000/526/ERR526012/ERR526012.lite.2	ERX491247	GUTfirMQGDFAAPEI-3	WGS	other	METAGENOMIC	PAIRED	340	0	ILLUMINA	Illumina HiSeq 2000	ERP005989	PRJEB6456		285453	ERS473347	SAMEA2580229	simple	408170	human gut metagenome	SAMEA2580229							no					BGI	ERA315811		public	C73ACB9FFCFAD27EE662A28DC1FD5666	0BCAA4250B3DAA3D81211DF2E3C64FF9
ERR526013	2015-06-02 13:47:25	2022-07-14 06:22:38	21693963	4328074950	21693963	199	2579		https://sra-downloadb.be-md.ncbi.nlm.nih.gov/sos1/sra-pub-zq-38/ERR000/526/ERR526013/ERR526013.lite.2	ERX491248	GUTfirMQFDFAAPEI-2	WGS	other	METAGENOMIC	PAIRED	328	0	ILLUMINA	Illumina HiSeq 2000	ERP005989	PRJEB6456		285453	ERS473348	SAMEA2580230	simple	408170	human gut metagenome	SAMEA2580230							no					BGI	ERA315811		public	91FA75A6FDD990642B0752530B235E9F	71F28FDAE85EA834B0FFE32225B84A9A
ERR526015	2015-06-02 13:47:25	2022-07-29 22:09:55	19223768	3833699830	19223768	199	2270		https://sra-downloadb.be-md.ncbi.nlm.nih.gov/sos9/sra-pub-zq-924/ERR000/526/ERR526015/ERR526015.lite.2	ERX491250	GUTfirMQHDFAAPEI-4	WGS	other	METAGENOMIC	PAIRED	341	0	ILLUMINA	Illumina HiSeq 2000	ERP005989	PRJEB6456		285453	ERS473350	SAMEA2580232	simple	408170	human gut metagenome	SAMEA2580232							no					BGI	ERA315811		public	8D3C074B6559AA9B6A4D8C398A467C4D	07EF3B7A1161C39A293A272C98C73C36
ERR526016	2015-06-02 13:47:41	2022-07-13 08:28:09	26917555	5371228420	26917555	199	3210		https://sra-downloadb.be-md.ncbi.nlm.nih.gov/sos13/sra-pub-zq-1301/ERR000/526/ERR526016/ERR526016.lite.2	ERX491251	GUTfirMQKDFAAPEI-7	WGS	other	METAGENOMIC	PAIRED	335	0	ILLUMINA	Illumina HiSeq 2000	ERP005989	PRJEB6456		285453	ERS473351	SAMEA2580233	simple	408170	human gut metagenome	SAMEA2580233							no					BGI	ERA315811		public	1DCCC5131FBE064F93C2DBF47E99EE74	DBA9A12B6805030AFB75B1D56907570F
ERR526018	2015-06-02 13:47:25	2022-07-22 22:31:57	14162913	2818107510	14162913	198	1741		https://sra-downloadb.be-md.ncbi.nlm.nih.gov/sos8/sra-pub-zq-818/ERR000/526/ERR526018/ERR526018.lite.2	ERX491253	GUTfirMQIDFAAPEI-5	WGS	other	METAGENOMIC	PAIRED	342	0	ILLUMINA	Illumina HiSeq 2000	ERP005989	PRJEB6456		285453	ERS473353	SAMEA2580235	simple	408170	human gut metagenome	SAMEA2580235							no					BGI	ERA315811		public	6834ADADCAC688CD65F0E02F0E86CDF0	77F86F26FEC572069E90D411E18890A7
ERR526021	2015-06-02 13:47:07	2022-07-16 18:24:35	19064276	3801427570	19064276	199	2304		https://sra-downloadb.be-md.ncbi.nlm.nih.gov/sos1/sra-pub-zq-38/ERR000/526/ERR526021/ERR526021.lite.2	ERX491256	GUTfirMQNDFAAPEI-10	WGS	other	METAGENOMIC	PAIRED	336	0	ILLUMINA	Illumina HiSeq 2000	ERP005989	PRJEB6456		285453	ERS473356	SAMEA2580238	simple	408170	human gut metagenome	SAMEA2580238							no					BGI	ERA315811		public	73E07EBCC24289206AC707A569E181D5	EB3ADC0BBB880B90373CFE14C9C70052
ERR526022	2015-06-02 13:47:42	2022-07-16 19:26:21	5041246	1006811400	5041246	199	577		https://sra-downloadb.be-md.ncbi.nlm.nih.gov/sos1/sra-pub-zq-38/ERR000/526/ERR526022/ERR526022.lite.2	ERX491257	GUTfirMQMDFAAPEI-9	WGS	other	METAGENOMIC	PAIRED	336	0	ILLUMINA	Illumina HiSeq 2000	ERP005989	PRJEB6456		285453	ERS473357	SAMEA2580239	simple	408170	human gut metagenome	SAMEA2580239							no					BGI	ERA315811		public	0D537391896D0695F00BBDD50DF1A845	B48EDEBC9F54C1A897BD4538AF68E69C
ERR526023	2015-06-02 13:47:25	2022-07-16 22:58:11	18031978	3593465240	18031978	199	2174		https://sra-downloadb.be-md.ncbi.nlm.nih.gov/sos9/sra-pub-zq-924/ERR000/526/ERR526023/ERR526023.lite.2	ERX491258	GUTfirMQPDFAAPEI-12	WGS	other	METAGENOMIC	PAIRED	335	0	ILLUMINA	Illumina HiSeq 2000	ERP005989	PRJEB6456		285453	ERS473358	SAMEA2580240	simple	408170	human gut metagenome	SAMEA2580240							no					BGI	ERA315811		public	71EF4000D2E6B51D3B9D1F48583148E3	3838C58B12C5E04B7B03BD5985FDFBA5
ERR526024	2015-06-02 13:47:12	2022-08-01 23:51:36	14273840	2851160580	14273840	199	1520		https://sra-downloadb.be-md.ncbi.nlm.nih.gov/sos1/sra-pub-zq-38/ERR000/526/ERR526024/ERR526024.lite.2	ERX491259	GUTfirMQSDFAAPEI-3	WGS	other	METAGENOMIC	PAIRED	334	0	ILLUMINA	Illumina HiSeq 2000	ERP005989	PRJEB6456		285453	ERS473359	SAMEA2580241	simple	408170	human gut metagenome	SAMEA2580241							no					BGI	ERA315811		public	314FEEEB00C8A07AF81A7DD400735CA3	5693CA064DFFBE342C2480592613BE28
ERR526029	2015-06-02 13:47:31	2022-07-22 22:11:23	17417318	3472465960	17417318	199	2065		https://sra-downloadb.be-md.ncbi.nlm.nih.gov/sos13/sra-pub-zq-1301/ERR000/526/ERR526029/ERR526029.lite.2	ERX491264	GUTfirMQVDFAAPEI-6	WGS	other	METAGENOMIC	PAIRED	342	0	ILLUMINA	Illumina HiSeq 2000	ERP005989	PRJEB6456		285453	ERS473364	SAMEA2580246	simple	408170	human gut metagenome	SAMEA2580246							no					BGI	ERA315811		public	FA97A94C0E9E5A10E00F86FEA0AAAB88	2FFD14882B35BEA49C60011472D37C08
ERR526030	2015-06-02 13:47:31	2022-07-14 08:58:25	12194885	2431373470	12194885	199	1442		https://sra-downloadb.be-md.ncbi.nlm.nih.gov/sos13/sra-pub-zq-1301/ERR000/526/ERR526030/ERR526030.lite.2	ERX491265	GUTfirMQUDFAAPEI-5	WGS	other	METAGENOMIC	PAIRED	339	0	ILLUMINA	Illumina HiSeq 2000	ERP005989	PRJEB6456		285453	ERS473365	SAMEA2580247	simple	408170	human gut metagenome	SAMEA2580247							no					BGI	ERA315811		public	3597623D30B026EF01BE05BEEAB62DBC	75F2C48221A7624D9F3FC33A2A98006A
ERR526032	2015-06-02 13:47:25	2022-07-22 22:11:20	10949381	2186516090	10949381	199	1186		https://sra-downloadb.be-md.ncbi.nlm.nih.gov/sos9/sra-pub-zq-924/ERR000/526/ERR526032/ERR526032.lite.2	ERX491267	GUTfirMRADFAAPEI-11	WGS	other	METAGENOMIC	PAIRED	333	0	ILLUMINA	Illumina HiSeq 2000	ERP005989	PRJEB6456		285453	ERS473367	SAMEA2580249	simple	408170	human gut metagenome	SAMEA2580249							no					BGI	ERA315811		public	B1E326A3CA470AF7C4638499E14A93CE	87D7C39116956188B1A2842D2EF39051
ERR525786	2015-06-02 13:47:36	2022-07-22 23:10:14	16180076	3222706070	16180076	199	1902		https://sra-downloadb.be-md.ncbi.nlm.nih.gov/sos1/sra-pub-zq-38/ERR000/525/ERR525786/ERR525786.lite.2	ERX491021	GUTfirMHCDFAAPEI-5	WGS	other	METAGENOMIC	PAIRED	328	0	ILLUMINA	Illumina HiSeq 2000	ERP005989	PRJEB6456		285453	ERS473121	SAMEA2580003	simple	408170	human gut metagenome	SAMEA2580003							no					BGI	ERA315811		public	BDC1D7F8770B7D8D85A2EE19DBAB162D	13B0E53F1BF67EB881EC12F7C37830A5
ERR525787	2015-06-02 13:47:15	2022-07-31 23:53:18	18495980	3683749420	18495980	199	2161		https://sra-downloadb.be-md.ncbi.nlm.nih.gov/sos1/sra-pub-zq-38/ERR000/525/ERR525787/ERR525787.lite.2	ERX491022	GUTfirMHFDFAAPEI-8	WGS	other	METAGENOMIC	PAIRED	332	0	ILLUMINA	Illumina HiSeq 2000	ERP005989	PRJEB6456		285453	ERS473122	SAMEA2580004	simple	408170	human gut metagenome	SAMEA2580004							no					BGI	ERA315811		public	FBE24F46F4CDBB1793EBBB7366ABA7D6	8AE8FE6AE96077329C838E1C924CA377
ERR525788	2015-06-02 13:47:23	2022-07-12 16:21:02	19904988	3966007860	19904988	199	2319		https://sra-downloadb.be-md.ncbi.nlm.nih.gov/sos1/sra-pub-zq-38/ERR000/525/ERR525788/ERR525788.lite.2	ERX491023	GUTfirMHIDFAAPEI-11	WGS	other	METAGENOMIC	PAIRED	332	0	ILLUMINA	Illumina HiSeq 2000	ERP005989	PRJEB6456		285453	ERS473123	SAMEA2580005	simple	408170	human gut metagenome	SAMEA2580005							no					BGI	ERA315811		public	E3B12A1CBE38782335317873B2D3DBBF	F5A413B60AA2A3662BFC45B20225A609
ERR525789	2015-06-02 13:47:36	2022-07-29 20:02:27	15286197	3036338610	15286197	198	1827		https://sra-downloadb.be-md.ncbi.nlm.nih.gov/sos9/sra-pub-zq-924/ERR000/525/ERR525789/ERR525789.lite.2	ERX491024	GUTfirMHHDFAAPEI-10	WGS	other	METAGENOMIC	PAIRED	324	0	ILLUMINA	Illumina HiSeq 2000	ERP005989	PRJEB6456		285453	ERS473124	SAMEA2580006	simple	408170	human gut metagenome	SAMEA2580006							no					BGI	ERA315811		public	F1E7DE12CC6ACF377CAB0697D5452487	AB58E1E34E52DDA0B1364E6B3949F559
ERR525790	2015-06-02 13:47:23	2022-07-22 22:12:47	16496799	3285253130	16496799	199	1938		https://sra-downloadb.be-md.ncbi.nlm.nih.gov/sos1/sra-pub-zq-38/ERR000/525/ERR525790/ERR525790.lite.2	ERX491025	GUTfirMHGDFAAPEI-9	WGS	other	METAGENOMIC	PAIRED	335	0	ILLUMINA	Illumina HiSeq 2000	ERP005989	PRJEB6456		285453	ERS473125	SAMEA2580007	simple	408170	human gut metagenome	SAMEA2580007							no					BGI	ERA315811		public	E22143743960624E065A2B6AEE609320	B7C878CC708DF4A910C66BA6535DF714
ERR525791	2015-06-02 13:47:17	2022-07-17 07:03:17	23094576	4602158640	23094576	199	2663		https://sra-downloadb.be-md.ncbi.nlm.nih.gov/sos1/sra-pub-zq-38/ERR000/525/ERR525791/ERR525791.lite.2	ERX491026	GUTfirMHJDFAAPEI-12	WGS	other	METAGENOMIC	PAIRED	325	0	ILLUMINA	Illumina HiSeq 2000	ERP005989	PRJEB6456		285453	ERS473126	SAMEA2580008	simple	408170	human gut metagenome	SAMEA2580008							no					BGI	ERA315811		public	2827374FCF6FF6EB2B376176353A7D2A	DEC288648561AF236225338821769B01
ERR525793	2015-06-02 13:47:23	2022-07-21 02:47:03	17447064	3461153180	17447064	198	2207		https://sra-downloadb.be-md.ncbi.nlm.nih.gov/sos1/sra-pub-zq-38/ERR000/525/ERR525793/ERR525793.lite.2	ERX491028	GUTfirMHPDFAAPEI-2	WGS	other	METAGENOMIC	PAIRED	338	0	ILLUMINA	Illumina HiSeq 2000	ERP005989	PRJEB6456		285453	ERS473128	SAMEA2580010	simple	408170	human gut metagenome	SAMEA2580010							no					BGI	ERA315811		public	F0B9BAD1CB06CF0138908484D36CD79C	F161C0AE9D227E1015236922D32686E1
ERR525794	2015-06-02 13:47:36	2022-07-21 03:08:16	14885600	2956702040	14885600	198	1882		https://sra-downloadb.be-md.ncbi.nlm.nih.gov/sos1/sra-pub-zq-38/ERR000/525/ERR525794/ERR525794.lite.2	ERX491029	GUTfirMHODFAAPEI-1	WGS	other	METAGENOMIC	PAIRED	337	0	ILLUMINA	Illumina HiSeq 2000	ERP005989	PRJEB6456		285453	ERS473129	SAMEA2580011	simple	408170	human gut metagenome	SAMEA2580011							no					BGI	ERA315811		public	44023CB11FFA1620F91D071FF6875640	B958095528A9765DB504DDC90A4DF0A1
ERR525795	2015-06-02 13:47:36	2022-07-22 23:12:53	24121183	4806449440	24121183	199	2938		https://sra-downloadb.be-md.ncbi.nlm.nih.gov/sos9/sra-pub-zq-924/ERR000/525/ERR525795/ERR525795.lite.2	ERX491030	GUTfirMHRDFAAPEI-4	WGS	other	METAGENOMIC	PAIRED	344	0	ILLUMINA	Illumina HiSeq 2000	ERP005989	PRJEB6456		285453	ERS473130	SAMEA2580012	simple	408170	human gut metagenome	SAMEA2580012							no					BGI	ERA315811		public	487C40A826AAC38BA06DAB1991CEE549	B79BD264F5282A9B832032B6FAE7B558
ERR525796	2015-06-02 13:47:36	2022-07-20 07:45:49	22290406	4445066170	22290406	199	2668		https://sra-downloadb.be-md.ncbi.nlm.nih.gov/sos8/sra-pub-zq-820/ERR000/525/ERR525796/ERR525796.lite.2	ERX491031	GUTfirMHUDFAAPEI-7	WGS	other	METAGENOMIC	PAIRED	334	0	ILLUMINA	Illumina HiSeq 2000	ERP005989	PRJEB6456		285453	ERS473131	SAMEA2580013	simple	408170	human gut metagenome	SAMEA2580013							no					BGI	ERA315811		public	70D145CFFBC30A2D3B4FFC2159271C5C	E963EC8D32C5B03D453BB1F159A2F2B5
ERR525797	2015-06-02 13:47:24	2022-07-22 22:28:04	20206962	4027163210	20206962	199	2454		https://sra-downloadb.be-md.ncbi.nlm.nih.gov/sos8/sra-pub-zq-820/ERR000/525/ERR525797/ERR525797.lite.2	ERX491032	GUTfirMHTDFAAPEI-6	WGS	other	METAGENOMIC	PAIRED	329	0	ILLUMINA	Illumina HiSeq 2000	ERP005989	PRJEB6456		285453	ERS473132	SAMEA2580014	simple	408170	human gut metagenome	SAMEA2580014							no					BGI	ERA315811		public	103BDAC8E0810107D909344BB920BBC5	5333010E8E598D6AB3F0F46B08E6238C
ERR525798	2015-06-02 13:47:24	2022-07-13 23:43:19	14850752	2954070890	14850752	198	1858		https://sra-downloadb.be-md.ncbi.nlm.nih.gov/sos13/sra-pub-zq-1301/ERR000/525/ERR525798/ERR525798.lite.2	ERX491033	GUTfirMHSDFAAPEI-5	WGS	other	METAGENOMIC	PAIRED	335	0	ILLUMINA	Illumina HiSeq 2000	ERP005989	PRJEB6456		285453	ERS473133	SAMEA2580015	simple	408170	human gut metagenome	SAMEA2580015							no					BGI	ERA315811		public	C242CC6C99720B39498E67E29AEE6CB7	03BD474D5F45A5EE2DF552F5BD9077A9
ERR525801	2015-06-02 13:47:24	2022-07-14 23:11:21	21713908	4327508260	21713908	199	2658		https://sra-downloadb.be-md.ncbi.nlm.nih.gov/sos13/sra-pub-zq-1301/ERR000/525/ERR525801/ERR525801.lite.2	ERX491036	GUTfirMHYDFAAPEI-11	WGS	other	METAGENOMIC	PAIRED	336	0	ILLUMINA	Illumina HiSeq 2000	ERP005989	PRJEB6456		285453	ERS473136	SAMEA2580018	simple	408170	human gut metagenome	SAMEA2580018							no					BGI	ERA315811		public	960B5DF496A8AF2FFAE8A74E6A0405D7	BDE46DEA426369ABAC29217FF089D734
ERR525803	2015-06-02 13:47:07	2022-07-22 22:19:10	16862409	3358982300	16862409	199	2075		https://sra-downloadb.be-md.ncbi.nlm.nih.gov/sos1/sra-pub-zq-38/ERR000/525/ERR525803/ERR525803.lite.2	ERX491038	GUTfirMHWDFAAPEI-9	WGS	other	METAGENOMIC	PAIRED	341	0	ILLUMINA	Illumina HiSeq 2000	ERP005989	PRJEB6456		285453	ERS473138	SAMEA2580020	simple	408170	human gut metagenome	SAMEA2580020							no					BGI	ERA315811		public	C2DC4B71D5E8C29356500B8B669C5387	3C1E8260FA6787CA6E0746B215A0FC44
ERR525804	2015-06-02 13:47:07	2022-07-16 19:34:55	25447492	5081084010	25447492	199	2771		https://sra-downloadb.be-md.ncbi.nlm.nih.gov/sos9/sra-pub-zq-924/ERR000/525/ERR525804/ERR525804.lite.2	ERX491039	GUTfirMHZDFAAPEI-12	WGS	other	METAGENOMIC	PAIRED	347	0	ILLUMINA	Illumina HiSeq 2000	ERP005989	PRJEB6456		285453	ERS473139	SAMEA2580021	simple	408170	human gut metagenome	SAMEA2580021							no					BGI	ERA315811		public	31E08ED53C0567B382C2BAB20F92897F	8969CC8EF2C59176586F4D93054498C8
ERR525805	2015-06-02 13:47:07	2022-07-20 07:21:10	16570431	3289254730	16570431	198	2092		https://sra-downloadb.be-md.ncbi.nlm.nih.gov/sos1/sra-pub-zq-38/ERR000/525/ERR525805/ERR525805.lite.2	ERX491040	INFgtjMAZDFAAPEI-6	WGS	other	METAGENOMIC	PAIRED	344	0	ILLUMINA	Illumina HiSeq 2000	ERP005989	PRJEB6456		285453	ERS473140	SAMEA2580022	simple	408170	human gut metagenome	SAMEA2580022							no					BGI	ERA315811		public	E6413A3F449E8325438DE4B1DC6F0B59	4164D1A233E108F7809FCFA8CDFC23BA
ERR525807	2015-06-02 13:47:07	2022-07-17 06:58:50	19100167	3785922100	19100167	198	2438		https://sra-downloadb.be-md.ncbi.nlm.nih.gov/sos8/sra-pub-zq-820/ERR000/525/ERR525807/ERR525807.lite.2	ERX491042	GUTfirMIBDFAAPEI-2	WGS	other	METAGENOMIC	PAIRED	337	0	ILLUMINA	Illumina HiSeq 2000	ERP005989	PRJEB6456		285453	ERS473142	SAMEA2580024	simple	408170	human gut metagenome	SAMEA2580024							no					BGI	ERA315811		public	DCF12F585F067D79DEC2563E79A620E6	31FF25536748C716BA8F10347ABC1C7C
ERR525808	2015-06-02 13:47:08	2022-07-30 17:57:59	17560223	3506288970	17560223	199	1986		https://sra-downloadb.be-md.ncbi.nlm.nih.gov/sos1/sra-pub-zq-38/ERR000/525/ERR525808/ERR525808.lite.2	ERX491043	GUTfirMIADFAAPEI-1	WGS	other	METAGENOMIC	PAIRED	357	0	ILLUMINA	Illumina HiSeq 2000	ERP005989	PRJEB6456		285453	ERS473143	SAMEA2580025	simple	408170	human gut metagenome	SAMEA2580025							no					BGI	ERA315811		public	302BD2E83F5E6869878BD1D561F42558	C9597B9869F037CA86D8CFC39EE4F968
ERR525809	2015-06-02 13:47:08	2022-07-19 01:24:05	17767054	3537464210	17767054	199	2154		https://sra-downloadb.be-md.ncbi.nlm.nih.gov/sos13/sra-pub-zq-1301/ERR000/525/ERR525809/ERR525809.lite.2	ERX491044	GUTfirMIDDFAAPEI-4	WGS	other	METAGENOMIC	PAIRED	332	0	ILLUMINA	Illumina HiSeq 2000	ERP005989	PRJEB6456		285453	ERS473144	SAMEA2580026	simple	408170	human gut metagenome	SAMEA2580026							no					BGI	ERA315811		public	6590B89657468C669549E74A44E0B4BB	513EC305F22B49965E00EFA8FC4C574D
ERR525812	2015-06-02 13:47:36	2022-07-22 23:16:04	19974519	3976802370	19974519	199	2441		https://sra-downloadb.be-md.ncbi.nlm.nih.gov/sos9/sra-pub-zq-924/ERR000/525/ERR525812/ERR525812.lite.2	ERX491047	GUTfirMIEDFAAPEI-5	WGS	other	METAGENOMIC	PAIRED	319	0	ILLUMINA	Illumina HiSeq 2000	ERP005989	PRJEB6456		285453	ERS473147	SAMEA2580029	simple	408170	human gut metagenome	SAMEA2580029							no					BGI	ERA315811		public	0DA040FBBD263A3903DE1431A36603B9	0F33FC7EFF6EFC0B91796362600829C5
ERR525813	2015-06-02 13:47:08	2022-07-18 01:35:35	28645726	5719415030	28645726	199	3252		https://sra-downloadb.be-md.ncbi.nlm.nih.gov/sos1/sra-pub-zq-38/ERR000/525/ERR525813/ERR525813.lite.2	ERX491048	GUTfirMIHDFAAPEI-8	WGS	other	METAGENOMIC	PAIRED	323	0	ILLUMINA	Illumina HiSeq 2000	ERP005989	PRJEB6456		285453	ERS473148	SAMEA2580030	simple	408170	human gut metagenome	SAMEA2580030							no					BGI	ERA315811		public	3F86007B3B840BCC39245FFF6EC81FC1	F6B369543C10C6CB04B9C8B22D79B201
ERR525814	2015-06-02 13:47:08	2022-07-16 16:31:56	22932277	4581975480	0	199	2433		https://sra-downloadb.be-md.ncbi.nlm.nih.gov/sos13/sra-pub-zq-1301/ERR000/525/ERR525814/ERR525814.lite.2	ERX491049	INFgtjMAYDFAAPEI-5	WGS	other	METAGENOMIC	PAIRED	327	0	ILLUMINA	Illumina HiSeq 2000	ERP005989	PRJEB6456		285453	ERS473149	SAMEA2580031	simple	408170	human gut metagenome	SAMEA2580031							no					BGI	ERA315811		public	B2CA50CCA5F041B9BBD1CD861223FC1E	AA89994A7AE3CDC71A2D27D1CABB1F27
ERR525815	2015-06-02 13:47:08	2022-07-23 02:02:15	20899093	4164371190	20899093	199	2467		https://sra-downloadb.be-md.ncbi.nlm.nih.gov/sos1/sra-pub-zq-38/ERR000/525/ERR525815/ERR525815.lite.2	ERX491050	INFgtjMBBDFAAPEI-8	WGS	other	METAGENOMIC	PAIRED	337	0	ILLUMINA	Illumina HiSeq 2000	ERP005989	PRJEB6456		285453	ERS473150	SAMEA2580032	simple	408170	human gut metagenome	SAMEA2580032							no					BGI	ERA315811		public	FB4243F491B1B76E668BCDC8270DF879	CCD4961E9DD0001CD6541F19ABF97503
ERR525816	2015-06-02 13:47:08	2022-07-14 08:12:30	23011062	4596260910	23011062	199	2520		https://sra-downloadb.be-md.ncbi.nlm.nih.gov/sos8/sra-pub-zq-820/ERR000/525/ERR525816/ERR525816.lite.2	ERX491051	GUTfirMIKDFAAPEI-11	WGS	other	METAGENOMIC	PAIRED	483	0	ILLUMINA	Illumina HiSeq 2000	ERP005989	PRJEB6456		285453	ERS473151	SAMEA2580033	simple	408170	human gut metagenome	SAMEA2580033							no					BGI	ERA315811		public	F2801988514CE78AC975B0E8CCC79A69	483C85351AE06E7E68254FA48A0C5B02
ERR525817	2015-06-02 13:47:17	2022-07-21 02:56:09	28379685	5668910080	28379685	199	3075		https://sra-downloadb.be-md.ncbi.nlm.nih.gov/sos13/sra-pub-zq-1301/ERR000/525/ERR525817/ERR525817.lite.2	ERX491052	GUTfirMIJDFAAPEI-10	WGS	other	METAGENOMIC	PAIRED	481	0	ILLUMINA	Illumina HiSeq 2000	ERP005989	PRJEB6456		285453	ERS473152	SAMEA2580034	simple	408170	human gut metagenome	SAMEA2580034							no					BGI	ERA315811		public	260C76DA11C86788468CD98FB95DEBD3	58EDE3477018EAA5A52249A7AF281950
ERR525818	2015-06-02 13:47:15	2022-07-14 08:59:43	15438313	3083342960	15438313	199	1691		https://sra-downloadb.be-md.ncbi.nlm.nih.gov/sos13/sra-pub-zq-1301/ERR000/525/ERR525818/ERR525818.lite.2	ERX491053	GUTfirMIIDFAAPEI-9	WGS	other	METAGENOMIC	PAIRED	324	0	ILLUMINA	Illumina HiSeq 2000	ERP005989	PRJEB6456		285453	ERS473153	SAMEA2580035	simple	408170	human gut metagenome	SAMEA2580035							no					BGI	ERA315811		public	D05DB0DBF108F5D5EBC33FDC6FD2C2DD	8992DC659DA60590D5A6A6313F8948E1
ERR525819	2015-06-02 13:47:08	2022-07-12 17:37:29	21232092	4238301890	21232092	199	2409		https://sra-downloadb.be-md.ncbi.nlm.nih.gov/sos13/sra-pub-zq-1301/ERR000/525/ERR525819/ERR525819.lite.2	ERX491054	GUTfirMILDFAAPEI-12	WGS	other	METAGENOMIC	PAIRED	337	0	ILLUMINA	Illumina HiSeq 2000	ERP005989	PRJEB6456		285453	ERS473154	SAMEA2580036	simple	408170	human gut metagenome	SAMEA2580036							no					BGI	ERA315811		public	2E4D5FB0162F8ACFAF9767BEB375EDE2	AE00C16303FE1FB33A1EEABE4D4E28D6
ERR525820	2015-06-02 13:47:27	2022-07-14 06:32:28	20553307	4105011890	20553307	199	2233		https://sra-downloadb.be-md.ncbi.nlm.nih.gov/sos8/sra-pub-zq-820/ERR000/525/ERR525820/ERR525820.lite.2	ERX491055	GUTfirMIODFAAPEI-3	WGS	other	METAGENOMIC	PAIRED	341	0	ILLUMINA	Illumina HiSeq 2000	ERP005989	PRJEB6456		285453	ERS473155	SAMEA2580037	simple	408170	human gut metagenome	SAMEA2580037							no					BGI	ERA315811		public	488D5530BCCA0D33EB700DA5D50CB565	6BE94245AEF7CE0E56438722C8655FDC
ERR525822	2015-06-02 13:47:08	2022-07-13 08:24:08	15792248	3151689100	15792248	199	1839		https://sra-downloadb.be-md.ncbi.nlm.nih.gov/sos1/sra-pub-zq-38/ERR000/525/ERR525822/ERR525822.lite.2	ERX491057	GUTfirMIMDFAAPEI-1	WGS	other	METAGENOMIC	PAIRED	336	0	ILLUMINA	Illumina HiSeq 2000	ERP005989	PRJEB6456		285453	ERS473157	SAMEA2580039	simple	408170	human gut metagenome	SAMEA2580039							no					BGI	ERA315811		public	5192A3E4E0D0CB17AE7FA84B4C7A2A1D	AA81F797E43C06650916FD1DF9BBC617
ERR525823	2015-06-02 13:47:08	2022-07-21 02:42:41	21048045	4203894710	21048045	199	2272		https://sra-downloadb.be-md.ncbi.nlm.nih.gov/sos8/sra-pub-zq-820/ERR000/525/ERR525823/ERR525823.lite.2	ERX491058	GUTfirMIPDFAAPEI-4	WGS	other	METAGENOMIC	PAIRED	336	0	ILLUMINA	Illumina HiSeq 2000	ERP005989	PRJEB6456		285453	ERS473158	SAMEA2580040	simple	408170	human gut metagenome	SAMEA2580040							no					BGI	ERA315811		public	1C0BD4C1BD522D2D75590A523E06526F	7D2DA84164F7A4745E47211DE37BEBB9
ERR525825	2015-06-02 13:47:06	2022-07-13 20:46:55	14565872	2893666770	14565872	198	1804		https://sra-downloadb.be-md.ncbi.nlm.nih.gov/sos13/sra-pub-zq-1301/ERR000/525/ERR525825/ERR525825.lite.2	ERX491060	INFgtjMIRDFAAPEI-6	WGS	other	METAGENOMIC	PAIRED	338	0	ILLUMINA	Illumina HiSeq 2000	ERP005989	PRJEB6456		285453	ERS473160	SAMEA2580042	simple	408170	human gut metagenome	SAMEA2580042							no					BGI	ERA315811		public	AA26A7C02AF7B137EC416C26B42CF7DA	ABE2A5CBA27CC40DBD72729F907E4503
ERR525827	2015-06-02 13:47:09	2022-07-20 07:22:28	20285370	4046512730	20285370	199	2292		https://sra-downloadb.be-md.ncbi.nlm.nih.gov/sos9/sra-pub-zq-924/ERR000/525/ERR525827/ERR525827.lite.2	ERX491062	INFgtjMITDFAAPEI-8	WGS	other	METAGENOMIC	PAIRED	337	0	ILLUMINA	Illumina HiSeq 2000	ERP005989	PRJEB6456		285453	ERS473162	SAMEA2580044	simple	408170	human gut metagenome	SAMEA2580044							no					BGI	ERA315811		public	C41A2F34FA1C9492DF9ED459179ED7CC	3BA5C9950854D482E3BEF5B60FCA5EBE
ERR525828	2015-06-02 13:47:36	2022-07-17 06:59:19	21718903	4337482980	21718903	199	2372		https://sra-downloadb.be-md.ncbi.nlm.nih.gov/sos8/sra-pub-zq-820/ERR000/525/ERR525828/ERR525828.lite.2	ERX491063	GUTfirMIWDFAAPEI-7	WGS	other	METAGENOMIC	PAIRED	338	0	ILLUMINA	Illumina HiSeq 2000	ERP005989	PRJEB6456		285453	ERS473163	SAMEA2580045	simple	408170	human gut metagenome	SAMEA2580045							no					BGI	ERA315811		public	69676BF019B75D0EF3BAE107538EFB71	33130777DBDCEC1D97EE596B7592F324
ERR525829	2015-06-02 13:47:09	2022-08-01 23:48:55	18647075	3715920700	18647075	199	2244		https://sra-downloadb.be-md.ncbi.nlm.nih.gov/sos8/sra-pub-zq-820/ERR000/525/ERR525829/ERR525829.lite.2	ERX491064	GUTfirMIVDFAAPEI-6	WGS	other	METAGENOMIC	PAIRED	341	0	ILLUMINA	Illumina HiSeq 2000	ERP005989	PRJEB6456		285453	ERS473164	SAMEA2580046	simple	408170	human gut metagenome	SAMEA2580046							no					BGI	ERA315811		public	33C2317EE1A8F31911961CC8ECEC992C	29E54AE3DBFFAA89ECB729547BA94FA6
ERR525835	2015-06-02 13:47:41	2022-07-13 21:45:11	20112682	4016820410	20112682	199	2174		https://sra-downloadb.be-md.ncbi.nlm.nih.gov/sos1/sra-pub-zq-38/ERR000/525/ERR525835/ERR525835.lite.2	ERX491070	GUTfirMJBDFAAPEI-12	WGS	other	METAGENOMIC	PAIRED	327	0	ILLUMINA	Illumina HiSeq 2000	ERP005989	PRJEB6456		285453	ERS473170	SAMEA2580052	simple	408170	human gut metagenome	SAMEA2580052							no					BGI	ERA315811		public	8BCFB28FC439F283773527C174531D5A	938B65CDE9D92E40862FEAAEA3670F4E
ERR525837	2015-06-02 13:47:37	2022-07-14 06:18:27	18325655	3651208870	18325655	199	2264		https://sra-downloadb.be-md.ncbi.nlm.nih.gov/sos13/sra-pub-zq-1301/ERR000/525/ERR525837/ERR525837.lite.2	ERX491072	GUTfirMJDDFAAPEI-2	WGS	other	METAGENOMIC	PAIRED	323	0	ILLUMINA	Illumina HiSeq 2000	ERP005989	PRJEB6456		285453	ERS473172	SAMEA2580054	simple	408170	human gut metagenome	SAMEA2580054							no					BGI	ERA315811		public	000E403849444810A500E53554D687CE	D5BE70E5E1A9F1D731CFD815F26D02B3
ERR525838	2015-06-02 13:47:09	2022-07-22 22:33:16	14553990	2905632570	14553990	199	1627		https://sra-downloadb.be-md.ncbi.nlm.nih.gov/sos13/sra-pub-zq-1301/ERR000/525/ERR525838/ERR525838.lite.2	ERX491073	GUTfirMJCDFAAPEI-1	WGS	other	METAGENOMIC	PAIRED	332	0	ILLUMINA	Illumina HiSeq 2000	ERP005989	PRJEB6456		285453	ERS473173	SAMEA2580055	simple	408170	human gut metagenome	SAMEA2580055							no					BGI	ERA315811		public	685C094D06F22C11CEE70A429956A23F	AE35389BA3CD61470340B4D6405ECC6C
ERR525839	2015-06-02 13:47:37	2022-07-16 17:29:20	22745246	4539333770	22745246	199	2587		https://sra-downloadb.be-md.ncbi.nlm.nih.gov/sos13/sra-pub-zq-1301/ERR000/525/ERR525839/ERR525839.lite.2	ERX491074	GUTfirMJFDFAAPEI-4	WGS	other	METAGENOMIC	PAIRED	341	0	ILLUMINA	Illumina HiSeq 2000	ERP005989	PRJEB6456		285453	ERS473174	SAMEA2580056	simple	408170	human gut metagenome	SAMEA2580056							no					BGI	ERA315811		public	8A90F4F2A483574558F826EE3812733E	79AD3A2DBF050F24C58E00C5242617B4
ERR525842	2015-06-02 13:47:10	2022-07-17 06:50:05	873862	174491460	873862	199	95		https://sra-downloadb.be-md.ncbi.nlm.nih.gov/sos1/sra-pub-zq-38/ERR000/525/ERR525842/ERR525842.lite.2	ERX491077	GUTfirMJSDFAAPEI-5	WGS	other	METAGENOMIC	PAIRED	336	0	ILLUMINA	Illumina HiSeq 2000	ERP005989	PRJEB6456		285453	ERS473177	SAMEA2580059	simple	408170	human gut metagenome	SAMEA2580059							no					BGI	ERA315811		public	CB8C33980CCCF77DA0CDA844F0478156	2614C833553AC2BB59AB4D3B669EBBBA
ERR525844	2015-06-02 13:47:37	2022-07-14 08:15:56	20982296	4187866090	20982296	199	2466		https://sra-downloadb.be-md.ncbi.nlm.nih.gov/sos13/sra-pub-zq-1301/ERR000/525/ERR525844/ERR525844.lite.2	ERX491079	INFdxqMJYDFAAPEI-11	WGS	other	METAGENOMIC	PAIRED	331	0	ILLUMINA	Illumina HiSeq 2000	ERP005989	PRJEB6456		285453	ERS473179	SAMEA2580061	simple	408170	human gut metagenome	SAMEA2580061							no					BGI	ERA315811		public	CF1D30173E429B60C90D0C739C231C30	B7D20EA2B02714C99B73C30293979A4C
ERR525848	2015-06-02 13:47:28	2022-07-16 16:29:54	20430450	4080739060	20430450	199	2236		https://sra-downloadb.be-md.ncbi.nlm.nih.gov/sos13/sra-pub-zq-1301/ERR000/525/ERR525848/ERR525848.lite.2	ERX491083	GUTfirMKCDFAAPEI-11	WGS	other	METAGENOMIC	PAIRED	347	0	ILLUMINA	Illumina HiSeq 2000	ERP005989	PRJEB6456		285453	ERS473183	SAMEA2580065	simple	408170	human gut metagenome	SAMEA2580065							no					BGI	ERA315811		public	FDD65582292D72D08E89A09282C79459	1624EE72393C7881C6CA70622B53E0FB
ERR525850	2015-06-02 13:47:28	2022-07-22 22:12:15	18420956	3679609540	18420956	199	2015		https://sra-downloadb.be-md.ncbi.nlm.nih.gov/sos1/sra-pub-zq-38/ERR000/525/ERR525850/ERR525850.lite.2	ERX491085	GUTfirMKADFAAPEI-9	WGS	other	METAGENOMIC	PAIRED	338	0	ILLUMINA	Illumina HiSeq 2000	ERP005989	PRJEB6456		285453	ERS473185	SAMEA2580067	simple	408170	human gut metagenome	SAMEA2580067							no					BGI	ERA315811		public	BA96F94D2ABDBA299506C49960FB79F0	52A9C113F2D4F2D46B2A23DC7C8A975E
ERR525853	2015-06-02 13:47:37	2022-07-21 02:41:17	14784885	2944934000	14784885	199	1778		https://sra-downloadb.be-md.ncbi.nlm.nih.gov/sos1/sra-pub-zq-38/ERR000/525/ERR525853/ERR525853.lite.2	ERX491088	GUTfirMKFDFAAPEI-2	WGS	other	METAGENOMIC	PAIRED	336	0	ILLUMINA	Illumina HiSeq 2000	ERP005989	PRJEB6456		285453	ERS473188	SAMEA2580070	simple	408170	human gut metagenome	SAMEA2580070							no					BGI	ERA315811		public	3E913BB397BC85F1438E3D45C0DB526F	C906FF9C49420890810612E2D3CCA8A7
ERR525855	2015-06-02 13:47:41	2022-07-16 16:43:33	23871636	4762648610	23871636	199	2712		https://sra-downloadb.be-md.ncbi.nlm.nih.gov/sos1/sra-pub-zq-38/ERR000/525/ERR525855/ERR525855.lite.2	ERX491090	GUTfirMKHDFAAPEI-4	WGS	other	METAGENOMIC	PAIRED	340	0	ILLUMINA	Illumina HiSeq 2000	ERP005989	PRJEB6456		285453	ERS473190	SAMEA2580072	simple	408170	human gut metagenome	SAMEA2580072							no					BGI	ERA315811		public	44294CA66CC58697C7308ABC9241F7F6	88C0A970B1DC999D2CDB2781270283CB
ERR525856	2015-06-02 13:47:10	2022-07-20 09:26:15	29830827	5956355860	29830827	199	3262		https://sra-downloadb.be-md.ncbi.nlm.nih.gov/sos13/sra-pub-zq-1301/ERR000/525/ERR525856/ERR525856.lite.2	ERX491091	GUTfirMKKDFAAPEI-7	WGS	other	METAGENOMIC	PAIRED	326	0	ILLUMINA	Illumina HiSeq 2000	ERP005989	PRJEB6456		285453	ERS473191	SAMEA2580073	simple	408170	human gut metagenome	SAMEA2580073							no					BGI	ERA315811		public	DCC1172FDAE9295C524E71BFACE8CF60	EF43967FC783EB1DA7B7A7F97D97AF4D
ERR525858	2015-06-02 13:47:28	2022-07-22 22:19:02	16550316	3299976620	16550316	199	1919		https://sra-downloadb.be-md.ncbi.nlm.nih.gov/sos13/sra-pub-zq-1301/ERR000/525/ERR525858/ERR525858.lite.2	ERX491093	GUTfirMKIDFAAPEI-5	WGS	other	METAGENOMIC	PAIRED	345	0	ILLUMINA	Illumina HiSeq 2000	ERP005989	PRJEB6456		285453	ERS473193	SAMEA2580075	simple	408170	human gut metagenome	SAMEA2580075							no					BGI	ERA315811		public	2D94EC259A8358819C004D1AEAB48AE0	8C6EB48BCFA263568AB3C5753718D389
ERR525859	2015-06-02 13:47:10	2022-07-19 09:13:37	22907486	4568759660	22907486	199	2662		https://sra-downloadb.be-md.ncbi.nlm.nih.gov/sos8/sra-pub-zq-820/ERR000/525/ERR525859/ERR525859.lite.2	ERX491094	GUTfirMKLDFAAPEI-8	WGS	other	METAGENOMIC	PAIRED	327	0	ILLUMINA	Illumina HiSeq 2000	ERP005989	PRJEB6456		285453	ERS473194	SAMEA2580076	simple	408170	human gut metagenome	SAMEA2580076							no					BGI	ERA315811		public	4D3696832F10BD14CCD37309B3953356	04158F0E2216A69473831CE1A06217E8
ERR525861	2015-06-02 13:47:10	2022-08-02 00:05:15	22903248	4570690100	22903248	199	2654		https://sra-downloadb.be-md.ncbi.nlm.nih.gov/sos1/sra-pub-zq-38/ERR000/525/ERR525861/ERR525861.lite.2	ERX491096	GUTfirMKNDFAAPEI-10	WGS	other	METAGENOMIC	PAIRED	325	0	ILLUMINA	Illumina HiSeq 2000	ERP005989	PRJEB6456		285453	ERS473196	SAMEA2580078	simple	408170	human gut metagenome	SAMEA2580078							no					BGI	ERA315811		public	E1A9C719B3600A8DC435213E16AA92EC	438794D86AD2476A7E7EC0BE51323808
ERR525862	2015-06-02 13:47:28	2022-07-14 23:15:53	15885272	3159530770	0	198	2008		https://sra-downloadb.be-md.ncbi.nlm.nih.gov/sos13/sra-pub-zq-1301/ERR000/525/ERR525862/ERR525862.lite.2	ERX491097	GUTfirMKMDFAAPEI-9	WGS	other	METAGENOMIC	PAIRED	313	0	ILLUMINA	Illumina HiSeq 2000	ERP005989	PRJEB6456		285453	ERS473197	SAMEA2580079	simple	408170	human gut metagenome	SAMEA2580079							no					BGI	ERA315811		public	8FFBBBE0872241F71F3506E9B5ED302F	78622411309CD598DC4C24BE16586B73
ERR525864	2015-06-02 13:47:28	2022-07-22 22:13:02	20078489	4007634570	20078489	199	2192		https://sra-downloadb.be-md.ncbi.nlm.nih.gov/sos1/sra-pub-zq-38/ERR000/525/ERR525864/ERR525864.lite.2	ERX491099	GUTfirMKWDFAAPEI-3	WGS	other	METAGENOMIC	PAIRED	323	0	ILLUMINA	Illumina HiSeq 2000	ERP005989	PRJEB6456		285453	ERS473199	SAMEA2580081	simple	408170	human gut metagenome	SAMEA2580081							no					BGI	ERA315811		public	DC30CD4DF80CF67486CB9C2A83067C7C	A2FF0C6044EDCE579DB20D5FB7C72CFC
ERR525870	2015-06-02 13:47:37	2022-07-18 01:43:30	20117349	4014938600	20117349	199	2224		https://sra-downloadb.be-md.ncbi.nlm.nih.gov/sos13/sra-pub-zq-1301/ERR000/525/ERR525870/ERR525870.lite.2	ERX491105	GUTfirMKYDFAAPEI-5	WGS	other	METAGENOMIC	PAIRED	338	0	ILLUMINA	Illumina HiSeq 2000	ERP005989	PRJEB6456		285453	ERS473205	SAMEA2580087	simple	408170	human gut metagenome	SAMEA2580087							no					BGI	ERA315811		public	AD4FD6E7F1D76AC5D68EA0213B2C87D3	79657041D73D5DA1C5EF1190777BBEAA
ERR525872	2015-06-02 13:47:11	2022-07-12 21:57:48	24125014	4809736970	24125014	199	2888		https://sra-downloadb.be-md.ncbi.nlm.nih.gov/sos1/sra-pub-zq-38/ERR000/525/ERR525872/ERR525872.lite.2	ERX491107	GUTfirMLEDFAAPEI-11	WGS	other	METAGENOMIC	PAIRED	332	0	ILLUMINA	Illumina HiSeq 2000	ERP005989	PRJEB6456		285453	ERS473207	SAMEA2580089	simple	408170	human gut metagenome	SAMEA2580089							no					BGI	ERA315811		public	4380C261B11609982CDF6BA7EEE1D882	2D1F1879F8E33A9CC437FF677A35A0CC
ERR525873	2015-06-02 13:47:11	2022-07-29 23:01:33	20716395	4123700820	20716395	199	2533		https://sra-downloadb.be-md.ncbi.nlm.nih.gov/sos8/sra-pub-zq-820/ERR000/525/ERR525873/ERR525873.lite.2	ERX491108	GUTfirMLDDFAAPEI-10	WGS	other	METAGENOMIC	PAIRED	326	0	ILLUMINA	Illumina HiSeq 2000	ERP005989	PRJEB6456		285453	ERS473208	SAMEA2580090	simple	408170	human gut metagenome	SAMEA2580090							no					BGI	ERA315811		public	9924076AA8D0A52E2769B066C8772828	12AD1CBA20D87DB8F31547B50EDBC617
ERR525874	2015-06-02 13:47:37	2022-07-16 21:39:51	16363769	3264384820	16363769	199	1892		https://sra-downloadb.be-md.ncbi.nlm.nih.gov/sos9/sra-pub-zq-924/ERR000/525/ERR525874/ERR525874.lite.2	ERX491109	GUTfirMLCDFAAPEI-9	WGS	other	METAGENOMIC	PAIRED	326	0	ILLUMINA	Illumina HiSeq 2000	ERP005989	PRJEB6456		285453	ERS473209	SAMEA2580091	simple	408170	human gut metagenome	SAMEA2580091							no					BGI	ERA315811		public	C9EA7D55B216B3F51181A2152E91E5DE	A738D0C07FF12046E1CA0FCBA9975DD1
ERR525879	2015-06-02 13:47:29	2022-07-21 02:50:03	24843402	4956570570	24843402	199	2907		https://sra-downloadb.be-md.ncbi.nlm.nih.gov/sos8/sra-pub-zq-818/ERR000/525/ERR525879/ERR525879.lite.2	ERX491114	GUTfirMLJDFAAPEI-4	WGS	other	METAGENOMIC	PAIRED	335	0	ILLUMINA	Illumina HiSeq 2000	ERP005989	PRJEB6456		285453	ERS473214	SAMEA2580096	simple	408170	human gut metagenome	SAMEA2580096							no					BGI	ERA315811		public	10A00A275E3B3BED57E254160AF74719	7CB4ED413FA56568FAB725017D5B2C5F
ERR525881	2015-06-02 13:47:29	2022-07-16 17:38:55	21099745	4209207300	21099745	199	2403		https://sra-downloadb.be-md.ncbi.nlm.nih.gov/sos1/sra-pub-zq-38/ERR000/525/ERR525881/ERR525881.lite.2	ERX491116	INFgtjMLMDFAAPEI-11	WGS	other	METAGENOMIC	PAIRED	337	0	ILLUMINA	Illumina HiSeq 2000	ERP005989	PRJEB6456		285453	ERS473216	SAMEA2580098	simple	408170	human gut metagenome	SAMEA2580098							no					BGI	ERA315811		public	2A05BFB45DFF273C3347971085133E63	A31FE68A661920D636F7D4D15E85A4D4
ERR525882	2015-06-02 13:47:38	2022-07-16 19:34:41	20729216	4133078080	20729216	199	2374		https://sra-downloadb.be-md.ncbi.nlm.nih.gov/sos13/sra-pub-zq-1301/ERR000/525/ERR525882/ERR525882.lite.2	ERX491117	INFgtjMLLDFAAPEI-10	WGS	other	METAGENOMIC	PAIRED	329	0	ILLUMINA	Illumina HiSeq 2000	ERP005989	PRJEB6456		285453	ERS473217	SAMEA2580099	simple	408170	human gut metagenome	SAMEA2580099							no					BGI	ERA315811		public	132FC6C10062ABB563F89DF16510BAB8	5DCC16D1C9E9A6738A022AD001FFFAFD
ERR525883	2015-06-02 13:47:29	2022-07-16 17:25:39	18617831	3709473660	18617831	199	2242		https://sra-downloadb.be-md.ncbi.nlm.nih.gov/sos9/sra-pub-zq-924/ERR000/525/ERR525883/ERR525883.lite.2	ERX491118	INFgtjMLKDFAAPEI-9	WGS	other	METAGENOMIC	PAIRED	328	0	ILLUMINA	Illumina HiSeq 2000	ERP005989	PRJEB6456		285453	ERS473218	SAMEA2580100	simple	408170	human gut metagenome	SAMEA2580100							no					BGI	ERA315811		public	8296F7A8500EC64F72979B78C8B61AA8	D7D1D5DE62EFA7F2F6D5CDB8F65234CB
ERR525885	2015-06-02 13:47:38	2022-07-29 20:04:33	18562330	3695792200	18562330	199	2219		https://sra-downloadb.be-md.ncbi.nlm.nih.gov/sos9/sra-pub-zq-924/ERR000/525/ERR525885/ERR525885.lite.2	ERX491120	GUTfirMBDDFAAPEI-6	WGS	other	METAGENOMIC	PAIRED	323	0	ILLUMINA	Illumina HiSeq 2000	ERP005989	PRJEB6456		285453	ERS473220	SAMEA2580102	simple	408170	human gut metagenome	SAMEA2580102							no					BGI	ERA315811		public	9A63227032439B479F24175AD967DE8C	9505C47FCB0A3426F563A7622DB96414
ERR525888	2015-06-02 13:47:38	2022-07-22 08:38:17	22688760	4531751450	22688760	199	2438		https://sra-downloadb.be-md.ncbi.nlm.nih.gov/sos9/sra-pub-zq-924/ERR000/525/ERR525888/ERR525888.lite.2	ERX491123	INFgtjMLODFAAPEI-1	WGS	other	METAGENOMIC	PAIRED	321	0	ILLUMINA	Illumina HiSeq 2000	ERP005989	PRJEB6456		285453	ERS473223	SAMEA2580105	simple	408170	human gut metagenome	SAMEA2580105							no					BGI	ERA315811		public	A07A14A094AAFA1CB70533AA1BE340E9	EEB05C91E6A27FB85A869B1AC6BE531A
ERR525688	2015-06-02 13:47:12	2022-07-14 08:18:38	21731785	4336062840	21731785	199	2566		https://sra-downloadb.be-md.ncbi.nlm.nih.gov/sos8/sra-pub-zq-820/ERR000/525/ERR525688/ERR525688.lite.2	ERX490923	INFdxqMAODFAAPEI-3	WGS	other	METAGENOMIC	PAIRED	336	0	ILLUMINA	Illumina HiSeq 2000	ERP005989	PRJEB6456		285453	ERS473023	SAMEA2579905	simple	408170	human gut metagenome	SAMEA2579905							no					BGI	ERA315811		public	7FE7F53207762BBE625369472F646C81	13745F6A1AB71CE797D4F6102B8C84DA
ERR525689	2015-06-02 13:47:12	2022-07-16 21:07:44	19292185	3841725120	19292185	199	2267		https://sra-downloadb.be-md.ncbi.nlm.nih.gov/sos13/sra-pub-zq-1301/ERR000/525/ERR525689/ERR525689.lite.2	ERX490924	GUTfirMDIDFAAPEI-7	WGS	other	METAGENOMIC	PAIRED	465	0	ILLUMINA	Illumina HiSeq 2000	ERP005989	PRJEB6456		285453	ERS473024	SAMEA2579906	simple	408170	human gut metagenome	SAMEA2579906							no					BGI	ERA315811		public	A0E526D6F2A1AA0E3D72E0293A4D8BA7	4E6A4F1124877EC06B184738CCC05B92
ERR525690	2015-06-02 13:47:12	2022-07-29 20:00:46	16095224	3204346680	16095224	199	1895		https://sra-downloadb.be-md.ncbi.nlm.nih.gov/sos1/sra-pub-zq-38/ERR000/525/ERR525690/ERR525690.lite.2	ERX490925	GUTfirMDHDFAAPEI-6	WGS	other	METAGENOMIC	PAIRED	464	0	ILLUMINA	Illumina HiSeq 2000	ERP005989	PRJEB6456		285453	ERS473025	SAMEA2579907	simple	408170	human gut metagenome	SAMEA2579907							no					BGI	ERA315811		public	FD20BEFE87C0E502786F294FAE21C43F	90F1CE97AFC085833D6D628EB2E85BC5
ERR525692	2015-06-02 13:47:33	2022-07-16 19:37:59	19580735	3901845370	19580735	199	2288		https://sra-downloadb.be-md.ncbi.nlm.nih.gov/sos1/sra-pub-zq-38/ERR000/525/ERR525692/ERR525692.lite.2	ERX490927	GUTfirMDJDFAAPEI-8	WGS	other	METAGENOMIC	PAIRED	462	0	ILLUMINA	Illumina HiSeq 2000	ERP005989	PRJEB6456		285453	ERS473027	SAMEA2579909	simple	408170	human gut metagenome	SAMEA2579909							no					BGI	ERA315811		public	8A9688D99B8E07556FE6B97F2C99E4E6	F408E68E781F7B0CFB8CF3A8090426C8
ERR525694	2015-06-02 13:47:33	2022-07-22 23:13:46	23863523	4759607970	23863523	199	2715		https://sra-downloadb.be-md.ncbi.nlm.nih.gov/sos8/sra-pub-zq-818/ERR000/525/ERR525694/ERR525694.lite.2	ERX490929	GUTfirMDMDFAAPEI-11	WGS	other	METAGENOMIC	PAIRED	326	0	ILLUMINA	Illumina HiSeq 2000	ERP005989	PRJEB6456		285453	ERS473029	SAMEA2579911	simple	408170	human gut metagenome	SAMEA2579911							no					BGI	ERA315811		public	C3BE05218D045336976F60F4ECBC5672	9FAE33E6F79631E5E983A2F83AC284FB
ERR525695	2015-06-02 13:47:27	2022-07-17 08:15:26	17562474	3494274280	17562474	198	2104		https://sra-downloadb.be-md.ncbi.nlm.nih.gov/sos1/sra-pub-zq-38/ERR000/525/ERR525695/ERR525695.lite.2	ERX490930	GUTfirMDLDFAAPEI-10	WGS	other	METAGENOMIC	PAIRED	319	0	ILLUMINA	Illumina HiSeq 2000	ERP005989	PRJEB6456		285453	ERS473030	SAMEA2579912	simple	408170	human gut metagenome	SAMEA2579912							no					BGI	ERA315811		public	6E36527CB0F4A256F8CBF8F3FCE2323D	69F127C7764305ACB6E2C86ED3A5C8A3
ERR525696	2015-06-02 13:47:13	2022-07-16 16:31:40	16179567	3214923320	16179567	198	1993		https://sra-downloadb.be-md.ncbi.nlm.nih.gov/sos9/sra-pub-zq-924/ERR000/525/ERR525696/ERR525696.lite.2	ERX490931	GUTfirMDKDFAAPEI-9	WGS	other	METAGENOMIC	PAIRED	478	0	ILLUMINA	Illumina HiSeq 2000	ERP005989	PRJEB6456		285453	ERS473031	SAMEA2579913	simple	408170	human gut metagenome	SAMEA2579913							no					BGI	ERA315811		public	F9C8D16E88D34575D934DA5870216E67	98BD9559FD61FFEF7FC92200DEF7E330
ERR525699	2015-06-02 13:47:28	2022-07-22 22:31:03	23003847	4588492210	23003847	199	2753		https://sra-downloadb.be-md.ncbi.nlm.nih.gov/sos1/sra-pub-zq-38/ERR000/525/ERR525699/ERR525699.lite.2	ERX490934	INFdxqMAPDFAAPEI-4	WGS	other	METAGENOMIC	PAIRED	337	0	ILLUMINA	Illumina HiSeq 2000	ERP005989	PRJEB6456		285453	ERS473034	SAMEA2579916	simple	408170	human gut metagenome	SAMEA2579916							no					BGI	ERA315811		public	AB731E64B532D694AA63991A9E02F85D	11A04A0EBCF6A9C7013C8D6E45A37836
ERR525702	2015-06-02 13:47:13	2022-08-01 23:41:53	16915229	3374780540	16915229	199	1815		https://sra-downloadb.be-md.ncbi.nlm.nih.gov/sos1/sra-pub-zq-38/ERR000/525/ERR525702/ERR525702.lite.2	ERX490937	GUTfirMARDFAAPEI-10	WGS	other	METAGENOMIC	PAIRED	327	0	ILLUMINA	Illumina HiSeq 2000	ERP005989	PRJEB6456		285453	ERS473037	SAMEA2579919	simple	408170	human gut metagenome	SAMEA2579919							no					BGI	ERA315811		public	C017DD38C0A519161A3B91792BE6C106	93F9248C65F5B05E8A85671D0A5A8FB0
ERR525712	2015-06-02 13:47:13	2022-07-29 19:06:40	27364296	5458178440	27364296	199	3201		https://sra-downloadb.be-md.ncbi.nlm.nih.gov/sos9/sra-pub-zq-924/ERR000/525/ERR525712/ERR525712.lite.2	ERX490947	GUTfirMDVDFAAPEI-8	WGS	other	METAGENOMIC	PAIRED	330	0	ILLUMINA	Illumina HiSeq 2000	ERP005989	PRJEB6456		285453	ERS473047	SAMEA2579929	simple	408170	human gut metagenome	SAMEA2579929							no					BGI	ERA315811		public	D19C8630AAAE1BF7EDB711270F1FAB1D	B19FDF63CFE5EECAF6AA42C49F888054
ERR525713	2015-06-02 13:47:34	2022-07-22 23:13:58	20519744	4092768770	20519744	199	2303		https://sra-downloadb.be-md.ncbi.nlm.nih.gov/sos1/sra-pub-zq-38/ERR000/525/ERR525713/ERR525713.lite.2	ERX490948	GUTfirMECDFAAPEI-11	WGS	other	METAGENOMIC	PAIRED	323	0	ILLUMINA	Illumina HiSeq 2000	ERP005989	PRJEB6456		285453	ERS473048	SAMEA2579930	simple	408170	human gut metagenome	SAMEA2579930							no					BGI	ERA315811		public	2DC12E858E255E953A3E5189D4356E62	F20F29EAD841F63D12D4D4780D11D861
ERR525714	2015-06-02 13:47:13	2022-07-29 23:06:02	18547219	3695179830	18547219	199	2119		https://sra-downloadb.be-md.ncbi.nlm.nih.gov/sos1/sra-pub-zq-38/ERR000/525/ERR525714/ERR525714.lite.2	ERX490949	GUTfirMEBDFAAPEI-10	WGS	other	METAGENOMIC	PAIRED	322	0	ILLUMINA	Illumina HiSeq 2000	ERP005989	PRJEB6456		285453	ERS473049	SAMEA2579931	simple	408170	human gut metagenome	SAMEA2579931							no					BGI	ERA315811		public	788C09E39190182C7C6A95E963095674	11DFB12EDB978B1607665B20B2D83D49
ERR525720	2015-06-02 13:47:18	2022-07-22 22:18:45	18978396	3784076250	18978396	199	2280		https://sra-downloadb.be-md.ncbi.nlm.nih.gov/sos13/sra-pub-zq-1301/ERR000/525/ERR525720/ERR525720.lite.2	ERX490955	INFdxqMELDFAAPEI-8	WGS	other	METAGENOMIC	PAIRED	334	0	ILLUMINA	Illumina HiSeq 2000	ERP005989	PRJEB6456		285453	ERS473055	SAMEA2579937	simple	408170	human gut metagenome	SAMEA2579937							no					BGI	ERA315811		public	28ED42A6B8CB45FEA89811008960AD1D	14F1CF3211A6EC4FD97B2C693EB28459
ERR525722	2015-06-02 13:47:34	2022-07-22 23:31:31	22709268	4534931890	22709268	199	2418		https://sra-downloadb.be-md.ncbi.nlm.nih.gov/sos9/sra-pub-zq-924/ERR000/525/ERR525722/ERR525722.lite.2	ERX490957	GUTfirMEODFAAPEI-3	WGS	other	METAGENOMIC	PAIRED	316	0	ILLUMINA	Illumina HiSeq 2000	ERP005989	PRJEB6456		285453	ERS473057	SAMEA2579939	simple	408170	human gut metagenome	SAMEA2579939							no					BGI	ERA315811		public	386CF21F596EE4B83DCB824728EDD4BA	3E749D7B19E405CA051112454ADDBFBB
ERR525725	2015-06-02 13:47:19	2022-08-01 23:43:00	18453599	3680314660	18453599	199	2058		https://sra-downloadb.be-md.ncbi.nlm.nih.gov/sos1/sra-pub-zq-38/ERR000/525/ERR525725/ERR525725.lite.2	ERX490960	GUTfirMEPDFAAPEI-4	WGS	other	METAGENOMIC	PAIRED	335	0	ILLUMINA	Illumina HiSeq 2000	ERP005989	PRJEB6456		285453	ERS473060	SAMEA2579942	simple	408170	human gut metagenome	SAMEA2579942							no					BGI	ERA315811		public	87583076700AD6E721FB3A6DBA7B32A3	822E3CE606BAF132633DD7D1D722A13B
ERR525726	2015-06-02 13:47:19	2022-07-17 07:01:51	22607869	4513400170	22607869	199	2430		https://sra-downloadb.be-md.ncbi.nlm.nih.gov/sos9/sra-pub-zq-924/ERR000/525/ERR525726/ERR525726.lite.2	ERX490961	GUTfirMESDFAAPEI-7	WGS	other	METAGENOMIC	PAIRED	333	0	ILLUMINA	Illumina HiSeq 2000	ERP005989	PRJEB6456		285453	ERS473061	SAMEA2579943	simple	408170	human gut metagenome	SAMEA2579943							no					BGI	ERA315811		public	413E75B14D57855D7A6E5B4065848ADB	C7BD8A2C55A9189713B5B68E5FC0293F
ERR525727	2015-06-02 13:47:19	2022-07-13 22:01:25	24534033	4896357270	24534033	199	2699		https://sra-downloadb.be-md.ncbi.nlm.nih.gov/sos8/sra-pub-zq-818/ERR000/525/ERR525727/ERR525727.lite.2	ERX490962	GUTfirMERDFAAPEI-6	WGS	other	METAGENOMIC	PAIRED	338	0	ILLUMINA	Illumina HiSeq 2000	ERP005989	PRJEB6456		285453	ERS473062	SAMEA2579944	simple	408170	human gut metagenome	SAMEA2579944							no					BGI	ERA315811		public	BD724B4CE476FB64C57051A15B43DA2E	D865C947082C3885FA199140F935CF3E
ERR525728	2015-06-02 13:47:19	2022-07-15 06:05:25	16383685	3265899040	16383685	199	1921		https://sra-downloadb.be-md.ncbi.nlm.nih.gov/sos1/sra-pub-zq-38/ERR000/525/ERR525728/ERR525728.lite.2	ERX490963	GUTfirMEQDFAAPEI-5	WGS	other	METAGENOMIC	PAIRED	347	0	ILLUMINA	Illumina HiSeq 2000	ERP005989	PRJEB6456		285453	ERS473063	SAMEA2579945	simple	408170	human gut metagenome	SAMEA2579945							no					BGI	ERA315811		public	FF4AC4515A0D2AFFBCA123D4ABBA0AC4	BED624B6CC6E66C67FDF87AB33E410BE
ERR525729	2015-06-02 13:47:19	2022-07-13 08:26:05	21074672	4204923010	21074672	199	2307		https://sra-downloadb.be-md.ncbi.nlm.nih.gov/sos1/sra-pub-zq-38/ERR000/525/ERR525729/ERR525729.lite.2	ERX490964	GUTfirMETDFAAPEI-8	WGS	other	METAGENOMIC	PAIRED	336	0	ILLUMINA	Illumina HiSeq 2000	ERP005989	PRJEB6456		285453	ERS473064	SAMEA2579946	simple	408170	human gut metagenome	SAMEA2579946							no					BGI	ERA315811		public	7BBBDF4B2DC2B1F3A6565947D6CF5E43	D3A1953F56855851FEEBC59F0BB709BF
ERR525734	2015-06-02 13:47:19	2022-07-21 02:46:13	23529853	4696338390	23529853	199	2597		https://sra-downloadb.be-md.ncbi.nlm.nih.gov/sos1/sra-pub-zq-38/ERR000/525/ERR525734/ERR525734.lite.2	ERX490969	GUTfirMFEDFAAPEI-3	WGS	other	METAGENOMIC	PAIRED	322	0	ILLUMINA	Illumina HiSeq 2000	ERP005989	PRJEB6456		285453	ERS473069	SAMEA2579951	simple	408170	human gut metagenome	SAMEA2579951							no					BGI	ERA315811		public	42425C0D9F405F65EDF5DDA765FE926A	73215B14EC40C902EA41D0F8909C559B
ERR525735	2015-06-02 13:47:34	2022-07-17 07:01:31	24159415	4820699080	24159415	199	2703		https://sra-downloadb.be-md.ncbi.nlm.nih.gov/sos13/sra-pub-zq-1301/ERR000/525/ERR525735/ERR525735.lite.2	ERX490970	GUTfirMFDDFAAPEI-2	WGS	other	METAGENOMIC	PAIRED	324	0	ILLUMINA	Illumina HiSeq 2000	ERP005989	PRJEB6456		285453	ERS473070	SAMEA2579952	simple	408170	human gut metagenome	SAMEA2579952							no					BGI	ERA315811		public	C4BE37706E4B78B3F7BF7606327E7EE3	23EAA27BA49CE5BE9893597BD4E09666
ERR525736	2015-06-02 13:47:19	2022-08-01 23:46:15	20574043	4105067680	20574043	199	2324		https://sra-downloadb.be-md.ncbi.nlm.nih.gov/sos8/sra-pub-zq-818/ERR000/525/ERR525736/ERR525736.lite.2	ERX490971	GUTfirMFCDFAAPEI-1	WGS	other	METAGENOMIC	PAIRED	328	0	ILLUMINA	Illumina HiSeq 2000	ERP005989	PRJEB6456		285453	ERS473071	SAMEA2579953	simple	408170	human gut metagenome	SAMEA2579953							no					BGI	ERA315811		public	740BC0D59FF923FA3C402AE9186CABD9	64ED9C4AD60BEFFC1ACF909FD85AD012
ERR525738	2015-06-02 13:47:19	2022-07-14 08:18:45	21012129	4192529340	21012129	199	2370		https://sra-downloadb.be-md.ncbi.nlm.nih.gov/sos8/sra-pub-zq-818/ERR000/525/ERR525738/ERR525738.lite.2	ERX490973	INFgtjMFIDFAAPEI-3	WGS	other	METAGENOMIC	PAIRED	332	0	ILLUMINA	Illumina HiSeq 2000	ERP005989	PRJEB6456		285453	ERS473073	SAMEA2579955	simple	408170	human gut metagenome	SAMEA2579955							no					BGI	ERA315811		public	2B55BE12343B3FB445BCFBD665F07BA9	719D4B81B9154B2574A13040C4B41C09
ERR525739	2015-06-02 13:47:34	2022-07-15 06:04:13	21563674	4303741030	21563674	199	2403		https://sra-downloadb.be-md.ncbi.nlm.nih.gov/sos1/sra-pub-zq-38/ERR000/525/ERR525739/ERR525739.lite.2	ERX490974	INFgtjMFHDFAAPEI-2	WGS	other	METAGENOMIC	PAIRED	332	0	ILLUMINA	Illumina HiSeq 2000	ERP005989	PRJEB6456		285453	ERS473074	SAMEA2579956	simple	408170	human gut metagenome	SAMEA2579956							no					BGI	ERA315811		public	F293514DF5CB101549A6892DB4C75C90	83C85F5AAEC97A2F6697D289F5A7353F
ERR525741	2015-06-02 13:47:20	2022-07-20 07:21:57	19350555	3858880280	19350555	199	2186		https://sra-downloadb.be-md.ncbi.nlm.nih.gov/sos13/sra-pub-zq-1301/ERR000/525/ERR525741/ERR525741.lite.2	ERX490976	INFgtjMFJDFAAPEI-4	WGS	other	METAGENOMIC	PAIRED	319	0	ILLUMINA	Illumina HiSeq 2000	ERP005989	PRJEB6456		285453	ERS473076	SAMEA2579958	simple	408170	human gut metagenome	SAMEA2579958							no					BGI	ERA315811		public	AB93A32F0A7EBE25DBF10D3DBFD8B062	85F075B3CFDCA4CA8000BBD942AAFF07
ERR525744	2015-06-02 13:47:06	2022-07-17 20:23:12	17916696	3563509000	17916696	198	2126		https://sra-downloadb.be-md.ncbi.nlm.nih.gov/sos8/sra-pub-zq-820/ERR000/525/ERR525744/ERR525744.lite.2	ERX490979	GUTfirMFLDFAAPEI-6	WGS	other	METAGENOMIC	PAIRED	312	0	ILLUMINA	Illumina HiSeq 2000	ERP005989	PRJEB6456		285453	ERS473079	SAMEA2579961	simple	408170	human gut metagenome	SAMEA2579961							no					BGI	ERA315811		public	ED41D40D607CBEBA358D55B0E0305EA2	A62B414F87554EA448098050D0DD8194
ERR525746	2015-06-02 13:47:35	2022-07-22 13:26:54	20894432	4167566480	20894432	199	2346		https://sra-downloadb.be-md.ncbi.nlm.nih.gov/sos8/sra-pub-zq-820/ERR000/525/ERR525746/ERR525746.lite.2	ERX490981	GUTfirMFNDFAAPEI-8	WGS	other	METAGENOMIC	PAIRED	343	0	ILLUMINA	Illumina HiSeq 2000	ERP005989	PRJEB6456		285453	ERS473081	SAMEA2579963	simple	408170	human gut metagenome	SAMEA2579963							no					BGI	ERA315811		public	90EF4C39966D043A6EAEB7614991AA02	77FB4FEA28DBE8F2A0E14A3F431823AA
ERR525749	2015-06-02 13:47:20	2022-07-16 18:26:49	20297425	4043633290	20297425	199	2367		https://sra-downloadb.be-md.ncbi.nlm.nih.gov/sos13/sra-pub-zq-1301/ERR000/525/ERR525749/ERR525749.lite.2	ERX490984	GUTfirMFODFAAPEI-9	WGS	other	METAGENOMIC	PAIRED	324	0	ILLUMINA	Illumina HiSeq 2000	ERP005989	PRJEB6456		285453	ERS473084	SAMEA2579966	simple	408170	human gut metagenome	SAMEA2579966							no					BGI	ERA315811		public	8BABF34FC096E5CC78F68CA4329EF6D9	6943BED22956F25CC53D491A33CF5467
ERR525750	2015-06-02 13:47:44	2022-07-17 09:03:53	18670465	3714107190	0	198	2226		https://sra-downloadb.be-md.ncbi.nlm.nih.gov/sos9/sra-pub-zq-924/ERR000/525/ERR525750/ERR525750.lite.2	ERX490985	GUTfirMAVDFAAPEI-2	WGS	other	METAGENOMIC	PAIRED	327	0	ILLUMINA	Illumina HiSeq 2000	ERP005989	PRJEB6456		285453	ERS473085	SAMEA2579967	simple	408170	human gut metagenome	SAMEA2579967							no					BGI	ERA315811		public	95D2031901C30EA00A360025A75AD596	BA15952F19068D39664023A1F2174AFC
ERR525753	2015-06-02 13:47:35	2022-07-21 02:43:25	19598932	3905138540	19598932	199	2255		https://sra-downloadb.be-md.ncbi.nlm.nih.gov/sos13/sra-pub-zq-1301/ERR000/525/ERR525753/ERR525753.lite.2	ERX490988	GUTfirMAXDFAAPEI-4	WGS	other	METAGENOMIC	PAIRED	319	0	ILLUMINA	Illumina HiSeq 2000	ERP005989	PRJEB6456		285453	ERS473088	SAMEA2579970	simple	408170	human gut metagenome	SAMEA2579970							no					BGI	ERA315811		public	0A5CC03FBDA16A042B41B779AD9E2C49	B7B6999BC0EABB4B7ADF8273BBB3E649
ERR525754	2015-06-02 13:47:15	2022-08-01 23:49:56	23179092	4621611490	23179092	199	2655		https://sra-downloadb.be-md.ncbi.nlm.nih.gov/sos8/sra-pub-zq-820/ERR000/525/ERR525754/ERR525754.lite.2	ERX490989	GUTfirMFUDFAAPEI-3	WGS	other	METAGENOMIC	PAIRED	328	0	ILLUMINA	Illumina HiSeq 2000	ERP005989	PRJEB6456		285453	ERS473089	SAMEA2579971	simple	408170	human gut metagenome	SAMEA2579971							no					BGI	ERA315811		public	CAFE77FACCD70D8640EAAF8C1B32E28B	0EE51C6F7ABCA1F8257A5F71CE269F84
ERR525755	2015-06-02 13:47:35	2022-07-22 23:10:26	16778189	3335396790	16778189	198	2010		https://sra-downloadb.be-md.ncbi.nlm.nih.gov/sos8/sra-pub-zq-820/ERR000/525/ERR525755/ERR525755.lite.2	ERX490990	GUTfirMFTDFAAPEI-2	WGS	other	METAGENOMIC	PAIRED	323	0	ILLUMINA	Illumina HiSeq 2000	ERP005989	PRJEB6456		285453	ERS473090	SAMEA2579972	simple	408170	human gut metagenome	SAMEA2579972							no					BGI	ERA315811		public	CC4CAF6DDAF13D2F9EAB652AE61E95DF	B485B4235AA4681CCB11B3B98B425F06
ERR525758	2015-06-02 13:47:20	2022-07-13 08:36:39	20367306	4062651190	20367306	199	2376		https://sra-downloadb.be-md.ncbi.nlm.nih.gov/sos1/sra-pub-zq-38/ERR000/525/ERR525758/ERR525758.lite.2	ERX490993	GUTfirMAADFAAPEI-1	WGS	other	METAGENOMIC	PAIRED	333	0	ILLUMINA	Illumina HiSeq 2000	ERP005989	PRJEB6456		285453	ERS473093	SAMEA2579975	simple	408170	human gut metagenome	SAMEA2579975							no					BGI	ERA315811		public	1107B031455A98968755A2D7F7E391A7	107C620839F8AFAB18DED8823876DECD
ERR525760	2015-06-02 13:47:10	2022-07-16 21:03:45	14393595	2868556570	14393595	199	1607		https://sra-downloadb.be-md.ncbi.nlm.nih.gov/sos9/sra-pub-zq-924/ERR000/525/ERR525760/ERR525760.lite.2	ERX490995	GUTfirMFYDFAAPEI-7	WGS	other	METAGENOMIC	PAIRED	330	0	ILLUMINA	Illumina HiSeq 2000	ERP005989	PRJEB6456		285453	ERS473095	SAMEA2579977	simple	408170	human gut metagenome	SAMEA2579977							no					BGI	ERA315811		public	46F23DD5CB15DA9C9556FA16BE4F2216	8F1F9007F54BE98CFA9C3030A330382E
ERR525762	2015-06-02 13:47:21	2022-07-19 01:26:31	16713712	3330091180	16713712	199	1879		https://sra-downloadb.be-md.ncbi.nlm.nih.gov/sos13/sra-pub-zq-1301/ERR000/525/ERR525762/ERR525762.lite.2	ERX490997	GUTfirMFWDFAAPEI-5	WGS	other	METAGENOMIC	PAIRED	330	0	ILLUMINA	Illumina HiSeq 2000	ERP005989	PRJEB6456		285453	ERS473097	SAMEA2579979	simple	408170	human gut metagenome	SAMEA2579979							no					BGI	ERA315811		public	F749237353D290021706B0F578E4FCA1	7F0F3A4B675088F818E89D681813262F
ERR525764	2015-06-02 13:47:35	2022-07-17 08:14:09	14079336	2808462230	14079336	199	1542		https://sra-downloadb.be-md.ncbi.nlm.nih.gov/sos9/sra-pub-zq-924/ERR000/525/ERR525764/ERR525764.lite.2	ERX490999	GUTfirMGCDFAAPEI-11	WGS	other	METAGENOMIC	PAIRED	337	0	ILLUMINA	Illumina HiSeq 2000	ERP005989	PRJEB6456		285453	ERS473099	SAMEA2579981	simple	408170	human gut metagenome	SAMEA2579981							no					BGI	ERA315811		public	238F3965AE695F3C6FD07A733D067810	DB89DD2BBE5EF03D24D21946BE8383E7
ERR525767	2015-06-02 13:47:43	2022-07-22 23:09:53	13423148	2676889640	13423148	199	1463		https://sra-downloadb.be-md.ncbi.nlm.nih.gov/sos1/sra-pub-zq-38/ERR000/525/ERR525767/ERR525767.lite.2	ERX491002	GUTfirMGDDFAAPEI-12	WGS	other	METAGENOMIC	PAIRED	334	0	ILLUMINA	Illumina HiSeq 2000	ERP005989	PRJEB6456		285453	ERS473102	SAMEA2579984	simple	408170	human gut metagenome	SAMEA2579984							no					BGI	ERA315811		public	C051345CD8355FAEEA8F73C3525CC1DB	32777A98FA4863ED3EA7BC25CB7663B6
ERR525769	2015-06-02 13:47:35	2022-07-29 23:00:56	17839607	3553235340	17839607	199	2056		https://sra-downloadb.be-md.ncbi.nlm.nih.gov/sos1/sra-pub-zq-38/ERR000/525/ERR525769/ERR525769.lite.2	ERX491004	GUTfirMGFDFAAPEI-2	WGS	other	METAGENOMIC	PAIRED	343	0	ILLUMINA	Illumina HiSeq 2000	ERP005989	PRJEB6456		285453	ERS473104	SAMEA2579986	simple	408170	human gut metagenome	SAMEA2579986							no					BGI	ERA315811		public	4A5EE498BB789732FE4949D8A97810B4	A6493C075CBC648EB48DE5A69BC8F53D
ERR525770	2015-06-02 13:47:40	2022-07-20 09:21:27	21061697	4193758310	21061697	199	2481		https://sra-downloadb.be-md.ncbi.nlm.nih.gov/sos13/sra-pub-zq-1301/ERR000/525/ERR525770/ERR525770.lite.2	ERX491005	GUTfirMGEDFAAPEI-1	WGS	other	METAGENOMIC	PAIRED	329	0	ILLUMINA	Illumina HiSeq 2000	ERP005989	PRJEB6456		285453	ERS473105	SAMEA2579987	simple	408170	human gut metagenome	SAMEA2579987							no					BGI	ERA315811		public	12AD0AFE36D25E71D0EF52F43579D2E2	D6CB17AF45B159242E85D56779127C8C
ERR525771	2015-06-02 13:47:35	2022-07-29 23:00:31	19998325	3985864090	19998325	199	2264		https://sra-downloadb.be-md.ncbi.nlm.nih.gov/sos9/sra-pub-zq-924/ERR000/525/ERR525771/ERR525771.lite.2	ERX491006	GUTfirMGHDFAAPEI-4	WGS	other	METAGENOMIC	PAIRED	333	0	ILLUMINA	Illumina HiSeq 2000	ERP005989	PRJEB6456		285453	ERS473106	SAMEA2579988	simple	408170	human gut metagenome	SAMEA2579988							no					BGI	ERA315811		public	35BEA22F42A430C4065A69BF721DFEF1	B15FEDAB3323201916647E1B2F4DC94B
ERR525772	2015-06-02 13:47:21	2022-07-17 07:01:16	25625867	5112179840	25625867	199	2890		https://sra-downloadb.be-md.ncbi.nlm.nih.gov/sos1/sra-pub-zq-38/ERR000/525/ERR525772/ERR525772.lite.2	ERX491007	GUTfirMGKDFAAPEI-7	WGS	other	METAGENOMIC	PAIRED	341	0	ILLUMINA	Illumina HiSeq 2000	ERP005989	PRJEB6456		285453	ERS473107	SAMEA2579989	simple	408170	human gut metagenome	SAMEA2579989							no					BGI	ERA315811		public	76A1C272C0412AC4734C92C8EACF40C8	EEBDF54EBF65B8BDB17ADEB986364989
ERR525773	2015-06-02 13:47:21	2022-07-22 22:25:57	16135313	3202580590	16135313	198	1980		https://sra-downloadb.be-md.ncbi.nlm.nih.gov/sos1/sra-pub-zq-38/ERR000/525/ERR525773/ERR525773.lite.2	ERX491008	GUTfirMGJDFAAPEI-6	WGS	other	METAGENOMIC	PAIRED	337	0	ILLUMINA	Illumina HiSeq 2000	ERP005989	PRJEB6456		285453	ERS473108	SAMEA2579990	simple	408170	human gut metagenome	SAMEA2579990							no					BGI	ERA315811		public	DBA8EF6C51A4310E05208E285F85E6BE	A4E593F1BEF550867348F6A5628A638F
ERR525774	2015-06-02 13:47:21	2022-07-14 06:23:21	17934282	3569104100	17934282	199	2150		https://sra-downloadb.be-md.ncbi.nlm.nih.gov/sos1/sra-pub-zq-38/ERR000/525/ERR525774/ERR525774.lite.2	ERX491009	GUTfirMGIDFAAPEI-5	WGS	other	METAGENOMIC	PAIRED	345	0	ILLUMINA	Illumina HiSeq 2000	ERP005989	PRJEB6456		285453	ERS473109	SAMEA2579991	simple	408170	human gut metagenome	SAMEA2579991							no					BGI	ERA315811		public	B62222AD332E741CFB1E407029D0916C	489F61FB9F3B855AB094AE087BCC416E
ERR525775	2015-06-02 13:47:21	2022-07-17 20:26:33	24004304	4782894630	24004304	199	2779		https://sra-downloadb.be-md.ncbi.nlm.nih.gov/sos8/sra-pub-zq-820/ERR000/525/ERR525775/ERR525775.lite.2	ERX491010	GUTfirMGLDFAAPEI-8	WGS	other	METAGENOMIC	PAIRED	338	0	ILLUMINA	Illumina HiSeq 2000	ERP005989	PRJEB6456		285453	ERS473110	SAMEA2579992	simple	408170	human gut metagenome	SAMEA2579992							no					BGI	ERA315811		public	D12C75EC9AB592D5A21DB8F2A9A92874	15075157038AA5F45E6CC94376DD2261
ERR525776	2015-06-02 13:47:35	2022-07-22 23:07:16	9621683	1918848440	9621683	199	1045		https://sra-downloadb.be-md.ncbi.nlm.nih.gov/sos8/sra-pub-zq-820/ERR000/525/ERR525776/ERR525776.lite.2	ERX491011	GUTfirMGSDFAAPEI-11	WGS	other	METAGENOMIC	PAIRED	346	0	ILLUMINA	Illumina HiSeq 2000	ERP005989	PRJEB6456		285453	ERS473111	SAMEA2579993	simple	408170	human gut metagenome	SAMEA2579993							no					BGI	ERA315811		public	9F4E3222B69A06C28BC7718A17F7F6C8	AF731B3D91C9CC5AA82DC44176902281
ERR525778	2015-06-02 13:47:36	2022-07-21 03:08:06	16069845	3205360030	16069845	199	1732		https://sra-downloadb.be-md.ncbi.nlm.nih.gov/sos8/sra-pub-zq-820/ERR000/525/ERR525778/ERR525778.lite.2	ERX491013	GUTfirMGQDFAAPEI-9	WGS	other	METAGENOMIC	PAIRED	336	0	ILLUMINA	Illumina HiSeq 2000	ERP005989	PRJEB6456		285453	ERS473113	SAMEA2579995	simple	408170	human gut metagenome	SAMEA2579995							no					BGI	ERA315811		public	569E7929AA203B4D52A7FF848BADA351	7DE77437BEF5AFEF15721A2C77D6D0BB
ERR525779	2015-06-02 13:47:23	2022-07-17 17:00:35	14323279	2851671170	14323279	199	1604		https://sra-downloadb.be-md.ncbi.nlm.nih.gov/sos13/sra-pub-zq-1301/ERR000/525/ERR525779/ERR525779.lite.2	ERX491014	GUTfirMGTDFAAPEI-12	WGS	other	METAGENOMIC	PAIRED	332	0	ILLUMINA	Illumina HiSeq 2000	ERP005989	PRJEB6456		285453	ERS473114	SAMEA2579996	simple	408170	human gut metagenome	SAMEA2579996							no					BGI	ERA315811		public	A209E1DD09B5FA7436F85176695C7FEB	1B52846D5BC95247DBD2DCA3EB716CE8
ERR525781	2015-06-02 13:47:23	2022-07-18 01:34:16	13536604	2696838710	13536604	199	1514		https://sra-downloadb.be-md.ncbi.nlm.nih.gov/sos13/sra-pub-zq-1301/ERR000/525/ERR525781/ERR525781.lite.2	ERX491016	GUTfirMGZDFAAPEI-2	WGS	other	METAGENOMIC	PAIRED	338	0	ILLUMINA	Illumina HiSeq 2000	ERP005989	PRJEB6456		285453	ERS473116	SAMEA2579998	simple	408170	human gut metagenome	SAMEA2579998							no					BGI	ERA315811		public	0324617356E52DB159291F42516058E1	CC56FA5BF6BAF54A7F3AFEE12812DF20
ERR525782	2015-06-02 13:47:23	2022-07-16 22:19:31	9095467	1809957640	9095467	198	1051		https://sra-downloadb.be-md.ncbi.nlm.nih.gov/sos1/sra-pub-zq-38/ERR000/525/ERR525782/ERR525782.lite.2	ERX491017	GUTfirMGYDFAAPEI-1	WGS	other	METAGENOMIC	PAIRED	336	0	ILLUMINA	Illumina HiSeq 2000	ERP005989	PRJEB6456		285453	ERS473117	SAMEA2579999	simple	408170	human gut metagenome	SAMEA2579999							no					BGI	ERA315811		public	9A0F66F397AD1EE92646DC656E17DB58	4EFB55700347E2CABBA09CD257F47FE9
ERR525784	2015-06-02 13:47:23	2022-07-21 02:41:52	21892018	4364338200	21892018	199	2525		https://sra-downloadb.be-md.ncbi.nlm.nih.gov/sos13/sra-pub-zq-1301/ERR000/525/ERR525784/ERR525784.lite.2	ERX491019	GUTfirMHEDFAAPEI-7	WGS	other	METAGENOMIC	PAIRED	330	0	ILLUMINA	Illumina HiSeq 2000	ERP005989	PRJEB6456		285453	ERS473119	SAMEA2580001	simple	408170	human gut metagenome	SAMEA2580001							no					BGI	ERA315811		public	DEAF7CB34A638AF5B76D58E399C92A36	C537E08BB0BF4458DC24D9DE37FC33C4
ERR525785	2015-06-02 13:47:23	2022-07-15 08:07:59	20037306	3990186300	20037306	199	2359		https://sra-downloadb.be-md.ncbi.nlm.nih.gov/sos13/sra-pub-zq-1301/ERR000/525/ERR525785/ERR525785.lite.2	ERX491020	GUTfirMHDDFAAPEI-6	WGS	other	METAGENOMIC	PAIRED	331	0	ILLUMINA	Illumina HiSeq 2000	ERP005989	PRJEB6456		285453	ERS473120	SAMEA2580002	simple	408170	human gut metagenome	SAMEA2580002							no					BGI	ERA315811		public	7ABCD48E4307FC1CDB8D714D0B69725E	2489B8FABDB29E1D065D7950D1CA5F6F
ERR525851	2015-06-02 13:47:10	2022-07-29 22:07:39	20555340	4104059950	0	199	2302		https://sra-downloadb.be-md.ncbi.nlm.nih.gov/sos9/sra-pub-zq-924/ERR000/525/ERR525851/ERR525851.lite.2	ERX491086	GUTfirMKDDFAAPEI-12	WGS	other	METAGENOMIC	PAIRED	345	0	ILLUMINA	Illumina HiSeq 2000	ERP005989	PRJEB6456		285453	ERS473186	SAMEA2580068	simple	408170	human gut metagenome	SAMEA2580068							no					BGI	ERA315811		public	27942EBE76B7D1D4D73C0AB484CF88AE	8EA2C2480A3C752E7EA66EA2DD5A7B5A
ERR525923	2015-06-02 13:47:13	2022-07-22 08:41:25	27398649	5468587830	27398649	199	3172		https://sra-downloadb.be-md.ncbi.nlm.nih.gov/sos1/sra-pub-zq-38/ERR000/525/ERR525923/ERR525923.lite.2	ERX491158	GUTfirMMLDFAAPEI-4	WGS	other	METAGENOMIC	PAIRED	339	0	ILLUMINA	Illumina HiSeq 2000	ERP005989	PRJEB6456		285453	ERS473258	SAMEA2580140	simple	408170	human gut metagenome	SAMEA2580140							no					BGI	ERA315811		public	7471C6BD92E5BF1EE16DFF48467CB2CB	64ADA98D1AAC55246E5A2268EFB10ADD
ERR526072	2015-06-02 13:47:41	2022-07-14 06:18:27	15167089	3011180780	15167089	198	1908		https://sra-downloadb.be-md.ncbi.nlm.nih.gov/sos8/sra-pub-zq-820/ERR000/526/ERR526072/ERR526072.lite.2	ERX491307	GUTfirMCIDFAAPEI-9	WGS	other	METAGENOMIC	PAIRED	332	0	ILLUMINA	Illumina HiSeq 2000	ERP005989	PRJEB6456		285453	ERS473407	SAMEA2580289	simple	408170	human gut metagenome	SAMEA2580289							no					BGI	ERA315811		public	95A570ABF39BCD768FEACDB1FFFBA343	8BBF7FC084A2E0BFDED9A6AD7C0C036D
ERR526073	2015-06-02 13:47:43	2022-07-17 15:17:05	16975308	3376208980	16975308	198	2084		https://sra-downloadb.be-md.ncbi.nlm.nih.gov/sos1/sra-pub-zq-38/ERR000/526/ERR526073/ERR526073.lite.2	ERX491308	GUTfirMCLDFAAPEI-12	WGS	other	METAGENOMIC	PAIRED	332	0	ILLUMINA	Illumina HiSeq 2000	ERP005989	PRJEB6456		285453	ERS473408	SAMEA2580290	simple	408170	human gut metagenome	SAMEA2580290							no					BGI	ERA315811		public	FAFAA8C0B1E67EE88A12A4B14B8E74DF	5FA9A8B9C630D80CCB3EC657C092CFA8
ERR526074	2015-06-02 13:47:32	2022-07-17 20:23:40	16247415	3237050750	16247415	199	1906		https://sra-downloadb.be-md.ncbi.nlm.nih.gov/sos13/sra-pub-zq-1301/ERR000/526/ERR526074/ERR526074.lite.2	ERX491309	INFgtjMAEDFAAPEI-1	WGS	other	METAGENOMIC	PAIRED	347	0	ILLUMINA	Illumina HiSeq 2000	ERP005989	PRJEB6456		285453	ERS473409	SAMEA2580291	simple	408170	human gut metagenome	SAMEA2580291							no					BGI	ERA315811		public	3FFC9DD3A3566D841F153ED3E0F8278E	EBB9599CAE14C691E0DC94A823A3BD17
ERR526076	2015-06-02 13:47:32	2022-07-22 23:43:20	21005034	4192256250	21005034	199	2412		https://sra-downloadb.be-md.ncbi.nlm.nih.gov/sos9/sra-pub-zq-924/ERR000/526/ERR526076/ERR526076.lite.2	ERX491311	INFdxqMCODFAAPEI-3	WGS	other	METAGENOMIC	PAIRED	335	0	ILLUMINA	Illumina HiSeq 2000	ERP005989	PRJEB6456		285453	ERS473411	SAMEA2580293	simple	408170	human gut metagenome	SAMEA2580293							no					BGI	ERA315811		public	B8E7EC376F2314151D750F159D5A79A3	CC6D8E7E83DBC508F765D49E4684F29D
ERR526077	2015-06-02 13:47:43	2022-07-22 23:09:43	17406531	3473989180	17406531	199	1995		https://sra-downloadb.be-md.ncbi.nlm.nih.gov/sos1/sra-pub-zq-38/ERR000/526/ERR526077/ERR526077.lite.2	ERX491312	INFdxqMCNDFAAPEI-2	WGS	other	METAGENOMIC	PAIRED	343	0	ILLUMINA	Illumina HiSeq 2000	ERP005989	PRJEB6456		285453	ERS473412	SAMEA2580294	simple	408170	human gut metagenome	SAMEA2580294							no					BGI	ERA315811		public	19F80985B09F3654161DB66FAF7E877B	246FBC4797890B8134F5BC416FD7130B
ERR526079	2015-06-02 13:47:43	2022-07-14 08:10:10	21128014	4214969270	21128014	199	2477		https://sra-downloadb.be-md.ncbi.nlm.nih.gov/sos8/sra-pub-zq-818/ERR000/526/ERR526079/ERR526079.lite.2	ERX491314	INFdxqMCPDFAAPEI-4	WGS	other	METAGENOMIC	PAIRED	344	0	ILLUMINA	Illumina HiSeq 2000	ERP005989	PRJEB6456		285453	ERS473414	SAMEA2580296	simple	408170	human gut metagenome	SAMEA2580296							no					BGI	ERA315811		public	3262798885CD518F14A3141E6E9928A1	45708275B6870FE47A8239B74CD2E49B
ERR526082	2015-06-02 13:47:33	2022-07-14 09:07:08	19177780	3829485210	19177780	199	2065		https://sra-downloadb.be-md.ncbi.nlm.nih.gov/sos8/sra-pub-zq-820/ERR000/526/ERR526082/ERR526082.lite.2	ERX491317	GUTfirMCQDFAAPEI-1	WGS	other	METAGENOMIC	PAIRED	477	0	ILLUMINA	Illumina HiSeq 2000	ERP005989	PRJEB6456		285453	ERS473417	SAMEA2580299	simple	408170	human gut metagenome	SAMEA2580299							no					BGI	ERA315811		public	C3BF43FC09DDAD82F261B6BDA56449D2	D9FEC1FA0067E55466DE55DA5AEE647F
ERR525691	2015-06-02 13:47:27	2022-07-14 08:15:58	20232435	4032528800	20232435	199	2287		https://sra-downloadb.be-md.ncbi.nlm.nih.gov/sos13/sra-pub-zq-1301/ERR000/525/ERR525691/ERR525691.lite.2	ERX490926	GUTfirMDGDFAAPEI-5	WGS	other	METAGENOMIC	PAIRED	477	0	ILLUMINA	Illumina HiSeq 2000	ERP005989	PRJEB6456		285453	ERS473026	SAMEA2579908	simple	408170	human gut metagenome	SAMEA2579908							no					BGI	ERA315811		public	F1A2FECCE2C575F744AD289B73C48DC5	DA721B521E40BEDB341DF52C61EAC863
ERR525693	2015-06-02 13:47:12	2022-07-20 09:47:31	21468739	4283388200	21468739	199	2551		https://sra-downloadb.be-md.ncbi.nlm.nih.gov/sos8/sra-pub-zq-820/ERR000/525/ERR525693/ERR525693.lite.2	ERX490928	INFdxqMANDFAAPEI-2	WGS	other	METAGENOMIC	PAIRED	339	0	ILLUMINA	Illumina HiSeq 2000	ERP005989	PRJEB6456		285453	ERS473028	SAMEA2579910	simple	408170	human gut metagenome	SAMEA2579910							no					BGI	ERA315811		public	A3B9E1DF1EF52123AA61FC7F349C2691	F3BF6AE32EBEFCC75045BDA6EB912941
ERR525697	2015-06-02 13:47:27	2022-07-22 22:16:08	22994157	4579667610	22994157	199	2696		https://sra-downloadb.be-md.ncbi.nlm.nih.gov/sos13/sra-pub-zq-1301/ERR000/525/ERR525697/ERR525697.lite.2	ERX490932	GUTfirMDNDFAAPEI-12	WGS	other	METAGENOMIC	PAIRED	477	0	ILLUMINA	Illumina HiSeq 2000	ERP005989	PRJEB6456		285453	ERS473032	SAMEA2579914	simple	408170	human gut metagenome	SAMEA2579914							no					BGI	ERA315811		public	093D58CC2DE7382A01CAA7B67CFAE880	F6D686D2D0E1D4EAE5FF01A1109EE842
ERR525698	2015-06-02 13:47:27	2022-07-29 20:00:34	16646197	3323261040	16646197	199	1947		https://sra-downloadb.be-md.ncbi.nlm.nih.gov/sos8/sra-pub-zq-820/ERR000/525/ERR525698/ERR525698.lite.2	ERX490933	INFdxqMAMDFAAPEI-1	WGS	other	METAGENOMIC	PAIRED	339	0	ILLUMINA	Illumina HiSeq 2000	ERP005989	PRJEB6456		285453	ERS473033	SAMEA2579915	simple	408170	human gut metagenome	SAMEA2579915							no					BGI	ERA315811		public	F87AE9289C9699C80C3E79910C85C1E3	3ABF8BAAB322C6374AAB7EC0323D042E
ERR525705	2015-06-02 13:47:13	2022-07-29 23:00:47	17469478	3481711740	17469478	199	2083		https://sra-downloadb.be-md.ncbi.nlm.nih.gov/sos1/sra-pub-zq-38/ERR000/525/ERR525705/ERR525705.lite.2	ERX490940	GUTfirMDODFAAPEI-1	WGS	other	METAGENOMIC	PAIRED	338	0	ILLUMINA	Illumina HiSeq 2000	ERP005989	PRJEB6456		285453	ERS473040	SAMEA2579922	simple	408170	human gut metagenome	SAMEA2579922							no					BGI	ERA315811		public	E0F2853EFFF14F47A7618BA281CC249D	D39FE091F413F34872B5DCD88D62FF91
ERR525717	2015-06-02 13:47:18	2022-08-01 23:48:26	23429018	4676004350	23429018	199	2731		https://sra-downloadb.be-md.ncbi.nlm.nih.gov/sos9/sra-pub-zq-924/ERR000/525/ERR525717/ERR525717.lite.2	ERX490952	INFdxqMEKDFAAPEI-7	WGS	other	METAGENOMIC	PAIRED	331	0	ILLUMINA	Illumina HiSeq 2000	ERP005989	PRJEB6456		285453	ERS473052	SAMEA2579934	simple	408170	human gut metagenome	SAMEA2579934							no					BGI	ERA315811		public	3F3C06907E3A779C671248696340AD09	B2FA248C65F9B60EDC6A54854B349411
ERR525811	2015-06-02 13:47:36	2022-07-20 09:25:05	24952186	4981415320	24952186	199	2858		https://sra-downloadb.be-md.ncbi.nlm.nih.gov/sos9/sra-pub-zq-924/ERR000/525/ERR525811/ERR525811.lite.2	ERX491046	GUTfirMIFDFAAPEI-6	WGS	other	METAGENOMIC	PAIRED	325	0	ILLUMINA	Illumina HiSeq 2000	ERP005989	PRJEB6456		285453	ERS473146	SAMEA2580028	simple	408170	human gut metagenome	SAMEA2580028							no					BGI	ERA315811		public	B43CC5C4FCBF90A1C158E86E171428ED	0EC5F695C30AAF67E213B17CED03FCB6
ERR525824	2015-06-02 13:47:09	2022-07-20 09:23:05	20934853	4176340570	20934853	199	2343		https://sra-downloadb.be-md.ncbi.nlm.nih.gov/sos1/sra-pub-zq-38/ERR000/525/ERR525824/ERR525824.lite.2	ERX491059	INFgtjMISDFAAPEI-7	WGS	other	METAGENOMIC	PAIRED	330	0	ILLUMINA	Illumina HiSeq 2000	ERP005989	PRJEB6456		285453	ERS473159	SAMEA2580041	simple	408170	human gut metagenome	SAMEA2580041							no					BGI	ERA315811		public	E10DD4BDF083E78FD52B07F4819A8D0B	747F017235D60F94A785B5268DD71279
ERR525845	2015-06-02 13:47:10	2022-07-21 02:41:00	22710907	4531282730	22710907	199	2658		https://sra-downloadb.be-md.ncbi.nlm.nih.gov/sos8/sra-pub-zq-818/ERR000/525/ERR525845/ERR525845.lite.2	ERX491080	INFdxqMJXDFAAPEI-10	WGS	other	METAGENOMIC	PAIRED	337	0	ILLUMINA	Illumina HiSeq 2000	ERP005989	PRJEB6456		285453	ERS473180	SAMEA2580062	simple	408170	human gut metagenome	SAMEA2580062							no					BGI	ERA315811		public	364CBE8612D16D80186FE79B2CF170CD	DDC106B0D79779F70A9342734C2FA2C3
ERR525846	2015-06-02 13:47:28	2022-07-22 22:12:29	17665532	3526254740	17665532	199	2039		https://sra-downloadb.be-md.ncbi.nlm.nih.gov/sos9/sra-pub-zq-924/ERR000/525/ERR525846/ERR525846.lite.2	ERX491081	INFdxqMJWDFAAPEI-9	WGS	other	METAGENOMIC	PAIRED	327	0	ILLUMINA	Illumina HiSeq 2000	ERP005989	PRJEB6456		285453	ERS473181	SAMEA2580063	simple	408170	human gut metagenome	SAMEA2580063							no					BGI	ERA315811		public	829AE2DE02199A035C3471E39B06212D	1FB41FA9B1A76C05AFE11AC562EAFF17
ERR525849	2015-06-02 13:47:28	2022-07-21 02:44:46	18531989	3695075590	18531989	199	2179		https://sra-downloadb.be-md.ncbi.nlm.nih.gov/sos1/sra-pub-zq-38/ERR000/525/ERR525849/ERR525849.lite.2	ERX491084	GUTfirMKBDFAAPEI-10	WGS	other	METAGENOMIC	PAIRED	342	0	ILLUMINA	Illumina HiSeq 2000	ERP005989	PRJEB6456		285453	ERS473184	SAMEA2580066	simple	408170	human gut metagenome	SAMEA2580066							no					BGI	ERA315811		public	47BAA5CA6831BE3E1FA1248222555467	4B86DCBA1ADF1D5CE46DC2F5F19F625A
ERR525852	2015-06-02 13:47:28	2022-07-16 21:41:58	19770552	3946003550	19770552	199	2302		https://sra-downloadb.be-md.ncbi.nlm.nih.gov/sos13/sra-pub-zq-1301/ERR000/525/ERR525852/ERR525852.lite.2	ERX491087	GUTfirMKGDFAAPEI-3	WGS	other	METAGENOMIC	PAIRED	348	0	ILLUMINA	Illumina HiSeq 2000	ERP005989	PRJEB6456		285453	ERS473187	SAMEA2580069	simple	408170	human gut metagenome	SAMEA2580069							no					BGI	ERA315811		public	8934AF6F4AA759BBB6913A73A0797368	B9C87970785A5BA362ADCCEF59F4ABD2
ERR525877	2015-06-02 13:47:29	2022-07-22 08:42:56	20399423	4068233380	20399423	199	2400		https://sra-downloadb.be-md.ncbi.nlm.nih.gov/sos1/sra-pub-zq-38/ERR000/525/ERR525877/ERR525877.lite.2	ERX491112	GUTfirMLHDFABPEI-2	WGS	other	METAGENOMIC	PAIRED	335	0	ILLUMINA	Illumina HiSeq 2000	ERP005989	PRJEB6456		285453	ERS473212	SAMEA2580094	simple	408170	human gut metagenome	SAMEA2580094							no					BGI	ERA315811		public	D0487014E4AAB403790DED28DF80405B	EF9D42C4BD3BDAC7C23B2BFDF85692CB
ERR525878	2015-06-02 13:47:29	2022-07-14 06:21:08	15135631	3015354220	15135631	199	1841		https://sra-downloadb.be-md.ncbi.nlm.nih.gov/sos1/sra-pub-zq-38/ERR000/525/ERR525878/ERR525878.lite.2	ERX491113	GUTfirMLGDFAAPEI-1	WGS	other	METAGENOMIC	PAIRED	344	0	ILLUMINA	Illumina HiSeq 2000	ERP005989	PRJEB6456		285453	ERS473213	SAMEA2580095	simple	408170	human gut metagenome	SAMEA2580095							no					BGI	ERA315811		public	09D153001361C10DAEDA0E39E1E68BEE	3F8AAAAD4D52991CECBAFB0B2F82952F
ERR525886	2015-06-02 13:47:29	2022-07-16 17:31:12	21051978	4199716420	21051978	199	2408		https://sra-downloadb.be-md.ncbi.nlm.nih.gov/sos1/sra-pub-zq-38/ERR000/525/ERR525886/ERR525886.lite.2	ERX491121	INFgtjMLQDFAAPEI-3	WGS	other	METAGENOMIC	PAIRED	331	0	ILLUMINA	Illumina HiSeq 2000	ERP005989	PRJEB6456		285453	ERS473221	SAMEA2580103	simple	408170	human gut metagenome	SAMEA2580103							no					BGI	ERA315811		public	2490E70AB00ECDB2378F73B77C69817D	D77B4A19DBF928370CA1308BC5B95B3E
ERR525897	2015-06-02 13:47:30	2022-07-21 02:48:03	20116613	4004341710	20116613	199	2485		https://sra-downloadb.be-md.ncbi.nlm.nih.gov/sos13/sra-pub-zq-1301/ERR000/525/ERR525897/ERR525897.lite.2	ERX491132	GUTfirMBHDFAAPEI-10	WGS	other	METAGENOMIC	PAIRED	332	0	ILLUMINA	Illumina HiSeq 2000	ERP005989	PRJEB6456		285453	ERS473232	SAMEA2580114	simple	408170	human gut metagenome	SAMEA2580114							no					BGI	ERA315811		public	EBDAB7C4A30B89E5C6CDA3867DBC85F9	EA0E73C1B49E5C8850E0C61D8135A66A
ERR525944	2015-06-02 13:47:16	2022-07-12 17:36:01	23341370	4656636450	23341370	199	2765		https://sra-downloadb.be-md.ncbi.nlm.nih.gov/sos8/sra-pub-zq-820/ERR000/525/ERR525944/ERR525944.lite.2	ERX491179	INFdxqMBYDFAAPEI-11	WGS	other	METAGENOMIC	PAIRED	340	0	ILLUMINA	Illumina HiSeq 2000	ERP005989	PRJEB6456		285453	ERS473279	SAMEA2580161	simple	408170	human gut metagenome	SAMEA2580161							no					BGI	ERA315811		public	8809615EE7825A97D3428F3229DD7182	77599D8B80BF49D41BDEABC49E0551A2
ERR525945	2015-06-02 13:47:16	2022-07-21 03:28:01	21720871	4329948900	21720871	199	2689		https://sra-downloadb.be-md.ncbi.nlm.nih.gov/sos9/sra-pub-zq-924/ERR000/525/ERR525945/ERR525945.lite.2	ERX491180	GUTfirMNIDFAAPEI-7	WGS	other	METAGENOMIC	PAIRED	333	0	ILLUMINA	Illumina HiSeq 2000	ERP005989	PRJEB6456		285453	ERS473280	SAMEA2580162	simple	408170	human gut metagenome	SAMEA2580162							no					BGI	ERA315811		public	A5EF5F95A9B42CF023275EFB23EF5C38	8FB05D888F6D9160141786DA45145053
ERR525946	2015-06-02 13:47:39	2022-07-14 06:46:25	27856560	5561712720	27856560	199	3184		https://sra-downloadb.be-md.ncbi.nlm.nih.gov/sos1/sra-pub-zq-38/ERR000/525/ERR525946/ERR525946.lite.2	ERX491181	GUTfirMNHDFAAPEI-6	WGS	other	METAGENOMIC	PAIRED	328	0	ILLUMINA	Illumina HiSeq 2000	ERP005989	PRJEB6456		285453	ERS473281	SAMEA2580163	simple	408170	human gut metagenome	SAMEA2580163							no					BGI	ERA315811		public	D9538D778A00E7869F09F5C2A9E75AAF	D1B86EFAAAB12A2A29F7DBDAB2B84134
ERR525949	2015-06-02 13:47:39	2022-07-12 16:23:23	24475814	4884655220	24475814	199	2860		https://sra-downloadb.be-md.ncbi.nlm.nih.gov/sos1/sra-pub-zq-38/ERR000/525/ERR525949/ERR525949.lite.2	ERX491184	INFdxqMBXDFAAPEI-10	WGS	other	METAGENOMIC	PAIRED	336	0	ILLUMINA	Illumina HiSeq 2000	ERP005989	PRJEB6456		285453	ERS473284	SAMEA2580166	simple	408170	human gut metagenome	SAMEA2580166							no					BGI	ERA315811		public	347AAB126AC2420B24706A66CE2A9284	27EFE7707D56DE0E2605CC8759F65082
ERR525953	2015-06-02 13:47:39	2022-07-22 23:12:06	20444672	4077333230	20444672	199	2350		https://sra-downloadb.be-md.ncbi.nlm.nih.gov/sos1/sra-pub-zq-38/ERR000/525/ERR525953/ERR525953.lite.2	ERX491188	INFgtjMNNDFAAPEI-8	WGS	other	METAGENOMIC	PAIRED	333	0	ILLUMINA	Illumina HiSeq 2000	ERP005989	PRJEB6456		285453	ERS473288	SAMEA2580170	simple	408170	human gut metagenome	SAMEA2580170							no					BGI	ERA315811		public	3205D26CA9861E4E86440AFBFDF6D594	BA1B6113464EBBC756B505AFF81E8D0B
ERR525955	2015-06-02 13:47:12	2022-07-20 07:21:30	18987954	3790107880	18987954	199	2181		https://sra-downloadb.be-md.ncbi.nlm.nih.gov/sos1/sra-pub-zq-38/ERR000/525/ERR525955/ERR525955.lite.2	ERX491190	INFdxqMBZDFAAPEI-12	WGS	other	METAGENOMIC	PAIRED	337	0	ILLUMINA	Illumina HiSeq 2000	ERP005989	PRJEB6456		285453	ERS473290	SAMEA2580172	simple	408170	human gut metagenome	SAMEA2580172							no					BGI	ERA315811		public	26A29C3F4CF2EB46AC97F03DF216BAB0	7A36C1ED451C61D59492D01BE418756A
ERR525961	2015-06-02 13:47:40	2022-07-16 19:48:34	23617551	4708330550	23617551	199	2856		https://sra-downloadb.be-md.ncbi.nlm.nih.gov/sos8/sra-pub-zq-820/ERR000/525/ERR525961/ERR525961.lite.2	ERX491196	GUTfirMNXDFAAPEI-2	WGS	other	METAGENOMIC	PAIRED	340	0	ILLUMINA	Illumina HiSeq 2000	ERP005989	PRJEB6456		285453	ERS473296	SAMEA2580178	simple	408170	human gut metagenome	SAMEA2580178							no					BGI	ERA315811		public	BCC31A5F025E56DDCE52C01F24D9E849	C5C2A0170A4FFADA9E919B495FDFC7B2
ERR525964	2015-06-02 13:47:07	2022-07-16 19:36:08	20643408	4120328300	20643408	199	2387		https://sra-downloadb.be-md.ncbi.nlm.nih.gov/sos13/sra-pub-zq-1301/ERR000/525/ERR525964/ERR525964.lite.2	ERX491199	INFdxqMOCDFAAPEI-3	WGS	other	METAGENOMIC	PAIRED	337	0	ILLUMINA	Illumina HiSeq 2000	ERP005989	PRJEB6456		285453	ERS473299	SAMEA2580181	simple	408170	human gut metagenome	SAMEA2580181							no					BGI	ERA315811		public	55A1E202DA0D73029CBE291E01BC15C1	A32201DC616340236CE6CB8822D79FB5
ERR525967	2015-06-02 13:47:12	2022-07-13 22:41:17	20934092	4176516230	20934092	199	2446		https://sra-downloadb.be-md.ncbi.nlm.nih.gov/sos8/sra-pub-zq-820/ERR000/525/ERR525967/ERR525967.lite.2	ERX491202	INFdxqMODDFAAPEI-4	WGS	other	METAGENOMIC	PAIRED	333	0	ILLUMINA	Illumina HiSeq 2000	ERP005989	PRJEB6456		285453	ERS473302	SAMEA2580184	simple	408170	human gut metagenome	SAMEA2580184							no					BGI	ERA315811		public	B88CF9A271AB6F25FB4441B8C5BD60C8	E14FB79F1E65A74749A99388CD837DFA
ERR525969	2015-06-02 13:47:40	2022-07-20 07:21:47	16622338	3303868440	16622338	198	2106		https://sra-downloadb.be-md.ncbi.nlm.nih.gov/sos9/sra-pub-zq-924/ERR000/525/ERR525969/ERR525969.lite.2	ERX491204	GUTfirMONDFAAPEI-6	WGS	other	METAGENOMIC	PAIRED	341	0	ILLUMINA	Illumina HiSeq 2000	ERP005989	PRJEB6456		285453	ERS473304	SAMEA2580186	simple	408170	human gut metagenome	SAMEA2580186							no					BGI	ERA315811		public	14EF6BE6A672F6A4FCD29AA0A3ACE6B5	B28157158179D8D81B883D141814C77A
ERR525990	2015-06-02 13:47:22	2022-07-16 21:37:08	15696168	3123576880	15696168	199	1933		https://sra-downloadb.be-md.ncbi.nlm.nih.gov/sos1/sra-pub-zq-38/ERR000/525/ERR525990/ERR525990.lite.2	ERX491225	GUTfirMPGDFAAPEI-9	WGS	other	METAGENOMIC	PAIRED	345	0	ILLUMINA	Illumina HiSeq 2000	ERP005989	PRJEB6456		285453	ERS473325	SAMEA2580207	simple	408170	human gut metagenome	SAMEA2580207							no					BGI	ERA315811		public	E289AA8F14557B98E0A675E907D2DCB9	2B8F148DF27128FB168466541A28C364
ERR525991	2015-06-02 13:47:22	2022-07-22 01:57:06	18168365	3619972030	18168365	199	2230		https://sra-downloadb.be-md.ncbi.nlm.nih.gov/sos1/sra-pub-zq-38/ERR000/525/ERR525991/ERR525991.lite.2	ERX491226	GUTfirMPJDFAAPEI-12	WGS	other	METAGENOMIC	PAIRED	345	0	ILLUMINA	Illumina HiSeq 2000	ERP005989	PRJEB6456		285453	ERS473326	SAMEA2580208	simple	408170	human gut metagenome	SAMEA2580208							no					BGI	ERA315811		public	12E7B24893E1B9415E4168E88D436E2A	DEBF63C3A9C1D9B75550D6799C9C78CE
ERR525992	2015-06-02 13:47:18	2022-07-16 17:25:12	19468229	3882970170	19468229	199	2333		https://sra-downloadb.be-md.ncbi.nlm.nih.gov/sos9/sra-pub-zq-924/ERR000/525/ERR525992/ERR525992.lite.2	ERX491227	GUTfirMPMDFAAPEI-3	WGS	other	METAGENOMIC	PAIRED	337	0	ILLUMINA	Illumina HiSeq 2000	ERP005989	PRJEB6456		285453	ERS473327	SAMEA2580209	simple	408170	human gut metagenome	SAMEA2580209							no					BGI	ERA315811		public	F74CFE6B7A3135E15D46ACA42A108B59	FB4A56A3B16C5A9C9807E9307491C673
ERR525993	2015-06-02 13:47:18	2022-07-22 22:22:37	24590995	4906380410	24590995	199	2875		https://sra-downloadb.be-md.ncbi.nlm.nih.gov/sos1/sra-pub-zq-38/ERR000/525/ERR525993/ERR525993.lite.2	ERX491228	GUTfirMPLDFAAPEI-2	WGS	other	METAGENOMIC	PAIRED	338	0	ILLUMINA	Illumina HiSeq 2000	ERP005989	PRJEB6456		285453	ERS473328	SAMEA2580210	simple	408170	human gut metagenome	SAMEA2580210							no					BGI	ERA315811		public	AE38D15A9609663C7D2346C4DF60E2A2	561456C68DC7CCE117F78A11617E70FB
ERR525994	2015-06-02 13:47:22	2022-07-29 23:04:09	16132660	3207281700	16132660	198	2035		https://sra-downloadb.be-md.ncbi.nlm.nih.gov/sos1/sra-pub-zq-38/ERR000/525/ERR525994/ERR525994.lite.2	ERX491229	GUTfirMPKDFAAPEI-1	WGS	other	METAGENOMIC	PAIRED	338	0	ILLUMINA	Illumina HiSeq 2000	ERP005989	PRJEB6456		285453	ERS473329	SAMEA2580211	simple	408170	human gut metagenome	SAMEA2580211							no					BGI	ERA315811		public	7E284D9C747AB12C8DE8F911AC9B7FD9	C61BB6861F97C90CAF36419062B49DB8
ERR525995	2015-06-02 13:47:22	2022-07-17 20:33:36	22052375	4399489730	22052375	199	2642		https://sra-downloadb.be-md.ncbi.nlm.nih.gov/sos13/sra-pub-zq-1301/ERR000/525/ERR525995/ERR525995.lite.2	ERX491230	GUTfirMPNDFAAPEI-4	WGS	other	METAGENOMIC	PAIRED	343	0	ILLUMINA	Illumina HiSeq 2000	ERP005989	PRJEB6456		285453	ERS473330	SAMEA2580212	simple	408170	human gut metagenome	SAMEA2580212							no					BGI	ERA315811		public	10E7790116D070FD950D910FE5ECBDF5	E567D3408C86DF577206E8536EE0393E
ERR525996	2015-06-02 13:47:22	2022-07-22 22:11:07	18863282	3766837200	18863282	199	2163		https://sra-downloadb.be-md.ncbi.nlm.nih.gov/sos8/sra-pub-zq-820/ERR000/525/ERR525996/ERR525996.lite.2	ERX491231	INFdxqMPQDFAAPEI-7	WGS	other	METAGENOMIC	PAIRED	334	0	ILLUMINA	Illumina HiSeq 2000	ERP005989	PRJEB6456		285453	ERS473331	SAMEA2580213	simple	408170	human gut metagenome	SAMEA2580213							no					BGI	ERA315811		public	1BF26672E2119922A9261034ADC7A060	23230FDB30E89C76642D6EAFA8EF3073
ERR525997	2015-06-02 13:47:22	2022-07-29 20:02:59	19885371	3967027780	19885371	199	2384		https://sra-downloadb.be-md.ncbi.nlm.nih.gov/sos1/sra-pub-zq-38/ERR000/525/ERR525997/ERR525997.lite.2	ERX491232	INFdxqMPPDFAAPEI-6	WGS	other	METAGENOMIC	PAIRED	346	0	ILLUMINA	Illumina HiSeq 2000	ERP005989	PRJEB6456		285453	ERS473332	SAMEA2580214	simple	408170	human gut metagenome	SAMEA2580214							no					BGI	ERA315811		public	EE7C8AA9E140D2936D24D10E06FBA4D3	14C1319FD83FE6769858F67E6E1F52FF
ERR526000	2015-06-02 13:47:22	2022-07-16 17:34:56	22805840	4549810140	22805840	199	2553		https://sra-downloadb.be-md.ncbi.nlm.nih.gov/sos8/sra-pub-zq-820/ERR000/526/ERR526000/ERR526000.lite.2	ERX491235	INFgtjMPUDFAAPEI-3	WGS	other	METAGENOMIC	PAIRED	346	0	ILLUMINA	Illumina HiSeq 2000	ERP005989	PRJEB6456		285453	ERS473335	SAMEA2580217	simple	408170	human gut metagenome	SAMEA2580217							no					BGI	ERA315811		public	4F547018159158637615DACE4CEAABFC	DFF025679AD448DD0FA40B8F9FCA5FEE
ERR526001	2015-06-02 13:47:23	2022-07-20 07:19:14	15709245	3121356520	15709245	198	1933		https://sra-downloadb.be-md.ncbi.nlm.nih.gov/sos13/sra-pub-zq-1301/ERR000/526/ERR526001/ERR526001.lite.2	ERX491236	INFgtjMPTDFAAPEI-2	WGS	other	METAGENOMIC	PAIRED	331	0	ILLUMINA	Illumina HiSeq 2000	ERP005989	PRJEB6456		285453	ERS473336	SAMEA2580218	simple	408170	human gut metagenome	SAMEA2580218							no					BGI	ERA315811		public	0E7C5E4B98105F270D329169D3F0E040	127AFA0466626E3B67D4FB2A2E16016A
ERR526002	2015-06-02 13:47:23	2022-07-22 22:20:46	17337731	3465194730	17337731	199	1699		https://sra-downloadb.be-md.ncbi.nlm.nih.gov/sos1/sra-pub-zq-38/ERR000/526/ERR526002/ERR526002.lite.2	ERX491237	INFgtjMPSDFAAPEI-1	WGS	other	METAGENOMIC	PAIRED	338	0	ILLUMINA	Illumina HiSeq 2000	ERP005989	PRJEB6456		285453	ERS473337	SAMEA2580219	simple	408170	human gut metagenome	SAMEA2580219							no					BGI	ERA315811		public	4FBEE96DD829E1502C3D8FC12F6798E4	C556DCD02EEF30EEF2DC439863AC3F26
ERR526003	2015-06-02 13:47:24	2022-07-22 22:40:18	20098890	4001224830	20098890	199	2409		https://sra-downloadb.be-md.ncbi.nlm.nih.gov/sos8/sra-pub-zq-820/ERR000/526/ERR526003/ERR526003.lite.2	ERX491238	INFgtjMPVDFAAPEI-4	WGS	other	METAGENOMIC	PAIRED	330	0	ILLUMINA	Illumina HiSeq 2000	ERP005989	PRJEB6456		285453	ERS473338	SAMEA2580220	simple	408170	human gut metagenome	SAMEA2580220							no					BGI	ERA315811		public	BFECC91329F6921CC176C08B52AD9523	006C4704C059A1278DA76C3B292114F6
ERR526009	2015-06-02 13:47:41	2022-07-22 23:13:00	24185590	4828505260	24185590	199	2834		https://sra-downloadb.be-md.ncbi.nlm.nih.gov/sos1/sra-pub-zq-38/ERR000/526/ERR526009/ERR526009.lite.2	ERX491244	GUTfirMQBDFAAPEI-10	WGS	other	METAGENOMIC	PAIRED	340	0	ILLUMINA	Illumina HiSeq 2000	ERP005989	PRJEB6456		285453	ERS473344	SAMEA2580226	simple	408170	human gut metagenome	SAMEA2580226							no					BGI	ERA315811		public	4D1AE2F70D2ED46399F85B536D7600C9	3FD07A731F8A85280E0FB9091D40F680
ERR526044	2015-06-02 13:47:31	2022-07-21 02:43:15	15463304	3088036450	15463304	199	1721		https://sra-downloadb.be-md.ncbi.nlm.nih.gov/sos13/sra-pub-zq-1301/ERR000/526/ERR526044/ERR526044.lite.2	ERX491279	GUTfirMRMDFAAPEI-11	WGS	other	METAGENOMIC	PAIRED	321	0	ILLUMINA	Illumina HiSeq 2000	ERP005989	PRJEB6456		285453	ERS473379	SAMEA2580261	simple	408170	human gut metagenome	SAMEA2580261							no					BGI	ERA315811		public	6A032BA681B997287D6F4C9009868D0B	F149DCBE997A3A154B834E6018172D57
