Run	ReleaseDate	LoadDate	spots	bases	spots_with_mates	avgLength	size_MB	AssemblyName	download_path	Experiment	LibraryName	LibraryStrategy	LibrarySelection	LibrarySource	LibraryLayout	InsertSize	InsertDev	Platform	Model	SRAStudy	BioProject	Study_Pubmed_id	ProjectID	Sample	BioSample	SampleType	TaxID	ScientificName	SampleName	g1k_pop_code	source	g1k_analysis_group	Subject_ID	Sex	Disease	Tumor	Affection_Status	Analyte_Type	Histological_Type	Body_Site	CenterName	Submission	dbgap_study_accession	Consent	RunHash	ReadHash
ERR1913261	2017-04-07 10:55:18	2017-04-14 13:33:52	1181554	92075348	0	77	91		https://sra-downloadb.be-md.ncbi.nlm.nih.gov/sos12/sra-pub-zq-1211/ERR001/913/ERR1913261/ERR1913261.sralite.1	ERX1973838	unspecified	WGS	RANDOM	METAGENOMIC	SINGLE	0	0	ILLUMINA	Illumina HiSeq 2500	ERP019674	PRJEB17784		382085	ERS1647279	SAMEA103958111	simple	408170	human gut metagenome	SAMEA103958111							no					EUROPEAN MOLECULAR BIOLOGY LABORATORY, HEIDELBERG,	ERA872021		public	2579B570C44FBD945B1BDABB154A9198	E714D9DE6D92508966BF975EFAB6C982
ERR1913262	2017-04-07 10:55:18	2017-04-14 13:33:58	1154252	89908668	0	77	89		https://sra-downloadb.be-md.ncbi.nlm.nih.gov/sos12/sra-pub-zq-1211/ERR001/913/ERR1913262/ERR1913262.sralite.1	ERX1973839	unspecified	WGS	RANDOM	METAGENOMIC	SINGLE	0	0	ILLUMINA	Illumina HiSeq 2500	ERP019674	PRJEB17784		382085	ERS1647279	SAMEA103958111	simple	408170	human gut metagenome	SAMEA103958111							no					EUROPEAN MOLECULAR BIOLOGY LABORATORY, HEIDELBERG,	ERA872021		public	0FC43271EB25DD5F32EAE8F2876F70D3	EE13954A19BF99665B312FDB5B5B7EC9
ERR1913263	2017-04-07 10:55:18	2017-04-14 13:34:03	1009404	79007268	0	78	78		https://sra-downloadb.be-md.ncbi.nlm.nih.gov/sos12/sra-pub-zq-1211/ERR001/913/ERR1913263/ERR1913263.sralite.1	ERX1973840	unspecified	WGS	RANDOM	METAGENOMIC	SINGLE	0	0	ILLUMINA	Illumina HiSeq 2500	ERP019674	PRJEB17784		382085	ERS1647279	SAMEA103958111	simple	408170	human gut metagenome	SAMEA103958111							no					EUROPEAN MOLECULAR BIOLOGY LABORATORY, HEIDELBERG,	ERA872021		public	0104A287B82570199487168524DB757F	5D16AF1A944EEA48574A2393368F11C2
ERR1913264	2017-04-07 10:55:18	2017-04-14 13:34:09	1127257	87901276	0	77	87		https://sra-downloadb.be-md.ncbi.nlm.nih.gov/sos12/sra-pub-zq-1211/ERR001/913/ERR1913264/ERR1913264.sralite.1	ERX1973841	unspecified	WGS	RANDOM	METAGENOMIC	SINGLE	0	0	ILLUMINA	Illumina HiSeq 2500	ERP019674	PRJEB17784		382085	ERS1647279	SAMEA103958111	simple	408170	human gut metagenome	SAMEA103958111							no					EUROPEAN MOLECULAR BIOLOGY LABORATORY, HEIDELBERG,	ERA872021		public	4B5ADF32A347BDBCA6F16F6AB2E120BA	E9114C974827C8DB5BFCA1BC7169EA1E
ERR1913280	2017-04-07 10:55:19	2017-04-14 13:35:23	958768	71345452	0	74	75		https://sra-downloadb.be-md.ncbi.nlm.nih.gov/sos12/sra-pub-zq-1211/ERR001/913/ERR1913280/ERR1913280.sralite.1	ERX1973857	unspecified	WGS	RANDOM	METAGENOMIC	SINGLE	0	0	ILLUMINA	Illumina HiSeq 2500	ERP019674	PRJEB17784		382085	ERS1647280	SAMEA103958112	simple	408170	human gut metagenome	SAMEA103958112							no					EUROPEAN MOLECULAR BIOLOGY LABORATORY, HEIDELBERG,	ERA872021		public	AB53606902C92BAACB907F367D39F173	B3246F16D0CE435335AF373039EFEF94
ERR1913281	2017-04-07 10:55:19	2017-04-14 13:35:24	1055903	78210236	0	74	83		https://sra-downloadb.be-md.ncbi.nlm.nih.gov/sos12/sra-pub-zq-1211/ERR001/913/ERR1913281/ERR1913281.sralite.1	ERX1973858	unspecified	WGS	RANDOM	METAGENOMIC	SINGLE	0	0	ILLUMINA	Illumina HiSeq 2500	ERP019674	PRJEB17784		382085	ERS1647280	SAMEA103958112	simple	408170	human gut metagenome	SAMEA103958112							no					EUROPEAN MOLECULAR BIOLOGY LABORATORY, HEIDELBERG,	ERA872021		public	FFDC1420FA024AAA444F7491C2761748	B422FB76F3D24A6D979FD660AFA8C456
ERR1913282	2017-04-07 10:55:19	2017-04-14 13:35:32	991385	71275027	0	71	75		https://sra-downloadb.be-md.ncbi.nlm.nih.gov/sos12/sra-pub-zq-1211/ERR001/913/ERR1913282/ERR1913282.sralite.1	ERX1973859	unspecified	WGS	RANDOM	METAGENOMIC	SINGLE	0	0	ILLUMINA	Illumina HiSeq 2500	ERP019674	PRJEB17784		382085	ERS1647280	SAMEA103958112	simple	408170	human gut metagenome	SAMEA103958112							no					EUROPEAN MOLECULAR BIOLOGY LABORATORY, HEIDELBERG,	ERA872021		public	023EF40D7B67C032D0D93636031753F1	7F195DF27FFE3BF13AF716780D2EDC20
ERR1913283	2017-04-07 10:55:19	2017-04-14 13:35:37	1011695	72370381	0	71	77		https://sra-downloadb.be-md.ncbi.nlm.nih.gov/sos12/sra-pub-zq-1211/ERR001/913/ERR1913283/ERR1913283.sralite.1	ERX1973860	unspecified	WGS	RANDOM	METAGENOMIC	SINGLE	0	0	ILLUMINA	Illumina HiSeq 2500	ERP019674	PRJEB17784		382085	ERS1647280	SAMEA103958112	simple	408170	human gut metagenome	SAMEA103958112							no					EUROPEAN MOLECULAR BIOLOGY LABORATORY, HEIDELBERG,	ERA872021		public	87C88E7B3D5F69A9602B439A7970244F	2D2F8B627E1005DC7F3409A277E98F76
ERR1913284	2017-04-07 10:55:19	2017-04-14 13:35:36	995122	75304871	0	75	77		https://sra-downloadb.be-md.ncbi.nlm.nih.gov/sos12/sra-pub-zq-1211/ERR001/913/ERR1913284/ERR1913284.sralite.1	ERX1973861	unspecified	WGS	RANDOM	METAGENOMIC	SINGLE	0	0	ILLUMINA	Illumina HiSeq 2500	ERP019674	PRJEB17784		382085	ERS1647283	SAMEA103958115	simple	408170	human gut metagenome	SAMEA103958115							no					EUROPEAN MOLECULAR BIOLOGY LABORATORY, HEIDELBERG,	ERA872021		public	924399ED3A9ACD30B11EBFDE8FDE4FFA	04FFC1BC5408B48904970D8D25626B61
ERR1913285	2017-04-07 10:55:19	2017-04-14 13:35:51	985640	74573504	0	75	77		https://sra-downloadb.be-md.ncbi.nlm.nih.gov/sos12/sra-pub-zq-1211/ERR001/913/ERR1913285/ERR1913285.sralite.1	ERX1973862	unspecified	WGS	RANDOM	METAGENOMIC	SINGLE	0	0	ILLUMINA	Illumina HiSeq 2500	ERP019674	PRJEB17784		382085	ERS1647283	SAMEA103958115	simple	408170	human gut metagenome	SAMEA103958115							no					EUROPEAN MOLECULAR BIOLOGY LABORATORY, HEIDELBERG,	ERA872021		public	EF934D8E5FD7B4AD043BFD6D2F7B8D10	58CC2E56479403FC08CFD03392052A6F
ERR1913286	2017-04-07 10:55:19	2017-04-14 13:35:50	928133	70447418	0	75	72		https://sra-downloadb.be-md.ncbi.nlm.nih.gov/sos12/sra-pub-zq-1211/ERR001/913/ERR1913286/ERR1913286.sralite.1	ERX1973863	unspecified	WGS	RANDOM	METAGENOMIC	SINGLE	0	0	ILLUMINA	Illumina HiSeq 2500	ERP019674	PRJEB17784		382085	ERS1647283	SAMEA103958115	simple	408170	human gut metagenome	SAMEA103958115							no					EUROPEAN MOLECULAR BIOLOGY LABORATORY, HEIDELBERG,	ERA872021		public	916DCB16C5A5EF4BB6E93C7C32BA111D	38E3886D76DEF0AEB5992B3E0EE809BC
ERR1913287	2017-04-07 10:55:19	2017-04-14 13:36:03	976189	73999527	0	75	76		https://sra-downloadb.be-md.ncbi.nlm.nih.gov/sos12/sra-pub-zq-1211/ERR001/913/ERR1913287/ERR1913287.sralite.1	ERX1973864	unspecified	WGS	RANDOM	METAGENOMIC	SINGLE	0	0	ILLUMINA	Illumina HiSeq 2500	ERP019674	PRJEB17784		382085	ERS1647283	SAMEA103958115	simple	408170	human gut metagenome	SAMEA103958115							no					EUROPEAN MOLECULAR BIOLOGY LABORATORY, HEIDELBERG,	ERA872021		public	959FA86D43954C5DBEC091C30C5AA17A	D000785DA22AA9E6FCA724D9C1460E12
ERR1913314	2017-04-07 10:55:19	2017-04-14 13:39:17	1096408	86032190	0	78	84		https://sra-downloadb.be-md.ncbi.nlm.nih.gov/sos12/sra-pub-zq-1211/ERR001/913/ERR1913314/ERR1913314.sralite.1	ERX1973891	unspecified	WGS	RANDOM	METAGENOMIC	SINGLE	0	0	ILLUMINA	Illumina HiSeq 2500	ERP019674	PRJEB17784		382085	ERS1647287	SAMEA103958119	simple	408170	human gut metagenome	SAMEA103958119							no					EUROPEAN MOLECULAR BIOLOGY LABORATORY, HEIDELBERG,	ERA872021		public	081E96F6353DD1C2F3DB5CB2F17CE823	652F8FBB9EF1EA607F97B07811E1533D
ERR1913315	2017-04-07 10:55:19	2017-04-14 13:39:22	1078404	84637166	0	78	83		https://sra-downloadb.be-md.ncbi.nlm.nih.gov/sos12/sra-pub-zq-1211/ERR001/913/ERR1913315/ERR1913315.sralite.1	ERX1973892	unspecified	WGS	RANDOM	METAGENOMIC	SINGLE	0	0	ILLUMINA	Illumina HiSeq 2500	ERP019674	PRJEB17784		382085	ERS1647287	SAMEA103958119	simple	408170	human gut metagenome	SAMEA103958119							no					EUROPEAN MOLECULAR BIOLOGY LABORATORY, HEIDELBERG,	ERA872021		public	AF0D4A09405D85CD640910B65E45CA20	EEE91D871EFF4D3500BF157E53C5DBFD
ERR1913316	2017-04-07 10:55:19	2017-04-14 13:39:30	1016468	80031350	0	78	78		https://sra-downloadb.be-md.ncbi.nlm.nih.gov/sos12/sra-pub-zq-1211/ERR001/913/ERR1913316/ERR1913316.sralite.1	ERX1973893	unspecified	WGS	RANDOM	METAGENOMIC	SINGLE	0	0	ILLUMINA	Illumina HiSeq 2500	ERP019674	PRJEB17784		382085	ERS1647287	SAMEA103958119	simple	408170	human gut metagenome	SAMEA103958119							no					EUROPEAN MOLECULAR BIOLOGY LABORATORY, HEIDELBERG,	ERA872021		public	E7C3859C8C8B85BA3935429C66FFD5E1	98126C4B6BDE2B9666EEF7F1C69E29B1
ERR1913317	2017-04-07 10:55:19	2017-04-14 13:39:36	1075568	84523145	0	78	83		https://sra-downloadb.be-md.ncbi.nlm.nih.gov/sos12/sra-pub-zq-1211/ERR001/913/ERR1913317/ERR1913317.sralite.1	ERX1973894	unspecified	WGS	RANDOM	METAGENOMIC	SINGLE	0	0	ILLUMINA	Illumina HiSeq 2500	ERP019674	PRJEB17784		382085	ERS1647287	SAMEA103958119	simple	408170	human gut metagenome	SAMEA103958119							no					EUROPEAN MOLECULAR BIOLOGY LABORATORY, HEIDELBERG,	ERA872021		public	A27FC7EC98DA862787786D96627DBBA6	18F11F60242AA165A75295EB9BA7B7A5
ERR1913296	2017-04-07 10:55:19	2017-04-14 13:36:47	1017541	80560068	0	79	79		https://sra-downloadb.be-md.ncbi.nlm.nih.gov/sos12/sra-pub-zq-1211/ERR001/913/ERR1913296/ERR1913296.sralite.1	ERX1973873	unspecified	WGS	RANDOM	METAGENOMIC	SINGLE	0	0	ILLUMINA	Illumina HiSeq 2500	ERP019674	PRJEB17784		382085	ERS1647290	SAMEA103958122	simple	408170	human gut metagenome	SAMEA103958122							no					EUROPEAN MOLECULAR BIOLOGY LABORATORY, HEIDELBERG,	ERA872021		public	38523B74C1A364CCBC2098ED3E1A014F	EC96EA65472093910B19592FB67C30F6
ERR1913297	2017-04-07 10:55:19	2017-04-14 13:36:57	994417	78806027	0	79	78		https://sra-downloadb.be-md.ncbi.nlm.nih.gov/sos12/sra-pub-zq-1211/ERR001/913/ERR1913297/ERR1913297.sralite.1	ERX1973874	unspecified	WGS	RANDOM	METAGENOMIC	SINGLE	0	0	ILLUMINA	Illumina HiSeq 2500	ERP019674	PRJEB17784		382085	ERS1647290	SAMEA103958122	simple	408170	human gut metagenome	SAMEA103958122							no					EUROPEAN MOLECULAR BIOLOGY LABORATORY, HEIDELBERG,	ERA872021		public	08E3F4EF62DC410DE5023565F3270AA9	7682B60A0B882E2F016229B1DCB7945E
ERR1913298	2017-04-07 10:55:19	2017-04-14 13:37:02	985755	78122971	0	79	77		https://sra-downloadb.be-md.ncbi.nlm.nih.gov/sos12/sra-pub-zq-1211/ERR001/913/ERR1913298/ERR1913298.sralite.1	ERX1973875	unspecified	WGS	RANDOM	METAGENOMIC	SINGLE	0	0	ILLUMINA	Illumina HiSeq 2500	ERP019674	PRJEB17784		382085	ERS1647290	SAMEA103958122	simple	408170	human gut metagenome	SAMEA103958122							no					EUROPEAN MOLECULAR BIOLOGY LABORATORY, HEIDELBERG,	ERA872021		public	9DC27BBFB3321266BE61F982E6EF09DD	F7A7C03AF21AE46736C183430C42F7A8
ERR1913299	2017-04-07 10:55:19	2017-04-14 13:37:03	981127	77917657	0	79	77		https://sra-downloadb.be-md.ncbi.nlm.nih.gov/sos12/sra-pub-zq-1211/ERR001/913/ERR1913299/ERR1913299.sralite.1	ERX1973876	unspecified	WGS	RANDOM	METAGENOMIC	SINGLE	0	0	ILLUMINA	Illumina HiSeq 2500	ERP019674	PRJEB17784		382085	ERS1647290	SAMEA103958122	simple	408170	human gut metagenome	SAMEA103958122							no					EUROPEAN MOLECULAR BIOLOGY LABORATORY, HEIDELBERG,	ERA872021		public	E4E32AD4DC4AAD06848B34B402523A13	48A6AD23F254550EB46683CB048489A9
ERR1913272	2017-04-07 10:55:18	2017-04-14 13:34:44	938548	72451803	0	77	73		https://sra-downloadb.be-md.ncbi.nlm.nih.gov/sos12/sra-pub-zq-1211/ERR001/913/ERR1913272/ERR1913272.sralite.1	ERX1973849	unspecified	WGS	RANDOM	METAGENOMIC	SINGLE	0	0	ILLUMINA	Illumina HiSeq 2500	ERP019674	PRJEB17784		382085	ERS1647294	SAMEA103958126	simple	408170	human gut metagenome	SAMEA103958126							no					EUROPEAN MOLECULAR BIOLOGY LABORATORY, HEIDELBERG,	ERA872021		public	06204D66F22FB6C9E2FC1492EC1F87F0	4C44457FB0AF76CA7EDFD3E43AE64241
ERR1913273	2017-04-07 10:55:18	2017-04-14 13:34:52	920628	71056485	0	77	72		https://sra-downloadb.be-md.ncbi.nlm.nih.gov/sos12/sra-pub-zq-1211/ERR001/913/ERR1913273/ERR1913273.sralite.1	ERX1973850	unspecified	WGS	RANDOM	METAGENOMIC	SINGLE	0	0	ILLUMINA	Illumina HiSeq 2500	ERP019674	PRJEB17784		382085	ERS1647294	SAMEA103958126	simple	408170	human gut metagenome	SAMEA103958126							no					EUROPEAN MOLECULAR BIOLOGY LABORATORY, HEIDELBERG,	ERA872021		public	A9C7F0F56F7430CCCF351486774B9C49	EE46D3F8E74760D869C484FF1176CCC9
ERR1913274	2017-04-07 10:55:18	2017-04-14 13:34:56	900650	69709565	0	77	70		https://sra-downloadb.be-md.ncbi.nlm.nih.gov/sos12/sra-pub-zq-1211/ERR001/913/ERR1913274/ERR1913274.sralite.1	ERX1973851	unspecified	WGS	RANDOM	METAGENOMIC	SINGLE	0	0	ILLUMINA	Illumina HiSeq 2500	ERP019674	PRJEB17784		382085	ERS1647294	SAMEA103958126	simple	408170	human gut metagenome	SAMEA103958126							no					EUROPEAN MOLECULAR BIOLOGY LABORATORY, HEIDELBERG,	ERA872021		public	BDE48AA728CCBCD52DCA4E60BDEE0853	288204473A7C31F13BA5FA14E915BF70
ERR1913275	2017-04-07 10:55:18	2017-04-14 13:34:57	902014	69811885	0	77	71		https://sra-downloadb.be-md.ncbi.nlm.nih.gov/sos12/sra-pub-zq-1211/ERR001/913/ERR1913275/ERR1913275.sralite.1	ERX1973852	unspecified	WGS	RANDOM	METAGENOMIC	SINGLE	0	0	ILLUMINA	Illumina HiSeq 2500	ERP019674	PRJEB17784		382085	ERS1647294	SAMEA103958126	simple	408170	human gut metagenome	SAMEA103958126							no					EUROPEAN MOLECULAR BIOLOGY LABORATORY, HEIDELBERG,	ERA872021		public	390AC19C1EF47FFB6FFF862A5087F0A6	054D889F1624DF328C54D1DF9406D34A
ERR1913260	2017-04-07 10:55:18	2017-04-14 13:33:49	903215	69517866	0	76	70		https://sra-downloadb.be-md.ncbi.nlm.nih.gov/sos12/sra-pub-zq-1211/ERR001/913/ERR1913260/ERR1913260.sralite.1	ERX1973837	unspecified	WGS	RANDOM	METAGENOMIC	SINGLE	0	0	ILLUMINA	Illumina HiSeq 2500	ERP019674	PRJEB17784		382085	ERS1647295	SAMEA103958127	simple	408170	human gut metagenome	SAMEA103958127							no					EUROPEAN MOLECULAR BIOLOGY LABORATORY, HEIDELBERG,	ERA872021		public	0B13C60C97C7C68C1F8DA6F1996974B5	D7CB3B91999B1AE411373D891F923596
ERR1913288	2017-04-07 10:55:19	2017-04-14 13:36:05	790624	60550901	0	76	62		https://sra-downloadb.be-md.ncbi.nlm.nih.gov/sos12/sra-pub-zq-1211/ERR001/913/ERR1913288/ERR1913288.sralite.1	ERX1973865	unspecified	WGS	RANDOM	METAGENOMIC	SINGLE	0	0	ILLUMINA	Illumina HiSeq 2500	ERP019674	PRJEB17784		382085	ERS1647301	SAMEA103958133	simple	408170	human gut metagenome	SAMEA103958133							no					EUROPEAN MOLECULAR BIOLOGY LABORATORY, HEIDELBERG,	ERA872021		public	F07E85BEC099FF23722EF9425ED38F6F	033C061AC86EF828A07BC5C30C0584B2
ERR1913289	2017-04-07 10:55:19	2017-04-14 13:36:17	782843	59901730	0	76	62		https://sra-downloadb.be-md.ncbi.nlm.nih.gov/sos12/sra-pub-zq-1211/ERR001/913/ERR1913289/ERR1913289.sralite.1	ERX1973866	unspecified	WGS	RANDOM	METAGENOMIC	SINGLE	0	0	ILLUMINA	Illumina HiSeq 2500	ERP019674	PRJEB17784		382085	ERS1647301	SAMEA103958133	simple	408170	human gut metagenome	SAMEA103958133							no					EUROPEAN MOLECULAR BIOLOGY LABORATORY, HEIDELBERG,	ERA872021		public	F93D9294BC1BD2AC3512D8A5CD14FDE3	25BEA5C16A10C2099ECB11A15DB971D6
ERR1913290	2017-04-07 10:55:19	2017-04-14 13:36:17	775811	59579448	0	76	61		https://sra-downloadb.be-md.ncbi.nlm.nih.gov/sos12/sra-pub-zq-1211/ERR001/913/ERR1913290/ERR1913290.sralite.1	ERX1973867	unspecified	WGS	RANDOM	METAGENOMIC	SINGLE	0	0	ILLUMINA	Illumina HiSeq 2500	ERP019674	PRJEB17784		382085	ERS1647301	SAMEA103958133	simple	408170	human gut metagenome	SAMEA103958133							no					EUROPEAN MOLECULAR BIOLOGY LABORATORY, HEIDELBERG,	ERA872021		public	61B2A5A6177524AB076EB416783D5E79	EBC4ED33E3DEDD252AD992540877D780
ERR1913291	2017-04-07 10:55:19	2017-04-14 13:36:31	777993	59739002	0	76	61		https://sra-downloadb.be-md.ncbi.nlm.nih.gov/sos12/sra-pub-zq-1211/ERR001/913/ERR1913291/ERR1913291.sralite.1	ERX1973868	unspecified	WGS	RANDOM	METAGENOMIC	SINGLE	0	0	ILLUMINA	Illumina HiSeq 2500	ERP019674	PRJEB17784		382085	ERS1647301	SAMEA103958133	simple	408170	human gut metagenome	SAMEA103958133							no					EUROPEAN MOLECULAR BIOLOGY LABORATORY, HEIDELBERG,	ERA872021		public	555D1D5367A6AC62903FFFDA46B9BB03	3E6E30E55337EADA10602D24C3D669F5
ERR1913300	2017-04-07 10:55:19	2017-04-14 13:37:11	2144649	195223103	0	91	142		https://sra-downloadb.be-md.ncbi.nlm.nih.gov/sos12/sra-pub-zq-1211/ERR001/913/ERR1913300/ERR1913300.sralite.1	ERX1973877	unspecified	WGS	RANDOM	METAGENOMIC	SINGLE	0	0	ILLUMINA	Illumina HiSeq 2500	ERP019674	PRJEB17784		382085	ERS1647306	SAMEA103958138	simple	408170	human gut metagenome	SAMEA103958138							no					EUROPEAN MOLECULAR BIOLOGY LABORATORY, HEIDELBERG,	ERA872021		public	290805B6B46555131883D69A82BA8FAC	D1D09BE08EFC4FA4ED27E998C3CE0338
ERR1913301	2017-04-07 10:55:19	2017-04-14 13:37:19	1981887	181062941	0	91	131		https://sra-downloadb.be-md.ncbi.nlm.nih.gov/sos12/sra-pub-zq-1211/ERR001/913/ERR1913301/ERR1913301.sralite.1	ERX1973878	unspecified	WGS	RANDOM	METAGENOMIC	SINGLE	0	0	ILLUMINA	Illumina HiSeq 2500	ERP019674	PRJEB17784		382085	ERS1647306	SAMEA103958138	simple	408170	human gut metagenome	SAMEA103958138							no					EUROPEAN MOLECULAR BIOLOGY LABORATORY, HEIDELBERG,	ERA872021		public	A4EF472A9ECBAE2BBCEF6DAA43895ACF	8FDE005FEDE70543A19A436286B0F0D6
ERR1913302	2017-04-07 10:55:19	2017-04-14 13:37:20	2464056	243622466	0	98	167		https://sra-downloadb.be-md.ncbi.nlm.nih.gov/sos12/sra-pub-zq-1211/ERR001/913/ERR1913302/ERR1913302.sralite.1	ERX1973879	unspecified	WGS	RANDOM	METAGENOMIC	SINGLE	0	0	ILLUMINA	Illumina HiSeq 2500	ERP019674	PRJEB17784		382085	ERS1647306	SAMEA103958138	simple	408170	human gut metagenome	SAMEA103958138							no					EUROPEAN MOLECULAR BIOLOGY LABORATORY, HEIDELBERG,	ERA872021		public	69FF1646784AE9A31DF802D078F5ABA7	DD7B63541EA1261AFEFC8C12047FA435
ERR1913308	2017-04-07 10:55:19	2017-04-14 13:38:34	3469468	345258273	0	99	237		https://sra-downloadb.be-md.ncbi.nlm.nih.gov/sos12/sra-pub-zq-1211/ERR001/913/ERR1913308/ERR1913308.sralite.1	ERX1973885	unspecified	WGS	RANDOM	METAGENOMIC	SINGLE	0	0	ILLUMINA	Illumina HiSeq 2500	ERP019674	PRJEB17784		382085	ERS1647307	SAMEA103958139	simple	408170	human gut metagenome	SAMEA103958139							no					EUROPEAN MOLECULAR BIOLOGY LABORATORY, HEIDELBERG,	ERA872021		public	9A74BBB89C72BD4CD0D70670194C1153	254139729D151E16980C435319FC1892
ERR1913309	2017-04-07 10:55:19	2017-04-14 13:38:34	3068212	306714883	0	99	210		https://sra-downloadb.be-md.ncbi.nlm.nih.gov/sos12/sra-pub-zq-1211/ERR001/913/ERR1913309/ERR1913309.sralite.1	ERX1973886	unspecified	WGS	RANDOM	METAGENOMIC	SINGLE	0	0	ILLUMINA	Illumina HiSeq 2500	ERP019674	PRJEB17784		382085	ERS1647307	SAMEA103958139	simple	408170	human gut metagenome	SAMEA103958139							no					EUROPEAN MOLECULAR BIOLOGY LABORATORY, HEIDELBERG,	ERA872021		public	BD7EEA89C8E16F333613EBA8DA14E01C	EFE01909C08A71951FE0F6FE34BB9D2E
ERR1913310	2017-04-07 10:55:19	2017-04-14 13:38:52	3841624	408149980	0	106	267		https://sra-downloadb.be-md.ncbi.nlm.nih.gov/sos12/sra-pub-zq-1211/ERR001/913/ERR1913310/ERR1913310.sralite.1	ERX1973887	unspecified	WGS	RANDOM	METAGENOMIC	SINGLE	0	0	ILLUMINA	Illumina HiSeq 2500	ERP019674	PRJEB17784		382085	ERS1647307	SAMEA103958139	simple	408170	human gut metagenome	SAMEA103958139							no					EUROPEAN MOLECULAR BIOLOGY LABORATORY, HEIDELBERG,	ERA872021		public	3823011057E45D4796F156625FC58D95	CDA090CD9FB24056C91D929663ED6BE1
ERR1913292	2017-04-07 10:55:19	2017-04-14 13:36:30	1043915	77378156	0	74	81		https://sra-downloadb.be-md.ncbi.nlm.nih.gov/sos12/sra-pub-zq-1211/ERR001/913/ERR1913292/ERR1913292.sralite.1	ERX1973869	unspecified	WGS	RANDOM	METAGENOMIC	SINGLE	0	0	ILLUMINA	Illumina HiSeq 2500	ERP019674	PRJEB17784		382085	ERS1647308	SAMEA103958140	simple	408170	human gut metagenome	SAMEA103958140							no					EUROPEAN MOLECULAR BIOLOGY LABORATORY, HEIDELBERG,	ERA872021		public	E6E8B74E0856277F9E08D7E0BFC40D05	69863A92B10FF14378686D8EBD446C7F
ERR1913293	2017-04-07 10:55:19	2017-04-14 13:36:31	991271	73679709	0	74	77		https://sra-downloadb.be-md.ncbi.nlm.nih.gov/sos12/sra-pub-zq-1211/ERR001/913/ERR1913293/ERR1913293.sralite.1	ERX1973870	unspecified	WGS	RANDOM	METAGENOMIC	SINGLE	0	0	ILLUMINA	Illumina HiSeq 2500	ERP019674	PRJEB17784		382085	ERS1647308	SAMEA103958140	simple	408170	human gut metagenome	SAMEA103958140							no					EUROPEAN MOLECULAR BIOLOGY LABORATORY, HEIDELBERG,	ERA872021		public	3F2322DD687F82E4C257DC797783898B	048BF5D01B70B0EEAE96C251A7EA6269
ERR1913294	2017-04-07 10:55:19	2017-04-14 13:36:44	942565	69991738	0	74	73		https://sra-downloadb.be-md.ncbi.nlm.nih.gov/sos12/sra-pub-zq-1211/ERR001/913/ERR1913294/ERR1913294.sralite.1	ERX1973871	unspecified	WGS	RANDOM	METAGENOMIC	SINGLE	0	0	ILLUMINA	Illumina HiSeq 2500	ERP019674	PRJEB17784		382085	ERS1647308	SAMEA103958140	simple	408170	human gut metagenome	SAMEA103958140							no					EUROPEAN MOLECULAR BIOLOGY LABORATORY, HEIDELBERG,	ERA872021		public	0F63BB5CD44C999CF4EC81AD06F875C2	C65FD4BBEFA702072E2A4E0C8A310EBB
ERR1913295	2017-04-07 10:55:19	2017-04-14 13:36:47	942210	69955901	0	74	73		https://sra-downloadb.be-md.ncbi.nlm.nih.gov/sos12/sra-pub-zq-1211/ERR001/913/ERR1913295/ERR1913295.sralite.1	ERX1973872	unspecified	WGS	RANDOM	METAGENOMIC	SINGLE	0	0	ILLUMINA	Illumina HiSeq 2500	ERP019674	PRJEB17784		382085	ERS1647308	SAMEA103958140	simple	408170	human gut metagenome	SAMEA103958140							no					EUROPEAN MOLECULAR BIOLOGY LABORATORY, HEIDELBERG,	ERA872021		public	F57120AA823C36259094EFB590CC5C90	CB7566243F9BAE694E3B16539B852189
ERR1913268	2017-04-07 10:55:18	2017-04-14 13:34:26	1008401	74726692	0	74	78		https://sra-downloadb.be-md.ncbi.nlm.nih.gov/sos12/sra-pub-zq-1211/ERR001/913/ERR1913268/ERR1913268.sralite.1	ERX1973845	unspecified	WGS	RANDOM	METAGENOMIC	SINGLE	0	0	ILLUMINA	Illumina HiSeq 2500	ERP019674	PRJEB17784		382085	ERS1647310	SAMEA103958142	simple	408170	human gut metagenome	SAMEA103958142							no					EUROPEAN MOLECULAR BIOLOGY LABORATORY, HEIDELBERG,	ERA872021		public	377D22DEBEF5F74348822AC86B4F58D2	ED421ADE44922FEA6A50C4C989EE1872
ERR1913269	2017-04-07 10:55:18	2017-04-14 13:34:31	953307	70970907	0	74	74		https://sra-downloadb.be-md.ncbi.nlm.nih.gov/sos12/sra-pub-zq-1211/ERR001/913/ERR1913269/ERR1913269.sralite.1	ERX1973846	unspecified	WGS	RANDOM	METAGENOMIC	SINGLE	0	0	ILLUMINA	Illumina HiSeq 2500	ERP019674	PRJEB17784		382085	ERS1647310	SAMEA103958142	simple	408170	human gut metagenome	SAMEA103958142							no					EUROPEAN MOLECULAR BIOLOGY LABORATORY, HEIDELBERG,	ERA872021		public	C143723CD092C825AC8A0F4A1DDFAEFC	5A0B33E402166D9F4D3729433970D9B5
ERR1913270	2017-04-07 10:55:18	2017-04-14 13:34:39	923686	68772578	0	74	72		https://sra-downloadb.be-md.ncbi.nlm.nih.gov/sos12/sra-pub-zq-1211/ERR001/913/ERR1913270/ERR1913270.sralite.1	ERX1973847	unspecified	WGS	RANDOM	METAGENOMIC	SINGLE	0	0	ILLUMINA	Illumina HiSeq 2500	ERP019674	PRJEB17784		382085	ERS1647310	SAMEA103958142	simple	408170	human gut metagenome	SAMEA103958142							no					EUROPEAN MOLECULAR BIOLOGY LABORATORY, HEIDELBERG,	ERA872021		public	086E3D97E9AF369A785396190EC9EDD8	9C29994C79F959FC61047968C20C00DF
ERR1913271	2017-04-07 10:55:18	2017-04-14 13:34:41	921091	68491884	0	74	71		https://sra-downloadb.be-md.ncbi.nlm.nih.gov/sos12/sra-pub-zq-1211/ERR001/913/ERR1913271/ERR1913271.sralite.1	ERX1973848	unspecified	WGS	RANDOM	METAGENOMIC	SINGLE	0	0	ILLUMINA	Illumina HiSeq 2500	ERP019674	PRJEB17784		382085	ERS1647310	SAMEA103958142	simple	408170	human gut metagenome	SAMEA103958142							no					EUROPEAN MOLECULAR BIOLOGY LABORATORY, HEIDELBERG,	ERA872021		public	CC76FBC8D2906F9C02DA6A71FD9513CD	0EAB9D00BBFDCA25A8F420DE97C7ACAE
ERR1913303	2017-04-07 10:55:19	2017-04-14 13:37:25	989576	72832072	0	73	76		https://sra-downloadb.be-md.ncbi.nlm.nih.gov/sos12/sra-pub-zq-1211/ERR001/913/ERR1913303/ERR1913303.sralite.1	ERX1973880	unspecified	WGS	RANDOM	METAGENOMIC	SINGLE	0	0	ILLUMINA	Illumina HiSeq 2500	ERP019674	PRJEB17784		382085	ERS1647314	SAMEA103958146	simple	408170	human gut metagenome	SAMEA103958146							no					EUROPEAN MOLECULAR BIOLOGY LABORATORY, HEIDELBERG,	ERA872021		public	D5B5C1259D4AF857D980FB19E360AB78	959D55C50CCD5B32E9132FA7F1B21B28
ERR1913304	2017-04-07 10:55:19	2017-04-14 13:37:35	939508	69232221	0	73	72		https://sra-downloadb.be-md.ncbi.nlm.nih.gov/sos12/sra-pub-zq-1211/ERR001/913/ERR1913304/ERR1913304.sralite.1	ERX1973881	unspecified	WGS	RANDOM	METAGENOMIC	SINGLE	0	0	ILLUMINA	Illumina HiSeq 2500	ERP019674	PRJEB17784		382085	ERS1647314	SAMEA103958146	simple	408170	human gut metagenome	SAMEA103958146							no					EUROPEAN MOLECULAR BIOLOGY LABORATORY, HEIDELBERG,	ERA872021		public	249F9F2899FA68EB9A996A2EE5CD815B	DDD7671383223B1AC913BA1C9E1E77F4
ERR1913305	2017-04-07 10:55:19	2017-04-14 13:37:50	915206	67447989	0	73	70		https://sra-downloadb.be-md.ncbi.nlm.nih.gov/sos12/sra-pub-zq-1211/ERR001/913/ERR1913305/ERR1913305.sralite.1	ERX1973882	unspecified	WGS	RANDOM	METAGENOMIC	SINGLE	0	0	ILLUMINA	Illumina HiSeq 2500	ERP019674	PRJEB17784		382085	ERS1647314	SAMEA103958146	simple	408170	human gut metagenome	SAMEA103958146							no					EUROPEAN MOLECULAR BIOLOGY LABORATORY, HEIDELBERG,	ERA872021		public	1A91786134DE8F948E6CBE524FD42CD1	DFA32D542B7DC4073851A5E3E80666CF
ERR1913306	2017-04-07 10:55:19	2017-04-14 13:38:05	921642	67914904	0	73	71		https://sra-downloadb.be-md.ncbi.nlm.nih.gov/sos12/sra-pub-zq-1211/ERR001/913/ERR1913306/ERR1913306.sralite.1	ERX1973883	unspecified	WGS	RANDOM	METAGENOMIC	SINGLE	0	0	ILLUMINA	Illumina HiSeq 2500	ERP019674	PRJEB17784		382085	ERS1647314	SAMEA103958146	simple	408170	human gut metagenome	SAMEA103958146							no					EUROPEAN MOLECULAR BIOLOGY LABORATORY, HEIDELBERG,	ERA872021		public	47714897726D5B7B30C328E0637763DF	686EC54AAEC71D4C1A185BB9AE8B1B25
ERR1913276	2017-04-07 10:55:18	2017-04-14 13:35:05	1016158	74925429	0	73	78		https://sra-downloadb.be-md.ncbi.nlm.nih.gov/sos12/sra-pub-zq-1211/ERR001/913/ERR1913276/ERR1913276.sralite.1	ERX1973853	unspecified	WGS	RANDOM	METAGENOMIC	SINGLE	0	0	ILLUMINA	Illumina HiSeq 2500	ERP019674	PRJEB17784		382085	ERS1647320	SAMEA103958152	simple	408170	human gut metagenome	SAMEA103958152							no					EUROPEAN MOLECULAR BIOLOGY LABORATORY, HEIDELBERG,	ERA872021		public	DF807C9F78168EE7D7271CA0857E2F1B	B68FF7E09D195415C9D978610E2ACFDF
ERR1913277	2017-04-07 10:55:19	2017-04-14 13:35:09	981430	73036356	0	74	75		https://sra-downloadb.be-md.ncbi.nlm.nih.gov/sos12/sra-pub-zq-1211/ERR001/913/ERR1913277/ERR1913277.sralite.1	ERX1973854	unspecified	WGS	RANDOM	METAGENOMIC	SINGLE	0	0	ILLUMINA	Illumina HiSeq 2500	ERP019674	PRJEB17784		382085	ERS1647320	SAMEA103958152	simple	408170	human gut metagenome	SAMEA103958152							no					EUROPEAN MOLECULAR BIOLOGY LABORATORY, HEIDELBERG,	ERA872021		public	EF7CFA628A3CF37FFC5C66527D84EC0D	13ED03E5B54B12C169D071E863C4F003
ERR1913278	2017-04-07 10:55:19	2017-04-14 13:35:11	939699	69766044	0	74	72		https://sra-downloadb.be-md.ncbi.nlm.nih.gov/sos12/sra-pub-zq-1211/ERR001/913/ERR1913278/ERR1913278.sralite.1	ERX1973855	unspecified	WGS	RANDOM	METAGENOMIC	SINGLE	0	0	ILLUMINA	Illumina HiSeq 2500	ERP019674	PRJEB17784		382085	ERS1647320	SAMEA103958152	simple	408170	human gut metagenome	SAMEA103958152							no					EUROPEAN MOLECULAR BIOLOGY LABORATORY, HEIDELBERG,	ERA872021		public	62EFDE49116F14850DDE55D223FDBB1A	DFDF5F7388B73A7D9FB1CF8FA0E864EE
ERR1913279	2017-04-07 10:55:19	2017-04-14 13:35:19	923976	68344109	0	73	71		https://sra-downloadb.be-md.ncbi.nlm.nih.gov/sos12/sra-pub-zq-1211/ERR001/913/ERR1913279/ERR1913279.sralite.1	ERX1973856	unspecified	WGS	RANDOM	METAGENOMIC	SINGLE	0	0	ILLUMINA	Illumina HiSeq 2500	ERP019674	PRJEB17784		382085	ERS1647320	SAMEA103958152	simple	408170	human gut metagenome	SAMEA103958152							no					EUROPEAN MOLECULAR BIOLOGY LABORATORY, HEIDELBERG,	ERA872021		public	686395BE004469FA9251B962C272A666	0DC25B0CA6B275A681A5D730ED0B44EC
ERR1913318	2017-04-07 10:55:19	2017-04-14 13:39:50	8685983	847107663	0	97	573		https://sra-downloadb.be-md.ncbi.nlm.nih.gov/sos12/sra-pub-zq-1211/ERR001/913/ERR1913318/ERR1913318.sralite.1	ERX1973895	unspecified	WGS	RANDOM	METAGENOMIC	SINGLE	0	0	ILLUMINA	Illumina HiSeq 2500	ERP019674	PRJEB17784		382085	ERS1647322	SAMEA103958154	simple	408170	human gut metagenome	SAMEA103958154							no					EUROPEAN MOLECULAR BIOLOGY LABORATORY, HEIDELBERG,	ERA872021		public	770A80FC50198E912370318D3996AEFF	D5980A74A6B2F43EB83D9B033EE99B71
ERR1913307	2017-04-07 10:55:19	2017-04-14 13:38:26	6971481	605700900	0	86	446		https://sra-downloadb.be-md.ncbi.nlm.nih.gov/sos12/sra-pub-zq-1211/ERR001/913/ERR1913307/ERR1913307.sralite.1	ERX1973884	unspecified	WGS	RANDOM	METAGENOMIC	SINGLE	0	0	ILLUMINA	Illumina HiSeq 2500	ERP019674	PRJEB17784		382085	ERS1647328	SAMEA103958160	simple	408170	human gut metagenome	SAMEA103958160							no					EUROPEAN MOLECULAR BIOLOGY LABORATORY, HEIDELBERG,	ERA872021		public	4FB11E25DFF84A3110B320538CBB7670	411997B471CBA57628FD6E3F5016725B
ERR1913311	2017-04-07 10:55:19	2017-04-14 13:38:49	1699089	153088338	0	90	112		https://sra-downloadb.be-md.ncbi.nlm.nih.gov/sos12/sra-pub-zq-1211/ERR001/913/ERR1913311/ERR1913311.sralite.1	ERX1973888	unspecified	WGS	RANDOM	METAGENOMIC	SINGLE	0	0	ILLUMINA	Illumina HiSeq 2500	ERP019674	PRJEB17784		382085	ERS1647332	SAMEA103958164	simple	408170	human gut metagenome	SAMEA103958164							no					EUROPEAN MOLECULAR BIOLOGY LABORATORY, HEIDELBERG,	ERA872021		public	DB7CC595BC6B5EB50F6311C584A0CFCE	4BD8CB23443D274A293FD79F3E0336A0
ERR1913312	2017-04-07 10:55:19	2017-04-14 13:39:03	1522311	139577829	0	91	101		https://sra-downloadb.be-md.ncbi.nlm.nih.gov/sos12/sra-pub-zq-1211/ERR001/913/ERR1913312/ERR1913312.sralite.1	ERX1973889	unspecified	WGS	RANDOM	METAGENOMIC	SINGLE	0	0	ILLUMINA	Illumina HiSeq 2500	ERP019674	PRJEB17784		382085	ERS1647332	SAMEA103958164	simple	408170	human gut metagenome	SAMEA103958164							no					EUROPEAN MOLECULAR BIOLOGY LABORATORY, HEIDELBERG,	ERA872021		public	F6B77BA4D49B5CB26AACD3716220C6D2	4328166C56E09D6EDF8BDE57102F6877
ERR1913313	2017-04-07 10:55:19	2017-04-14 13:39:08	2023444	201797784	0	99	138		https://sra-downloadb.be-md.ncbi.nlm.nih.gov/sos12/sra-pub-zq-1211/ERR001/913/ERR1913313/ERR1913313.sralite.1	ERX1973890	unspecified	WGS	RANDOM	METAGENOMIC	SINGLE	0	0	ILLUMINA	Illumina HiSeq 2500	ERP019674	PRJEB17784		382085	ERS1647332	SAMEA103958164	simple	408170	human gut metagenome	SAMEA103958164							no					EUROPEAN MOLECULAR BIOLOGY LABORATORY, HEIDELBERG,	ERA872021		public	B8AD8838C25D0B49236BDC3E6733B674	639F35F6178AE96F4082303BAF7E8453
ERR1913265	2017-04-07 10:55:18	2017-04-14 13:34:12	1904068	181981902	0	95	128		https://sra-downloadb.be-md.ncbi.nlm.nih.gov/sos12/sra-pub-zq-1211/ERR001/913/ERR1913265/ERR1913265.sralite.1	ERX1973842	unspecified	WGS	RANDOM	METAGENOMIC	SINGLE	0	0	ILLUMINA	Illumina HiSeq 2500	ERP019674	PRJEB17784		382085	ERS1647333	SAMEA103958165	simple	408170	human gut metagenome	SAMEA103958165							no					EUROPEAN MOLECULAR BIOLOGY LABORATORY, HEIDELBERG,	ERA872021		public	DE83007B15FE06BD1BCE0F26866E3065	E003D4DB30684F8AAE42994B83F3E1CC
ERR1913266	2017-04-07 10:55:18	2017-04-14 13:34:18	1753763	168294051	0	95	118		https://sra-downloadb.be-md.ncbi.nlm.nih.gov/sos12/sra-pub-zq-1211/ERR001/913/ERR1913266/ERR1913266.sralite.1	ERX1973843	unspecified	WGS	RANDOM	METAGENOMIC	SINGLE	0	0	ILLUMINA	Illumina HiSeq 2500	ERP019674	PRJEB17784		382085	ERS1647333	SAMEA103958165	simple	408170	human gut metagenome	SAMEA103958165							no					EUROPEAN MOLECULAR BIOLOGY LABORATORY, HEIDELBERG,	ERA872021		public	A212DEB6E037B778E1CDB26D4FF57BEC	F20AA50E5706DC1A16EB9CF4CFA6947E
ERR1913267	2017-04-07 10:55:18	2017-04-14 13:34:25	2184735	225364363	0	103	150		https://sra-downloadb.be-md.ncbi.nlm.nih.gov/sos12/sra-pub-zq-1211/ERR001/913/ERR1913267/ERR1913267.sralite.1	ERX1973844	unspecified	WGS	RANDOM	METAGENOMIC	SINGLE	0	0	ILLUMINA	Illumina HiSeq 2500	ERP019674	PRJEB17784		382085	ERS1647333	SAMEA103958165	simple	408170	human gut metagenome	SAMEA103958165							no					EUROPEAN MOLECULAR BIOLOGY LABORATORY, HEIDELBERG,	ERA872021		public	3C7228FCACD62DAB664A6F00FC33F497	A038E0B262D22D240FA528F0DBA77D0E
ERR1913319	2017-04-07 10:55:19	2017-04-14 13:39:46	4366696	396383322	0	90	289		https://sra-downloadb.be-md.ncbi.nlm.nih.gov/sos12/sra-pub-zq-1211/ERR001/913/ERR1913319/ERR1913319.sralite.1	ERX1973896	unspecified	WGS	RANDOM	METAGENOMIC	SINGLE	0	0	ILLUMINA	Illumina HiSeq 2500	ERP019674	PRJEB17784		382085	ERS1647334	SAMEA103958166	simple	408170	human gut metagenome	SAMEA103958166							no					EUROPEAN MOLECULAR BIOLOGY LABORATORY, HEIDELBERG,	ERA872021		public	E1E7462E64CACEDE0106EF6D6923C2B8	33EC896366C89BBC7E7886051FFD04F4
ERR1913209	2017-04-07 10:55:17	2017-04-14 13:28:48	1048602	80966313	0	77	82		https://sra-downloadb.be-md.ncbi.nlm.nih.gov/sos12/sra-pub-zq-1211/ERR001/913/ERR1913209/ERR1913209.sralite.1	ERX1973786	unspecified	WGS	RANDOM	METAGENOMIC	SINGLE	0	0	ILLUMINA	Illumina HiSeq 2500	ERP019674	PRJEB17784		382085	ERS1647285	SAMEA103958117	simple	408170	human gut metagenome	SAMEA103958117							no					EUROPEAN MOLECULAR BIOLOGY LABORATORY, HEIDELBERG,	ERA872021		public	1B457383F69F299FAFFD5582BC098F02	142D65FE95E825808D1F7528611BF22C
ERR1913210	2017-04-07 10:55:17	2017-04-14 13:28:56	1029335	79474460	0	77	80		https://sra-downloadb.be-md.ncbi.nlm.nih.gov/sos12/sra-pub-zq-1211/ERR001/913/ERR1913210/ERR1913210.sralite.1	ERX1973787	unspecified	WGS	RANDOM	METAGENOMIC	SINGLE	0	0	ILLUMINA	Illumina HiSeq 2500	ERP019674	PRJEB17784		382085	ERS1647285	SAMEA103958117	simple	408170	human gut metagenome	SAMEA103958117							no					EUROPEAN MOLECULAR BIOLOGY LABORATORY, HEIDELBERG,	ERA872021		public	A916A20E4397665C44C5E59F249CA11B	A6EEB2DAF68D1409E2261DFC143BFA69
ERR1913211	2017-04-07 10:55:17	2017-04-14 13:29:00	1003383	77626911	0	77	78		https://sra-downloadb.be-md.ncbi.nlm.nih.gov/sos12/sra-pub-zq-1211/ERR001/913/ERR1913211/ERR1913211.sralite.1	ERX1973788	unspecified	WGS	RANDOM	METAGENOMIC	SINGLE	0	0	ILLUMINA	Illumina HiSeq 2500	ERP019674	PRJEB17784		382085	ERS1647285	SAMEA103958117	simple	408170	human gut metagenome	SAMEA103958117							no					EUROPEAN MOLECULAR BIOLOGY LABORATORY, HEIDELBERG,	ERA872021		public	2D3DDE1C4CDAB3E06B9527AC52B21FE1	6AAB79CDBC36B7FFF8575AB57568A9E7
ERR1913212	2017-04-07 10:55:17	2017-04-14 13:29:01	1010743	78208737	0	77	79		https://sra-downloadb.be-md.ncbi.nlm.nih.gov/sos12/sra-pub-zq-1211/ERR001/913/ERR1913212/ERR1913212.sralite.1	ERX1973789	unspecified	WGS	RANDOM	METAGENOMIC	SINGLE	0	0	ILLUMINA	Illumina HiSeq 2500	ERP019674	PRJEB17784		382085	ERS1647285	SAMEA103958117	simple	408170	human gut metagenome	SAMEA103958117							no					EUROPEAN MOLECULAR BIOLOGY LABORATORY, HEIDELBERG,	ERA872021		public	4B26BF30FA3786737584E2F52F70EF85	2F8ED2B629FFFE9C0BA1A6A2EB8BD990
ERR1913239	2017-04-07 10:55:18	2017-04-14 13:31:22	2882683	280277480	0	97	195		https://sra-downloadb.be-md.ncbi.nlm.nih.gov/sos12/sra-pub-zq-1211/ERR001/913/ERR1913239/ERR1913239.sralite.1	ERX1973816	unspecified	WGS	RANDOM	METAGENOMIC	SINGLE	0	0	ILLUMINA	Illumina HiSeq 2500	ERP019674	PRJEB17784		382085	ERS1647286	SAMEA103958118	simple	408170	human gut metagenome	SAMEA103958118							no					EUROPEAN MOLECULAR BIOLOGY LABORATORY, HEIDELBERG,	ERA872021		public	EAAC4C4FCD920B8D503ED29DA988D08D	7DB1B249997B5E9C756BCECB50993596
ERR1913240	2017-04-07 10:55:18	2017-04-14 13:31:27	2838817	278522282	0	98	192		https://sra-downloadb.be-md.ncbi.nlm.nih.gov/sos12/sra-pub-zq-1211/ERR001/913/ERR1913240/ERR1913240.sralite.1	ERX1973817	unspecified	WGS	RANDOM	METAGENOMIC	SINGLE	0	0	ILLUMINA	Illumina HiSeq 2500	ERP019674	PRJEB17784		382085	ERS1647286	SAMEA103958118	simple	408170	human gut metagenome	SAMEA103958118							no					EUROPEAN MOLECULAR BIOLOGY LABORATORY, HEIDELBERG,	ERA872021		public	C1003A3A90F4BE2941154F29096BAE62	7A8AD040841A8202E637C22A1029015C
ERR1913241	2017-04-07 10:55:18	2017-04-14 13:31:32	3334405	346377410	0	103	230		https://sra-downloadb.be-md.ncbi.nlm.nih.gov/sos12/sra-pub-zq-1211/ERR001/913/ERR1913241/ERR1913241.sralite.1	ERX1973818	unspecified	WGS	RANDOM	METAGENOMIC	SINGLE	0	0	ILLUMINA	Illumina HiSeq 2500	ERP019674	PRJEB17784		382085	ERS1647286	SAMEA103958118	simple	408170	human gut metagenome	SAMEA103958118							no					EUROPEAN MOLECULAR BIOLOGY LABORATORY, HEIDELBERG,	ERA872021		public	9F3A52D7EAC2E7FAE0910116E335B4D2	85631D54BE90E9968BB22597E80827BF
ERR1913224	2017-04-07 10:55:18	2017-04-14 13:30:01	998602	75018032	0	75	79		https://sra-downloadb.be-md.ncbi.nlm.nih.gov/sos12/sra-pub-zq-1211/ERR001/913/ERR1913224/ERR1913224.sralite.1	ERX1973801	unspecified	WGS	RANDOM	METAGENOMIC	SINGLE	0	0	ILLUMINA	Illumina HiSeq 2500	ERP019674	PRJEB17784		382085	ERS1647288	SAMEA103958120	simple	408170	human gut metagenome	SAMEA103958120							no					EUROPEAN MOLECULAR BIOLOGY LABORATORY, HEIDELBERG,	ERA872021		public	7F726943F2788BF467B50C9820D418DE	521D470DCBC5683DD29D3E1EF0677AF5
ERR1913225	2017-04-07 10:55:18	2017-04-14 13:30:09	1089819	81568122	0	74	86		https://sra-downloadb.be-md.ncbi.nlm.nih.gov/sos12/sra-pub-zq-1211/ERR001/913/ERR1913225/ERR1913225.sralite.1	ERX1973802	unspecified	WGS	RANDOM	METAGENOMIC	SINGLE	0	0	ILLUMINA	Illumina HiSeq 2500	ERP019674	PRJEB17784		382085	ERS1647288	SAMEA103958120	simple	408170	human gut metagenome	SAMEA103958120							no					EUROPEAN MOLECULAR BIOLOGY LABORATORY, HEIDELBERG,	ERA872021		public	3282866303324F8A4735FBACCECC3544	B7F578EF6ADDC2022BD23C526A888350
ERR1913226	2017-04-07 10:55:18	2017-04-14 13:30:11	1041292	75447377	0	72	79		https://sra-downloadb.be-md.ncbi.nlm.nih.gov/sos12/sra-pub-zq-1211/ERR001/913/ERR1913226/ERR1913226.sralite.1	ERX1973803	unspecified	WGS	RANDOM	METAGENOMIC	SINGLE	0	0	ILLUMINA	Illumina HiSeq 2500	ERP019674	PRJEB17784		382085	ERS1647288	SAMEA103958120	simple	408170	human gut metagenome	SAMEA103958120							no					EUROPEAN MOLECULAR BIOLOGY LABORATORY, HEIDELBERG,	ERA872021		public	A7BB9A9A1B457E0B4DC2B305D6221CE9	DAF87AA81477728DBA2B7F44824709BF
ERR1913227	2017-04-07 10:55:18	2017-04-14 13:30:16	1058751	76383638	0	72	81		https://sra-downloadb.be-md.ncbi.nlm.nih.gov/sos12/sra-pub-zq-1211/ERR001/913/ERR1913227/ERR1913227.sralite.1	ERX1973804	unspecified	WGS	RANDOM	METAGENOMIC	SINGLE	0	0	ILLUMINA	Illumina HiSeq 2500	ERP019674	PRJEB17784		382085	ERS1647288	SAMEA103958120	simple	408170	human gut metagenome	SAMEA103958120							no					EUROPEAN MOLECULAR BIOLOGY LABORATORY, HEIDELBERG,	ERA872021		public	04C117317656B37475A840C766FD8FFA	A8EA1F782B4678E0A1D2F2BF00026EDE
ERR1913229	2017-04-07 10:55:18	2017-04-14 13:30:28	2919743	278851896	0	95	197		https://sra-downloadb.be-md.ncbi.nlm.nih.gov/sos12/sra-pub-zq-1211/ERR001/913/ERR1913229/ERR1913229.sralite.1	ERX1973806	unspecified	WGS	RANDOM	METAGENOMIC	SINGLE	0	0	ILLUMINA	Illumina HiSeq 2500	ERP019674	PRJEB17784		382085	ERS1647291	SAMEA103958123	simple	408170	human gut metagenome	SAMEA103958123							no					EUROPEAN MOLECULAR BIOLOGY LABORATORY, HEIDELBERG,	ERA872021		public	63AE4417821FD625DA80B0B9B295BF05	16E8D86DFB089265B72D8A36652286CA
ERR1913230	2017-04-07 10:55:18	2017-04-14 13:30:38	2787512	268831372	0	96	189		https://sra-downloadb.be-md.ncbi.nlm.nih.gov/sos12/sra-pub-zq-1211/ERR001/913/ERR1913230/ERR1913230.sralite.1	ERX1973807	unspecified	WGS	RANDOM	METAGENOMIC	SINGLE	0	0	ILLUMINA	Illumina HiSeq 2500	ERP019674	PRJEB17784		382085	ERS1647291	SAMEA103958123	simple	408170	human gut metagenome	SAMEA103958123							no					EUROPEAN MOLECULAR BIOLOGY LABORATORY, HEIDELBERG,	ERA872021		public	639B8BC0DDE83AD241E9F9DD860C4371	F9BF64B68F481B1A96E9184ED6535DEA
ERR1913231	2017-04-07 10:55:18	2017-04-14 13:30:48	3432384	352378563	0	102	237		https://sra-downloadb.be-md.ncbi.nlm.nih.gov/sos12/sra-pub-zq-1211/ERR001/913/ERR1913231/ERR1913231.sralite.1	ERX1973808	unspecified	WGS	RANDOM	METAGENOMIC	SINGLE	0	0	ILLUMINA	Illumina HiSeq 2500	ERP019674	PRJEB17784		382085	ERS1647291	SAMEA103958123	simple	408170	human gut metagenome	SAMEA103958123							no					EUROPEAN MOLECULAR BIOLOGY LABORATORY, HEIDELBERG,	ERA872021		public	986546EF8E99C4583FC76EB45A5D9A2A	094C26B0F01D894D4BBFD236E0F21DBF
ERR1913202	2017-04-07 10:55:17	2017-04-14 13:28:17	1277903	97035174	0	75	98		https://sra-downloadb.be-md.ncbi.nlm.nih.gov/sos12/sra-pub-zq-1211/ERR001/913/ERR1913202/ERR1913202.sralite.1	ERX1973779	unspecified	WGS	RANDOM	METAGENOMIC	SINGLE	0	0	ILLUMINA	Illumina HiSeq 2500	ERP019674	PRJEB17784		382085	ERS1647292	SAMEA103958124	simple	408170	human gut metagenome	SAMEA103958124							no					EUROPEAN MOLECULAR BIOLOGY LABORATORY, HEIDELBERG,	ERA872021		public	7C491904745E990F0377F3F437E86D33	210EE27A08FA78E1888CBDF12EF6EE24
ERR1913203	2017-04-07 10:55:17	2017-04-14 13:28:20	1254985	95221133	0	75	96		https://sra-downloadb.be-md.ncbi.nlm.nih.gov/sos12/sra-pub-zq-1211/ERR001/913/ERR1913203/ERR1913203.sralite.1	ERX1973780	unspecified	WGS	RANDOM	METAGENOMIC	SINGLE	0	0	ILLUMINA	Illumina HiSeq 2500	ERP019674	PRJEB17784		382085	ERS1647292	SAMEA103958124	simple	408170	human gut metagenome	SAMEA103958124							no					EUROPEAN MOLECULAR BIOLOGY LABORATORY, HEIDELBERG,	ERA872021		public	1405C666C061CCCD47200703EBA48026	F6AF417CFBAF9D067B9ACC3AD0A68C4B
ERR1913204	2017-04-07 10:55:17	2017-04-14 13:28:26	1138438	86696638	0	76	88		https://sra-downloadb.be-md.ncbi.nlm.nih.gov/sos12/sra-pub-zq-1211/ERR001/913/ERR1913204/ERR1913204.sralite.1	ERX1973781	unspecified	WGS	RANDOM	METAGENOMIC	SINGLE	0	0	ILLUMINA	Illumina HiSeq 2500	ERP019674	PRJEB17784		382085	ERS1647292	SAMEA103958124	simple	408170	human gut metagenome	SAMEA103958124							no					EUROPEAN MOLECULAR BIOLOGY LABORATORY, HEIDELBERG,	ERA872021		public	9DA5DDEB506CF75ECF8942B59DE98CCE	712546E2D945D00F8275DB29E82781AC
ERR1913205	2017-04-07 10:55:17	2017-04-14 13:28:32	1225208	93074741	0	75	94		https://sra-downloadb.be-md.ncbi.nlm.nih.gov/sos12/sra-pub-zq-1211/ERR001/913/ERR1913205/ERR1913205.sralite.1	ERX1973782	unspecified	WGS	RANDOM	METAGENOMIC	SINGLE	0	0	ILLUMINA	Illumina HiSeq 2500	ERP019674	PRJEB17784		382085	ERS1647292	SAMEA103958124	simple	408170	human gut metagenome	SAMEA103958124							no					EUROPEAN MOLECULAR BIOLOGY LABORATORY, HEIDELBERG,	ERA872021		public	156BB0F741DF932B7A046FB5819324CD	812D0FF3A6BFCF395475EEF85C81A8DF
ERR1913256	2017-04-07 10:55:18	2017-04-14 13:33:23	925555	71118894	0	76	72		https://sra-downloadb.be-md.ncbi.nlm.nih.gov/sos12/sra-pub-zq-1211/ERR001/913/ERR1913256/ERR1913256.sralite.1	ERX1973833	unspecified	WGS	RANDOM	METAGENOMIC	SINGLE	0	0	ILLUMINA	Illumina HiSeq 2500	ERP019674	PRJEB17784		382085	ERS1647295	SAMEA103958127	simple	408170	human gut metagenome	SAMEA103958127							no					EUROPEAN MOLECULAR BIOLOGY LABORATORY, HEIDELBERG,	ERA872021		public	3582D572C9E3DCE9B3BBE3DF5F2F6967	3BF37677DD3DB05DDBACE9816CD5511F
ERR1913257	2017-04-07 10:55:18	2017-04-14 13:33:28	925555	71118894	0	76	72		https://sra-downloadb.be-md.ncbi.nlm.nih.gov/sos12/sra-pub-zq-1211/ERR001/913/ERR1913257/ERR1913257.sralite.1	ERX1973834	unspecified	WGS	RANDOM	METAGENOMIC	SINGLE	0	0	ILLUMINA	Illumina HiSeq 2500	ERP019674	PRJEB17784		382085	ERS1647295	SAMEA103958127	simple	408170	human gut metagenome	SAMEA103958127							no					EUROPEAN MOLECULAR BIOLOGY LABORATORY, HEIDELBERG,	ERA872021		public	3582D572C9E3DCE9B3BBE3DF5F2F6967	3BF37677DD3DB05DDBACE9816CD5511F
ERR1913258	2017-04-07 10:55:18	2017-04-14 13:33:38	914677	70208962	0	76	71		https://sra-downloadb.be-md.ncbi.nlm.nih.gov/sos12/sra-pub-zq-1211/ERR001/913/ERR1913258/ERR1913258.sralite.1	ERX1973835	unspecified	WGS	RANDOM	METAGENOMIC	SINGLE	0	0	ILLUMINA	Illumina HiSeq 2500	ERP019674	PRJEB17784		382085	ERS1647295	SAMEA103958127	simple	408170	human gut metagenome	SAMEA103958127							no					EUROPEAN MOLECULAR BIOLOGY LABORATORY, HEIDELBERG,	ERA872021		public	D6D5DA91E0C97F75C4A3613654A798F5	629A0EF641AF3F5FEE86BD7A4E5045F3
ERR1913259	2017-04-07 10:55:18	2017-04-14 13:33:43	884295	68103490	0	77	69		https://sra-downloadb.be-md.ncbi.nlm.nih.gov/sos12/sra-pub-zq-1211/ERR001/913/ERR1913259/ERR1913259.sralite.1	ERX1973836	unspecified	WGS	RANDOM	METAGENOMIC	SINGLE	0	0	ILLUMINA	Illumina HiSeq 2500	ERP019674	PRJEB17784		382085	ERS1647295	SAMEA103958127	simple	408170	human gut metagenome	SAMEA103958127							no					EUROPEAN MOLECULAR BIOLOGY LABORATORY, HEIDELBERG,	ERA872021		public	F793A89010A321660CC20293D47F5053	E69537861D50B38C810AE09DAEB7AEE1
ERR1913213	2017-04-07 10:55:17	2017-04-14 13:29:11	907288	68490171	0	75	72		https://sra-downloadb.be-md.ncbi.nlm.nih.gov/sos12/sra-pub-zq-1211/ERR001/913/ERR1913213/ERR1913213.sralite.1	ERX1973790	unspecified	WGS	RANDOM	METAGENOMIC	SINGLE	0	0	ILLUMINA	Illumina HiSeq 2500	ERP019674	PRJEB17784		382085	ERS1647296	SAMEA103958128	simple	408170	human gut metagenome	SAMEA103958128							no					EUROPEAN MOLECULAR BIOLOGY LABORATORY, HEIDELBERG,	ERA872021		public	0E91F94429237692090B7963B810EE0F	55294E0B3207E7B913B688BB599B5042
ERR1913214	2017-04-07 10:55:17	2017-04-14 13:29:13	993861	74643975	0	75	78		https://sra-downloadb.be-md.ncbi.nlm.nih.gov/sos12/sra-pub-zq-1211/ERR001/913/ERR1913214/ERR1913214.sralite.1	ERX1973791	unspecified	WGS	RANDOM	METAGENOMIC	SINGLE	0	0	ILLUMINA	Illumina HiSeq 2500	ERP019674	PRJEB17784		382085	ERS1647296	SAMEA103958128	simple	408170	human gut metagenome	SAMEA103958128							no					EUROPEAN MOLECULAR BIOLOGY LABORATORY, HEIDELBERG,	ERA872021		public	09626CA53E23CAE4E93E86D234CC7C5C	54E6C7FBB5B448DDAA2EAD7617989032
ERR1913215	2017-04-07 10:55:17	2017-04-14 13:29:17	958987	69719912	0	72	73		https://sra-downloadb.be-md.ncbi.nlm.nih.gov/sos12/sra-pub-zq-1211/ERR001/913/ERR1913215/ERR1913215.sralite.1	ERX1973792	unspecified	WGS	RANDOM	METAGENOMIC	SINGLE	0	0	ILLUMINA	Illumina HiSeq 2500	ERP019674	PRJEB17784		382085	ERS1647296	SAMEA103958128	simple	408170	human gut metagenome	SAMEA103958128							no					EUROPEAN MOLECULAR BIOLOGY LABORATORY, HEIDELBERG,	ERA872021		public	8C290538CF5B148CF61D024BC1494367	2C80DE3BC33E00807C01E0765C77588A
ERR1913216	2017-04-07 10:55:18	2017-04-14 13:29:27	970180	70204545	0	72	74		https://sra-downloadb.be-md.ncbi.nlm.nih.gov/sos12/sra-pub-zq-1211/ERR001/913/ERR1913216/ERR1913216.sralite.1	ERX1973793	unspecified	WGS	RANDOM	METAGENOMIC	SINGLE	0	0	ILLUMINA	Illumina HiSeq 2500	ERP019674	PRJEB17784		382085	ERS1647296	SAMEA103958128	simple	408170	human gut metagenome	SAMEA103958128							no					EUROPEAN MOLECULAR BIOLOGY LABORATORY, HEIDELBERG,	ERA872021		public	67B9A0FD38E5F394746244A820CCDBFF	12511056C68F26DFB829498AF52FACCF
ERR1913249	2017-04-07 10:55:18	2017-04-14 13:32:48	1566075	135945094	0	86	103		https://sra-downloadb.be-md.ncbi.nlm.nih.gov/sos12/sra-pub-zq-1211/ERR001/913/ERR1913249/ERR1913249.sralite.1	ERX1973826	unspecified	WGS	RANDOM	METAGENOMIC	SINGLE	0	0	ILLUMINA	Illumina HiSeq 2500	ERP019674	PRJEB17784		382085	ERS1647297	SAMEA103958129	simple	408170	human gut metagenome	SAMEA103958129							no					EUROPEAN MOLECULAR BIOLOGY LABORATORY, HEIDELBERG,	ERA872021		public	E10EF3105C2AC2C569806A538B731AA7	D5ED047571212D4C7FF66608C9F9EBAB
ERR1913250	2017-04-07 10:55:18	2017-04-14 13:32:50	1586758	139345011	0	87	104		https://sra-downloadb.be-md.ncbi.nlm.nih.gov/sos12/sra-pub-zq-1211/ERR001/913/ERR1913250/ERR1913250.sralite.1	ERX1973827	unspecified	WGS	RANDOM	METAGENOMIC	SINGLE	0	0	ILLUMINA	Illumina HiSeq 2500	ERP019674	PRJEB17784		382085	ERS1647297	SAMEA103958129	simple	408170	human gut metagenome	SAMEA103958129							no					EUROPEAN MOLECULAR BIOLOGY LABORATORY, HEIDELBERG,	ERA872021		public	0DE532F8ACEE9D951C0D76E92F051660	B53715C2EFC4DA815E67D78306508EFA
ERR1913251	2017-04-07 10:55:18	2017-04-14 13:32:57	1923474	182281350	0	94	130		https://sra-downloadb.be-md.ncbi.nlm.nih.gov/sos12/sra-pub-zq-1211/ERR001/913/ERR1913251/ERR1913251.sralite.1	ERX1973828	unspecified	WGS	RANDOM	METAGENOMIC	SINGLE	0	0	ILLUMINA	Illumina HiSeq 2500	ERP019674	PRJEB17784		382085	ERS1647297	SAMEA103958129	simple	408170	human gut metagenome	SAMEA103958129							no					EUROPEAN MOLECULAR BIOLOGY LABORATORY, HEIDELBERG,	ERA872021		public	54131E0F7D64DE27F9623AAB8BFEE700	5C7208126CC6BFF955B9AA0DB3A84191
ERR1913242	2017-04-07 10:55:18	2017-04-14 13:31:47	898670	69643155	0	77	70		https://sra-downloadb.be-md.ncbi.nlm.nih.gov/sos12/sra-pub-zq-1211/ERR001/913/ERR1913242/ERR1913242.sralite.1	ERX1973819	unspecified	WGS	RANDOM	METAGENOMIC	SINGLE	0	0	ILLUMINA	Illumina HiSeq 2500	ERP019674	PRJEB17784		382085	ERS1647300	SAMEA103958132	simple	408170	human gut metagenome	SAMEA103958132							no					EUROPEAN MOLECULAR BIOLOGY LABORATORY, HEIDELBERG,	ERA872021		public	4DB3E269AC6F046DCB4F40891EA4238A	6A5DBBFF9FE89115A910694C4B4E9837
ERR1913243	2017-04-07 10:55:18	2017-04-14 13:32:00	875531	67852609	0	77	68		https://sra-downloadb.be-md.ncbi.nlm.nih.gov/sos12/sra-pub-zq-1211/ERR001/913/ERR1913243/ERR1913243.sralite.1	ERX1973820	unspecified	WGS	RANDOM	METAGENOMIC	SINGLE	0	0	ILLUMINA	Illumina HiSeq 2500	ERP019674	PRJEB17784		382085	ERS1647300	SAMEA103958132	simple	408170	human gut metagenome	SAMEA103958132							no					EUROPEAN MOLECULAR BIOLOGY LABORATORY, HEIDELBERG,	ERA872021		public	8FAD4E73CB760BEBE4411D1595223AA1	7B67C03A106DFC8E083414FC8E4E61D2
ERR1913244	2017-04-07 10:55:18	2017-04-14 13:32:14	867541	67373603	0	77	67		https://sra-downloadb.be-md.ncbi.nlm.nih.gov/sos12/sra-pub-zq-1211/ERR001/913/ERR1913244/ERR1913244.sralite.1	ERX1973821	unspecified	WGS	RANDOM	METAGENOMIC	SINGLE	0	0	ILLUMINA	Illumina HiSeq 2500	ERP019674	PRJEB17784		382085	ERS1647300	SAMEA103958132	simple	408170	human gut metagenome	SAMEA103958132							no					EUROPEAN MOLECULAR BIOLOGY LABORATORY, HEIDELBERG,	ERA872021		public	0E37823E26907F67537A5E927647235E	C6DFE8827CA463A672C9E0B6EA6D438E
ERR1913245	2017-04-07 10:55:18	2017-04-14 13:32:26	863106	67114872	0	77	67		https://sra-downloadb.be-md.ncbi.nlm.nih.gov/sos12/sra-pub-zq-1211/ERR001/913/ERR1913245/ERR1913245.sralite.1	ERX1973822	unspecified	WGS	RANDOM	METAGENOMIC	SINGLE	0	0	ILLUMINA	Illumina HiSeq 2500	ERP019674	PRJEB17784		382085	ERS1647300	SAMEA103958132	simple	408170	human gut metagenome	SAMEA103958132							no					EUROPEAN MOLECULAR BIOLOGY LABORATORY, HEIDELBERG,	ERA872021		public		
ERR1913252	2017-04-07 10:55:18	2017-04-14 13:33:04	2377277	212399589	0	89	155		https://sra-downloadb.be-md.ncbi.nlm.nih.gov/sos12/sra-pub-zq-1211/ERR001/913/ERR1913252/ERR1913252.sralite.1	ERX1973829	unspecified	WGS	RANDOM	METAGENOMIC	SINGLE	0	0	ILLUMINA	Illumina HiSeq 2500	ERP019674	PRJEB17784		382085	ERS1647303	SAMEA103958135	simple	408170	human gut metagenome	SAMEA103958135							no					EUROPEAN MOLECULAR BIOLOGY LABORATORY, HEIDELBERG,	ERA872021		public	395E2FCD6933CF328DB11CBA37CB0072	FEAFD1C345DAF9C1985D73B1A457DE39
ERR1913253	2017-04-07 10:55:18	2017-04-14 13:33:07	2175233	194547579	0	89	142		https://sra-downloadb.be-md.ncbi.nlm.nih.gov/sos12/sra-pub-zq-1211/ERR001/913/ERR1913253/ERR1913253.sralite.1	ERX1973830	unspecified	WGS	RANDOM	METAGENOMIC	SINGLE	0	0	ILLUMINA	Illumina HiSeq 2500	ERP019674	PRJEB17784		382085	ERS1647303	SAMEA103958135	simple	408170	human gut metagenome	SAMEA103958135							no					EUROPEAN MOLECULAR BIOLOGY LABORATORY, HEIDELBERG,	ERA872021		public	C91C740141153066CA07C939CF5425B6	9A6F376F979A94902DADF315CD489070
ERR1913254	2017-04-07 10:55:18	2017-04-14 13:33:14	2659129	255499799	0	96	179		https://sra-downloadb.be-md.ncbi.nlm.nih.gov/sos12/sra-pub-zq-1211/ERR001/913/ERR1913254/ERR1913254.sralite.1	ERX1973831	unspecified	WGS	RANDOM	METAGENOMIC	SINGLE	0	0	ILLUMINA	Illumina HiSeq 2500	ERP019674	PRJEB17784		382085	ERS1647303	SAMEA103958135	simple	408170	human gut metagenome	SAMEA103958135							no					EUROPEAN MOLECULAR BIOLOGY LABORATORY, HEIDELBERG,	ERA872021		public	DC3DCA89F2567CC5308AE90BC2BFBF52	E1FC5CD6AB15DAD10334245630CB714A
ERR1913232	2017-04-07 10:55:18	2017-04-14 13:30:44	189570	14106050	0	74	14		https://sra-downloadb.be-md.ncbi.nlm.nih.gov/sos12/sra-pub-zq-1211/ERR001/913/ERR1913232/ERR1913232.sralite.1	ERX1973809	unspecified	WGS	RANDOM	METAGENOMIC	SINGLE	0	0	ILLUMINA	Illumina HiSeq 2500	ERP019674	PRJEB17784		382085	ERS1647309	SAMEA103958141	simple	408170	human gut metagenome	SAMEA103958141							no					EUROPEAN MOLECULAR BIOLOGY LABORATORY, HEIDELBERG,	ERA872021		public	896640B8D8461FF7D35DF852D049FDC6	0699E431A70929C7CB4E3B16B94986FE
ERR1913233	2017-04-07 10:55:18	2017-04-14 13:30:50	177736	13285795	0	74	14		https://sra-downloadb.be-md.ncbi.nlm.nih.gov/sos12/sra-pub-zq-1211/ERR001/913/ERR1913233/ERR1913233.sralite.1	ERX1973810	unspecified	WGS	RANDOM	METAGENOMIC	SINGLE	0	0	ILLUMINA	Illumina HiSeq 2500	ERP019674	PRJEB17784		382085	ERS1647309	SAMEA103958141	simple	408170	human gut metagenome	SAMEA103958141							no					EUROPEAN MOLECULAR BIOLOGY LABORATORY, HEIDELBERG,	ERA872021		public	91DA9B0AACDBF6A1306D94134536849B	F22A651F8800BB30B6D38DEBA4E54924
ERR1913234	2017-04-07 10:55:18	2017-04-14 13:30:55	172452	12891049	0	74	13		https://sra-downloadb.be-md.ncbi.nlm.nih.gov/sos12/sra-pub-zq-1211/ERR001/913/ERR1913234/ERR1913234.sralite.1	ERX1973811	unspecified	WGS	RANDOM	METAGENOMIC	SINGLE	0	0	ILLUMINA	Illumina HiSeq 2500	ERP019674	PRJEB17784		382085	ERS1647309	SAMEA103958141	simple	408170	human gut metagenome	SAMEA103958141							no					EUROPEAN MOLECULAR BIOLOGY LABORATORY, HEIDELBERG,	ERA872021		public	774120BE77C702331DD9664BE28591FD	454AF095AA1653153EE34926522B8E72
ERR1913235	2017-04-07 10:55:18	2017-04-14 13:31:00	171093	12780016	0	74	13		https://sra-downloadb.be-md.ncbi.nlm.nih.gov/sos12/sra-pub-zq-1211/ERR001/913/ERR1913235/ERR1913235.sralite.1	ERX1973812	unspecified	WGS	RANDOM	METAGENOMIC	SINGLE	0	0	ILLUMINA	Illumina HiSeq 2500	ERP019674	PRJEB17784		382085	ERS1647309	SAMEA103958141	simple	408170	human gut metagenome	SAMEA103958141							no					EUROPEAN MOLECULAR BIOLOGY LABORATORY, HEIDELBERG,	ERA872021		public	336B3AFCDFC0D2D79B2164778F3E730A	D864F4D137606559EEC1DEC80E30CC3F
ERR1913236	2017-04-07 10:55:18	2017-04-14 13:31:05	2079721	188677974	0	90	137		https://sra-downloadb.be-md.ncbi.nlm.nih.gov/sos12/sra-pub-zq-1211/ERR001/913/ERR1913236/ERR1913236.sralite.1	ERX1973813	unspecified	WGS	RANDOM	METAGENOMIC	SINGLE	0	0	ILLUMINA	Illumina HiSeq 2500	ERP019674	PRJEB17784		382085	ERS1647311	SAMEA103958143	simple	408170	human gut metagenome	SAMEA103958143							no					EUROPEAN MOLECULAR BIOLOGY LABORATORY, HEIDELBERG,	ERA872021		public	96DD20ED7BE8765E7934EF760E7A49F7	AEB1EAEFD8DEF85C997857ED41193FB0
ERR1913237	2017-04-07 10:55:18	2017-04-14 13:31:08	1921085	174774370	0	90	127		https://sra-downloadb.be-md.ncbi.nlm.nih.gov/sos12/sra-pub-zq-1211/ERR001/913/ERR1913237/ERR1913237.sralite.1	ERX1973814	unspecified	WGS	RANDOM	METAGENOMIC	SINGLE	0	0	ILLUMINA	Illumina HiSeq 2500	ERP019674	PRJEB17784		382085	ERS1647311	SAMEA103958143	simple	408170	human gut metagenome	SAMEA103958143							no					EUROPEAN MOLECULAR BIOLOGY LABORATORY, HEIDELBERG,	ERA872021		public		
ERR1913238	2017-04-07 10:55:18	2017-04-14 13:31:14	2384068	235066847	0	98	162		https://sra-downloadb.be-md.ncbi.nlm.nih.gov/sos12/sra-pub-zq-1211/ERR001/913/ERR1913238/ERR1913238.sralite.1	ERX1973815	unspecified	WGS	RANDOM	METAGENOMIC	SINGLE	0	0	ILLUMINA	Illumina HiSeq 2500	ERP019674	PRJEB17784		382085	ERS1647311	SAMEA103958143	simple	408170	human gut metagenome	SAMEA103958143							no					EUROPEAN MOLECULAR BIOLOGY LABORATORY, HEIDELBERG,	ERA872021		public	4B5504EEFB0B45ED9EE0A3B46BF7F8BD	D30577E490C3262A5639ADF881D5CEA9
ERR1913217	2017-04-07 10:55:18	2017-04-14 13:29:27	999038	74248147	0	74	77		https://sra-downloadb.be-md.ncbi.nlm.nih.gov/sos12/sra-pub-zq-1211/ERR001/913/ERR1913217/ERR1913217.sralite.1	ERX1973794	unspecified	WGS	RANDOM	METAGENOMIC	SINGLE	0	0	ILLUMINA	Illumina HiSeq 2500	ERP019674	PRJEB17784		382085	ERS1647312	SAMEA103958144	simple	408170	human gut metagenome	SAMEA103958144							no					EUROPEAN MOLECULAR BIOLOGY LABORATORY, HEIDELBERG,	ERA872021		public	BA7BA5090CEE9975B8346AFCD49AC94A	85618341F5F830853D06316B8E64C914
ERR1913218	2017-04-07 10:55:18	2017-04-14 13:29:32	941019	70034615	0	74	73		https://sra-downloadb.be-md.ncbi.nlm.nih.gov/sos12/sra-pub-zq-1211/ERR001/913/ERR1913218/ERR1913218.sralite.1	ERX1973795	unspecified	WGS	RANDOM	METAGENOMIC	SINGLE	0	0	ILLUMINA	Illumina HiSeq 2500	ERP019674	PRJEB17784		382085	ERS1647312	SAMEA103958144	simple	408170	human gut metagenome	SAMEA103958144							no					EUROPEAN MOLECULAR BIOLOGY LABORATORY, HEIDELBERG,	ERA872021		public	BE2963B1F082CEF74B716785E864CCE4	66BD2DD5E25CA5D7388D3409AE7AB3B2
ERR1913219	2017-04-07 10:55:18	2017-04-14 13:29:39	915592	68188753	0	74	71		https://sra-downloadb.be-md.ncbi.nlm.nih.gov/sos12/sra-pub-zq-1211/ERR001/913/ERR1913219/ERR1913219.sralite.1	ERX1973796	unspecified	WGS	RANDOM	METAGENOMIC	SINGLE	0	0	ILLUMINA	Illumina HiSeq 2500	ERP019674	PRJEB17784		382085	ERS1647312	SAMEA103958144	simple	408170	human gut metagenome	SAMEA103958144							no					EUROPEAN MOLECULAR BIOLOGY LABORATORY, HEIDELBERG,	ERA872021		public	9EC99E7DE5513DB160DCB37349082BEF	16140F2ACB1FF32EA9A7662DE6CD8F9B
ERR1913220	2017-04-07 10:55:18	2017-04-14 13:29:40	920060	68517212	0	74	71		https://sra-downloadb.be-md.ncbi.nlm.nih.gov/sos12/sra-pub-zq-1211/ERR001/913/ERR1913220/ERR1913220.sralite.1	ERX1973797	unspecified	WGS	RANDOM	METAGENOMIC	SINGLE	0	0	ILLUMINA	Illumina HiSeq 2500	ERP019674	PRJEB17784		382085	ERS1647312	SAMEA103958144	simple	408170	human gut metagenome	SAMEA103958144							no					EUROPEAN MOLECULAR BIOLOGY LABORATORY, HEIDELBERG,	ERA872021		public	F9D224B322A58B58186B4C70B7723559	1624B92DE98464119061DB7A82B80AE7
ERR1913206	2017-04-07 10:55:17	2017-04-14 13:28:34	1855178	160407624	0	86	121		https://sra-downloadb.be-md.ncbi.nlm.nih.gov/sos12/sra-pub-zq-1211/ERR001/913/ERR1913206/ERR1913206.sralite.1	ERX1973783	unspecified	WGS	RANDOM	METAGENOMIC	SINGLE	0	0	ILLUMINA	Illumina HiSeq 2500	ERP019674	PRJEB17784		382085	ERS1647313	SAMEA103958145	simple	408170	human gut metagenome	SAMEA103958145							no					EUROPEAN MOLECULAR BIOLOGY LABORATORY, HEIDELBERG,	ERA872021		public	1F6BC156136106708BC372E43FE25AF1	6D22D9E2F6A325C4785FD0FEA1CDEFD3
ERR1913207	2017-04-07 10:55:17	2017-04-14 13:28:40	1828305	158782713	0	86	119		https://sra-downloadb.be-md.ncbi.nlm.nih.gov/sos12/sra-pub-zq-1211/ERR001/913/ERR1913207/ERR1913207.sralite.1	ERX1973784	unspecified	WGS	RANDOM	METAGENOMIC	SINGLE	0	0	ILLUMINA	Illumina HiSeq 2500	ERP019674	PRJEB17784		382085	ERS1647313	SAMEA103958145	simple	408170	human gut metagenome	SAMEA103958145							no					EUROPEAN MOLECULAR BIOLOGY LABORATORY, HEIDELBERG,	ERA872021		public	C3C71D71297063F27B642581914E1813	11F953B06150F5130CE831A8490143FA
ERR1913208	2017-04-07 10:55:17	2017-04-14 13:28:47	2106429	195778212	0	92	141		https://sra-downloadb.be-md.ncbi.nlm.nih.gov/sos12/sra-pub-zq-1211/ERR001/913/ERR1913208/ERR1913208.sralite.1	ERX1973785	unspecified	WGS	RANDOM	METAGENOMIC	SINGLE	0	0	ILLUMINA	Illumina HiSeq 2500	ERP019674	PRJEB17784		382085	ERS1647313	SAMEA103958145	simple	408170	human gut metagenome	SAMEA103958145							no					EUROPEAN MOLECULAR BIOLOGY LABORATORY, HEIDELBERG,	ERA872021		public	8AFEA2CCA707D3A539ED96193194E6CD	CFF80140DB500176A263B0A2E1233E74
ERR1913246	2017-04-07 10:55:18	2017-04-14 13:32:33	1857221	159491456	0	85	120		https://sra-downloadb.be-md.ncbi.nlm.nih.gov/sos12/sra-pub-zq-1211/ERR001/913/ERR1913246/ERR1913246.sralite.1	ERX1973823	unspecified	WGS	RANDOM	METAGENOMIC	SINGLE	0	0	ILLUMINA	Illumina HiSeq 2500	ERP019674	PRJEB17784		382085	ERS1647315	SAMEA103958147	simple	408170	human gut metagenome	SAMEA103958147							no					EUROPEAN MOLECULAR BIOLOGY LABORATORY, HEIDELBERG,	ERA872021		public	F46AC3B7913BE99FA33EAFFEF41FA437	C23BE74D6B227329F78798FE10DB15A0
ERR1913247	2017-04-07 10:55:18	2017-04-14 13:32:33	1826029	157523701	0	86	118		https://sra-downloadb.be-md.ncbi.nlm.nih.gov/sos12/sra-pub-zq-1211/ERR001/913/ERR1913247/ERR1913247.sralite.1	ERX1973824	unspecified	WGS	RANDOM	METAGENOMIC	SINGLE	0	0	ILLUMINA	Illumina HiSeq 2500	ERP019674	PRJEB17784		382085	ERS1647315	SAMEA103958147	simple	408170	human gut metagenome	SAMEA103958147							no					EUROPEAN MOLECULAR BIOLOGY LABORATORY, HEIDELBERG,	ERA872021		public	7A8B3BF2766505915243A4B89FFD8640	2D2C6752FAA427F60A96C96C3D36106C
ERR1913248	2017-04-07 10:55:18	2017-04-14 13:32:42	2160672	198292556	0	91	143		https://sra-downloadb.be-md.ncbi.nlm.nih.gov/sos12/sra-pub-zq-1211/ERR001/913/ERR1913248/ERR1913248.sralite.1	ERX1973825	unspecified	WGS	RANDOM	METAGENOMIC	SINGLE	0	0	ILLUMINA	Illumina HiSeq 2500	ERP019674	PRJEB17784		382085	ERS1647315	SAMEA103958147	simple	408170	human gut metagenome	SAMEA103958147							no					EUROPEAN MOLECULAR BIOLOGY LABORATORY, HEIDELBERG,	ERA872021		public	F96E69725BC7153431FE2134E7FA13C7	4C7DE821D6ECF82FAEED7901AD3E9B91
ERR1913200	2017-04-07 10:55:17	2017-04-14 13:28:02	1923568	175395951	0	91	127		https://sra-downloadb.be-md.ncbi.nlm.nih.gov/sos12/sra-pub-zq-1211/ERR001/913/ERR1913200/ERR1913200.sralite.1	ERX1973777	unspecified	WGS	RANDOM	METAGENOMIC	SINGLE	0	0	ILLUMINA	Illumina HiSeq 2500	ERP019674	PRJEB17784		382085	ERS1647317	SAMEA103958149	simple	408170	human gut metagenome	SAMEA103958149							no					EUROPEAN MOLECULAR BIOLOGY LABORATORY, HEIDELBERG,	ERA872021		public	26C1D56D6EAA170D75A0327F72269BA5	026F2AC9C8353E0683BE10B13F7E15B0
ERR1913201	2017-04-07 10:55:17	2017-04-14 13:28:10	2500478	247483493	0	98	170		https://sra-downloadb.be-md.ncbi.nlm.nih.gov/sos12/sra-pub-zq-1211/ERR001/913/ERR1913201/ERR1913201.sralite.1	ERX1973778	unspecified	WGS	RANDOM	METAGENOMIC	SINGLE	0	0	ILLUMINA	Illumina HiSeq 2500	ERP019674	PRJEB17784		382085	ERS1647317	SAMEA103958149	simple	408170	human gut metagenome	SAMEA103958149							no					EUROPEAN MOLECULAR BIOLOGY LABORATORY, HEIDELBERG,	ERA872021		public	59860C690BEE871A0B2ACD2B1F87BCC6	3ADF04F95E718363F4B1100075D81008
ERR1913221	2017-04-07 10:55:18	2017-04-14 13:29:47	2720366	246235634	0	90	179		https://sra-downloadb.be-md.ncbi.nlm.nih.gov/sos12/sra-pub-zq-1211/ERR001/913/ERR1913221/ERR1913221.sralite.1	ERX1973798	unspecified	WGS	RANDOM	METAGENOMIC	SINGLE	0	0	ILLUMINA	Illumina HiSeq 2500	ERP019674	PRJEB17784		382085	ERS1647321	SAMEA103958153	simple	408170	human gut metagenome	SAMEA103958153							no					EUROPEAN MOLECULAR BIOLOGY LABORATORY, HEIDELBERG,	ERA872021		public	E3ABC21162D85A1B6BD7FC25F1C4A9EA	258C576FF029348ADC2D125B86FE3E32
ERR1913222	2017-04-07 10:55:18	2017-04-14 13:29:56	2501789	226911368	0	90	164		https://sra-downloadb.be-md.ncbi.nlm.nih.gov/sos12/sra-pub-zq-1211/ERR001/913/ERR1913222/ERR1913222.sralite.1	ERX1973799	unspecified	WGS	RANDOM	METAGENOMIC	SINGLE	0	0	ILLUMINA	Illumina HiSeq 2500	ERP019674	PRJEB17784		382085	ERS1647321	SAMEA103958153	simple	408170	human gut metagenome	SAMEA103958153							no					EUROPEAN MOLECULAR BIOLOGY LABORATORY, HEIDELBERG,	ERA872021		public	47C19C47EA8FF11A72D1CCBD9664BB85	3D6784772F6282E806E6CC3FCB6CBD93
ERR1913223	2017-04-07 10:55:18	2017-04-14 13:29:56	3367821	334882033	0	99	228		https://sra-downloadb.be-md.ncbi.nlm.nih.gov/sos12/sra-pub-zq-1211/ERR001/913/ERR1913223/ERR1913223.sralite.1	ERX1973800	unspecified	WGS	RANDOM	METAGENOMIC	SINGLE	0	0	ILLUMINA	Illumina HiSeq 2500	ERP019674	PRJEB17784		382085	ERS1647321	SAMEA103958153	simple	408170	human gut metagenome	SAMEA103958153							no					EUROPEAN MOLECULAR BIOLOGY LABORATORY, HEIDELBERG,	ERA872021		public	F80D08255841602866B2BF0E0DB4412C	244377A97DD459AE942C2A1233E2C392
ERR1913255	2017-04-07 10:55:18	2017-04-14 13:33:33	6680712	613507269	0	91	435		https://sra-downloadb.be-md.ncbi.nlm.nih.gov/sos12/sra-pub-zq-1211/ERR001/913/ERR1913255/ERR1913255.sralite.1	ERX1973832	unspecified	WGS	RANDOM	METAGENOMIC	SINGLE	0	0	ILLUMINA	Illumina HiSeq 2500	ERP019674	PRJEB17784		382085	ERS1647325	SAMEA103958157	simple	408170	human gut metagenome	SAMEA103958157							no					EUROPEAN MOLECULAR BIOLOGY LABORATORY, HEIDELBERG,	ERA872021		public	9C042EF63352E0F157A196BEE4402677	1425157D4FA67BCFAB0775C54B6FF520
ERR1913228	2017-04-07 10:55:18	2017-04-14 13:30:29	5717258	507265767	0	88	368		https://sra-downloadb.be-md.ncbi.nlm.nih.gov/sos12/sra-pub-zq-1211/ERR001/913/ERR1913228/ERR1913228.sralite.1	ERX1973805	unspecified	WGS	RANDOM	METAGENOMIC	SINGLE	0	0	ILLUMINA	Illumina HiSeq 2500	ERP019674	PRJEB17784		382085	ERS1647326	SAMEA103958158	simple	408170	human gut metagenome	SAMEA103958158							no					EUROPEAN MOLECULAR BIOLOGY LABORATORY, HEIDELBERG,	ERA872021		public	A8175FA4C7860D6B68450D658F10557D	0E9D2FC9B6C2BF93563C68D7A4EF7F7F
ERR1913186	2017-04-07 10:55:17	2017-04-14 13:26:47	2035091	185796843	0	91	136		https://sra-downloadb.be-md.ncbi.nlm.nih.gov/sos12/sra-pub-zq-1211/ERR001/913/ERR1913186/ERR1913186.sralite.1	ERX1973763	unspecified	WGS	RANDOM	METAGENOMIC	SINGLE	0	0	ILLUMINA	Illumina HiSeq 2500	ERP019674	PRJEB17784		382085	ERS1647277	SAMEA103958109	simple	408170	human gut metagenome	SAMEA103958109							no					EUROPEAN MOLECULAR BIOLOGY LABORATORY, HEIDELBERG,	ERA872021		public	D9FDC2309462E80C7C910EB8F291AFA7	A46A53159256840A6C4B708CC3997CB7
ERR1913187	2017-04-07 10:55:17	2017-04-14 13:26:53	2012739	185720318	0	92	134		https://sra-downloadb.be-md.ncbi.nlm.nih.gov/sos12/sra-pub-zq-1211/ERR001/913/ERR1913187/ERR1913187.sralite.1	ERX1973764	unspecified	WGS	RANDOM	METAGENOMIC	SINGLE	0	0	ILLUMINA	Illumina HiSeq 2500	ERP019674	PRJEB17784		382085	ERS1647277	SAMEA103958109	simple	408170	human gut metagenome	SAMEA103958109							no					EUROPEAN MOLECULAR BIOLOGY LABORATORY, HEIDELBERG,	ERA872021		public	0EE0E9410730C49E11ADA598793A52E4	18D607E5F415562D50C52852385B796D
ERR1913188	2017-04-07 10:55:17	2017-04-14 13:27:04	2510979	249469903	0	99	172		https://sra-downloadb.be-md.ncbi.nlm.nih.gov/sos12/sra-pub-zq-1211/ERR001/913/ERR1913188/ERR1913188.sralite.1	ERX1973765	unspecified	WGS	RANDOM	METAGENOMIC	SINGLE	0	0	ILLUMINA	Illumina HiSeq 2500	ERP019674	PRJEB17784		382085	ERS1647277	SAMEA103958109	simple	408170	human gut metagenome	SAMEA103958109							no					EUROPEAN MOLECULAR BIOLOGY LABORATORY, HEIDELBERG,	ERA872021		public	D54B4B98F0B06C5BF37091F5169D6393	BCA49925E505CDBD7212BE5F1B3498C5
ERR1913190	2017-04-07 10:55:17	2017-04-14 13:27:06	1056495	81110306	0	76	81		https://sra-downloadb.be-md.ncbi.nlm.nih.gov/sos12/sra-pub-zq-1211/ERR001/913/ERR1913190/ERR1913190.sralite.1	ERX1973767	unspecified	WGS	RANDOM	METAGENOMIC	SINGLE	0	0	ILLUMINA	Illumina HiSeq 2500	ERP019674	PRJEB17784		382085	ERS1647278	SAMEA103958110	simple	408170	human gut metagenome	SAMEA103958110							no					EUROPEAN MOLECULAR BIOLOGY LABORATORY, HEIDELBERG,	ERA872021		public	954C746A48DD4FD6B7B7546E69B30164	8B3F562147457A785A1A7454B5A80A4F
ERR1913191	2017-04-07 10:55:17	2017-04-14 13:27:23	1043726	80214681	0	76	80		https://sra-downloadb.be-md.ncbi.nlm.nih.gov/sos12/sra-pub-zq-1211/ERR001/913/ERR1913191/ERR1913191.sralite.1	ERX1973768	unspecified	WGS	RANDOM	METAGENOMIC	SINGLE	0	0	ILLUMINA	Illumina HiSeq 2500	ERP019674	PRJEB17784		382085	ERS1647278	SAMEA103958110	simple	408170	human gut metagenome	SAMEA103958110							no					EUROPEAN MOLECULAR BIOLOGY LABORATORY, HEIDELBERG,	ERA872021		public	866D49D59B72460BEE64A7BC283AA96A	A389DFDF3EC4B69526A9633E32134D16
ERR1913192	2017-04-07 10:55:17	2017-04-14 13:27:22	1016151	78158773	0	76	78		https://sra-downloadb.be-md.ncbi.nlm.nih.gov/sos12/sra-pub-zq-1211/ERR001/913/ERR1913192/ERR1913192.sralite.1	ERX1973769	unspecified	WGS	RANDOM	METAGENOMIC	SINGLE	0	0	ILLUMINA	Illumina HiSeq 2500	ERP019674	PRJEB17784		382085	ERS1647278	SAMEA103958110	simple	408170	human gut metagenome	SAMEA103958110							no					EUROPEAN MOLECULAR BIOLOGY LABORATORY, HEIDELBERG,	ERA872021		public	5A3B894DE4FFB49F53E1CD09090CCBED	0319FFBD49010C24A792CA9E21BA3501
ERR1913193	2017-04-07 10:55:17	2017-04-14 13:27:23	1034113	80106982	0	77	80		https://sra-downloadb.be-md.ncbi.nlm.nih.gov/sos12/sra-pub-zq-1211/ERR001/913/ERR1913193/ERR1913193.sralite.1	ERX1973770	unspecified	WGS	RANDOM	METAGENOMIC	SINGLE	0	0	ILLUMINA	Illumina HiSeq 2500	ERP019674	PRJEB17784		382085	ERS1647278	SAMEA103958110	simple	408170	human gut metagenome	SAMEA103958110							no					EUROPEAN MOLECULAR BIOLOGY LABORATORY, HEIDELBERG,	ERA872021		public	1FD0798122F3BC9529939A4D27F918B1	B6FE1C68B4D535BC60D74A56CE3E26BC
ERR1913178	2017-04-07 10:55:17	2017-04-14 13:26:04	2721075	257284813	0	94	183		https://sra-downloadb.be-md.ncbi.nlm.nih.gov/sos12/sra-pub-zq-1211/ERR001/913/ERR1913178/ERR1913178.sralite.1	ERX1973755	unspecified	WGS	RANDOM	METAGENOMIC	SINGLE	0	0	ILLUMINA	Illumina HiSeq 2500	ERP019674	PRJEB17784		382085	ERS1647281	SAMEA103958113	simple	408170	human gut metagenome	SAMEA103958113							no					EUROPEAN MOLECULAR BIOLOGY LABORATORY, HEIDELBERG,	ERA872021		public	BD54E97EB05DD58051608600BB3C45CB	978D37F5A33CE78CE8B401F04FEDF75E
ERR1913179	2017-04-07 10:55:17	2017-04-14 13:26:13	2481153	236628575	0	95	167		https://sra-downloadb.be-md.ncbi.nlm.nih.gov/sos12/sra-pub-zq-1211/ERR001/913/ERR1913179/ERR1913179.sralite.1	ERX1973756	unspecified	WGS	RANDOM	METAGENOMIC	SINGLE	0	0	ILLUMINA	Illumina HiSeq 2500	ERP019674	PRJEB17784		382085	ERS1647281	SAMEA103958113	simple	408170	human gut metagenome	SAMEA103958113							no					EUROPEAN MOLECULAR BIOLOGY LABORATORY, HEIDELBERG,	ERA872021		public	465AF4A8A4BF49F277564DC00EC3A318	C1BE28992DB12B2054772DB637B050C4
ERR1913180	2017-04-07 10:55:17	2017-04-14 13:26:25	3267844	335694565	0	102	225		https://sra-downloadb.be-md.ncbi.nlm.nih.gov/sos12/sra-pub-zq-1211/ERR001/913/ERR1913180/ERR1913180.sralite.1	ERX1973757	unspecified	WGS	RANDOM	METAGENOMIC	SINGLE	0	0	ILLUMINA	Illumina HiSeq 2500	ERP019674	PRJEB17784		382085	ERS1647281	SAMEA103958113	simple	408170	human gut metagenome	SAMEA103958113							no					EUROPEAN MOLECULAR BIOLOGY LABORATORY, HEIDELBERG,	ERA872021		public	56325E9E0435BF25115876EADE6B7697	0463BC51C36A8C6D16D139D2A01F9ADB
ERR1913150	2017-04-07 10:55:17	2017-04-14 13:22:43	1660755	149714317	0	90	110		https://sra-downloadb.be-md.ncbi.nlm.nih.gov/sos12/sra-pub-zq-1211/ERR001/913/ERR1913150/ERR1913150.sralite.1	ERX1973727	unspecified	WGS	RANDOM	METAGENOMIC	SINGLE	0	0	ILLUMINA	Illumina HiSeq 2500	ERP019674	PRJEB17784		382085	ERS1647282	SAMEA103958114	simple	408170	human gut metagenome	SAMEA103958114							no					EUROPEAN MOLECULAR BIOLOGY LABORATORY, HEIDELBERG,	ERA872021		public	B4E9C2228734B107DBC3B7432F2ED997	78BC20AE83B112E4BB85E65310EA2B71
ERR1913151	2017-04-07 10:55:17	2017-04-14 13:22:57	1451907	132061842	0	90	97		https://sra-downloadb.be-md.ncbi.nlm.nih.gov/sos12/sra-pub-zq-1211/ERR001/913/ERR1913151/ERR1913151.sralite.1	ERX1973728	unspecified	WGS	RANDOM	METAGENOMIC	SINGLE	0	0	ILLUMINA	Illumina HiSeq 2500	ERP019674	PRJEB17784		382085	ERS1647282	SAMEA103958114	simple	408170	human gut metagenome	SAMEA103958114							no					EUROPEAN MOLECULAR BIOLOGY LABORATORY, HEIDELBERG,	ERA872021		public	1C364CC871CE1BB32071AE174CCBC87A	A46DDBCB523916AB90ECFAD66CCE911E
ERR1913152	2017-04-07 10:55:17	2017-04-14 13:22:58	2125955	212779269	0	100	145		https://sra-downloadb.be-md.ncbi.nlm.nih.gov/sos12/sra-pub-zq-1211/ERR001/913/ERR1913152/ERR1913152.sralite.1	ERX1973729	unspecified	WGS	RANDOM	METAGENOMIC	SINGLE	0	0	ILLUMINA	Illumina HiSeq 2500	ERP019674	PRJEB17784		382085	ERS1647282	SAMEA103958114	simple	408170	human gut metagenome	SAMEA103958114							no					EUROPEAN MOLECULAR BIOLOGY LABORATORY, HEIDELBERG,	ERA872021		public	A2EF38510DDE2872B9234C8CF5054D11	62EB3B91BE330672741361D5BEEE0710
ERR1913168	2017-04-07 10:55:17	2017-04-14 13:24:46	1678084	149036860	0	88	110		https://sra-downloadb.be-md.ncbi.nlm.nih.gov/sos12/sra-pub-zq-1211/ERR001/913/ERR1913168/ERR1913168.sralite.1	ERX1973745	unspecified	WGS	RANDOM	METAGENOMIC	SINGLE	0	0	ILLUMINA	Illumina HiSeq 2500	ERP019674	PRJEB17784		382085	ERS1647284	SAMEA103958116	simple	408170	human gut metagenome	SAMEA103958116							no					EUROPEAN MOLECULAR BIOLOGY LABORATORY, HEIDELBERG,	ERA872021		public	F9CB6CC1C81AC302772C129847FB0012	3DF31E852BF48066B8F1F4D13145411A
ERR1913169	2017-04-07 10:55:17	2017-04-14 13:24:59	1549173	140405006	0	90	103		https://sra-downloadb.be-md.ncbi.nlm.nih.gov/sos12/sra-pub-zq-1211/ERR001/913/ERR1913169/ERR1913169.sralite.1	ERX1973746	unspecified	WGS	RANDOM	METAGENOMIC	SINGLE	0	0	ILLUMINA	Illumina HiSeq 2500	ERP019674	PRJEB17784		382085	ERS1647284	SAMEA103958116	simple	408170	human gut metagenome	SAMEA103958116							no					EUROPEAN MOLECULAR BIOLOGY LABORATORY, HEIDELBERG,	ERA872021		public	56B6595FC94C6480DC90771A1A874161	862F51C0EBB7A2326576243D67273B78
ERR1913170	2017-04-07 10:55:17	2017-04-14 13:25:00	2012411	198116221	0	98	137		https://sra-downloadb.be-md.ncbi.nlm.nih.gov/sos12/sra-pub-zq-1211/ERR001/913/ERR1913170/ERR1913170.sralite.1	ERX1973747	unspecified	WGS	RANDOM	METAGENOMIC	SINGLE	0	0	ILLUMINA	Illumina HiSeq 2500	ERP019674	PRJEB17784		382085	ERS1647284	SAMEA103958116	simple	408170	human gut metagenome	SAMEA103958116							no					EUROPEAN MOLECULAR BIOLOGY LABORATORY, HEIDELBERG,	ERA872021		public	94C4B84038C00EDCE3E70C47649F936F	E51868405AD71E0E3A70780C428E1F5B
ERR1913159	2017-04-07 10:55:17	2017-04-14 13:24:04	1117419	86756189	0	77	86		https://sra-downloadb.be-md.ncbi.nlm.nih.gov/sos12/sra-pub-zq-1211/ERR001/913/ERR1913159/ERR1913159.sralite.1	ERX1973736	unspecified	WGS	RANDOM	METAGENOMIC	SINGLE	0	0	ILLUMINA	Illumina HiSeq 2500	ERP019674	PRJEB17784		382085	ERS1647289	SAMEA103958121	simple	408170	human gut metagenome	SAMEA103958121							no					EUROPEAN MOLECULAR BIOLOGY LABORATORY, HEIDELBERG,	ERA872021		public	48D0314F8D4883EFAB2FE74985732CB4	D157D9B802F2C9584FDF403070C3FDDA
ERR1913160	2017-04-07 10:55:17	2017-04-14 13:24:05	1089484	84573869	0	77	84		https://sra-downloadb.be-md.ncbi.nlm.nih.gov/sos12/sra-pub-zq-1211/ERR001/913/ERR1913160/ERR1913160.sralite.1	ERX1973737	unspecified	WGS	RANDOM	METAGENOMIC	SINGLE	0	0	ILLUMINA	Illumina HiSeq 2500	ERP019674	PRJEB17784		382085	ERS1647289	SAMEA103958121	simple	408170	human gut metagenome	SAMEA103958121							no					EUROPEAN MOLECULAR BIOLOGY LABORATORY, HEIDELBERG,	ERA872021		public	B0FFAC446D66BA46A04DA6DFD2AF3B3E	84812E191A747FA9D9883232EC4222E1
ERR1913161	2017-04-07 10:55:17	2017-04-14 13:24:18	987752	76765352	0	77	77		https://sra-downloadb.be-md.ncbi.nlm.nih.gov/sos12/sra-pub-zq-1211/ERR001/913/ERR1913161/ERR1913161.sralite.1	ERX1973738	unspecified	WGS	RANDOM	METAGENOMIC	SINGLE	0	0	ILLUMINA	Illumina HiSeq 2500	ERP019674	PRJEB17784		382085	ERS1647289	SAMEA103958121	simple	408170	human gut metagenome	SAMEA103958121							no					EUROPEAN MOLECULAR BIOLOGY LABORATORY, HEIDELBERG,	ERA872021		public	E5C1BE9E3000BBD10BEBC4AEF7B82AF7	A1A9E08B3CBE594064B865976C5BA403
ERR1913162	2017-04-07 10:55:17	2017-04-14 13:24:18	1058865	82263341	0	77	82		https://sra-downloadb.be-md.ncbi.nlm.nih.gov/sos12/sra-pub-zq-1211/ERR001/913/ERR1913162/ERR1913162.sralite.1	ERX1973739	unspecified	WGS	RANDOM	METAGENOMIC	SINGLE	0	0	ILLUMINA	Illumina HiSeq 2500	ERP019674	PRJEB17784		382085	ERS1647289	SAMEA103958121	simple	408170	human gut metagenome	SAMEA103958121							no					EUROPEAN MOLECULAR BIOLOGY LABORATORY, HEIDELBERG,	ERA872021		public	770EA8488AB3CD0E4F995B4BF01EB067	306F0BDB1DF65D941272B0A6912AEE8B
ERR1913145	2017-04-07 10:55:17	2017-04-14 13:22:09	888392	68506690	0	77	69		https://sra-downloadb.be-md.ncbi.nlm.nih.gov/sos12/sra-pub-zq-1211/ERR001/913/ERR1913145/ERR1913145.sralite.1	ERX1973722	unspecified	WGS	RANDOM	METAGENOMIC	SINGLE	0	0	ILLUMINA	Illumina HiSeq 2500	ERP019674	PRJEB17784		382085	ERS1647293	SAMEA103958125	simple	408170	human gut metagenome	SAMEA103958125							no					EUROPEAN MOLECULAR BIOLOGY LABORATORY, HEIDELBERG,	ERA872021		public	02B0DBDCD937807CB6A773F316232B29	12F2C9FF2229B6E9F5A44CE8BC5FCFE0
ERR1913146	2017-04-07 10:55:17	2017-04-14 13:22:14	868528	66915188	0	77	68		https://sra-downloadb.be-md.ncbi.nlm.nih.gov/sos12/sra-pub-zq-1211/ERR001/913/ERR1913146/ERR1913146.sralite.1	ERX1973723	unspecified	WGS	RANDOM	METAGENOMIC	SINGLE	0	0	ILLUMINA	Illumina HiSeq 2500	ERP019674	PRJEB17784		382085	ERS1647293	SAMEA103958125	simple	408170	human gut metagenome	SAMEA103958125							no					EUROPEAN MOLECULAR BIOLOGY LABORATORY, HEIDELBERG,	ERA872021		public	19A5C74C09C809DE5AD418C01DF4A0C1	69A12123B9E316A77FAADC8C484612A9
ERR1913147	2017-04-07 10:55:17	2017-04-14 13:22:22	803064	62106109	0	77	63		https://sra-downloadb.be-md.ncbi.nlm.nih.gov/sos12/sra-pub-zq-1211/ERR001/913/ERR1913147/ERR1913147.sralite.1	ERX1973724	unspecified	WGS	RANDOM	METAGENOMIC	SINGLE	0	0	ILLUMINA	Illumina HiSeq 2500	ERP019674	PRJEB17784		382085	ERS1647293	SAMEA103958125	simple	408170	human gut metagenome	SAMEA103958125							no					EUROPEAN MOLECULAR BIOLOGY LABORATORY, HEIDELBERG,	ERA872021		public	CF145F6CDA2167675DAD51905AEB929C	212A100CAF9DF3DE458C46F57886DCBE
ERR1913148	2017-04-07 10:55:17	2017-04-14 13:22:27	861860	66559090	0	77	67		https://sra-downloadb.be-md.ncbi.nlm.nih.gov/sos12/sra-pub-zq-1211/ERR001/913/ERR1913148/ERR1913148.sralite.1	ERX1973725	unspecified	WGS	RANDOM	METAGENOMIC	SINGLE	0	0	ILLUMINA	Illumina HiSeq 2500	ERP019674	PRJEB17784		382085	ERS1647293	SAMEA103958125	simple	408170	human gut metagenome	SAMEA103958125							no					EUROPEAN MOLECULAR BIOLOGY LABORATORY, HEIDELBERG,	ERA872021		public	183C8A7678AE398A48808893744F7E72	465D8F10BCEDA7400C2ED71AAB2C73F4
ERR1913156	2017-04-07 10:55:17	2017-04-14 13:23:32	2154157	206559763	0	95	146		https://sra-downloadb.be-md.ncbi.nlm.nih.gov/sos12/sra-pub-zq-1211/ERR001/913/ERR1913156/ERR1913156.sralite.1	ERX1973733	unspecified	WGS	RANDOM	METAGENOMIC	SINGLE	0	0	ILLUMINA	Illumina HiSeq 2500	ERP019674	PRJEB17784		382085	ERS1647298	SAMEA103958130	simple	408170	human gut metagenome	SAMEA103958130							no					EUROPEAN MOLECULAR BIOLOGY LABORATORY, HEIDELBERG,	ERA872021		public	DAF75BEFDBB381AD4D0929DB955B744F	D3CD363DBD2CA4D3C36C2F8B3164A19A
ERR1913157	2017-04-07 10:55:17	2017-04-14 13:23:50	2010598	194673337	0	96	136		https://sra-downloadb.be-md.ncbi.nlm.nih.gov/sos12/sra-pub-zq-1211/ERR001/913/ERR1913157/ERR1913157.sralite.1	ERX1973734	unspecified	WGS	RANDOM	METAGENOMIC	SINGLE	0	0	ILLUMINA	Illumina HiSeq 2500	ERP019674	PRJEB17784		382085	ERS1647298	SAMEA103958130	simple	408170	human gut metagenome	SAMEA103958130							no					EUROPEAN MOLECULAR BIOLOGY LABORATORY, HEIDELBERG,	ERA872021		public	B0B2E20C07336EEAD547ADE6BEB6F79A	F65CCECC1268F5D9B9B71B9FE1246D49
ERR1913158	2017-04-07 10:55:17	2017-04-14 13:23:51	2514886	259827760	0	103	174		https://sra-downloadb.be-md.ncbi.nlm.nih.gov/sos12/sra-pub-zq-1211/ERR001/913/ERR1913158/ERR1913158.sralite.1	ERX1973735	unspecified	WGS	RANDOM	METAGENOMIC	SINGLE	0	0	ILLUMINA	Illumina HiSeq 2500	ERP019674	PRJEB17784		382085	ERS1647298	SAMEA103958130	simple	408170	human gut metagenome	SAMEA103958130							no					EUROPEAN MOLECULAR BIOLOGY LABORATORY, HEIDELBERG,	ERA872021		public	1C0C669638D562F318C3BDC89BFA2A29	C5AC74FC093EED7A4A3E9E689FD94F5B
ERR1913175	2017-04-07 10:55:17	2017-04-14 13:25:33	2374555	237781396	0	100	163		https://sra-downloadb.be-md.ncbi.nlm.nih.gov/sos12/sra-pub-zq-1211/ERR001/913/ERR1913175/ERR1913175.sralite.1	ERX1973752	unspecified	WGS	RANDOM	METAGENOMIC	SINGLE	0	0	ILLUMINA	Illumina HiSeq 2500	ERP019674	PRJEB17784		382085	ERS1647299	SAMEA103958131	simple	408170	human gut metagenome	SAMEA103958131							no					EUROPEAN MOLECULAR BIOLOGY LABORATORY, HEIDELBERG,	ERA872021		public	0547E8C06838669F8A191257D914123A	FA545DB9FFF8EDA12094709DF53ABED5
ERR1913176	2017-04-07 10:55:17	2017-04-14 13:25:43	2101120	210986101	0	100	144		https://sra-downloadb.be-md.ncbi.nlm.nih.gov/sos12/sra-pub-zq-1211/ERR001/913/ERR1913176/ERR1913176.sralite.1	ERX1973753	unspecified	WGS	RANDOM	METAGENOMIC	SINGLE	0	0	ILLUMINA	Illumina HiSeq 2500	ERP019674	PRJEB17784		382085	ERS1647299	SAMEA103958131	simple	408170	human gut metagenome	SAMEA103958131							no					EUROPEAN MOLECULAR BIOLOGY LABORATORY, HEIDELBERG,	ERA872021		public	A7DE79472CD15A5A293316667B6C197C	3D92F8CF7D9A7430CF80646928F40C71
ERR1913177	2017-04-07 10:55:17	2017-04-14 13:25:51	2625807	280502683	0	106	182		https://sra-downloadb.be-md.ncbi.nlm.nih.gov/sos12/sra-pub-zq-1211/ERR001/913/ERR1913177/ERR1913177.sralite.1	ERX1973754	unspecified	WGS	RANDOM	METAGENOMIC	SINGLE	0	0	ILLUMINA	Illumina HiSeq 2500	ERP019674	PRJEB17784		382085	ERS1647299	SAMEA103958131	simple	408170	human gut metagenome	SAMEA103958131							no					EUROPEAN MOLECULAR BIOLOGY LABORATORY, HEIDELBERG,	ERA872021		public	160D9A3AF399A19AFDD69DDC722BD73E	881ED457519106006309B9443B391008
ERR1913164	2017-04-07 10:55:17	2017-04-14 13:24:31	962158	74195049	0	77	75		https://sra-downloadb.be-md.ncbi.nlm.nih.gov/sos12/sra-pub-zq-1211/ERR001/913/ERR1913164/ERR1913164.sralite.1	ERX1973741	unspecified	WGS	RANDOM	METAGENOMIC	SINGLE	0	0	ILLUMINA	Illumina HiSeq 2500	ERP019674	PRJEB17784		382085	ERS1647302	SAMEA103958134	simple	408170	human gut metagenome	SAMEA103958134							no					EUROPEAN MOLECULAR BIOLOGY LABORATORY, HEIDELBERG,	ERA872021		public	04BB873BE56EBAB630192658D837F528	CEB876C02FF7DE54F79947D0E1EF3630
ERR1913165	2017-04-07 10:55:17	2017-04-14 13:24:31	941385	72578076	0	77	74		https://sra-downloadb.be-md.ncbi.nlm.nih.gov/sos12/sra-pub-zq-1211/ERR001/913/ERR1913165/ERR1913165.sralite.1	ERX1973742	unspecified	WGS	RANDOM	METAGENOMIC	SINGLE	0	0	ILLUMINA	Illumina HiSeq 2500	ERP019674	PRJEB17784		382085	ERS1647302	SAMEA103958134	simple	408170	human gut metagenome	SAMEA103958134							no					EUROPEAN MOLECULAR BIOLOGY LABORATORY, HEIDELBERG,	ERA872021		public	15CC9A965A56D90E62AC5D94478934D4	9C9FD151BCA03AC7254207F245CDF158
ERR1913166	2017-04-07 10:55:17	2017-04-14 13:24:31	933635	72227567	0	77	73		https://sra-downloadb.be-md.ncbi.nlm.nih.gov/sos12/sra-pub-zq-1211/ERR001/913/ERR1913166/ERR1913166.sralite.1	ERX1973743	unspecified	WGS	RANDOM	METAGENOMIC	SINGLE	0	0	ILLUMINA	Illumina HiSeq 2500	ERP019674	PRJEB17784		382085	ERS1647302	SAMEA103958134	simple	408170	human gut metagenome	SAMEA103958134							no					EUROPEAN MOLECULAR BIOLOGY LABORATORY, HEIDELBERG,	ERA872021		public	89C46C6AD1BB23545F4FB8705EAFCE94	785FC44D62641CB06F4F499AC7CF57BC
ERR1913167	2017-04-07 10:55:17	2017-04-14 13:24:45	919587	71111596	0	77	72		https://sra-downloadb.be-md.ncbi.nlm.nih.gov/sos12/sra-pub-zq-1211/ERR001/913/ERR1913167/ERR1913167.sralite.1	ERX1973744	unspecified	WGS	RANDOM	METAGENOMIC	SINGLE	0	0	ILLUMINA	Illumina HiSeq 2500	ERP019674	PRJEB17784		382085	ERS1647302	SAMEA103958134	simple	408170	human gut metagenome	SAMEA103958134							no					EUROPEAN MOLECULAR BIOLOGY LABORATORY, HEIDELBERG,	ERA872021		public	A0BDB436CEB9F65507BF20B207485024	AF926FB2B30CEB426CDA33D347F1210C
ERR1913183	2017-04-07 10:55:17	2017-04-14 13:26:32	1774842	170013992	0	95	120		https://sra-downloadb.be-md.ncbi.nlm.nih.gov/sos12/sra-pub-zq-1211/ERR001/913/ERR1913183/ERR1913183.sralite.1	ERX1973760	unspecified	WGS	RANDOM	METAGENOMIC	SINGLE	0	0	ILLUMINA	Illumina HiSeq 2500	ERP019674	PRJEB17784		382085	ERS1647304	SAMEA103958136	simple	408170	human gut metagenome	SAMEA103958136							no					EUROPEAN MOLECULAR BIOLOGY LABORATORY, HEIDELBERG,	ERA872021		public	AE7DA300361D8AC862F514B5FFAAF1A2	C25DEA9614896415B3365054E4621D56
ERR1913184	2017-04-07 10:55:17	2017-04-14 13:26:32	1606330	154602023	0	96	109		https://sra-downloadb.be-md.ncbi.nlm.nih.gov/sos12/sra-pub-zq-1211/ERR001/913/ERR1913184/ERR1913184.sralite.1	ERX1973761	unspecified	WGS	RANDOM	METAGENOMIC	SINGLE	0	0	ILLUMINA	Illumina HiSeq 2500	ERP019674	PRJEB17784		382085	ERS1647304	SAMEA103958136	simple	408170	human gut metagenome	SAMEA103958136							no					EUROPEAN MOLECULAR BIOLOGY LABORATORY, HEIDELBERG,	ERA872021		public	21E7F7C53B42A95778FE4F0BE7E146E0	B4244E6612967432E7E6ADF9A243EAEB
ERR1913185	2017-04-07 10:55:17	2017-04-14 13:26:47	2007073	207641937	0	103	139		https://sra-downloadb.be-md.ncbi.nlm.nih.gov/sos12/sra-pub-zq-1211/ERR001/913/ERR1913185/ERR1913185.sralite.1	ERX1973762	unspecified	WGS	RANDOM	METAGENOMIC	SINGLE	0	0	ILLUMINA	Illumina HiSeq 2500	ERP019674	PRJEB17784		382085	ERS1647304	SAMEA103958136	simple	408170	human gut metagenome	SAMEA103958136							no					EUROPEAN MOLECULAR BIOLOGY LABORATORY, HEIDELBERG,	ERA872021		public	E4DD91307DAC34AB48FDC01536AEB975	C4278130AEB10FB8A4E0590D7917E93C
ERR1913153	2017-04-07 10:55:17	2017-04-14 13:23:15	2401059	225244550	0	93	160		https://sra-downloadb.be-md.ncbi.nlm.nih.gov/sos12/sra-pub-zq-1211/ERR001/913/ERR1913153/ERR1913153.sralite.1	ERX1973730	unspecified	WGS	RANDOM	METAGENOMIC	SINGLE	0	0	ILLUMINA	Illumina HiSeq 2500	ERP019674	PRJEB17784		382085	ERS1647305	SAMEA103958137	simple	408170	human gut metagenome	SAMEA103958137							no					EUROPEAN MOLECULAR BIOLOGY LABORATORY, HEIDELBERG,	ERA872021		public	BE6F0B2C68D0CEBD227D7A3E92FD1FA2	C9D5468954FC22BF41B76631BB891F81
ERR1913154	2017-04-07 10:55:17	2017-04-14 13:23:15	2244487	211848767	0	94	150		https://sra-downloadb.be-md.ncbi.nlm.nih.gov/sos12/sra-pub-zq-1211/ERR001/913/ERR1913154/ERR1913154.sralite.1	ERX1973731	unspecified	WGS	RANDOM	METAGENOMIC	SINGLE	0	0	ILLUMINA	Illumina HiSeq 2500	ERP019674	PRJEB17784		382085	ERS1647305	SAMEA103958137	simple	408170	human gut metagenome	SAMEA103958137							no					EUROPEAN MOLECULAR BIOLOGY LABORATORY, HEIDELBERG,	ERA872021		public	BBBC6C2EA7E36F686C8E34D5249B8F8F	DD37957519491DE3AB53C39DECAD292A
ERR1913155	2017-04-07 10:55:17	2017-04-14 13:23:32	2790796	283474855	0	101	191		https://sra-downloadb.be-md.ncbi.nlm.nih.gov/sos12/sra-pub-zq-1211/ERR001/913/ERR1913155/ERR1913155.sralite.1	ERX1973732	unspecified	WGS	RANDOM	METAGENOMIC	SINGLE	0	0	ILLUMINA	Illumina HiSeq 2500	ERP019674	PRJEB17784		382085	ERS1647305	SAMEA103958137	simple	408170	human gut metagenome	SAMEA103958137							no					EUROPEAN MOLECULAR BIOLOGY LABORATORY, HEIDELBERG,	ERA872021		public	EFAD02C96662D9506E946312F325F6A9	88E9BBA6FFE775530F8666B71036209F
ERR1913140	2017-04-07 10:53:35	2017-04-14 13:21:16	3479577	361501550	0	103	240		https://sra-downloadb.be-md.ncbi.nlm.nih.gov/sos12/sra-pub-zq-1211/ERR001/913/ERR1913140/ERR1913140.sralite.1	ERX1973717	unspecified	WGS	RANDOM	METAGENOMIC	SINGLE	0	0	ILLUMINA	Illumina HiSeq 2500	ERP019674	PRJEB17784		382085	ERS1647316	SAMEA103958148	simple	408170	human gut metagenome	SAMEA103958148							no					EUROPEAN MOLECULAR BIOLOGY LABORATORY, HEIDELBERG,	ERA872021		public	6E95CF6A67230F13FED4242BF9184662	E79091C90F343513922019A041BACC8B
ERR1913199	2017-04-07 10:55:17	2017-04-14 13:27:53	2122682	192613200	0	90	140		https://sra-downloadb.be-md.ncbi.nlm.nih.gov/sos12/sra-pub-zq-1211/ERR001/913/ERR1913199/ERR1913199.sralite.1	ERX1973776	unspecified	WGS	RANDOM	METAGENOMIC	SINGLE	0	0	ILLUMINA	Illumina HiSeq 2500	ERP019674	PRJEB17784		382085	ERS1647317	SAMEA103958149	simple	408170	human gut metagenome	SAMEA103958149							no					EUROPEAN MOLECULAR BIOLOGY LABORATORY, HEIDELBERG,	ERA872021		public	7136E25CE48210066485A734771380D9	BDF9D00097FABFF7C2671F838E443B94
ERR1913171	2017-04-07 10:55:17	2017-04-14 13:25:13	806172	59737557	0	74	63		https://sra-downloadb.be-md.ncbi.nlm.nih.gov/sos12/sra-pub-zq-1211/ERR001/913/ERR1913171/ERR1913171.sralite.1	ERX1973748	unspecified	WGS	RANDOM	METAGENOMIC	SINGLE	0	0	ILLUMINA	Illumina HiSeq 2500	ERP019674	PRJEB17784		382085	ERS1647318	SAMEA103958150	simple	408170	human gut metagenome	SAMEA103958150							no					EUROPEAN MOLECULAR BIOLOGY LABORATORY, HEIDELBERG,	ERA872021		public	ACA7570C26AE5D4C02E68B4A8AFB93C2	B3032D606C78DB07AA61EB0E384529CC
ERR1913172	2017-04-07 10:55:17	2017-04-14 13:25:15	756644	56208804	0	74	59		https://sra-downloadb.be-md.ncbi.nlm.nih.gov/sos12/sra-pub-zq-1211/ERR001/913/ERR1913172/ERR1913172.sralite.1	ERX1973749	unspecified	WGS	RANDOM	METAGENOMIC	SINGLE	0	0	ILLUMINA	Illumina HiSeq 2500	ERP019674	PRJEB17784		382085	ERS1647318	SAMEA103958150	simple	408170	human gut metagenome	SAMEA103958150							no					EUROPEAN MOLECULAR BIOLOGY LABORATORY, HEIDELBERG,	ERA872021		public	A77F5D912192F32AB7A8D97B9907FF51	DFA46F42002FCB9F79EC657C478DA38E
ERR1913173	2017-04-07 10:55:17	2017-04-14 13:25:26	736676	54757178	0	74	57		https://sra-downloadb.be-md.ncbi.nlm.nih.gov/sos12/sra-pub-zq-1211/ERR001/913/ERR1913173/ERR1913173.sralite.1	ERX1973750	unspecified	WGS	RANDOM	METAGENOMIC	SINGLE	0	0	ILLUMINA	Illumina HiSeq 2500	ERP019674	PRJEB17784		382085	ERS1647318	SAMEA103958150	simple	408170	human gut metagenome	SAMEA103958150							no					EUROPEAN MOLECULAR BIOLOGY LABORATORY, HEIDELBERG,	ERA872021		public	DC02161B76156F1E27FA2C17D1FA3869	D37D22B16C7ACFE45E7FF4CDFAB6C876
ERR1913174	2017-04-07 10:55:17	2017-04-14 13:25:27	739472	54997191	0	74	58		https://sra-downloadb.be-md.ncbi.nlm.nih.gov/sos12/sra-pub-zq-1211/ERR001/913/ERR1913174/ERR1913174.sralite.1	ERX1973751	unspecified	WGS	RANDOM	METAGENOMIC	SINGLE	0	0	ILLUMINA	Illumina HiSeq 2500	ERP019674	PRJEB17784		382085	ERS1647318	SAMEA103958150	simple	408170	human gut metagenome	SAMEA103958150							no					EUROPEAN MOLECULAR BIOLOGY LABORATORY, HEIDELBERG,	ERA872021		public	DA160DB376104C5ED871814F260D5C99	1843BC6E05AE746DBCB5464392D8B5F7
ERR1913194	2017-04-07 10:55:17	2017-04-14 13:27:37	958811	71472385	0	74	74		https://sra-downloadb.be-md.ncbi.nlm.nih.gov/sos12/sra-pub-zq-1211/ERR001/913/ERR1913194/ERR1913194.sralite.1	ERX1973771	unspecified	WGS	RANDOM	METAGENOMIC	SINGLE	0	0	ILLUMINA	Illumina HiSeq 2500	ERP019674	PRJEB17784		382085	ERS1647319	SAMEA103958151	simple	408170	human gut metagenome	SAMEA103958151							no					EUROPEAN MOLECULAR BIOLOGY LABORATORY, HEIDELBERG,	ERA872021		public	C7B57C8523CB3956AD0AA75832F38A90	6D0AB0C07B5197972FA9403E786DB20F
ERR1913195	2017-04-07 10:55:17	2017-04-14 13:27:35	905755	67858569	0	74	71		https://sra-downloadb.be-md.ncbi.nlm.nih.gov/sos12/sra-pub-zq-1211/ERR001/913/ERR1913195/ERR1913195.sralite.1	ERX1973772	unspecified	WGS	RANDOM	METAGENOMIC	SINGLE	0	0	ILLUMINA	Illumina HiSeq 2500	ERP019674	PRJEB17784		382085	ERS1647319	SAMEA103958151	simple	408170	human gut metagenome	SAMEA103958151							no					EUROPEAN MOLECULAR BIOLOGY LABORATORY, HEIDELBERG,	ERA872021		public	903B7BAC2B296E6DBC33ABBE6C8BD2B3	B55240D58A85D2BF80180CDE30F50B48
ERR1913196	2017-04-07 10:55:17	2017-04-14 13:27:37	891575	66750690	0	74	69		https://sra-downloadb.be-md.ncbi.nlm.nih.gov/sos12/sra-pub-zq-1211/ERR001/913/ERR1913196/ERR1913196.sralite.1	ERX1973773	unspecified	WGS	RANDOM	METAGENOMIC	SINGLE	0	0	ILLUMINA	Illumina HiSeq 2500	ERP019674	PRJEB17784		382085	ERS1647319	SAMEA103958151	simple	408170	human gut metagenome	SAMEA103958151							no					EUROPEAN MOLECULAR BIOLOGY LABORATORY, HEIDELBERG,	ERA872021		public	8B4CE5EA332A4F0845149C8B760E9859	B41B453FC78F9097B1A2930139F218AE
ERR1913197	2017-04-07 10:55:17	2017-04-14 13:27:48	900976	67497577	0	74	70		https://sra-downloadb.be-md.ncbi.nlm.nih.gov/sos12/sra-pub-zq-1211/ERR001/913/ERR1913197/ERR1913197.sralite.1	ERX1973774	unspecified	WGS	RANDOM	METAGENOMIC	SINGLE	0	0	ILLUMINA	Illumina HiSeq 2500	ERP019674	PRJEB17784		382085	ERS1647319	SAMEA103958151	simple	408170	human gut metagenome	SAMEA103958151							no					EUROPEAN MOLECULAR BIOLOGY LABORATORY, HEIDELBERG,	ERA872021		public	FE80ECB61EC3815C497D4FA42F56F24C	BDF4E78BB7FC93594C48CDD38EA625CC
ERR1913182	2017-04-07 10:55:17	2017-04-14 15:29:52	8565399	815069564	0	95	565		https://sra-downloadb.be-md.ncbi.nlm.nih.gov/sos12/sra-pub-zq-1211/ERR001/913/ERR1913182/ERR1913182.sralite.1	ERX1973759	unspecified	WGS	RANDOM	METAGENOMIC	SINGLE	0	0	ILLUMINA	Illumina HiSeq 2500	ERP019674	PRJEB17784		382085	ERS1647323	SAMEA103958155	simple	408170	human gut metagenome	SAMEA103958155							no					EUROPEAN MOLECULAR BIOLOGY LABORATORY, HEIDELBERG,	ERA872021		public	026F9BAC8641CCE8BFFC43765370EC4E	902C48D0A8D512BD0244F8D1E3A8548B
ERR1913198	2017-04-07 10:55:17	2017-04-14 13:28:00	8214790	729604031	0	88	527		https://sra-downloadb.be-md.ncbi.nlm.nih.gov/sos12/sra-pub-zq-1211/ERR001/913/ERR1913198/ERR1913198.sralite.1	ERX1973775	unspecified	WGS	RANDOM	METAGENOMIC	SINGLE	0	0	ILLUMINA	Illumina HiSeq 2500	ERP019674	PRJEB17784		382085	ERS1647324	SAMEA103958156	simple	408170	human gut metagenome	SAMEA103958156							no					EUROPEAN MOLECULAR BIOLOGY LABORATORY, HEIDELBERG,	ERA872021		public	90E5B22E5B899D046A93533F13FE327B	53C5CAABB99754DA24F61C6187A11C17
ERR1913149	2017-04-07 10:55:17	2017-04-14 13:22:41	5556419	510843950	0	91	362		https://sra-downloadb.be-md.ncbi.nlm.nih.gov/sos12/sra-pub-zq-1211/ERR001/913/ERR1913149/ERR1913149.sralite.1	ERX1973726	unspecified	WGS	RANDOM	METAGENOMIC	SINGLE	0	0	ILLUMINA	Illumina HiSeq 2500	ERP019674	PRJEB17784		382085	ERS1647327	SAMEA103958159	simple	408170	human gut metagenome	SAMEA103958159							no					EUROPEAN MOLECULAR BIOLOGY LABORATORY, HEIDELBERG,	ERA872021		public	E7F3AFAAD169139E71197DACB445E66D	50FC8497EDF65980B9C305E7CBA7856A
ERR1913163	2017-04-07 10:55:17	2017-04-14 15:29:29	5963610	526609678	0	88	387		https://sra-downloadb.be-md.ncbi.nlm.nih.gov/sos12/sra-pub-zq-1211/ERR001/913/ERR1913163/ERR1913163.sralite.1	ERX1973740	unspecified	WGS	RANDOM	METAGENOMIC	SINGLE	0	0	ILLUMINA	Illumina HiSeq 2500	ERP019674	PRJEB17784		382085	ERS1647329	SAMEA103958161	simple	408170	human gut metagenome	SAMEA103958161							no					EUROPEAN MOLECULAR BIOLOGY LABORATORY, HEIDELBERG,	ERA872021		public	45C95C45E39738DB16E7024823AE6F9F	D7BF425FA67C6D34D77B28A8E10AFF0F
ERR1913181	2017-04-07 10:55:17	2017-04-14 13:26:34	6137291	542512039	0	88	395		https://sra-downloadb.be-md.ncbi.nlm.nih.gov/sos12/sra-pub-zq-1211/ERR001/913/ERR1913181/ERR1913181.sralite.1	ERX1973758	unspecified	WGS	RANDOM	METAGENOMIC	SINGLE	0	0	ILLUMINA	Illumina HiSeq 2500	ERP019674	PRJEB17784		382085	ERS1647330	SAMEA103958162	simple	408170	human gut metagenome	SAMEA103958162							no					EUROPEAN MOLECULAR BIOLOGY LABORATORY, HEIDELBERG,	ERA872021		public	EDC0F49BB7C5EE758534B320E6A609BC	57FD15FE6D97BCC2BAB6F2B9CAB4050D
ERR1913141	2017-04-07 10:53:35	2017-04-14 13:21:40	935669	69589469	0	74	73		https://sra-downloadb.be-md.ncbi.nlm.nih.gov/sos12/sra-pub-zq-1211/ERR001/913/ERR1913141/ERR1913141.sralite.1	ERX1973718	unspecified	WGS	RANDOM	METAGENOMIC	SINGLE	0	0	ILLUMINA	Illumina HiSeq 2500	ERP019674	PRJEB17784		382085	ERS1647331	SAMEA103958163	simple	408170	human gut metagenome	SAMEA103958163							no					EUROPEAN MOLECULAR BIOLOGY LABORATORY, HEIDELBERG,	ERA872021		public	A3BC39554B0404184A3734BD423B9A9D	E798B000E7C3E3B31B93E058B3F3E9D1
ERR1913142	2017-04-07 10:53:35	2017-04-14 13:21:47	1025939	76074875	0	74	80		https://sra-downloadb.be-md.ncbi.nlm.nih.gov/sos12/sra-pub-zq-1211/ERR001/913/ERR1913142/ERR1913142.sralite.1	ERX1973719	unspecified	WGS	RANDOM	METAGENOMIC	SINGLE	0	0	ILLUMINA	Illumina HiSeq 2500	ERP019674	PRJEB17784		382085	ERS1647331	SAMEA103958163	simple	408170	human gut metagenome	SAMEA103958163							no					EUROPEAN MOLECULAR BIOLOGY LABORATORY, HEIDELBERG,	ERA872021		public	57CE6FBDBE58DFF899363686D5F00758	190403F1B2583D597C7877079DE898D8
ERR1913143	2017-04-07 10:53:35	2017-04-14 13:21:54	1012816	72665725	0	71	77		https://sra-downloadb.be-md.ncbi.nlm.nih.gov/sos12/sra-pub-zq-1211/ERR001/913/ERR1913143/ERR1913143.sralite.1	ERX1973720	unspecified	WGS	RANDOM	METAGENOMIC	SINGLE	0	0	ILLUMINA	Illumina HiSeq 2500	ERP019674	PRJEB17784		382085	ERS1647331	SAMEA103958163	simple	408170	human gut metagenome	SAMEA103958163							no					EUROPEAN MOLECULAR BIOLOGY LABORATORY, HEIDELBERG,	ERA872021		public	1E5E53302C83D78CE472802D4CDC866E	94CDF425320DB707A2A73F14154C3B6C
ERR1913144	2017-04-07 10:53:35	2017-04-14 13:22:01	1021637	72968789	0	71	77		https://sra-downloadb.be-md.ncbi.nlm.nih.gov/sos12/sra-pub-zq-1211/ERR001/913/ERR1913144/ERR1913144.sralite.1	ERX1973721	unspecified	WGS	RANDOM	METAGENOMIC	SINGLE	0	0	ILLUMINA	Illumina HiSeq 2500	ERP019674	PRJEB17784		382085	ERS1647331	SAMEA103958163	simple	408170	human gut metagenome	SAMEA103958163							no					EUROPEAN MOLECULAR BIOLOGY LABORATORY, HEIDELBERG,	ERA872021		public	F47E4AB5F5876E5763329D77CEFC61CD	3D346E5E4148E6643888103931C676A3
ERR1913189	2017-04-07 10:55:17	2017-04-14 13:27:07	5326065	496553968	0	93	357		https://sra-downloadb.be-md.ncbi.nlm.nih.gov/sos12/sra-pub-zq-1211/ERR001/913/ERR1913189/ERR1913189.sralite.1	ERX1973766	unspecified	WGS	RANDOM	METAGENOMIC	SINGLE	0	0	ILLUMINA	Illumina HiSeq 2500	ERP019674	PRJEB17784		382085	ERS1647335	SAMEA103958167	simple	408170	human gut metagenome	SAMEA103958167							no					EUROPEAN MOLECULAR BIOLOGY LABORATORY, HEIDELBERG,	ERA872021		public	B9DB060EF0718334DB6E0541CCAF9748	5DC6850D987AC8C9483ABC9A762ABF20
ERR1913070	2017-04-07 10:53:34	2017-04-14 13:00:14	9709921	1681681343	9709921	173	1154		https://sra-downloadb.be-md.ncbi.nlm.nih.gov/sos12/sra-pub-zq-1211/ERR001/913/ERR1913070/ERR1913070.sralite.1	ERX1973647	unspecified	WGS	RANDOM	METAGENOMIC	PAIRED	350	0	ILLUMINA	Illumina HiSeq 2500	ERP019674	PRJEB17784		382085	ERS1647279	SAMEA103958111	simple	408170	human gut metagenome	SAMEA103958111							no					EUROPEAN MOLECULAR BIOLOGY LABORATORY, HEIDELBERG,	ERA872009		public	68603E5AC9D6252120103D12D8A950D2	343F3755238F5E0A2EE08ABA57096483
ERR1913071	2017-04-07 10:53:34	2017-04-14 13:00:49	9773605	1764585554	9773605	180	1200		https://sra-downloadb.be-md.ncbi.nlm.nih.gov/sos12/sra-pub-zq-1211/ERR001/913/ERR1913071/ERR1913071.sralite.1	ERX1973648	unspecified	WGS	RANDOM	METAGENOMIC	PAIRED	350	0	ILLUMINA	Illumina HiSeq 2500	ERP019674	PRJEB17784		382085	ERS1647279	SAMEA103958111	simple	408170	human gut metagenome	SAMEA103958111							no					EUROPEAN MOLECULAR BIOLOGY LABORATORY, HEIDELBERG,	ERA872009		public	77DC8A3C0603E283047EFFB517F00A4D	D9184CE91CB2CD4C4C805892FA4A45D4
ERR1913072	2017-04-07 10:53:34	2017-04-14 13:01:25	9682375	1675558223	9682375	173	1147		https://sra-downloadb.be-md.ncbi.nlm.nih.gov/sos12/sra-pub-zq-1211/ERR001/913/ERR1913072/ERR1913072.sralite.1	ERX1973649	unspecified	WGS	RANDOM	METAGENOMIC	PAIRED	350	0	ILLUMINA	Illumina HiSeq 2500	ERP019674	PRJEB17784		382085	ERS1647279	SAMEA103958111	simple	408170	human gut metagenome	SAMEA103958111							no					EUROPEAN MOLECULAR BIOLOGY LABORATORY, HEIDELBERG,	ERA872009		public	5F6680579BBA0922E8B6C32EF5AC0A65	3B39521A261FAE11213C08E349E57012
ERR1913088	2017-04-07 10:53:35	2017-04-14 13:05:39	8039318	1368427309	8039318	170	1091		https://sra-downloadb.be-md.ncbi.nlm.nih.gov/sos12/sra-pub-zq-1211/ERR001/913/ERR1913088/ERR1913088.sralite.1	ERX1973665	unspecified	WGS	RANDOM	METAGENOMIC	PAIRED	350	0	ILLUMINA	Illumina HiSeq 2500	ERP019674	PRJEB17784		382085	ERS1647280	SAMEA103958112	simple	408170	human gut metagenome	SAMEA103958112							no					EUROPEAN MOLECULAR BIOLOGY LABORATORY, HEIDELBERG,	ERA872009		public	0443C239DDDB89A660046D98FDA83456	EA9DFAAC11BC6C1E27F67DB4717BC4DB
ERR1913089	2017-04-07 10:53:35	2017-04-14 13:05:49	8366342	1420679434	8366342	169	1137		https://sra-downloadb.be-md.ncbi.nlm.nih.gov/sos12/sra-pub-zq-1211/ERR001/913/ERR1913089/ERR1913089.sralite.1	ERX1973666	unspecified	WGS	RANDOM	METAGENOMIC	PAIRED	350	0	ILLUMINA	Illumina HiSeq 2500	ERP019674	PRJEB17784		382085	ERS1647280	SAMEA103958112	simple	408170	human gut metagenome	SAMEA103958112							no					EUROPEAN MOLECULAR BIOLOGY LABORATORY, HEIDELBERG,	ERA872009		public	04ADABB424A7CFBDD72ADE81401734D3	40BDF4FFA56DB876A86979BB463C0010
ERR1913090	2017-04-07 10:53:35	2022-07-20 07:13:38	14697716	1225965296	0	83	737		https://sra-downloadb.be-md.ncbi.nlm.nih.gov/sos9/sra-pub-zq-924/ERR001/1913/ERR1913090/ERR1913090.lite.2	ERX1973667	unspecified	WGS	RANDOM	METAGENOMIC	PAIRED	350	0	ILLUMINA	Illumina HiSeq 2500	ERP019674	PRJEB17784		382085	ERS1647280	SAMEA103958112	simple	408170	human gut metagenome	SAMEA103958112							no					EUROPEAN MOLECULAR BIOLOGY LABORATORY, HEIDELBERG,	ERA872009		public	38282637AE04B56746A4A7824FFE1CA7	3B78BED23A115F1E8D8FFB695C4812C1
ERR1913091	2017-04-07 10:53:35	2022-07-23 08:36:12	14690356	1222233033	0	83	740		https://sra-downloadb.be-md.ncbi.nlm.nih.gov/sos8/sra-pub-zq-818/ERR001/1913/ERR1913091/ERR1913091.lite.2	ERX1973668	unspecified	WGS	RANDOM	METAGENOMIC	PAIRED	350	0	ILLUMINA	Illumina HiSeq 2500	ERP019674	PRJEB17784		382085	ERS1647280	SAMEA103958112	simple	408170	human gut metagenome	SAMEA103958112							no					EUROPEAN MOLECULAR BIOLOGY LABORATORY, HEIDELBERG,	ERA872009		public	6B2D4655005920DAE7D60FE5D54F797B	A4892FAA21FE279330DCFFB6A4C35DD2
ERR1913092	2017-04-07 10:53:35	2017-04-14 13:06:39	8450300	1461799646	8450300	172	1016		https://sra-downloadb.be-md.ncbi.nlm.nih.gov/sos12/sra-pub-zq-1211/ERR001/913/ERR1913092/ERR1913092.sralite.1	ERX1973669	unspecified	WGS	RANDOM	METAGENOMIC	PAIRED	350	0	ILLUMINA	Illumina HiSeq 2500	ERP019674	PRJEB17784		382085	ERS1647283	SAMEA103958115	simple	408170	human gut metagenome	SAMEA103958115							no					EUROPEAN MOLECULAR BIOLOGY LABORATORY, HEIDELBERG,	ERA872009		public	A31EBCD822928E7D7CE0DDFBB9B0D97B	E15925245A8ED88DABFD2B65BE60C292
ERR1913093	2017-04-07 10:53:35	2017-04-14 13:07:02	8363281	1448169508	8363281	173	1008		https://sra-downloadb.be-md.ncbi.nlm.nih.gov/sos12/sra-pub-zq-1211/ERR001/913/ERR1913093/ERR1913093.sralite.1	ERX1973670	unspecified	WGS	RANDOM	METAGENOMIC	PAIRED	350	0	ILLUMINA	Illumina HiSeq 2500	ERP019674	PRJEB17784		382085	ERS1647283	SAMEA103958115	simple	408170	human gut metagenome	SAMEA103958115							no					EUROPEAN MOLECULAR BIOLOGY LABORATORY, HEIDELBERG,	ERA872009		public	EAFFD8665B2B816DD519D563710D01CE	62EA75B4E0F22F5F94C19188B8193176
ERR1913094	2017-04-07 10:53:35	2017-04-14 13:07:04	8328647	1467537861	8328647	176	1015		https://sra-downloadb.be-md.ncbi.nlm.nih.gov/sos12/sra-pub-zq-1211/ERR001/913/ERR1913094/ERR1913094.sralite.1	ERX1973671	unspecified	WGS	RANDOM	METAGENOMIC	PAIRED	350	0	ILLUMINA	Illumina HiSeq 2500	ERP019674	PRJEB17784		382085	ERS1647283	SAMEA103958115	simple	408170	human gut metagenome	SAMEA103958115							no					EUROPEAN MOLECULAR BIOLOGY LABORATORY, HEIDELBERG,	ERA872009		public	E066B7B34FB1637F0685EC24E83AA4DA	5B3AFDCAC2DC11A26990A262791A3001
ERR1913095	2017-04-07 10:53:35	2017-04-14 13:07:19	8312150	1437676304	8312150	172	1000		https://sra-downloadb.be-md.ncbi.nlm.nih.gov/sos12/sra-pub-zq-1211/ERR001/913/ERR1913095/ERR1913095.sralite.1	ERX1973672	unspecified	WGS	RANDOM	METAGENOMIC	PAIRED	350	0	ILLUMINA	Illumina HiSeq 2500	ERP019674	PRJEB17784		382085	ERS1647283	SAMEA103958115	simple	408170	human gut metagenome	SAMEA103958115							no					EUROPEAN MOLECULAR BIOLOGY LABORATORY, HEIDELBERG,	ERA872009		public	63748F2022E5F6FBB570D4C9A2CF2AF0	A66ED59E134544AC8C5BCAD2B095202E
ERR1913122	2017-04-07 10:53:35	2017-04-14 13:16:55	9163465	1589919116	9163465	173	1091		https://sra-downloadb.be-md.ncbi.nlm.nih.gov/sos12/sra-pub-zq-1211/ERR001/913/ERR1913122/ERR1913122.sralite.1	ERX1973699	unspecified	WGS	RANDOM	METAGENOMIC	PAIRED	350	0	ILLUMINA	Illumina HiSeq 2500	ERP019674	PRJEB17784		382085	ERS1647287	SAMEA103958119	simple	408170	human gut metagenome	SAMEA103958119							no					EUROPEAN MOLECULAR BIOLOGY LABORATORY, HEIDELBERG,	ERA872009		public	58F3A36A803CE898BFD59137F841A183	20C988FE9F6445173576106333D75F59
ERR1913123	2017-04-07 10:53:35	2017-04-14 13:18:20	9099599	1580435053	9099599	173	1085		https://sra-downloadb.be-md.ncbi.nlm.nih.gov/sos12/sra-pub-zq-1211/ERR001/913/ERR1913123/ERR1913123.sralite.1	ERX1973700	unspecified	WGS	RANDOM	METAGENOMIC	PAIRED	350	0	ILLUMINA	Illumina HiSeq 2500	ERP019674	PRJEB17784		382085	ERS1647287	SAMEA103958119	simple	408170	human gut metagenome	SAMEA103958119							no					EUROPEAN MOLECULAR BIOLOGY LABORATORY, HEIDELBERG,	ERA872009		public	004D99186DC12E81CFB5C9EBD663F867	3AC893010E5BA968BBF1955B9BAB5C1D
ERR1913124	2017-04-07 10:53:35	2017-04-14 13:18:58	9075038	1619604556	9075038	178	1103		https://sra-downloadb.be-md.ncbi.nlm.nih.gov/sos12/sra-pub-zq-1211/ERR001/913/ERR1913124/ERR1913124.sralite.1	ERX1973701	unspecified	WGS	RANDOM	METAGENOMIC	PAIRED	350	0	ILLUMINA	Illumina HiSeq 2500	ERP019674	PRJEB17784		382085	ERS1647287	SAMEA103958119	simple	408170	human gut metagenome	SAMEA103958119							no					EUROPEAN MOLECULAR BIOLOGY LABORATORY, HEIDELBERG,	ERA872009		public	3D87AD50CFBFE807C77AA6B65E3B8273	1A8351AAFA213DB3945C60A129BFA5AC
ERR1913125	2017-04-07 10:53:35	2017-04-14 13:19:08	9066378	1572615020	9066378	173	1078		https://sra-downloadb.be-md.ncbi.nlm.nih.gov/sos12/sra-pub-zq-1211/ERR001/913/ERR1913125/ERR1913125.sralite.1	ERX1973702	unspecified	WGS	RANDOM	METAGENOMIC	PAIRED	350	0	ILLUMINA	Illumina HiSeq 2500	ERP019674	PRJEB17784		382085	ERS1647287	SAMEA103958119	simple	408170	human gut metagenome	SAMEA103958119							no					EUROPEAN MOLECULAR BIOLOGY LABORATORY, HEIDELBERG,	ERA872009		public	3F86A21787C99EA1CE725A7B88ABD7BC	BA01C56C11C90070BE674BC71C7A3B23
ERR1913104	2017-04-07 10:53:35	2017-04-14 13:09:56	9159808	1639512349	9159808	178	1122		https://sra-downloadb.be-md.ncbi.nlm.nih.gov/sos12/sra-pub-zq-1211/ERR001/913/ERR1913104/ERR1913104.sralite.1	ERX1973681	unspecified	WGS	RANDOM	METAGENOMIC	PAIRED	350	0	ILLUMINA	Illumina HiSeq 2500	ERP019674	PRJEB17784		382085	ERS1647290	SAMEA103958122	simple	408170	human gut metagenome	SAMEA103958122							no					EUROPEAN MOLECULAR BIOLOGY LABORATORY, HEIDELBERG,	ERA872009		public	0CF95D1348E82FE7C7822D6647103ED1	44D6900B12980BACBA3BE3FE6D5AC489
ERR1913105	2017-04-07 10:53:35	2017-04-14 13:10:17	9097353	1630349680	9097353	179	1116		https://sra-downloadb.be-md.ncbi.nlm.nih.gov/sos12/sra-pub-zq-1211/ERR001/913/ERR1913105/ERR1913105.sralite.1	ERX1973682	unspecified	WGS	RANDOM	METAGENOMIC	PAIRED	350	0	ILLUMINA	Illumina HiSeq 2500	ERP019674	PRJEB17784		382085	ERS1647290	SAMEA103958122	simple	408170	human gut metagenome	SAMEA103958122							no					EUROPEAN MOLECULAR BIOLOGY LABORATORY, HEIDELBERG,	ERA872009		public	78022757F056829E81A5C564821D60F0	EA67F716B53EB6E391BC94727341F6F9
ERR1913106	2017-04-07 10:53:35	2017-04-14 13:10:53	8993501	1614847610	8993501	179	1103		https://sra-downloadb.be-md.ncbi.nlm.nih.gov/sos12/sra-pub-zq-1211/ERR001/913/ERR1913106/ERR1913106.sralite.1	ERX1973683	unspecified	WGS	RANDOM	METAGENOMIC	PAIRED	350	0	ILLUMINA	Illumina HiSeq 2500	ERP019674	PRJEB17784		382085	ERS1647290	SAMEA103958122	simple	408170	human gut metagenome	SAMEA103958122							no					EUROPEAN MOLECULAR BIOLOGY LABORATORY, HEIDELBERG,	ERA872009		public	74CB831CB19A8E42C87EBC9BE8CF420C	458A13FB5442955535BBA70C04517856
ERR1913107	2017-04-07 10:53:35	2017-04-14 13:10:58	9040416	1617923032	9040416	178	1106		https://sra-downloadb.be-md.ncbi.nlm.nih.gov/sos12/sra-pub-zq-1211/ERR001/913/ERR1913107/ERR1913107.sralite.1	ERX1973684	unspecified	WGS	RANDOM	METAGENOMIC	PAIRED	350	0	ILLUMINA	Illumina HiSeq 2500	ERP019674	PRJEB17784		382085	ERS1647290	SAMEA103958122	simple	408170	human gut metagenome	SAMEA103958122							no					EUROPEAN MOLECULAR BIOLOGY LABORATORY, HEIDELBERG,	ERA872009		public	D9A79F8F749D9C9E8FAFFA86CFB1A4E1	B279D00B1BF23167C5C9229F23A8DD9A
ERR1913080	2017-04-07 10:53:34	2017-04-14 13:03:12	8467617	1495018270	8467617	176	1037		https://sra-downloadb.be-md.ncbi.nlm.nih.gov/sos12/sra-pub-zq-1211/ERR001/913/ERR1913080/ERR1913080.sralite.1	ERX1973657	unspecified	WGS	RANDOM	METAGENOMIC	PAIRED	350	0	ILLUMINA	Illumina HiSeq 2500	ERP019674	PRJEB17784		382085	ERS1647294	SAMEA103958126	simple	408170	human gut metagenome	SAMEA103958126							no					EUROPEAN MOLECULAR BIOLOGY LABORATORY, HEIDELBERG,	ERA872009		public	6F9F6875CF86B18B2E80205D3AC4F86F	D49FAA7958397B0A2416F40251C99BB6
ERR1913081	2017-04-07 10:53:34	2017-04-14 13:03:34	8384369	1481699654	8384369	176	1029		https://sra-downloadb.be-md.ncbi.nlm.nih.gov/sos12/sra-pub-zq-1211/ERR001/913/ERR1913081/ERR1913081.sralite.1	ERX1973658	unspecified	WGS	RANDOM	METAGENOMIC	PAIRED	350	0	ILLUMINA	Illumina HiSeq 2500	ERP019674	PRJEB17784		382085	ERS1647294	SAMEA103958126	simple	408170	human gut metagenome	SAMEA103958126							no					EUROPEAN MOLECULAR BIOLOGY LABORATORY, HEIDELBERG,	ERA872009		public	8C71EB87F4EA955A8888425B85C130E3	3D72D2B9859771BF768E192A7F0306FF
ERR1913082	2017-04-07 10:53:34	2017-04-14 13:03:26	8299999	1477371725	8299999	177	1023		https://sra-downloadb.be-md.ncbi.nlm.nih.gov/sos12/sra-pub-zq-1211/ERR001/913/ERR1913082/ERR1913082.sralite.1	ERX1973659	unspecified	WGS	RANDOM	METAGENOMIC	PAIRED	350	0	ILLUMINA	Illumina HiSeq 2500	ERP019674	PRJEB17784		382085	ERS1647294	SAMEA103958126	simple	408170	human gut metagenome	SAMEA103958126							no					EUROPEAN MOLECULAR BIOLOGY LABORATORY, HEIDELBERG,	ERA872009		public	5480C72DBA1A037E73E0932BF3118163	C5FE6A83690CDB57AE8F8AE84DD922E2
ERR1913083	2017-04-07 10:53:34	2017-04-14 13:03:49	8269675	1459532180	8269675	176	1013		https://sra-downloadb.be-md.ncbi.nlm.nih.gov/sos12/sra-pub-zq-1211/ERR001/913/ERR1913083/ERR1913083.sralite.1	ERX1973660	unspecified	WGS	RANDOM	METAGENOMIC	PAIRED	350	0	ILLUMINA	Illumina HiSeq 2500	ERP019674	PRJEB17784		382085	ERS1647294	SAMEA103958126	simple	408170	human gut metagenome	SAMEA103958126							no					EUROPEAN MOLECULAR BIOLOGY LABORATORY, HEIDELBERG,	ERA872009		public	8EA3D712F3EDE842A9D572067254AC6E	E2E8EEA6AD76C3930EF4F674DA390BD8
ERR1913096	2017-04-07 10:53:35	2017-04-14 13:07:55	8132559	1446610655	8132559	177	1000		https://sra-downloadb.be-md.ncbi.nlm.nih.gov/sos12/sra-pub-zq-1211/ERR001/913/ERR1913096/ERR1913096.sralite.1	ERX1973673	unspecified	WGS	RANDOM	METAGENOMIC	PAIRED	350	0	ILLUMINA	Illumina HiSeq 2500	ERP019674	PRJEB17784		382085	ERS1647301	SAMEA103958133	simple	408170	human gut metagenome	SAMEA103958133							no					EUROPEAN MOLECULAR BIOLOGY LABORATORY, HEIDELBERG,	ERA872009		public	98BB7C2C5787F5974782FE8E5D5A0068	A293AA6BB1BC23B579DA26C088EB2F0E
ERR1913097	2017-04-07 10:53:35	2017-04-14 13:08:01	8075361	1437732664	8075361	178	996		https://sra-downloadb.be-md.ncbi.nlm.nih.gov/sos12/sra-pub-zq-1211/ERR001/913/ERR1913097/ERR1913097.sralite.1	ERX1973674	unspecified	WGS	RANDOM	METAGENOMIC	PAIRED	350	0	ILLUMINA	Illumina HiSeq 2500	ERP019674	PRJEB17784		382085	ERS1647301	SAMEA103958133	simple	408170	human gut metagenome	SAMEA103958133							no					EUROPEAN MOLECULAR BIOLOGY LABORATORY, HEIDELBERG,	ERA872009		public	104C1CF0AA307FF17E05261927D08ADF	0A997AF2DAC0F16864FE71837C887C08
ERR1913098	2017-04-07 10:53:35	2017-04-14 13:07:57	7980361	1423824629	7980361	178	983		https://sra-downloadb.be-md.ncbi.nlm.nih.gov/sos12/sra-pub-zq-1211/ERR001/913/ERR1913098/ERR1913098.sralite.1	ERX1973675	unspecified	WGS	RANDOM	METAGENOMIC	PAIRED	350	0	ILLUMINA	Illumina HiSeq 2500	ERP019674	PRJEB17784		382085	ERS1647301	SAMEA103958133	simple	408170	human gut metagenome	SAMEA103958133							no					EUROPEAN MOLECULAR BIOLOGY LABORATORY, HEIDELBERG,	ERA872009		public	65B3057C26325DC920D2F82369B75C93	3C6AF7FD4F4861056B51B90F4E4F450B
ERR1913099	2017-04-07 10:53:35	2017-04-14 13:08:36	7940484	1411382217	7940484	177	977		https://sra-downloadb.be-md.ncbi.nlm.nih.gov/sos12/sra-pub-zq-1211/ERR001/913/ERR1913099/ERR1913099.sralite.1	ERX1973676	unspecified	WGS	RANDOM	METAGENOMIC	PAIRED	350	0	ILLUMINA	Illumina HiSeq 2500	ERP019674	PRJEB17784		382085	ERS1647301	SAMEA103958133	simple	408170	human gut metagenome	SAMEA103958133							no					EUROPEAN MOLECULAR BIOLOGY LABORATORY, HEIDELBERG,	ERA872009		public	BF1B8D2CC31FE5CC45112C6731ECADF2	CF1E53A8618E576618C064437F45E263
ERR1913108	2017-04-07 10:53:35	2017-04-14 13:11:44	5819519	1304573078	5819519	224	652		https://sra-downloadb.be-md.ncbi.nlm.nih.gov/sos12/sra-pub-zq-1211/ERR001/913/ERR1913108/ERR1913108.sralite.1	ERX1973685	unspecified	WGS	RANDOM	METAGENOMIC	PAIRED	350	0	ILLUMINA	Illumina HiSeq 2500	ERP019674	PRJEB17784		382085	ERS1647306	SAMEA103958138	simple	408170	human gut metagenome	SAMEA103958138							no					EUROPEAN MOLECULAR BIOLOGY LABORATORY, HEIDELBERG,	ERA872009		public	8368869ECA3A59A03179C95A4020AA3A	99EDE9ABDF87BA8BA99A14AB5BABBEAA
ERR1913109	2017-04-07 10:53:35	2017-04-14 13:11:56	7362850	1716110238	7362850	233	832		https://sra-downloadb.be-md.ncbi.nlm.nih.gov/sos12/sra-pub-zq-1211/ERR001/913/ERR1913109/ERR1913109.sralite.1	ERX1973686	unspecified	WGS	RANDOM	METAGENOMIC	PAIRED	350	0	ILLUMINA	Illumina HiSeq 2500	ERP019674	PRJEB17784		382085	ERS1647306	SAMEA103958138	simple	408170	human gut metagenome	SAMEA103958138							no					EUROPEAN MOLECULAR BIOLOGY LABORATORY, HEIDELBERG,	ERA872009		public	98870641B040D8BE95BA0C51041673A7	75C08AA174746B71CD0CD89229F870F3
ERR1913110	2017-04-07 10:53:35	2017-04-14 13:11:46	6186456	1440511894	6186456	232	697		https://sra-downloadb.be-md.ncbi.nlm.nih.gov/sos12/sra-pub-zq-1211/ERR001/913/ERR1913110/ERR1913110.sralite.1	ERX1973687	unspecified	WGS	RANDOM	METAGENOMIC	PAIRED	350	0	ILLUMINA	Illumina HiSeq 2500	ERP019674	PRJEB17784		382085	ERS1647306	SAMEA103958138	simple	408170	human gut metagenome	SAMEA103958138							no					EUROPEAN MOLECULAR BIOLOGY LABORATORY, HEIDELBERG,	ERA872009		public	2479DAD32D7EA61F166A2D007568B311	1108889B901EBD5DD9AE246AC5587E29
ERR1913116	2017-04-07 10:53:35	2017-04-14 13:14:18	7303796	1712904817	7303796	234	817		https://sra-downloadb.be-md.ncbi.nlm.nih.gov/sos12/sra-pub-zq-1211/ERR001/913/ERR1913116/ERR1913116.sralite.1	ERX1973693	unspecified	WGS	RANDOM	METAGENOMIC	PAIRED	350	0	ILLUMINA	Illumina HiSeq 2500	ERP019674	PRJEB17784		382085	ERS1647307	SAMEA103958139	simple	408170	human gut metagenome	SAMEA103958139							no					EUROPEAN MOLECULAR BIOLOGY LABORATORY, HEIDELBERG,	ERA872009		public	59111EE18D5EEE9CE2B23FB736B394C3	07F06B7C70C1A50A66DA4644298F5B53
ERR1913117	2017-04-07 10:53:35	2017-04-14 13:14:29	9060992	2206050749	9060992	243	1018		https://sra-downloadb.be-md.ncbi.nlm.nih.gov/sos12/sra-pub-zq-1211/ERR001/913/ERR1913117/ERR1913117.sralite.1	ERX1973694	unspecified	WGS	RANDOM	METAGENOMIC	PAIRED	350	0	ILLUMINA	Illumina HiSeq 2500	ERP019674	PRJEB17784		382085	ERS1647307	SAMEA103958139	simple	408170	human gut metagenome	SAMEA103958139							no					EUROPEAN MOLECULAR BIOLOGY LABORATORY, HEIDELBERG,	ERA872009		public	F54634A7614118EE0FD556EB07239BB3	F48563870B67D432F4C653DD88880534
ERR1913118	2017-04-07 10:53:35	2017-04-14 13:15:46	7733746	1866172891	7733746	241	866		https://sra-downloadb.be-md.ncbi.nlm.nih.gov/sos12/sra-pub-zq-1211/ERR001/913/ERR1913118/ERR1913118.sralite.1	ERX1973695	unspecified	WGS	RANDOM	METAGENOMIC	PAIRED	350	0	ILLUMINA	Illumina HiSeq 2500	ERP019674	PRJEB17784		382085	ERS1647307	SAMEA103958139	simple	408170	human gut metagenome	SAMEA103958139							no					EUROPEAN MOLECULAR BIOLOGY LABORATORY, HEIDELBERG,	ERA872009		public	DF676BBD03ED3785B7746B2FFDF3164F	86ED9116EBC80994DEACD9206A6DB963
ERR1913100	2017-04-07 10:53:35	2017-04-14 13:08:37	7290671	1234424599	7290671	169	936		https://sra-downloadb.be-md.ncbi.nlm.nih.gov/sos12/sra-pub-zq-1211/ERR001/913/ERR1913100/ERR1913100.sralite.1	ERX1973677	unspecified	WGS	RANDOM	METAGENOMIC	PAIRED	350	0	ILLUMINA	Illumina HiSeq 2500	ERP019674	PRJEB17784		382085	ERS1647308	SAMEA103958140	simple	408170	human gut metagenome	SAMEA103958140							no					EUROPEAN MOLECULAR BIOLOGY LABORATORY, HEIDELBERG,	ERA872009		public	3E8D7E8EE10B3E499A7DBBAAC68F6DC2	7323A580B1FC331F3AE622C9857FDDCA
ERR1913101	2017-04-07 10:53:35	2017-04-14 13:08:40	7089617	1199992967	7089617	169	911		https://sra-downloadb.be-md.ncbi.nlm.nih.gov/sos12/sra-pub-zq-1211/ERR001/913/ERR1913101/ERR1913101.sralite.1	ERX1973678	unspecified	WGS	RANDOM	METAGENOMIC	PAIRED	350	0	ILLUMINA	Illumina HiSeq 2500	ERP019674	PRJEB17784		382085	ERS1647308	SAMEA103958140	simple	408170	human gut metagenome	SAMEA103958140							no					EUROPEAN MOLECULAR BIOLOGY LABORATORY, HEIDELBERG,	ERA872009		public	3308BA21DC6CB57EB9F184D695272DC5	A9FEFC6881787E60BEA0CE186A3F94DA
ERR1913102	2017-04-07 10:53:35	2017-04-14 13:09:34	7097290	1201377488	7097290	169	909		https://sra-downloadb.be-md.ncbi.nlm.nih.gov/sos12/sra-pub-zq-1211/ERR001/913/ERR1913102/ERR1913102.sralite.1	ERX1973679	unspecified	WGS	RANDOM	METAGENOMIC	PAIRED	350	0	ILLUMINA	Illumina HiSeq 2500	ERP019674	PRJEB17784		382085	ERS1647308	SAMEA103958140	simple	408170	human gut metagenome	SAMEA103958140							no					EUROPEAN MOLECULAR BIOLOGY LABORATORY, HEIDELBERG,	ERA872009		public	6187928A3B856EE5BAC59A6C8F077BAC	40ECDCE29858803B849F703233BF5CDE
ERR1913103	2017-04-07 10:53:35	2017-04-14 13:09:18	7110044	1205683799	7110044	169	913		https://sra-downloadb.be-md.ncbi.nlm.nih.gov/sos12/sra-pub-zq-1211/ERR001/913/ERR1913103/ERR1913103.sralite.1	ERX1973680	unspecified	WGS	RANDOM	METAGENOMIC	PAIRED	350	0	ILLUMINA	Illumina HiSeq 2500	ERP019674	PRJEB17784		382085	ERS1647308	SAMEA103958140	simple	408170	human gut metagenome	SAMEA103958140							no					EUROPEAN MOLECULAR BIOLOGY LABORATORY, HEIDELBERG,	ERA872009		public	5D28F26F4B920712595F40CF3915F681	EA88ABF0E4CD1D3BC4652B72C98E7615
ERR1913076	2017-04-07 10:53:34	2017-04-14 13:02:06	8290017	1420344105	8290017	171	1063		https://sra-downloadb.be-md.ncbi.nlm.nih.gov/sos12/sra-pub-zq-1211/ERR001/913/ERR1913076/ERR1913076.sralite.1	ERX1973653	unspecified	WGS	RANDOM	METAGENOMIC	PAIRED	350	0	ILLUMINA	Illumina HiSeq 2500	ERP019674	PRJEB17784		382085	ERS1647310	SAMEA103958142	simple	408170	human gut metagenome	SAMEA103958142							no					EUROPEAN MOLECULAR BIOLOGY LABORATORY, HEIDELBERG,	ERA872009		public	4F5977AD8602518EAAA1910F2B4D83B0	6C6590DD30CDAA30B6752EF5C80C212E
ERR1913077	2017-04-07 10:53:34	2017-04-14 13:02:28	8032384	1375889781	8032384	171	1031		https://sra-downloadb.be-md.ncbi.nlm.nih.gov/sos12/sra-pub-zq-1211/ERR001/913/ERR1913077/ERR1913077.sralite.1	ERX1973654	unspecified	WGS	RANDOM	METAGENOMIC	PAIRED	350	0	ILLUMINA	Illumina HiSeq 2500	ERP019674	PRJEB17784		382085	ERS1647310	SAMEA103958142	simple	408170	human gut metagenome	SAMEA103958142							no					EUROPEAN MOLECULAR BIOLOGY LABORATORY, HEIDELBERG,	ERA872009		public	51020653D0A6C0533765FDC72C9575E7	AFC50E076D74ACE66C84506797537AE3
ERR1913078	2017-04-07 10:53:34	2017-04-14 13:02:30	7996354	1368131486	7996354	171	1023		https://sra-downloadb.be-md.ncbi.nlm.nih.gov/sos12/sra-pub-zq-1211/ERR001/913/ERR1913078/ERR1913078.sralite.1	ERX1973655	unspecified	WGS	RANDOM	METAGENOMIC	PAIRED	350	0	ILLUMINA	Illumina HiSeq 2500	ERP019674	PRJEB17784		382085	ERS1647310	SAMEA103958142	simple	408170	human gut metagenome	SAMEA103958142							no					EUROPEAN MOLECULAR BIOLOGY LABORATORY, HEIDELBERG,	ERA872009		public	DFC786C23DE448092CC6F21DC4B56D4C	5C0C4846455D84210FFC14973E75FDB0
ERR1913079	2017-04-07 10:53:34	2017-04-14 13:02:49	8020581	1374707179	8020581	171	1029		https://sra-downloadb.be-md.ncbi.nlm.nih.gov/sos12/sra-pub-zq-1211/ERR001/913/ERR1913079/ERR1913079.sralite.1	ERX1973656	unspecified	WGS	RANDOM	METAGENOMIC	PAIRED	350	0	ILLUMINA	Illumina HiSeq 2500	ERP019674	PRJEB17784		382085	ERS1647310	SAMEA103958142	simple	408170	human gut metagenome	SAMEA103958142							no					EUROPEAN MOLECULAR BIOLOGY LABORATORY, HEIDELBERG,	ERA872009		public	E94FEA0026EF11CBBDF1D429C70575F0	8580470E76A20A54EAFD4BC70F6C288B
ERR1913111	2017-04-07 10:53:35	2022-07-30 04:48:52	16534250	1404570946	0	84	826		https://sra-downloadb.be-md.ncbi.nlm.nih.gov/sos13/sra-pub-zq-1301/ERR001/1913/ERR1913111/ERR1913111.lite.2	ERX1973688	unspecified	WGS	RANDOM	METAGENOMIC	PAIRED	350	0	ILLUMINA	Illumina HiSeq 2500	ERP019674	PRJEB17784		382085	ERS1647314	SAMEA103958146	simple	408170	human gut metagenome	SAMEA103958146							no					EUROPEAN MOLECULAR BIOLOGY LABORATORY, HEIDELBERG,	ERA872009		public	8447F0B9220495CCADD82851B6AFCFE3	F7FB227E3C380C44F9945BA1FAF053AD
ERR1913112	2017-04-07 10:53:35	2022-07-13 09:20:57	15999076	1358882499	0	84	800		https://sra-downloadb.be-md.ncbi.nlm.nih.gov/sos13/sra-pub-zq-1301/ERR001/1913/ERR1913112/ERR1913112.lite.2	ERX1973689	unspecified	WGS	RANDOM	METAGENOMIC	PAIRED	350	0	ILLUMINA	Illumina HiSeq 2500	ERP019674	PRJEB17784		382085	ERS1647314	SAMEA103958146	simple	408170	human gut metagenome	SAMEA103958146							no					EUROPEAN MOLECULAR BIOLOGY LABORATORY, HEIDELBERG,	ERA872009		public	12957483E9EC7729540251B07DAD7295	098F6278BFFC87B93B55D1F804BCC3AF
ERR1913113	2017-04-07 10:53:35	2022-07-23 08:36:06	15948178	1353076246	0	84	794		https://sra-downloadb.be-md.ncbi.nlm.nih.gov/sos1/sra-pub-zq-38/ERR001/1913/ERR1913113/ERR1913113.lite.2	ERX1973690	unspecified	WGS	RANDOM	METAGENOMIC	PAIRED	350	0	ILLUMINA	Illumina HiSeq 2500	ERP019674	PRJEB17784		382085	ERS1647314	SAMEA103958146	simple	408170	human gut metagenome	SAMEA103958146							no					EUROPEAN MOLECULAR BIOLOGY LABORATORY, HEIDELBERG,	ERA872009		public	4ED63431D6D311F8C365A2E7A0BFE29C	07F827B170CCF8E4716B9CEA588CDCB4
ERR1913114	2017-04-07 10:53:35	2022-07-23 08:36:30	15976008	1357996620	0	85	798		https://sra-downloadb.be-md.ncbi.nlm.nih.gov/sos13/sra-pub-zq-1301/ERR001/1913/ERR1913114/ERR1913114.lite.2	ERX1973691	unspecified	WGS	RANDOM	METAGENOMIC	PAIRED	350	0	ILLUMINA	Illumina HiSeq 2500	ERP019674	PRJEB17784		382085	ERS1647314	SAMEA103958146	simple	408170	human gut metagenome	SAMEA103958146							no					EUROPEAN MOLECULAR BIOLOGY LABORATORY, HEIDELBERG,	ERA872009		public	4DE303AF3AB3BEE1962BF52B4036AB88	01843A901F24C0CCBC854EF1C614E5DF
ERR1913138	2017-04-07 10:53:35	2017-04-14 13:20:34	3043239	292487372	0	96	206		https://sra-downloadb.be-md.ncbi.nlm.nih.gov/sos12/sra-pub-zq-1211/ERR001/913/ERR1913138/ERR1913138.sralite.1	ERX1973715	unspecified	WGS	RANDOM	METAGENOMIC	SINGLE	0	0	ILLUMINA	Illumina HiSeq 2500	ERP019674	PRJEB17784		382085	ERS1647316	SAMEA103958148	simple	408170	human gut metagenome	SAMEA103958148							no					EUROPEAN MOLECULAR BIOLOGY LABORATORY, HEIDELBERG,	ERA872021		public	6BC0109622292470AAD62AE2CE4F4F34	C5D57023F03C3E4CDCAF879A322BF39F
ERR1913139	2017-04-07 10:53:35	2017-04-14 13:20:55	2731962	263355529	0	96	185		https://sra-downloadb.be-md.ncbi.nlm.nih.gov/sos12/sra-pub-zq-1211/ERR001/913/ERR1913139/ERR1913139.sralite.1	ERX1973716	unspecified	WGS	RANDOM	METAGENOMIC	SINGLE	0	0	ILLUMINA	Illumina HiSeq 2500	ERP019674	PRJEB17784		382085	ERS1647316	SAMEA103958148	simple	408170	human gut metagenome	SAMEA103958148							no					EUROPEAN MOLECULAR BIOLOGY LABORATORY, HEIDELBERG,	ERA872021		public	73B8D5433CCA4D1837F68C45C4AEE6F9	49CFC91C3C6F18A50F8C8FE681C5364D
ERR1913084	2017-04-07 10:53:34	2017-04-14 13:04:54	8401925	1434553944	8401925	170	1065		https://sra-downloadb.be-md.ncbi.nlm.nih.gov/sos12/sra-pub-zq-1211/ERR001/913/ERR1913084/ERR1913084.sralite.1	ERX1973661	unspecified	WGS	RANDOM	METAGENOMIC	PAIRED	350	0	ILLUMINA	Illumina HiSeq 2500	ERP019674	PRJEB17784		382085	ERS1647320	SAMEA103958152	simple	408170	human gut metagenome	SAMEA103958152							no					EUROPEAN MOLECULAR BIOLOGY LABORATORY, HEIDELBERG,	ERA872009		public	862A266CDDBD003C103A42754DA8873F	48C40C93DEE87D7943FCAE85188C640F
ERR1913085	2017-04-07 10:53:34	2017-04-14 13:04:54	8091856	1381591682	8091856	170	1027		https://sra-downloadb.be-md.ncbi.nlm.nih.gov/sos12/sra-pub-zq-1211/ERR001/913/ERR1913085/ERR1913085.sralite.1	ERX1973662	unspecified	WGS	RANDOM	METAGENOMIC	PAIRED	350	0	ILLUMINA	Illumina HiSeq 2500	ERP019674	PRJEB17784		382085	ERS1647320	SAMEA103958152	simple	408170	human gut metagenome	SAMEA103958152							no					EUROPEAN MOLECULAR BIOLOGY LABORATORY, HEIDELBERG,	ERA872009		public	4A574AED70AC9D9864A943516E34EB1B	408868AE2763D881FB41348939F14997
ERR1913086	2017-04-07 10:53:34	2017-04-14 13:04:51	8087851	1379746062	8087851	170	1023		https://sra-downloadb.be-md.ncbi.nlm.nih.gov/sos12/sra-pub-zq-1211/ERR001/913/ERR1913086/ERR1913086.sralite.1	ERX1973663	unspecified	WGS	RANDOM	METAGENOMIC	PAIRED	350	0	ILLUMINA	Illumina HiSeq 2500	ERP019674	PRJEB17784		382085	ERS1647320	SAMEA103958152	simple	408170	human gut metagenome	SAMEA103958152							no					EUROPEAN MOLECULAR BIOLOGY LABORATORY, HEIDELBERG,	ERA872009		public	8CA20A94E3E2EBEF5C6AE8A0ECCCDD04	0ABCE5FFAF42DFFF36020A6F32CE321B
ERR1913087	2017-04-07 10:53:34	2017-04-14 13:05:32	8150943	1393424535	8150943	170	1033		https://sra-downloadb.be-md.ncbi.nlm.nih.gov/sos12/sra-pub-zq-1211/ERR001/913/ERR1913087/ERR1913087.sralite.1	ERX1973664	unspecified	WGS	RANDOM	METAGENOMIC	PAIRED	350	0	ILLUMINA	Illumina HiSeq 2500	ERP019674	PRJEB17784		382085	ERS1647320	SAMEA103958152	simple	408170	human gut metagenome	SAMEA103958152							no					EUROPEAN MOLECULAR BIOLOGY LABORATORY, HEIDELBERG,	ERA872009		public	EF5FB58C01EED5C78742B5C9D1670188	E599D0270FE862BB745810F24BB6FB78
ERR1913126	2017-04-07 10:53:35	2017-04-14 13:21:12	14789512	3274659840	14789512	221	1588		https://sra-downloadb.be-md.ncbi.nlm.nih.gov/sos12/sra-pub-zq-1211/ERR001/913/ERR1913126/ERR1913126.sralite.1	ERX1973703	unspecified	WGS	RANDOM	METAGENOMIC	PAIRED	350	0	ILLUMINA	Illumina HiSeq 2500	ERP019674	PRJEB17784		382085	ERS1647322	SAMEA103958154	simple	408170	human gut metagenome	SAMEA103958154							no					EUROPEAN MOLECULAR BIOLOGY LABORATORY, HEIDELBERG,	ERA872009		public	BFE7228F4D25B5FB38548D130F18D03C	F51512233405B0A6B9FB7FEB18245696
ERR1913115	2017-04-07 10:53:35	2017-04-14 13:14:53	17529374	3711629891	17529374	211	1929		https://sra-downloadb.be-md.ncbi.nlm.nih.gov/sos12/sra-pub-zq-1211/ERR001/913/ERR1913115/ERR1913115.sralite.1	ERX1973692	unspecified	WGS	RANDOM	METAGENOMIC	PAIRED	350	0	ILLUMINA	Illumina HiSeq 2500	ERP019674	PRJEB17784		382085	ERS1647328	SAMEA103958160	simple	408170	human gut metagenome	SAMEA103958160							no					EUROPEAN MOLECULAR BIOLOGY LABORATORY, HEIDELBERG,	ERA872009		public	E53D75F02568E449372E589CBAA1A953	2F9D55CDB667AE1CDB7486060833D110
ERR1913119	2017-04-07 10:53:35	2017-04-14 13:15:47	5222438	1161756039	5222438	222	580		https://sra-downloadb.be-md.ncbi.nlm.nih.gov/sos12/sra-pub-zq-1211/ERR001/913/ERR1913119/ERR1913119.sralite.1	ERX1973696	unspecified	WGS	RANDOM	METAGENOMIC	PAIRED	350	0	ILLUMINA	Illumina HiSeq 2500	ERP019674	PRJEB17784		382085	ERS1647332	SAMEA103958164	simple	408170	human gut metagenome	SAMEA103958164							no					EUROPEAN MOLECULAR BIOLOGY LABORATORY, HEIDELBERG,	ERA872009		public	AB27BFBC162A8D50FDE59E71F8D0C8F1	8C401EAD660102E3442B1275E99F2D94
ERR1913120	2017-04-07 10:53:35	2017-04-14 13:16:30	6524937	1523829338	6524937	233	734		https://sra-downloadb.be-md.ncbi.nlm.nih.gov/sos12/sra-pub-zq-1211/ERR001/913/ERR1913120/ERR1913120.sralite.1	ERX1973697	unspecified	WGS	RANDOM	METAGENOMIC	PAIRED	350	0	ILLUMINA	Illumina HiSeq 2500	ERP019674	PRJEB17784		382085	ERS1647332	SAMEA103958164	simple	408170	human gut metagenome	SAMEA103958164							no					EUROPEAN MOLECULAR BIOLOGY LABORATORY, HEIDELBERG,	ERA872009		public	2C12C79209B75F1CABD5DC7049CF4A96	5E4BE5A7389E92C3FC7D42684A54BF37
ERR1913121	2017-04-07 10:53:35	2017-04-14 13:16:53	5592685	1300098465	5592685	232	627		https://sra-downloadb.be-md.ncbi.nlm.nih.gov/sos12/sra-pub-zq-1211/ERR001/913/ERR1913121/ERR1913121.sralite.1	ERX1973698	unspecified	WGS	RANDOM	METAGENOMIC	PAIRED	350	0	ILLUMINA	Illumina HiSeq 2500	ERP019674	PRJEB17784		382085	ERS1647332	SAMEA103958164	simple	408170	human gut metagenome	SAMEA103958164							no					EUROPEAN MOLECULAR BIOLOGY LABORATORY, HEIDELBERG,	ERA872009		public	E272312FA9F15DAD3FEDA326757BAF99	F2236C6A274938812A0872B811A8F8A1
ERR1913073	2017-04-07 10:53:34	2017-04-14 13:01:30	4628839	1066955381	4628839	230	518		https://sra-downloadb.be-md.ncbi.nlm.nih.gov/sos12/sra-pub-zq-1211/ERR001/913/ERR1913073/ERR1913073.sralite.1	ERX1973650	unspecified	WGS	RANDOM	METAGENOMIC	PAIRED	350	0	ILLUMINA	Illumina HiSeq 2500	ERP019674	PRJEB17784		382085	ERS1647333	SAMEA103958165	simple	408170	human gut metagenome	SAMEA103958165							no					EUROPEAN MOLECULAR BIOLOGY LABORATORY, HEIDELBERG,	ERA872009		public	101615CC58E6752F767FC7D19E54F7E7	24A9C6A1A8E4AFAECDDAFFF49F704D7A
ERR1913074	2017-04-07 10:53:34	2017-04-14 13:01:26	5793822	1385327817	5793822	239	652		https://sra-downloadb.be-md.ncbi.nlm.nih.gov/sos12/sra-pub-zq-1211/ERR001/913/ERR1913074/ERR1913074.sralite.1	ERX1973651	unspecified	WGS	RANDOM	METAGENOMIC	PAIRED	350	0	ILLUMINA	Illumina HiSeq 2500	ERP019674	PRJEB17784		382085	ERS1647333	SAMEA103958165	simple	408170	human gut metagenome	SAMEA103958165							no					EUROPEAN MOLECULAR BIOLOGY LABORATORY, HEIDELBERG,	ERA872009		public	33DA41600F05104C6AB84248D9B440C9	97D8BFA6C961C0929720B9C30CA7B722
ERR1913075	2017-04-07 10:53:34	2017-04-14 13:01:54	4887117	1162649332	4887117	237	547		https://sra-downloadb.be-md.ncbi.nlm.nih.gov/sos12/sra-pub-zq-1211/ERR001/913/ERR1913075/ERR1913075.sralite.1	ERX1973652	unspecified	WGS	RANDOM	METAGENOMIC	PAIRED	350	0	ILLUMINA	Illumina HiSeq 2500	ERP019674	PRJEB17784		382085	ERS1647333	SAMEA103958165	simple	408170	human gut metagenome	SAMEA103958165							no					EUROPEAN MOLECULAR BIOLOGY LABORATORY, HEIDELBERG,	ERA872009		public	DFE3EDF8A16C07D838C19546F5B0547A	14438932944C0AF975422A226852237B
ERR1913127	2017-04-07 10:53:35	2017-04-14 13:22:02	20711977	4719083019	20711977	227	2364		https://sra-downloadb.be-md.ncbi.nlm.nih.gov/sos12/sra-pub-zq-1211/ERR001/913/ERR1913127/ERR1913127.sralite.1	ERX1973704	unspecified	WGS	RANDOM	METAGENOMIC	PAIRED	350	0	ILLUMINA	Illumina HiSeq 2500	ERP019674	PRJEB17784		382085	ERS1647334	SAMEA103958166	simple	408170	human gut metagenome	SAMEA103958166							no					EUROPEAN MOLECULAR BIOLOGY LABORATORY, HEIDELBERG,	ERA872009		public	E879902B7135D8C686D9A1E6070616D0	EACF25F72F0614BE09BEFF7CBDFB1566
ERR1913069	2017-04-07 10:53:34	2017-04-14 13:00:04	9726244	1682606231	9726244	172	1154		https://sra-downloadb.be-md.ncbi.nlm.nih.gov/sos12/sra-pub-zq-1211/ERR001/913/ERR1913069/ERR1913069.sralite.1	ERX1973646	unspecified	WGS	RANDOM	METAGENOMIC	PAIRED	350	0	ILLUMINA	Illumina HiSeq 2500	ERP019674	PRJEB17784		382085	ERS1647279	SAMEA103958111	simple	408170	human gut metagenome	SAMEA103958111							no					EUROPEAN MOLECULAR BIOLOGY LABORATORY, HEIDELBERG,	ERA872009		public	B488B684BD8187CDA2023C9C398A2E04	ED70DE30D79ECE3D153A79138E8F44EF
ERR1913017	2017-04-07 10:53:32	2017-04-14 12:47:10	9814378	1734226279	9814378	176	1193		https://sra-downloadb.be-md.ncbi.nlm.nih.gov/sos12/sra-pub-zq-1211/ERR001/913/ERR1913017/ERR1913017.sralite.1	ERX1973594	unspecified	WGS	RANDOM	METAGENOMIC	PAIRED	350	0	ILLUMINA	Illumina HiSeq 2500	ERP019674	PRJEB17784		382085	ERS1647285	SAMEA103958117	simple	408170	human gut metagenome	SAMEA103958117							no					EUROPEAN MOLECULAR BIOLOGY LABORATORY, HEIDELBERG,	ERA872009		public	8ED2141D223D3533B25CA49A53F3D2E7	B1DD5C763E7704819070A48C62B3D7A9
ERR1913018	2017-04-07 10:53:32	2017-04-14 12:47:05	9784292	1730855737	9784292	176	1191		https://sra-downloadb.be-md.ncbi.nlm.nih.gov/sos12/sra-pub-zq-1211/ERR001/913/ERR1913018/ERR1913018.sralite.1	ERX1973595	unspecified	WGS	RANDOM	METAGENOMIC	PAIRED	350	0	ILLUMINA	Illumina HiSeq 2500	ERP019674	PRJEB17784		382085	ERS1647285	SAMEA103958117	simple	408170	human gut metagenome	SAMEA103958117							no					EUROPEAN MOLECULAR BIOLOGY LABORATORY, HEIDELBERG,	ERA872009		public	7DB8BEF861C660222366BA1FF9CF7C4B	35931ACB1C0093335DE0CE8C2AC98DA7
ERR1913019	2017-04-07 10:53:32	2017-04-14 12:47:04	9699886	1728352669	9699886	178	1185		https://sra-downloadb.be-md.ncbi.nlm.nih.gov/sos12/sra-pub-zq-1211/ERR001/913/ERR1913019/ERR1913019.sralite.1	ERX1973596	unspecified	WGS	RANDOM	METAGENOMIC	PAIRED	350	0	ILLUMINA	Illumina HiSeq 2500	ERP019674	PRJEB17784		382085	ERS1647285	SAMEA103958117	simple	408170	human gut metagenome	SAMEA103958117							no					EUROPEAN MOLECULAR BIOLOGY LABORATORY, HEIDELBERG,	ERA872009		public	855AC4682A34CDC3771EB8E74ABDACA5	FCC5AC0C8140C1334744F5930F931872
ERR1913020	2017-04-07 10:53:33	2017-04-14 12:48:01	9749098	1723050638	9749098	176	1183		https://sra-downloadb.be-md.ncbi.nlm.nih.gov/sos12/sra-pub-zq-1211/ERR001/913/ERR1913020/ERR1913020.sralite.1	ERX1973597	unspecified	WGS	RANDOM	METAGENOMIC	PAIRED	350	0	ILLUMINA	Illumina HiSeq 2500	ERP019674	PRJEB17784		382085	ERS1647285	SAMEA103958117	simple	408170	human gut metagenome	SAMEA103958117							no					EUROPEAN MOLECULAR BIOLOGY LABORATORY, HEIDELBERG,	ERA872009		public	88DAD5D5C8660BB068F9A7BD770B9292	1086517778193DDE265AB4ED111CDFC0
ERR1913047	2017-04-07 10:53:33	2017-04-14 12:54:26	5650804	1291305628	5650804	228	628		https://sra-downloadb.be-md.ncbi.nlm.nih.gov/sos12/sra-pub-zq-1211/ERR001/913/ERR1913047/ERR1913047.sralite.1	ERX1973624	unspecified	WGS	RANDOM	METAGENOMIC	PAIRED	350	0	ILLUMINA	Illumina HiSeq 2500	ERP019674	PRJEB17784		382085	ERS1647286	SAMEA103958118	simple	408170	human gut metagenome	SAMEA103958118							no					EUROPEAN MOLECULAR BIOLOGY LABORATORY, HEIDELBERG,	ERA872009		public	17CCAF002173D01C4CD602BBA08D0B59	49B914EA74CA93798AF1AC0DCBCD7F5D
ERR1913048	2017-04-07 10:53:33	2017-04-14 12:54:53	7401883	1752576604	7401883	236	826		https://sra-downloadb.be-md.ncbi.nlm.nih.gov/sos12/sra-pub-zq-1211/ERR001/913/ERR1913048/ERR1913048.sralite.1	ERX1973625	unspecified	WGS	RANDOM	METAGENOMIC	PAIRED	350	0	ILLUMINA	Illumina HiSeq 2500	ERP019674	PRJEB17784		382085	ERS1647286	SAMEA103958118	simple	408170	human gut metagenome	SAMEA103958118							no					EUROPEAN MOLECULAR BIOLOGY LABORATORY, HEIDELBERG,	ERA872009		public	BD905FB7F2B27DE859624C783AE8808D	21A7212780797CE8AADB808AE0BEA379
ERR1913049	2017-04-07 10:53:33	2017-04-14 12:54:54	6227010	1463577930	6227010	235	693		https://sra-downloadb.be-md.ncbi.nlm.nih.gov/sos12/sra-pub-zq-1211/ERR001/913/ERR1913049/ERR1913049.sralite.1	ERX1973626	unspecified	WGS	RANDOM	METAGENOMIC	PAIRED	350	0	ILLUMINA	Illumina HiSeq 2500	ERP019674	PRJEB17784		382085	ERS1647286	SAMEA103958118	simple	408170	human gut metagenome	SAMEA103958118							no					EUROPEAN MOLECULAR BIOLOGY LABORATORY, HEIDELBERG,	ERA872009		public	FE8251C806E80492225FD8F7506FDB22	CD16A752D2FA44D119E12E238A18C258
ERR1913032	2017-04-07 10:53:33	2017-04-14 12:50:44	8000169	1364677371	8000169	170	1090		https://sra-downloadb.be-md.ncbi.nlm.nih.gov/sos12/sra-pub-zq-1211/ERR001/913/ERR1913032/ERR1913032.sralite.1	ERX1973609	unspecified	WGS	RANDOM	METAGENOMIC	PAIRED	350	0	ILLUMINA	Illumina HiSeq 2500	ERP019674	PRJEB17784		382085	ERS1647288	SAMEA103958120	simple	408170	human gut metagenome	SAMEA103958120							no					EUROPEAN MOLECULAR BIOLOGY LABORATORY, HEIDELBERG,	ERA872009		public	51E73EB675EEBF2925541DACF5983267	A79392A951C61848F7761B5007CD0EBA
ERR1913033	2017-04-07 10:53:33	2017-04-14 12:51:16	8306124	1413544176	8306124	170	1133		https://sra-downloadb.be-md.ncbi.nlm.nih.gov/sos12/sra-pub-zq-1211/ERR001/913/ERR1913033/ERR1913033.sralite.1	ERX1973610	unspecified	WGS	RANDOM	METAGENOMIC	PAIRED	350	0	ILLUMINA	Illumina HiSeq 2500	ERP019674	PRJEB17784		382085	ERS1647288	SAMEA103958120	simple	408170	human gut metagenome	SAMEA103958120							no					EUROPEAN MOLECULAR BIOLOGY LABORATORY, HEIDELBERG,	ERA872009		public	3733B496CDF30B62CB5594B65B0DF2EC	C87EF8086E2817C70160D2CF2B00F417
ERR1913034	2017-04-07 10:53:33	2022-07-23 08:36:00	14638868	1221746277	0	83	739		https://sra-downloadb.be-md.ncbi.nlm.nih.gov/sos1/sra-pub-zq-38/ERR001/1913/ERR1913034/ERR1913034.lite.2	ERX1973611	unspecified	WGS	RANDOM	METAGENOMIC	PAIRED	350	0	ILLUMINA	Illumina HiSeq 2500	ERP019674	PRJEB17784		382085	ERS1647288	SAMEA103958120	simple	408170	human gut metagenome	SAMEA103958120							no					EUROPEAN MOLECULAR BIOLOGY LABORATORY, HEIDELBERG,	ERA872009		public	B21AC2FF41C3C93BA50F5E0DDF0EEABD	1F06C8CD1074EBD4021F8C20D0E43563
ERR1913035	2017-04-07 10:53:33	2022-07-15 05:42:48	14688662	1223063377	0	83	744		https://sra-downloadb.be-md.ncbi.nlm.nih.gov/sos8/sra-pub-zq-820/ERR001/1913/ERR1913035/ERR1913035.lite.2	ERX1973612	unspecified	WGS	RANDOM	METAGENOMIC	PAIRED	350	0	ILLUMINA	Illumina HiSeq 2500	ERP019674	PRJEB17784		382085	ERS1647288	SAMEA103958120	simple	408170	human gut metagenome	SAMEA103958120							no					EUROPEAN MOLECULAR BIOLOGY LABORATORY, HEIDELBERG,	ERA872009		public	9207122094F9C03F88AC7CB4B1F7E53F	01F91B1D9C0B1571FF2326C0942BB183
ERR1913037	2017-04-07 10:53:33	2017-04-14 12:52:46	6299954	1441547123	6299954	228	703		https://sra-downloadb.be-md.ncbi.nlm.nih.gov/sos12/sra-pub-zq-1211/ERR001/913/ERR1913037/ERR1913037.sralite.1	ERX1973614	unspecified	WGS	RANDOM	METAGENOMIC	PAIRED	350	0	ILLUMINA	Illumina HiSeq 2500	ERP019674	PRJEB17784		382085	ERS1647291	SAMEA103958123	simple	408170	human gut metagenome	SAMEA103958123							no					EUROPEAN MOLECULAR BIOLOGY LABORATORY, HEIDELBERG,	ERA872009		public	E7876404009D1BED5A47681DD0C992DB	678F7EF971F34C5C6AAEF5E740DE6474
ERR1913038	2017-04-07 10:53:33	2017-04-14 12:52:59	8208932	1956791394	8208932	238	921		https://sra-downloadb.be-md.ncbi.nlm.nih.gov/sos12/sra-pub-zq-1211/ERR001/913/ERR1913038/ERR1913038.sralite.1	ERX1973615	unspecified	WGS	RANDOM	METAGENOMIC	PAIRED	350	0	ILLUMINA	Illumina HiSeq 2500	ERP019674	PRJEB17784		382085	ERS1647291	SAMEA103958123	simple	408170	human gut metagenome	SAMEA103958123							no					EUROPEAN MOLECULAR BIOLOGY LABORATORY, HEIDELBERG,	ERA872009		public	2F919CFBD25F47354B62EA18C4498E99	AC1493DCF8D7A1D9C089BFB53A087EC1
ERR1913039	2017-04-07 10:53:33	2017-04-14 12:52:57	6973669	1647424791	6973669	236	780		https://sra-downloadb.be-md.ncbi.nlm.nih.gov/sos12/sra-pub-zq-1211/ERR001/913/ERR1913039/ERR1913039.sralite.1	ERX1973616	unspecified	WGS	RANDOM	METAGENOMIC	PAIRED	350	0	ILLUMINA	Illumina HiSeq 2500	ERP019674	PRJEB17784		382085	ERS1647291	SAMEA103958123	simple	408170	human gut metagenome	SAMEA103958123							no					EUROPEAN MOLECULAR BIOLOGY LABORATORY, HEIDELBERG,	ERA872009		public	760A6B57C72E66B6A72D6A4D0FE701DB	DCADBAE6D14944A295B2491D5A88D289
ERR1913010	2017-04-07 10:53:32	2017-04-14 12:43:22	8926442	1528923653	8926442	171	1072		https://sra-downloadb.be-md.ncbi.nlm.nih.gov/sos12/sra-pub-zq-1211/ERR001/913/ERR1913010/ERR1913010.sralite.1	ERX1973587	unspecified	WGS	RANDOM	METAGENOMIC	PAIRED	350	0	ILLUMINA	Illumina HiSeq 2500	ERP019674	PRJEB17784		382085	ERS1647292	SAMEA103958124	simple	408170	human gut metagenome	SAMEA103958124							no					EUROPEAN MOLECULAR BIOLOGY LABORATORY, HEIDELBERG,	ERA872009		public	06A477EC966F62FD914F09A1DDE6C849	3B864EB42C4A8E3AC6A1D25397E5BCC6
ERR1913011	2017-04-07 10:53:32	2017-04-14 12:44:12	8861512	1519163719	8861512	171	1068		https://sra-downloadb.be-md.ncbi.nlm.nih.gov/sos12/sra-pub-zq-1211/ERR001/913/ERR1913011/ERR1913011.sralite.1	ERX1973588	unspecified	WGS	RANDOM	METAGENOMIC	PAIRED	350	0	ILLUMINA	Illumina HiSeq 2500	ERP019674	PRJEB17784		382085	ERS1647292	SAMEA103958124	simple	408170	human gut metagenome	SAMEA103958124							no					EUROPEAN MOLECULAR BIOLOGY LABORATORY, HEIDELBERG,	ERA872009		public	7A0FCD004A830A1F3F52C4F012EC3B70	441454256CBF9C5AA064820AE6DBD886
ERR1913012	2017-04-07 10:53:32	2017-04-14 12:44:17	8908579	1569757782	8908579	176	1092		https://sra-downloadb.be-md.ncbi.nlm.nih.gov/sos12/sra-pub-zq-1211/ERR001/913/ERR1913012/ERR1913012.sralite.1	ERX1973589	unspecified	WGS	RANDOM	METAGENOMIC	PAIRED	350	0	ILLUMINA	Illumina HiSeq 2500	ERP019674	PRJEB17784		382085	ERS1647292	SAMEA103958124	simple	408170	human gut metagenome	SAMEA103958124							no					EUROPEAN MOLECULAR BIOLOGY LABORATORY, HEIDELBERG,	ERA872009		public	EDD05487179533E32F79455B0E86AE15	5F462F5F8A80FAE14FAC41816E431665
ERR1913013	2017-04-07 10:53:32	2017-04-14 12:44:54	8750133	1499519931	8750133	171	1052		https://sra-downloadb.be-md.ncbi.nlm.nih.gov/sos12/sra-pub-zq-1211/ERR001/913/ERR1913013/ERR1913013.sralite.1	ERX1973590	unspecified	WGS	RANDOM	METAGENOMIC	PAIRED	350	0	ILLUMINA	Illumina HiSeq 2500	ERP019674	PRJEB17784		382085	ERS1647292	SAMEA103958124	simple	408170	human gut metagenome	SAMEA103958124							no					EUROPEAN MOLECULAR BIOLOGY LABORATORY, HEIDELBERG,	ERA872009		public	DA47406889A3B3BD0942DD98C8C7E09C	37B961A796F66F4A797DD04B3A06E94D
ERR1913064	2017-04-07 10:53:34	2017-04-14 12:58:53	8006969	1408586177	8006969	175	978		https://sra-downloadb.be-md.ncbi.nlm.nih.gov/sos12/sra-pub-zq-1211/ERR001/913/ERR1913064/ERR1913064.sralite.1	ERX1973641	unspecified	WGS	RANDOM	METAGENOMIC	PAIRED	350	0	ILLUMINA	Illumina HiSeq 2500	ERP019674	PRJEB17784		382085	ERS1647295	SAMEA103958127	simple	408170	human gut metagenome	SAMEA103958127							no					EUROPEAN MOLECULAR BIOLOGY LABORATORY, HEIDELBERG,	ERA872009		public	3326BBCDD3E0643DFC8DEBF1C14DF498	35E6BD58A218F9FA8A2D4B1E7DF52649
ERR1913065	2017-04-07 10:53:34	2017-04-14 12:58:59	8006969	1408586177	8006969	175	978		https://sra-downloadb.be-md.ncbi.nlm.nih.gov/sos12/sra-pub-zq-1211/ERR001/913/ERR1913065/ERR1913065.sralite.1	ERX1973642	unspecified	WGS	RANDOM	METAGENOMIC	PAIRED	350	0	ILLUMINA	Illumina HiSeq 2500	ERP019674	PRJEB17784		382085	ERS1647295	SAMEA103958127	simple	408170	human gut metagenome	SAMEA103958127							no					EUROPEAN MOLECULAR BIOLOGY LABORATORY, HEIDELBERG,	ERA872009		public	3326BBCDD3E0643DFC8DEBF1C14DF498	35E6BD58A218F9FA8A2D4B1E7DF52649
ERR1913066	2017-04-07 10:53:34	2017-04-14 12:58:58	7998229	1408314521	7998229	176	979		https://sra-downloadb.be-md.ncbi.nlm.nih.gov/sos12/sra-pub-zq-1211/ERR001/913/ERR1913066/ERR1913066.sralite.1	ERX1973643	unspecified	WGS	RANDOM	METAGENOMIC	PAIRED	350	0	ILLUMINA	Illumina HiSeq 2500	ERP019674	PRJEB17784		382085	ERS1647295	SAMEA103958127	simple	408170	human gut metagenome	SAMEA103958127							no					EUROPEAN MOLECULAR BIOLOGY LABORATORY, HEIDELBERG,	ERA872009		public	EC0277C88686293509EC21E4281ECCC9	3337895D7B74331E6D412C1D793094A6
ERR1913067	2017-04-07 10:53:34	2017-04-14 12:59:32	7935734	1407896655	7935734	177	975		https://sra-downloadb.be-md.ncbi.nlm.nih.gov/sos12/sra-pub-zq-1211/ERR001/913/ERR1913067/ERR1913067.sralite.1	ERX1973644	unspecified	WGS	RANDOM	METAGENOMIC	PAIRED	350	0	ILLUMINA	Illumina HiSeq 2500	ERP019674	PRJEB17784		382085	ERS1647295	SAMEA103958127	simple	408170	human gut metagenome	SAMEA103958127							no					EUROPEAN MOLECULAR BIOLOGY LABORATORY, HEIDELBERG,	ERA872009		public	863F8CA2220C38E30A8436484117EF0E	4AE93BBEA53D529E5D432D92AB65B5B8
ERR1913068	2017-04-07 10:53:34	2017-04-14 12:59:42	7991192	1405992212	7991192	175	976		https://sra-downloadb.be-md.ncbi.nlm.nih.gov/sos12/sra-pub-zq-1211/ERR001/913/ERR1913068/ERR1913068.sralite.1	ERX1973645	unspecified	WGS	RANDOM	METAGENOMIC	PAIRED	350	0	ILLUMINA	Illumina HiSeq 2500	ERP019674	PRJEB17784		382085	ERS1647295	SAMEA103958127	simple	408170	human gut metagenome	SAMEA103958127							no					EUROPEAN MOLECULAR BIOLOGY LABORATORY, HEIDELBERG,	ERA872009		public	CDA6EF0596A4662C44A619D825767431	0A1506B5F009C276080FA02E0D235102
ERR1913021	2017-04-07 10:53:33	2017-04-14 12:47:54	7629556	1306542615	7629556	171	1035		https://sra-downloadb.be-md.ncbi.nlm.nih.gov/sos12/sra-pub-zq-1211/ERR001/913/ERR1913021/ERR1913021.sralite.1	ERX1973598	unspecified	WGS	RANDOM	METAGENOMIC	PAIRED	350	0	ILLUMINA	Illumina HiSeq 2500	ERP019674	PRJEB17784		382085	ERS1647296	SAMEA103958128	simple	408170	human gut metagenome	SAMEA103958128							no					EUROPEAN MOLECULAR BIOLOGY LABORATORY, HEIDELBERG,	ERA872009		public	B11BCC5AB91CD88EEEF7BD8D1BD06305	983335D2486E79940883D6DC3ADA9A7D
ERR1913022	2017-04-07 10:53:33	2017-04-14 12:47:57	7937895	1356144034	7937895	170	1078		https://sra-downloadb.be-md.ncbi.nlm.nih.gov/sos12/sra-pub-zq-1211/ERR001/913/ERR1913022/ERR1913022.sralite.1	ERX1973599	unspecified	WGS	RANDOM	METAGENOMIC	PAIRED	350	0	ILLUMINA	Illumina HiSeq 2500	ERP019674	PRJEB17784		382085	ERS1647296	SAMEA103958128	simple	408170	human gut metagenome	SAMEA103958128							no					EUROPEAN MOLECULAR BIOLOGY LABORATORY, HEIDELBERG,	ERA872009		public	B0847BBE37DEFADA6CFAEC947A33DF4D	8E19900760F52F683DB441039968B575
ERR1913023	2017-04-07 10:53:33	2022-07-13 09:20:24	13914110	1163793286	0	83	696		https://sra-downloadb.be-md.ncbi.nlm.nih.gov/sos13/sra-pub-zq-1301/ERR001/1913/ERR1913023/ERR1913023.lite.2	ERX1973600	unspecified	WGS	RANDOM	METAGENOMIC	PAIRED	350	0	ILLUMINA	Illumina HiSeq 2500	ERP019674	PRJEB17784		382085	ERS1647296	SAMEA103958128	simple	408170	human gut metagenome	SAMEA103958128							no					EUROPEAN MOLECULAR BIOLOGY LABORATORY, HEIDELBERG,	ERA872009		public	0BAA8200B7CFEE80AD1E6F22DA987CC2	9C984D316A1862BE873E69EF80BAF5AA
ERR1913024	2017-04-07 10:53:33	2022-07-18 01:30:17	13960362	1165057009	0	83	702		https://sra-downloadb.be-md.ncbi.nlm.nih.gov/sos1/sra-pub-zq-38/ERR001/1913/ERR1913024/ERR1913024.lite.2	ERX1973601	unspecified	WGS	RANDOM	METAGENOMIC	PAIRED	350	0	ILLUMINA	Illumina HiSeq 2500	ERP019674	PRJEB17784		382085	ERS1647296	SAMEA103958128	simple	408170	human gut metagenome	SAMEA103958128							no					EUROPEAN MOLECULAR BIOLOGY LABORATORY, HEIDELBERG,	ERA872009		public	6DA32F92214AA9A658D3F35C28C3FE4D	3E12699D4D5002678C75B76758794816
ERR1913057	2017-04-07 10:53:34	2017-04-14 12:56:30	4336060	937634178	4336060	216	484		https://sra-downloadb.be-md.ncbi.nlm.nih.gov/sos12/sra-pub-zq-1211/ERR001/913/ERR1913057/ERR1913057.sralite.1	ERX1973634	unspecified	WGS	RANDOM	METAGENOMIC	PAIRED	350	0	ILLUMINA	Illumina HiSeq 2500	ERP019674	PRJEB17784		382085	ERS1647297	SAMEA103958129	simple	408170	human gut metagenome	SAMEA103958129							no					EUROPEAN MOLECULAR BIOLOGY LABORATORY, HEIDELBERG,	ERA872009		public	17D8B7611A5AF1D5C7B40C83AA65AC58	55FDAE8CBBF15407A678AE1C9DE6712D
ERR1913058	2017-04-07 10:53:34	2017-04-14 12:56:52	5895023	1330818696	5895023	225	665		https://sra-downloadb.be-md.ncbi.nlm.nih.gov/sos12/sra-pub-zq-1211/ERR001/913/ERR1913058/ERR1913058.sralite.1	ERX1973635	unspecified	WGS	RANDOM	METAGENOMIC	PAIRED	350	0	ILLUMINA	Illumina HiSeq 2500	ERP019674	PRJEB17784		382085	ERS1647297	SAMEA103958129	simple	408170	human gut metagenome	SAMEA103958129							no					EUROPEAN MOLECULAR BIOLOGY LABORATORY, HEIDELBERG,	ERA872009		public	CDC03D76818BC81E3B2CEB1D9005C180	60276E6FA8600136DAAC7830245C2603
ERR1913059	2017-04-07 10:53:34	2017-04-14 12:56:53	4979626	1129663067	4979626	226	563		https://sra-downloadb.be-md.ncbi.nlm.nih.gov/sos12/sra-pub-zq-1211/ERR001/913/ERR1913059/ERR1913059.sralite.1	ERX1973636	unspecified	WGS	RANDOM	METAGENOMIC	PAIRED	350	0	ILLUMINA	Illumina HiSeq 2500	ERP019674	PRJEB17784		382085	ERS1647297	SAMEA103958129	simple	408170	human gut metagenome	SAMEA103958129							no					EUROPEAN MOLECULAR BIOLOGY LABORATORY, HEIDELBERG,	ERA872009		public	8FDD46702FA05112D1DD9F79439FFA80	13B3E4933062C912E5E9D887F3583087
ERR1913050	2017-04-07 10:53:34	2017-04-14 12:55:09	9494703	1693182374	9494703	178	1152		https://sra-downloadb.be-md.ncbi.nlm.nih.gov/sos12/sra-pub-zq-1211/ERR001/913/ERR1913050/ERR1913050.sralite.1	ERX1973627	unspecified	WGS	RANDOM	METAGENOMIC	PAIRED	350	0	ILLUMINA	Illumina HiSeq 2500	ERP019674	PRJEB17784		382085	ERS1647300	SAMEA103958132	simple	408170	human gut metagenome	SAMEA103958132							no					EUROPEAN MOLECULAR BIOLOGY LABORATORY, HEIDELBERG,	ERA872009		public	CC0D5113687C2E088DA45E4873FE2A7D	19B63BC7EF346F3C1C1E770DB1833E99
ERR1913051	2017-04-07 10:53:34	2017-04-14 12:55:33	9428678	1683407418	9428678	178	1146		https://sra-downloadb.be-md.ncbi.nlm.nih.gov/sos12/sra-pub-zq-1211/ERR001/913/ERR1913051/ERR1913051.sralite.1	ERX1973628	unspecified	WGS	RANDOM	METAGENOMIC	PAIRED	350	0	ILLUMINA	Illumina HiSeq 2500	ERP019674	PRJEB17784		382085	ERS1647300	SAMEA103958132	simple	408170	human gut metagenome	SAMEA103958132							no					EUROPEAN MOLECULAR BIOLOGY LABORATORY, HEIDELBERG,	ERA872009		public	6AC06FBC3C4C19063C750E14F200A13A	0B2235516299998C645A4EAA057DDE29
ERR1913052	2017-04-07 10:53:34	2017-04-14 12:55:37	9316723	1666448205	9316723	178	1131		https://sra-downloadb.be-md.ncbi.nlm.nih.gov/sos12/sra-pub-zq-1211/ERR001/913/ERR1913052/ERR1913052.sralite.1	ERX1973629	unspecified	WGS	RANDOM	METAGENOMIC	PAIRED	350	0	ILLUMINA	Illumina HiSeq 2500	ERP019674	PRJEB17784		382085	ERS1647300	SAMEA103958132	simple	408170	human gut metagenome	SAMEA103958132							no					EUROPEAN MOLECULAR BIOLOGY LABORATORY, HEIDELBERG,	ERA872009		public	576BA6BA347D5B51E45A7D96F43EC412	721B65F75947E0FFFFE313098C37CD14
ERR1913053	2017-04-07 10:53:34	2017-04-14 12:55:49	9393469	1674962969	9393469	178	1138		https://sra-downloadb.be-md.ncbi.nlm.nih.gov/sos12/sra-pub-zq-1211/ERR001/913/ERR1913053/ERR1913053.sralite.1	ERX1973630	unspecified	WGS	RANDOM	METAGENOMIC	PAIRED	350	0	ILLUMINA	Illumina HiSeq 2500	ERP019674	PRJEB17784		382085	ERS1647300	SAMEA103958132	simple	408170	human gut metagenome	SAMEA103958132							no					EUROPEAN MOLECULAR BIOLOGY LABORATORY, HEIDELBERG,	ERA872009		public	46C4FFF05F482CEEC538A31537CE7D56	05B5B2C5C02DD1AAB3D35539D9E4FB43
ERR1913060	2017-04-07 10:53:34	2017-04-14 12:56:58	5939867	1272506534	5939867	214	659		https://sra-downloadb.be-md.ncbi.nlm.nih.gov/sos12/sra-pub-zq-1211/ERR001/913/ERR1913060/ERR1913060.sralite.1	ERX1973637	unspecified	WGS	RANDOM	METAGENOMIC	PAIRED	350	0	ILLUMINA	Illumina HiSeq 2500	ERP019674	PRJEB17784		382085	ERS1647303	SAMEA103958135	simple	408170	human gut metagenome	SAMEA103958135							no					EUROPEAN MOLECULAR BIOLOGY LABORATORY, HEIDELBERG,	ERA872009		public	2892672D4D34F7FA27A518DAC20A4C87	8CEC315933E8B1B7F327747B5082793A
ERR1913061	2017-04-07 10:53:34	2017-04-14 12:57:27	7736065	1722062834	7736065	222	867		https://sra-downloadb.be-md.ncbi.nlm.nih.gov/sos12/sra-pub-zq-1211/ERR001/913/ERR1913061/ERR1913061.sralite.1	ERX1973638	unspecified	WGS	RANDOM	METAGENOMIC	PAIRED	350	0	ILLUMINA	Illumina HiSeq 2500	ERP019674	PRJEB17784		382085	ERS1647303	SAMEA103958135	simple	408170	human gut metagenome	SAMEA103958135							no					EUROPEAN MOLECULAR BIOLOGY LABORATORY, HEIDELBERG,	ERA872009		public	8F5370C39969B969F5A57E292327DF16	53B4E34F9D84A713AB3EF417920B8146
ERR1913062	2017-04-07 10:53:34	2017-04-14 12:57:26	6468446	1447451042	6468446	223	726		https://sra-downloadb.be-md.ncbi.nlm.nih.gov/sos12/sra-pub-zq-1211/ERR001/913/ERR1913062/ERR1913062.sralite.1	ERX1973639	unspecified	WGS	RANDOM	METAGENOMIC	PAIRED	350	0	ILLUMINA	Illumina HiSeq 2500	ERP019674	PRJEB17784		382085	ERS1647303	SAMEA103958135	simple	408170	human gut metagenome	SAMEA103958135							no					EUROPEAN MOLECULAR BIOLOGY LABORATORY, HEIDELBERG,	ERA872009		public	4757BCD71621E59C49A78FAB11B3E09E	AFA821D01537849859B9AA66B73A2E6D
ERR1913040	2017-04-07 10:53:33	2017-04-14 12:53:14	1819941	312953420	1819941	171	234		https://sra-downloadb.be-md.ncbi.nlm.nih.gov/sos12/sra-pub-zq-1211/ERR001/913/ERR1913040/ERR1913040.sralite.1	ERX1973617	unspecified	WGS	RANDOM	METAGENOMIC	PAIRED	350	0	ILLUMINA	Illumina HiSeq 2500	ERP019674	PRJEB17784		382085	ERS1647309	SAMEA103958141	simple	408170	human gut metagenome	SAMEA103958141							no					EUROPEAN MOLECULAR BIOLOGY LABORATORY, HEIDELBERG,	ERA872009		public	170E09AEEAF939DD2FB9F400D6D0D291	FF91F533E567C4BE525A2349F306DE1F
ERR1913041	2017-04-07 10:53:33	2017-04-14 12:53:31	1766067	303658773	1766067	171	227		https://sra-downloadb.be-md.ncbi.nlm.nih.gov/sos12/sra-pub-zq-1211/ERR001/913/ERR1913041/ERR1913041.sralite.1	ERX1973618	unspecified	WGS	RANDOM	METAGENOMIC	PAIRED	350	0	ILLUMINA	Illumina HiSeq 2500	ERP019674	PRJEB17784		382085	ERS1647309	SAMEA103958141	simple	408170	human gut metagenome	SAMEA103958141							no					EUROPEAN MOLECULAR BIOLOGY LABORATORY, HEIDELBERG,	ERA872009		public	9649407162A5A9C97D8CAD82BC0381B5	BCAB95639CE7473931AB0731BA4A1448
ERR1913042	2017-04-07 10:53:33	2017-04-14 12:53:39	1762952	302816712	1762952	171	226		https://sra-downloadb.be-md.ncbi.nlm.nih.gov/sos12/sra-pub-zq-1211/ERR001/913/ERR1913042/ERR1913042.sralite.1	ERX1973619	unspecified	WGS	RANDOM	METAGENOMIC	PAIRED	350	0	ILLUMINA	Illumina HiSeq 2500	ERP019674	PRJEB17784		382085	ERS1647309	SAMEA103958141	simple	408170	human gut metagenome	SAMEA103958141							no					EUROPEAN MOLECULAR BIOLOGY LABORATORY, HEIDELBERG,	ERA872009		public	C3222ABD8A46ED737B460B5301F9FCFF	DB97D68B2BBA7D8ED510B20DEEC9F650
ERR1913043	2017-04-07 10:53:33	2017-04-14 12:53:40	1763124	303363322	1763124	172	227		https://sra-downloadb.be-md.ncbi.nlm.nih.gov/sos12/sra-pub-zq-1211/ERR001/913/ERR1913043/ERR1913043.sralite.1	ERX1973620	unspecified	WGS	RANDOM	METAGENOMIC	PAIRED	350	0	ILLUMINA	Illumina HiSeq 2500	ERP019674	PRJEB17784		382085	ERS1647309	SAMEA103958141	simple	408170	human gut metagenome	SAMEA103958141							no					EUROPEAN MOLECULAR BIOLOGY LABORATORY, HEIDELBERG,	ERA872009		public	FCC5211EDED72458D3D0ADE9CF1881E0	478C4DE36D85A7268DC8E395AB80136C
ERR1913044	2017-04-07 10:53:33	2017-04-14 12:53:57	5903554	1312371658	5903554	222	663		https://sra-downloadb.be-md.ncbi.nlm.nih.gov/sos12/sra-pub-zq-1211/ERR001/913/ERR1913044/ERR1913044.sralite.1	ERX1973621	unspecified	WGS	RANDOM	METAGENOMIC	PAIRED	350	0	ILLUMINA	Illumina HiSeq 2500	ERP019674	PRJEB17784		382085	ERS1647311	SAMEA103958143	simple	408170	human gut metagenome	SAMEA103958143							no					EUROPEAN MOLECULAR BIOLOGY LABORATORY, HEIDELBERG,	ERA872009		public	7F8B59237BE450E941DAD04301F4B73C	C29562612FC7A964E06CC7D90CA806A8
ERR1913045	2017-04-07 10:53:33	2017-04-14 12:54:11	7520053	1739663292	7520053	231	853		https://sra-downloadb.be-md.ncbi.nlm.nih.gov/sos12/sra-pub-zq-1211/ERR001/913/ERR1913045/ERR1913045.sralite.1	ERX1973622	unspecified	WGS	RANDOM	METAGENOMIC	PAIRED	350	0	ILLUMINA	Illumina HiSeq 2500	ERP019674	PRJEB17784		382085	ERS1647311	SAMEA103958143	simple	408170	human gut metagenome	SAMEA103958143							no					EUROPEAN MOLECULAR BIOLOGY LABORATORY, HEIDELBERG,	ERA872009		public	25D69E77F0243072FD0A66026CFE4825	8D311415F424C48D01A11ED5753864DE
ERR1913046	2017-04-07 10:53:33	2017-04-14 12:54:15	6290362	1456718842	6290362	231	712		https://sra-downloadb.be-md.ncbi.nlm.nih.gov/sos12/sra-pub-zq-1211/ERR001/913/ERR1913046/ERR1913046.sralite.1	ERX1973623	unspecified	WGS	RANDOM	METAGENOMIC	PAIRED	350	0	ILLUMINA	Illumina HiSeq 2500	ERP019674	PRJEB17784		382085	ERS1647311	SAMEA103958143	simple	408170	human gut metagenome	SAMEA103958143							no					EUROPEAN MOLECULAR BIOLOGY LABORATORY, HEIDELBERG,	ERA872009		public	25F8C117432750BA0EDD350677B94B87	15B19F96AB8557D5519EAAB683807419
ERR1913025	2017-04-07 10:53:33	2017-04-14 12:49:04	9092513	1559999768	9092513	171	1156		https://sra-downloadb.be-md.ncbi.nlm.nih.gov/sos12/sra-pub-zq-1211/ERR001/913/ERR1913025/ERR1913025.sralite.1	ERX1973602	unspecified	WGS	RANDOM	METAGENOMIC	PAIRED	350	0	ILLUMINA	Illumina HiSeq 2500	ERP019674	PRJEB17784		382085	ERS1647312	SAMEA103958144	simple	408170	human gut metagenome	SAMEA103958144							no					EUROPEAN MOLECULAR BIOLOGY LABORATORY, HEIDELBERG,	ERA872009		public	63BAE4191DB61530B9E4024CB5348796	C8826B7634FC45810269F10B820A39EE
ERR1913026	2017-04-07 10:53:33	2017-04-14 12:49:21	8819931	1512804189	8819931	171	1123		https://sra-downloadb.be-md.ncbi.nlm.nih.gov/sos12/sra-pub-zq-1211/ERR001/913/ERR1913026/ERR1913026.sralite.1	ERX1973603	unspecified	WGS	RANDOM	METAGENOMIC	PAIRED	350	0	ILLUMINA	Illumina HiSeq 2500	ERP019674	PRJEB17784		382085	ERS1647312	SAMEA103958144	simple	408170	human gut metagenome	SAMEA103958144							no					EUROPEAN MOLECULAR BIOLOGY LABORATORY, HEIDELBERG,	ERA872009		public	519F8972A2F2992B239E6E2F992DF174	6EB6B9EB2A6CC9E8E91119021612E25A
ERR1913027	2017-04-07 10:53:33	2017-04-14 12:49:47	8779029	1504055212	8779029	171	1114		https://sra-downloadb.be-md.ncbi.nlm.nih.gov/sos12/sra-pub-zq-1211/ERR001/913/ERR1913027/ERR1913027.sralite.1	ERX1973604	unspecified	WGS	RANDOM	METAGENOMIC	PAIRED	350	0	ILLUMINA	Illumina HiSeq 2500	ERP019674	PRJEB17784		382085	ERS1647312	SAMEA103958144	simple	408170	human gut metagenome	SAMEA103958144							no					EUROPEAN MOLECULAR BIOLOGY LABORATORY, HEIDELBERG,	ERA872009		public	7B7A56DC21DE9D66865E0F1B17446616	4E60822C8F36E6467EF15E7BD3311FFF
ERR1913028	2017-04-07 10:53:33	2017-04-14 12:49:43	8790577	1508728493	8790577	171	1118		https://sra-downloadb.be-md.ncbi.nlm.nih.gov/sos12/sra-pub-zq-1211/ERR001/913/ERR1913028/ERR1913028.sralite.1	ERX1973605	unspecified	WGS	RANDOM	METAGENOMIC	PAIRED	350	0	ILLUMINA	Illumina HiSeq 2500	ERP019674	PRJEB17784		382085	ERS1647312	SAMEA103958144	simple	408170	human gut metagenome	SAMEA103958144							no					EUROPEAN MOLECULAR BIOLOGY LABORATORY, HEIDELBERG,	ERA872009		public	E18A7279B2199E68370CA170CEC1D716	04515483F055EEE799723088CFFE77F4
ERR1913014	2017-04-07 10:53:32	2017-04-14 12:45:22	4772895	998992196	4772895	209	527		https://sra-downloadb.be-md.ncbi.nlm.nih.gov/sos12/sra-pub-zq-1211/ERR001/913/ERR1913014/ERR1913014.sralite.1	ERX1973591	unspecified	WGS	RANDOM	METAGENOMIC	PAIRED	350	0	ILLUMINA	Illumina HiSeq 2500	ERP019674	PRJEB17784		382085	ERS1647313	SAMEA103958145	simple	408170	human gut metagenome	SAMEA103958145							no					EUROPEAN MOLECULAR BIOLOGY LABORATORY, HEIDELBERG,	ERA872009		public	77B1E46FC1DA2D0DEF97BF65EF7A359E	BF21E3C84F7C3FB659B2D96FB5B8AEA9
ERR1913015	2017-04-07 10:53:32	2017-04-14 12:45:44	6649192	1448668000	6649192	217	743		https://sra-downloadb.be-md.ncbi.nlm.nih.gov/sos12/sra-pub-zq-1211/ERR001/913/ERR1913015/ERR1913015.sralite.1	ERX1973592	unspecified	WGS	RANDOM	METAGENOMIC	PAIRED	350	0	ILLUMINA	Illumina HiSeq 2500	ERP019674	PRJEB17784		382085	ERS1647313	SAMEA103958145	simple	408170	human gut metagenome	SAMEA103958145							no					EUROPEAN MOLECULAR BIOLOGY LABORATORY, HEIDELBERG,	ERA872009		public	59EF12B2B354C57F0D900580C127B98F	06E81CD315B21578D7320E3DB01134CB
ERR1913016	2017-04-07 10:53:32	2017-04-14 12:46:11	5329596	1172796279	5329596	220	599		https://sra-downloadb.be-md.ncbi.nlm.nih.gov/sos12/sra-pub-zq-1211/ERR001/913/ERR1913016/ERR1913016.sralite.1	ERX1973593	unspecified	WGS	RANDOM	METAGENOMIC	PAIRED	350	0	ILLUMINA	Illumina HiSeq 2500	ERP019674	PRJEB17784		382085	ERS1647313	SAMEA103958145	simple	408170	human gut metagenome	SAMEA103958145							no					EUROPEAN MOLECULAR BIOLOGY LABORATORY, HEIDELBERG,	ERA872009		public	B1211E1018820543A747138AB3F09F77	2562F92A0A7F1CCF4C10AE815C333B53
ERR1913054	2017-04-07 10:53:34	2017-04-14 12:56:04	4989564	1054512798	4989564	211	551		https://sra-downloadb.be-md.ncbi.nlm.nih.gov/sos12/sra-pub-zq-1211/ERR001/913/ERR1913054/ERR1913054.sralite.1	ERX1973631	unspecified	WGS	RANDOM	METAGENOMIC	PAIRED	350	0	ILLUMINA	Illumina HiSeq 2500	ERP019674	PRJEB17784		382085	ERS1647315	SAMEA103958147	simple	408170	human gut metagenome	SAMEA103958147							no					EUROPEAN MOLECULAR BIOLOGY LABORATORY, HEIDELBERG,	ERA872009		public	06752BB7B683873ACA0DD9C6C85C1A45	848885CBB29DAA6F1A593D3FE923307D
ERR1913055	2017-04-07 10:53:34	2017-04-14 12:56:18	6792465	1486719716	6792465	218	755		https://sra-downloadb.be-md.ncbi.nlm.nih.gov/sos12/sra-pub-zq-1211/ERR001/913/ERR1913055/ERR1913055.sralite.1	ERX1973632	unspecified	WGS	RANDOM	METAGENOMIC	PAIRED	350	0	ILLUMINA	Illumina HiSeq 2500	ERP019674	PRJEB17784		382085	ERS1647315	SAMEA103958147	simple	408170	human gut metagenome	SAMEA103958147							no					EUROPEAN MOLECULAR BIOLOGY LABORATORY, HEIDELBERG,	ERA872009		public	0EEEB7C09821179359AA22D58B8C2BDE	9A46B73DF5CB56E6C5BCABBFFD7C55BC
ERR1913056	2017-04-07 10:53:34	2017-04-14 12:56:26	5571348	1221958807	5571348	219	619		https://sra-downloadb.be-md.ncbi.nlm.nih.gov/sos12/sra-pub-zq-1211/ERR001/913/ERR1913056/ERR1913056.sralite.1	ERX1973633	unspecified	WGS	RANDOM	METAGENOMIC	PAIRED	350	0	ILLUMINA	Illumina HiSeq 2500	ERP019674	PRJEB17784		382085	ERS1647315	SAMEA103958147	simple	408170	human gut metagenome	SAMEA103958147							no					EUROPEAN MOLECULAR BIOLOGY LABORATORY, HEIDELBERG,	ERA872009		public	B58B89CD0CC7BE8A6BD6092B1B7BC4D5	A5FD7975547D31CB4C4185B33D7F1D87
ERR1913029	2017-04-07 10:53:33	2017-04-14 12:50:04	9327442	2145429080	9327442	230	1052		https://sra-downloadb.be-md.ncbi.nlm.nih.gov/sos12/sra-pub-zq-1211/ERR001/913/ERR1913029/ERR1913029.sralite.1	ERX1973606	unspecified	WGS	RANDOM	METAGENOMIC	PAIRED	350	0	ILLUMINA	Illumina HiSeq 2500	ERP019674	PRJEB17784		382085	ERS1647321	SAMEA103958153	simple	408170	human gut metagenome	SAMEA103958153							no					EUROPEAN MOLECULAR BIOLOGY LABORATORY, HEIDELBERG,	ERA872009		public	5DA20F02B1E82489E3A864D16310B507	44273D2EA941E91DC350660C6F6987C9
ERR1913030	2017-04-07 10:53:33	2017-04-14 12:50:40	11706364	2798947036	11706364	239	1326		https://sra-downloadb.be-md.ncbi.nlm.nih.gov/sos12/sra-pub-zq-1211/ERR001/913/ERR1913030/ERR1913030.sralite.1	ERX1973607	unspecified	WGS	RANDOM	METAGENOMIC	PAIRED	350	0	ILLUMINA	Illumina HiSeq 2500	ERP019674	PRJEB17784		382085	ERS1647321	SAMEA103958153	simple	408170	human gut metagenome	SAMEA103958153							no					EUROPEAN MOLECULAR BIOLOGY LABORATORY, HEIDELBERG,	ERA872009		public	8C958C03B03F9CF08D99402270F137DE	68861C1238808D236DCB140945EB4C71
ERR1913031	2017-04-07 10:53:33	2017-04-14 12:50:32	10002213	2377840950	10002213	237	1130		https://sra-downloadb.be-md.ncbi.nlm.nih.gov/sos12/sra-pub-zq-1211/ERR001/913/ERR1913031/ERR1913031.sralite.1	ERX1973608	unspecified	WGS	RANDOM	METAGENOMIC	PAIRED	350	0	ILLUMINA	Illumina HiSeq 2500	ERP019674	PRJEB17784		382085	ERS1647321	SAMEA103958153	simple	408170	human gut metagenome	SAMEA103958153							no					EUROPEAN MOLECULAR BIOLOGY LABORATORY, HEIDELBERG,	ERA872009		public	BCDC857433BEA127700B9D6BBC2BF569	AF9EA02863831775FDCE0130C61106F4
ERR1913063	2017-04-07 10:53:34	2017-04-14 12:57:52	15138645	3323342665	15138645	219	1643		https://sra-downloadb.be-md.ncbi.nlm.nih.gov/sos12/sra-pub-zq-1211/ERR001/913/ERR1913063/ERR1913063.sralite.1	ERX1973640	unspecified	WGS	RANDOM	METAGENOMIC	PAIRED	350	0	ILLUMINA	Illumina HiSeq 2500	ERP019674	PRJEB17784		382085	ERS1647325	SAMEA103958157	simple	408170	human gut metagenome	SAMEA103958157							no					EUROPEAN MOLECULAR BIOLOGY LABORATORY, HEIDELBERG,	ERA872009		public	D693CED9AA754D44465656C29FDECCA4	CDB2A9FA512D16C7092AB508012CE5EE
ERR1913036	2017-04-07 10:53:33	2017-04-14 12:52:32	13934308	2986416883	13934308	214	1523		https://sra-downloadb.be-md.ncbi.nlm.nih.gov/sos12/sra-pub-zq-1211/ERR001/913/ERR1913036/ERR1913036.sralite.1	ERX1973613	unspecified	WGS	RANDOM	METAGENOMIC	PAIRED	350	0	ILLUMINA	Illumina HiSeq 2500	ERP019674	PRJEB17784		382085	ERS1647326	SAMEA103958158	simple	408170	human gut metagenome	SAMEA103958158							no					EUROPEAN MOLECULAR BIOLOGY LABORATORY, HEIDELBERG,	ERA872009		public	0E2C25705B238F99E8EA07335400ADA6	E14036A0A358A623F210D3C8194A01ED
ERR1912994	2017-04-07 10:53:32	2017-04-14 12:38:59	5450587	1229643036	5450587	225	614		https://sra-downloadb.be-md.ncbi.nlm.nih.gov/sos12/sra-pub-zq-1211/ERR001/912/ERR1912994/ERR1912994.sralite.1	ERX1973571	unspecified	WGS	RANDOM	METAGENOMIC	PAIRED	350	0	ILLUMINA	Illumina HiSeq 2500	ERP019674	PRJEB17784		382085	ERS1647277	SAMEA103958109	simple	408170	human gut metagenome	SAMEA103958109							no					EUROPEAN MOLECULAR BIOLOGY LABORATORY, HEIDELBERG,	ERA872009		public	1FBAC85DB5B16E3AF9E6D9848D187A90	974F1681DAC294E57C2C44A3FBE0D3F5
ERR1912995	2017-04-07 10:53:32	2017-04-14 12:39:12	7245518	1705171919	7245518	235	823		https://sra-downloadb.be-md.ncbi.nlm.nih.gov/sos12/sra-pub-zq-1211/ERR001/912/ERR1912995/ERR1912995.sralite.1	ERX1973572	unspecified	WGS	RANDOM	METAGENOMIC	PAIRED	350	0	ILLUMINA	Illumina HiSeq 2500	ERP019674	PRJEB17784		382085	ERS1647277	SAMEA103958109	simple	408170	human gut metagenome	SAMEA103958109							no					EUROPEAN MOLECULAR BIOLOGY LABORATORY, HEIDELBERG,	ERA872009		public	E7F961FD9B37FC44A55068DCA20BBC85	9653C18985D579C9D039881206A08F1D
ERR1912996	2017-04-07 10:53:32	2017-04-14 12:39:14	6085417	1425075739	6085417	234	690		https://sra-downloadb.be-md.ncbi.nlm.nih.gov/sos12/sra-pub-zq-1211/ERR001/912/ERR1912996/ERR1912996.sralite.1	ERX1973573	unspecified	WGS	RANDOM	METAGENOMIC	PAIRED	350	0	ILLUMINA	Illumina HiSeq 2500	ERP019674	PRJEB17784		382085	ERS1647277	SAMEA103958109	simple	408170	human gut metagenome	SAMEA103958109							no					EUROPEAN MOLECULAR BIOLOGY LABORATORY, HEIDELBERG,	ERA872009		public	B0337A2E03F3267E26A7545FA09BB244	39827A5B875C1D385E7FF4D6F1352F99
ERR1912998	2017-04-07 10:53:32	2017-04-14 12:39:54	9481459	1662871361	9481459	175	1136		https://sra-downloadb.be-md.ncbi.nlm.nih.gov/sos12/sra-pub-zq-1211/ERR001/912/ERR1912998/ERR1912998.sralite.1	ERX1973575	unspecified	WGS	RANDOM	METAGENOMIC	PAIRED	350	0	ILLUMINA	Illumina HiSeq 2500	ERP019674	PRJEB17784		382085	ERS1647278	SAMEA103958110	simple	408170	human gut metagenome	SAMEA103958110							no					EUROPEAN MOLECULAR BIOLOGY LABORATORY, HEIDELBERG,	ERA872009		public	CBDCEBB34D16A1B06C8F095ACE69D088	A6843566340290DDC4639E256902E4E4
ERR1912999	2017-04-07 10:53:32	2017-04-14 12:40:03	9473740	1663468421	9473740	175	1137		https://sra-downloadb.be-md.ncbi.nlm.nih.gov/sos12/sra-pub-zq-1211/ERR001/912/ERR1912999/ERR1912999.sralite.1	ERX1973576	unspecified	WGS	RANDOM	METAGENOMIC	PAIRED	350	0	ILLUMINA	Illumina HiSeq 2500	ERP019674	PRJEB17784		382085	ERS1647278	SAMEA103958110	simple	408170	human gut metagenome	SAMEA103958110							no					EUROPEAN MOLECULAR BIOLOGY LABORATORY, HEIDELBERG,	ERA872009		public	88ABB7B580E46E1BA7F875273BD0081D	F09A01CDE66904DC962EB2A3024C90EA
ERR1913000	2017-04-07 10:53:32	2017-04-14 12:40:56	9420802	1666196926	9420802	176	1136		https://sra-downloadb.be-md.ncbi.nlm.nih.gov/sos12/sra-pub-zq-1211/ERR001/913/ERR1913000/ERR1913000.sralite.1	ERX1973577	unspecified	WGS	RANDOM	METAGENOMIC	PAIRED	350	0	ILLUMINA	Illumina HiSeq 2500	ERP019674	PRJEB17784		382085	ERS1647278	SAMEA103958110	simple	408170	human gut metagenome	SAMEA103958110							no					EUROPEAN MOLECULAR BIOLOGY LABORATORY, HEIDELBERG,	ERA872009		public	D14CF6C5B48C879991951207A939DABB	A9F87EF85D539CA9C3B3E71776A38F19
ERR1913001	2017-04-07 10:53:32	2017-04-14 12:41:00	9496957	1675098215	9496957	176	1142		https://sra-downloadb.be-md.ncbi.nlm.nih.gov/sos12/sra-pub-zq-1211/ERR001/913/ERR1913001/ERR1913001.sralite.1	ERX1973578	unspecified	WGS	RANDOM	METAGENOMIC	PAIRED	350	0	ILLUMINA	Illumina HiSeq 2500	ERP019674	PRJEB17784		382085	ERS1647278	SAMEA103958110	simple	408170	human gut metagenome	SAMEA103958110							no					EUROPEAN MOLECULAR BIOLOGY LABORATORY, HEIDELBERG,	ERA872009		public	EAABD81DED294AA48A59A07B37E1D4DA	430C2CB7C5DEC88AF0E411EFD785468C
ERR1912986	2017-04-07 10:53:32	2017-04-14 12:36:32	7314505	1695327057	7314505	231	824		https://sra-downloadb.be-md.ncbi.nlm.nih.gov/sos12/sra-pub-zq-1211/ERR001/912/ERR1912986/ERR1912986.sralite.1	ERX1973563	unspecified	WGS	RANDOM	METAGENOMIC	PAIRED	350	0	ILLUMINA	Illumina HiSeq 2500	ERP019674	PRJEB17784		382085	ERS1647281	SAMEA103958113	simple	408170	human gut metagenome	SAMEA103958113							no					EUROPEAN MOLECULAR BIOLOGY LABORATORY, HEIDELBERG,	ERA872009		public	15049147EB02A6EC01B15409D567D1A8	158B169A5F85AF3C53E4C658C50DB89C
ERR1912987	2017-04-07 10:53:32	2017-04-14 12:36:41	9160924	2210151098	9160924	241	1036		https://sra-downloadb.be-md.ncbi.nlm.nih.gov/sos12/sra-pub-zq-1211/ERR001/912/ERR1912987/ERR1912987.sralite.1	ERX1973564	unspecified	WGS	RANDOM	METAGENOMIC	PAIRED	350	0	ILLUMINA	Illumina HiSeq 2500	ERP019674	PRJEB17784		382085	ERS1647281	SAMEA103958113	simple	408170	human gut metagenome	SAMEA103958113							no					EUROPEAN MOLECULAR BIOLOGY LABORATORY, HEIDELBERG,	ERA872009		public	376FCED2E243E87E625215C0FB53B83A	91C5CC7D7B8486126E55EFF6FCC882F7
ERR1912988	2017-04-07 10:53:32	2017-04-14 12:36:56	7898915	1890286006	7898915	239	891		https://sra-downloadb.be-md.ncbi.nlm.nih.gov/sos12/sra-pub-zq-1211/ERR001/912/ERR1912988/ERR1912988.sralite.1	ERX1973565	unspecified	WGS	RANDOM	METAGENOMIC	PAIRED	350	0	ILLUMINA	Illumina HiSeq 2500	ERP019674	PRJEB17784		382085	ERS1647281	SAMEA103958113	simple	408170	human gut metagenome	SAMEA103958113							no					EUROPEAN MOLECULAR BIOLOGY LABORATORY, HEIDELBERG,	ERA872009		public	17B07A1EE15BACB037993497477A38DC	A9D7CE715B03F84E420FB82C5F08136A
ERR1912958	2017-04-07 10:53:31	2017-04-14 12:28:48	6787153	1576966739	6787153	232	770		https://sra-downloadb.be-md.ncbi.nlm.nih.gov/sos12/sra-pub-zq-1211/ERR001/912/ERR1912958/ERR1912958.sralite.1	ERX1973535	unspecified	WGS	RANDOM	METAGENOMIC	PAIRED	350	0	ILLUMINA	Illumina HiSeq 2500	ERP019674	PRJEB17784		382085	ERS1647282	SAMEA103958114	simple	408170	human gut metagenome	SAMEA103958114							no					EUROPEAN MOLECULAR BIOLOGY LABORATORY, HEIDELBERG,	ERA872009		public	92C2FADCBCF5A3194349BC47B332AFD4	F5B793923BCFA73BE9CB4F76777A08A6
ERR1912959	2017-04-07 10:53:31	2017-04-14 12:28:49	8282699	2004225686	8282699	241	944		https://sra-downloadb.be-md.ncbi.nlm.nih.gov/sos12/sra-pub-zq-1211/ERR001/912/ERR1912959/ERR1912959.sralite.1	ERX1973536	unspecified	WGS	RANDOM	METAGENOMIC	PAIRED	350	0	ILLUMINA	Illumina HiSeq 2500	ERP019674	PRJEB17784		382085	ERS1647282	SAMEA103958114	simple	408170	human gut metagenome	SAMEA103958114							no					EUROPEAN MOLECULAR BIOLOGY LABORATORY, HEIDELBERG,	ERA872009		public	9B7D0E25B9724E763882A4CC467843C6	17E3E1E2FE3C13C9D19FDB0C7FCFD7D4
ERR1912960	2017-04-07 10:53:31	2017-04-14 12:29:00	7229714	1735732090	7229714	240	821		https://sra-downloadb.be-md.ncbi.nlm.nih.gov/sos12/sra-pub-zq-1211/ERR001/912/ERR1912960/ERR1912960.sralite.1	ERX1973537	unspecified	WGS	RANDOM	METAGENOMIC	PAIRED	350	0	ILLUMINA	Illumina HiSeq 2500	ERP019674	PRJEB17784		382085	ERS1647282	SAMEA103958114	simple	408170	human gut metagenome	SAMEA103958114							no					EUROPEAN MOLECULAR BIOLOGY LABORATORY, HEIDELBERG,	ERA872009		public	F7EC73919CF57DD3EC36A5E28A5EC6B4	5711BFD4766F47D869B35783703864C9
ERR1912976	2017-04-07 10:53:31	2017-04-14 12:33:59	4706482	1031676029	4706482	219	521		https://sra-downloadb.be-md.ncbi.nlm.nih.gov/sos12/sra-pub-zq-1211/ERR001/912/ERR1912976/ERR1912976.sralite.1	ERX1973553	unspecified	WGS	RANDOM	METAGENOMIC	PAIRED	350	0	ILLUMINA	Illumina HiSeq 2500	ERP019674	PRJEB17784		382085	ERS1647284	SAMEA103958116	simple	408170	human gut metagenome	SAMEA103958116							no					EUROPEAN MOLECULAR BIOLOGY LABORATORY, HEIDELBERG,	ERA872009		public	E156F127870557BAF4F3A4059A960EEC	E8A5BDA1BFDEFA047E3A956B9FE27131
ERR1912977	2017-04-07 10:53:31	2017-04-14 12:34:27	6118189	1412950639	6118189	230	688		https://sra-downloadb.be-md.ncbi.nlm.nih.gov/sos12/sra-pub-zq-1211/ERR001/912/ERR1912977/ERR1912977.sralite.1	ERX1973554	unspecified	WGS	RANDOM	METAGENOMIC	PAIRED	350	0	ILLUMINA	Illumina HiSeq 2500	ERP019674	PRJEB17784		382085	ERS1647284	SAMEA103958116	simple	408170	human gut metagenome	SAMEA103958116							no					EUROPEAN MOLECULAR BIOLOGY LABORATORY, HEIDELBERG,	ERA872009		public	D670BA247DDFDDE782D51C04F9ACC184	E5925EC9FD2976490C28F2912B99F830
ERR1912978	2017-04-07 10:53:31	2017-04-14 12:34:41	5170047	1192252894	5170047	230	579		https://sra-downloadb.be-md.ncbi.nlm.nih.gov/sos12/sra-pub-zq-1211/ERR001/912/ERR1912978/ERR1912978.sralite.1	ERX1973555	unspecified	WGS	RANDOM	METAGENOMIC	PAIRED	350	0	ILLUMINA	Illumina HiSeq 2500	ERP019674	PRJEB17784		382085	ERS1647284	SAMEA103958116	simple	408170	human gut metagenome	SAMEA103958116							no					EUROPEAN MOLECULAR BIOLOGY LABORATORY, HEIDELBERG,	ERA872009		public	3452226D486412F4173F695EA6973F7B	63B8581BBA9DEE0811EE94DD612887A2
ERR1912967	2017-04-07 10:53:31	2017-04-14 12:30:59	8916481	1541252614	8916481	172	1067		https://sra-downloadb.be-md.ncbi.nlm.nih.gov/sos12/sra-pub-zq-1211/ERR001/912/ERR1912967/ERR1912967.sralite.1	ERX1973544	unspecified	WGS	RANDOM	METAGENOMIC	PAIRED	350	0	ILLUMINA	Illumina HiSeq 2500	ERP019674	PRJEB17784		382085	ERS1647289	SAMEA103958121	simple	408170	human gut metagenome	SAMEA103958121							no					EUROPEAN MOLECULAR BIOLOGY LABORATORY, HEIDELBERG,	ERA872009		public	26BA30D032D362DC4AFF968EE7E53557	68656908957BA1A064F2A57B8AEC28FF
ERR1912968	2017-04-07 10:53:31	2017-04-14 12:31:12	8851743	1531800436	8851743	173	1061		https://sra-downloadb.be-md.ncbi.nlm.nih.gov/sos12/sra-pub-zq-1211/ERR001/912/ERR1912968/ERR1912968.sralite.1	ERX1973545	unspecified	WGS	RANDOM	METAGENOMIC	PAIRED	350	0	ILLUMINA	Illumina HiSeq 2500	ERP019674	PRJEB17784		382085	ERS1647289	SAMEA103958121	simple	408170	human gut metagenome	SAMEA103958121							no					EUROPEAN MOLECULAR BIOLOGY LABORATORY, HEIDELBERG,	ERA872009		public	864C793207A2253001CC0E2CC6DC040C	5756A1EAFC5D1B1C888AC59FD8579ED2
ERR1912969	2017-04-07 10:53:31	2017-04-14 12:31:39	8870936	1577452395	8870936	177	1084		https://sra-downloadb.be-md.ncbi.nlm.nih.gov/sos12/sra-pub-zq-1211/ERR001/912/ERR1912969/ERR1912969.sralite.1	ERX1973546	unspecified	WGS	RANDOM	METAGENOMIC	PAIRED	350	0	ILLUMINA	Illumina HiSeq 2500	ERP019674	PRJEB17784		382085	ERS1647289	SAMEA103958121	simple	408170	human gut metagenome	SAMEA103958121							no					EUROPEAN MOLECULAR BIOLOGY LABORATORY, HEIDELBERG,	ERA872009		public	B26C0E5C8F54BA33EBA8AC55CB669651	D0704F61EC09559D5A0DDDFDD03B5B85
ERR1912970	2017-04-07 10:53:31	2017-04-14 12:31:55	8820793	1525486651	8820793	172	1054		https://sra-downloadb.be-md.ncbi.nlm.nih.gov/sos12/sra-pub-zq-1211/ERR001/912/ERR1912970/ERR1912970.sralite.1	ERX1973547	unspecified	WGS	RANDOM	METAGENOMIC	PAIRED	350	0	ILLUMINA	Illumina HiSeq 2500	ERP019674	PRJEB17784		382085	ERS1647289	SAMEA103958121	simple	408170	human gut metagenome	SAMEA103958121							no					EUROPEAN MOLECULAR BIOLOGY LABORATORY, HEIDELBERG,	ERA872009		public	9108DC848554AB61694EC7AFC6D4997B	1B385919AA462127768C90D324E172E2
ERR1912953	2017-04-07 10:53:31	2017-04-14 12:25:29	7519743	1301358765	7519743	173	906		https://sra-downloadb.be-md.ncbi.nlm.nih.gov/sos12/sra-pub-zq-1211/ERR001/912/ERR1912953/ERR1912953.sralite.1	ERX1973530	unspecified	WGS	RANDOM	METAGENOMIC	PAIRED	350	0	ILLUMINA	Illumina HiSeq 2500	ERP019674	PRJEB17784		382085	ERS1647293	SAMEA103958125	simple	408170	human gut metagenome	SAMEA103958125							no					EUROPEAN MOLECULAR BIOLOGY LABORATORY, HEIDELBERG,	ERA872009		public	5145D801C13B4F7C8DC44D60A3974792	DD7A3C9C84A6918C0005660ABF741E1B
ERR1912954	2017-04-07 10:53:31	2017-04-14 12:26:08	7435216	1287926861	7435216	173	898		https://sra-downloadb.be-md.ncbi.nlm.nih.gov/sos12/sra-pub-zq-1211/ERR001/912/ERR1912954/ERR1912954.sralite.1	ERX1973531	unspecified	WGS	RANDOM	METAGENOMIC	PAIRED	350	0	ILLUMINA	Illumina HiSeq 2500	ERP019674	PRJEB17784		382085	ERS1647293	SAMEA103958125	simple	408170	human gut metagenome	SAMEA103958125							no					EUROPEAN MOLECULAR BIOLOGY LABORATORY, HEIDELBERG,	ERA872009		public	7EB20A9B9F007333FD912519DCF1BCF6	31854F9FE9CE54E8B454D9D385612B29
ERR1912955	2017-04-07 10:53:31	2017-04-14 12:27:03	7435925	1323689605	7435925	178	915		https://sra-downloadb.be-md.ncbi.nlm.nih.gov/sos12/sra-pub-zq-1211/ERR001/912/ERR1912955/ERR1912955.sralite.1	ERX1973532	unspecified	WGS	RANDOM	METAGENOMIC	PAIRED	350	0	ILLUMINA	Illumina HiSeq 2500	ERP019674	PRJEB17784		382085	ERS1647293	SAMEA103958125	simple	408170	human gut metagenome	SAMEA103958125							no					EUROPEAN MOLECULAR BIOLOGY LABORATORY, HEIDELBERG,	ERA872009		public	C964E1E4B7FA9E51E4C86249FB5BC3F2	3A05C92DEA17BA629F6E81AD0070B1E4
ERR1912956	2017-04-07 10:53:31	2017-04-14 12:27:01	7392545	1279180509	7392545	173	891		https://sra-downloadb.be-md.ncbi.nlm.nih.gov/sos12/sra-pub-zq-1211/ERR001/912/ERR1912956/ERR1912956.sralite.1	ERX1973533	unspecified	WGS	RANDOM	METAGENOMIC	PAIRED	350	0	ILLUMINA	Illumina HiSeq 2500	ERP019674	PRJEB17784		382085	ERS1647293	SAMEA103958125	simple	408170	human gut metagenome	SAMEA103958125							no					EUROPEAN MOLECULAR BIOLOGY LABORATORY, HEIDELBERG,	ERA872009		public	65D506FBF34925D6277D46C1483D2191	4FCEFE65DBDCE70D9525F142C2BC8622
ERR1912964	2017-04-07 10:53:31	2017-04-14 12:30:15	5058299	1160006631	5058299	229	565		https://sra-downloadb.be-md.ncbi.nlm.nih.gov/sos12/sra-pub-zq-1211/ERR001/912/ERR1912964/ERR1912964.sralite.1	ERX1973541	unspecified	WGS	RANDOM	METAGENOMIC	PAIRED	350	0	ILLUMINA	Illumina HiSeq 2500	ERP019674	PRJEB17784		382085	ERS1647298	SAMEA103958130	simple	408170	human gut metagenome	SAMEA103958130							no					EUROPEAN MOLECULAR BIOLOGY LABORATORY, HEIDELBERG,	ERA872009		public	CB0291AFDADD47BC909FF5B7B1CDFD4E	45944670AF3EA0CC6A9D968BBAB1315D
ERR1912965	2017-04-07 10:53:31	2017-04-14 12:30:25	6428619	1534576421	6428619	238	722		https://sra-downloadb.be-md.ncbi.nlm.nih.gov/sos12/sra-pub-zq-1211/ERR001/912/ERR1912965/ERR1912965.sralite.1	ERX1973542	unspecified	WGS	RANDOM	METAGENOMIC	PAIRED	350	0	ILLUMINA	Illumina HiSeq 2500	ERP019674	PRJEB17784		382085	ERS1647298	SAMEA103958130	simple	408170	human gut metagenome	SAMEA103958130							no					EUROPEAN MOLECULAR BIOLOGY LABORATORY, HEIDELBERG,	ERA872009		public	7BD24EA0DB3164E588900DFDEAB7D038	4C42A27170306250FE3BDC155998AB23
ERR1912966	2017-04-07 10:53:31	2017-04-14 12:30:52	5494034	1300639355	5494034	236	615		https://sra-downloadb.be-md.ncbi.nlm.nih.gov/sos12/sra-pub-zq-1211/ERR001/912/ERR1912966/ERR1912966.sralite.1	ERX1973543	unspecified	WGS	RANDOM	METAGENOMIC	PAIRED	350	0	ILLUMINA	Illumina HiSeq 2500	ERP019674	PRJEB17784		382085	ERS1647298	SAMEA103958130	simple	408170	human gut metagenome	SAMEA103958130							no					EUROPEAN MOLECULAR BIOLOGY LABORATORY, HEIDELBERG,	ERA872009		public	E3BC9179807B5E7878317E2F3BEB5E98	0B5DF5A15F39A6452CB09757EC841067
ERR1912983	2017-04-07 10:53:32	2017-04-14 12:35:38	5004878	1174801583	5004878	234	560		https://sra-downloadb.be-md.ncbi.nlm.nih.gov/sos12/sra-pub-zq-1211/ERR001/912/ERR1912983/ERR1912983.sralite.1	ERX1973560	unspecified	WGS	RANDOM	METAGENOMIC	PAIRED	350	0	ILLUMINA	Illumina HiSeq 2500	ERP019674	PRJEB17784		382085	ERS1647299	SAMEA103958131	simple	408170	human gut metagenome	SAMEA103958131							no					EUROPEAN MOLECULAR BIOLOGY LABORATORY, HEIDELBERG,	ERA872009		public	84D24C9F31F0FFB08E6EEBEA181E8117	D0D7A05C12E604953DFD90847219A0A4
ERR1912984	2017-04-07 10:53:32	2017-04-14 12:35:55	6200390	1509963793	6200390	243	696		https://sra-downloadb.be-md.ncbi.nlm.nih.gov/sos12/sra-pub-zq-1211/ERR001/912/ERR1912984/ERR1912984.sralite.1	ERX1973561	unspecified	WGS	RANDOM	METAGENOMIC	PAIRED	350	0	ILLUMINA	Illumina HiSeq 2500	ERP019674	PRJEB17784		382085	ERS1647299	SAMEA103958131	simple	408170	human gut metagenome	SAMEA103958131							no					EUROPEAN MOLECULAR BIOLOGY LABORATORY, HEIDELBERG,	ERA872009		public	EB9235EDB9528C2C6EEFD3A649146CD2	72F6577FBCAFAE359D22E94F30C95955
ERR1912985	2017-04-07 10:53:32	2017-04-14 12:35:59	5314690	1283393354	5314690	241	594		https://sra-downloadb.be-md.ncbi.nlm.nih.gov/sos12/sra-pub-zq-1211/ERR001/912/ERR1912985/ERR1912985.sralite.1	ERX1973562	unspecified	WGS	RANDOM	METAGENOMIC	PAIRED	350	0	ILLUMINA	Illumina HiSeq 2500	ERP019674	PRJEB17784		382085	ERS1647299	SAMEA103958131	simple	408170	human gut metagenome	SAMEA103958131							no					EUROPEAN MOLECULAR BIOLOGY LABORATORY, HEIDELBERG,	ERA872009		public	AB8D4295D9E6464730074A10CF4C911E	2078D845BA52EE1DA055CB5D928F0695
ERR1912972	2017-04-07 10:53:31	2017-04-14 12:32:23	9408354	1668540267	9408354	177	1158		https://sra-downloadb.be-md.ncbi.nlm.nih.gov/sos12/sra-pub-zq-1211/ERR001/912/ERR1912972/ERR1912972.sralite.1	ERX1973549	unspecified	WGS	RANDOM	METAGENOMIC	PAIRED	350	0	ILLUMINA	Illumina HiSeq 2500	ERP019674	PRJEB17784		382085	ERS1647302	SAMEA103958134	simple	408170	human gut metagenome	SAMEA103958134							no					EUROPEAN MOLECULAR BIOLOGY LABORATORY, HEIDELBERG,	ERA872009		public	A4AFB492977BC11D56E97423F1894A5F	5B76B8A9EA9F6C1E522FFBB1A3BA9E1B
ERR1912973	2017-04-07 10:53:31	2017-04-14 12:32:56	9326129	1655729388	9326129	177	1151		https://sra-downloadb.be-md.ncbi.nlm.nih.gov/sos12/sra-pub-zq-1211/ERR001/912/ERR1912973/ERR1912973.sralite.1	ERX1973550	unspecified	WGS	RANDOM	METAGENOMIC	PAIRED	350	0	ILLUMINA	Illumina HiSeq 2500	ERP019674	PRJEB17784		382085	ERS1647302	SAMEA103958134	simple	408170	human gut metagenome	SAMEA103958134							no					EUROPEAN MOLECULAR BIOLOGY LABORATORY, HEIDELBERG,	ERA872009		public	A226B737FE9C0E6E4CF5C3352F75C089	75E4F314D335F9CC557869682DD27485
ERR1912974	2017-04-07 10:53:31	2017-04-14 12:32:47	9233687	1642906396	9233687	177	1138		https://sra-downloadb.be-md.ncbi.nlm.nih.gov/sos12/sra-pub-zq-1211/ERR001/912/ERR1912974/ERR1912974.sralite.1	ERX1973551	unspecified	WGS	RANDOM	METAGENOMIC	PAIRED	350	0	ILLUMINA	Illumina HiSeq 2500	ERP019674	PRJEB17784		382085	ERS1647302	SAMEA103958134	simple	408170	human gut metagenome	SAMEA103958134							no					EUROPEAN MOLECULAR BIOLOGY LABORATORY, HEIDELBERG,	ERA872009		public	326C9FE1382EE37788549A527A08D39B	C7316E27040F520A5DE9020C6E9D86A6
ERR1912975	2017-04-07 10:53:31	2017-04-14 12:33:31	9170128	1626187884	9170128	177	1128		https://sra-downloadb.be-md.ncbi.nlm.nih.gov/sos12/sra-pub-zq-1211/ERR001/912/ERR1912975/ERR1912975.sralite.1	ERX1973552	unspecified	WGS	RANDOM	METAGENOMIC	PAIRED	350	0	ILLUMINA	Illumina HiSeq 2500	ERP019674	PRJEB17784		382085	ERS1647302	SAMEA103958134	simple	408170	human gut metagenome	SAMEA103958134							no					EUROPEAN MOLECULAR BIOLOGY LABORATORY, HEIDELBERG,	ERA872009		public	8775C3F0D0E4423EB929053D664A0B1A	336DBF4C9054C5975113385BE465F725
ERR1912991	2017-04-07 10:53:32	2017-04-14 12:38:10	4412755	1019598470	4412755	231	497		https://sra-downloadb.be-md.ncbi.nlm.nih.gov/sos12/sra-pub-zq-1211/ERR001/912/ERR1912991/ERR1912991.sralite.1	ERX1973568	unspecified	WGS	RANDOM	METAGENOMIC	PAIRED	350	0	ILLUMINA	Illumina HiSeq 2500	ERP019674	PRJEB17784		382085	ERS1647304	SAMEA103958136	simple	408170	human gut metagenome	SAMEA103958136							no					EUROPEAN MOLECULAR BIOLOGY LABORATORY, HEIDELBERG,	ERA872009		public	D958DE2A989DB370FC24796874D84A0E	F4F24C03E2C519A88A6E75984D4DC52B
ERR1912992	2017-04-07 10:53:32	2017-04-14 12:38:36	5472714	1313847196	5472714	240	620		https://sra-downloadb.be-md.ncbi.nlm.nih.gov/sos12/sra-pub-zq-1211/ERR001/912/ERR1912992/ERR1912992.sralite.1	ERX1973569	unspecified	WGS	RANDOM	METAGENOMIC	PAIRED	350	0	ILLUMINA	Illumina HiSeq 2500	ERP019674	PRJEB17784		382085	ERS1647304	SAMEA103958136	simple	408170	human gut metagenome	SAMEA103958136							no					EUROPEAN MOLECULAR BIOLOGY LABORATORY, HEIDELBERG,	ERA872009		public	BC0FAF03ED7FB2EEAD13C843CCB02675	A4E0E851EAD15491F0E451D02A8D3B11
ERR1912993	2017-04-07 10:53:32	2017-04-14 12:38:42	4618843	1102636979	4618843	238	521		https://sra-downloadb.be-md.ncbi.nlm.nih.gov/sos12/sra-pub-zq-1211/ERR001/912/ERR1912993/ERR1912993.sralite.1	ERX1973570	unspecified	WGS	RANDOM	METAGENOMIC	PAIRED	350	0	ILLUMINA	Illumina HiSeq 2500	ERP019674	PRJEB17784		382085	ERS1647304	SAMEA103958136	simple	408170	human gut metagenome	SAMEA103958136							no					EUROPEAN MOLECULAR BIOLOGY LABORATORY, HEIDELBERG,	ERA872009		public	B6CD41E70ADBBB152EC4F8FBB6A4F266	9B8969AA7ABC5DE68ED8EED65DBF155E
ERR1912961	2017-04-07 10:53:31	2017-04-14 12:29:20	6368859	1450537734	6368859	227	718		https://sra-downloadb.be-md.ncbi.nlm.nih.gov/sos12/sra-pub-zq-1211/ERR001/912/ERR1912961/ERR1912961.sralite.1	ERX1973538	unspecified	WGS	RANDOM	METAGENOMIC	PAIRED	350	0	ILLUMINA	Illumina HiSeq 2500	ERP019674	PRJEB17784		382085	ERS1647305	SAMEA103958137	simple	408170	human gut metagenome	SAMEA103958137							no					EUROPEAN MOLECULAR BIOLOGY LABORATORY, HEIDELBERG,	ERA872009		public	D746DF2B0F272847B9E609C7191449E9	A67E5C61DF438E64E0140E10227A2BF7
ERR1912962	2017-04-07 10:53:31	2017-04-14 12:29:42	8208955	1946352875	8208955	237	932		https://sra-downloadb.be-md.ncbi.nlm.nih.gov/sos12/sra-pub-zq-1211/ERR001/912/ERR1912962/ERR1912962.sralite.1	ERX1973539	unspecified	WGS	RANDOM	METAGENOMIC	PAIRED	350	0	ILLUMINA	Illumina HiSeq 2500	ERP019674	PRJEB17784		382085	ERS1647305	SAMEA103958137	simple	408170	human gut metagenome	SAMEA103958137							no					EUROPEAN MOLECULAR BIOLOGY LABORATORY, HEIDELBERG,	ERA872009		public	C9D6F2BD4661188932791C0F86702CE4	4A060122FC188637CE7664B0D1AD5D72
ERR1912963	2017-04-07 10:53:31	2017-04-14 12:29:51	6902492	1631088141	6902492	236	781		https://sra-downloadb.be-md.ncbi.nlm.nih.gov/sos12/sra-pub-zq-1211/ERR001/912/ERR1912963/ERR1912963.sralite.1	ERX1973540	unspecified	WGS	RANDOM	METAGENOMIC	PAIRED	350	0	ILLUMINA	Illumina HiSeq 2500	ERP019674	PRJEB17784		382085	ERS1647305	SAMEA103958137	simple	408170	human gut metagenome	SAMEA103958137							no					EUROPEAN MOLECULAR BIOLOGY LABORATORY, HEIDELBERG,	ERA872009		public	9B095B132879C81F046A500C72B9BF78	4D4871F64AFA06458F52EBDFA0D71BC3
ERR1913007	2017-04-07 10:53:32	2017-04-14 12:42:34	6674036	1505448089	6674036	225	751		https://sra-downloadb.be-md.ncbi.nlm.nih.gov/sos12/sra-pub-zq-1211/ERR001/913/ERR1913007/ERR1913007.sralite.1	ERX1973584	unspecified	WGS	RANDOM	METAGENOMIC	PAIRED	350	0	ILLUMINA	Illumina HiSeq 2500	ERP019674	PRJEB17784		382085	ERS1647317	SAMEA103958149	simple	408170	human gut metagenome	SAMEA103958149							no					EUROPEAN MOLECULAR BIOLOGY LABORATORY, HEIDELBERG,	ERA872009		public	F71B670804928E0114938CE64D3058AB	58FA52F475F281DE8A78041F16C12B86
ERR1913008	2017-04-07 10:53:32	2017-04-14 12:42:41	8410810	1976502594	8410810	234	955		https://sra-downloadb.be-md.ncbi.nlm.nih.gov/sos12/sra-pub-zq-1211/ERR001/913/ERR1913008/ERR1913008.sralite.1	ERX1973585	unspecified	WGS	RANDOM	METAGENOMIC	PAIRED	350	0	ILLUMINA	Illumina HiSeq 2500	ERP019674	PRJEB17784		382085	ERS1647317	SAMEA103958149	simple	408170	human gut metagenome	SAMEA103958149							no					EUROPEAN MOLECULAR BIOLOGY LABORATORY, HEIDELBERG,	ERA872009		public	15E47FABCF8C34455C2B5D674A7B3A30	095BA2AF31AB3AEFDF3B41713CF6D7E3
ERR1913009	2017-04-07 10:53:32	2017-04-14 12:43:11	7084446	1658665639	7084446	234	802		https://sra-downloadb.be-md.ncbi.nlm.nih.gov/sos12/sra-pub-zq-1211/ERR001/913/ERR1913009/ERR1913009.sralite.1	ERX1973586	unspecified	WGS	RANDOM	METAGENOMIC	PAIRED	350	0	ILLUMINA	Illumina HiSeq 2500	ERP019674	PRJEB17784		382085	ERS1647317	SAMEA103958149	simple	408170	human gut metagenome	SAMEA103958149							no					EUROPEAN MOLECULAR BIOLOGY LABORATORY, HEIDELBERG,	ERA872009		public	E93AEF8B80FFB9EB27D6E2080968DCBB	57AFA1AAB999649CCBB82817243CF300
ERR1912979	2017-04-07 10:53:32	2017-04-14 12:34:50	7149452	1224718785	7149452	171	927		https://sra-downloadb.be-md.ncbi.nlm.nih.gov/sos12/sra-pub-zq-1211/ERR001/912/ERR1912979/ERR1912979.sralite.1	ERX1973556	unspecified	WGS	RANDOM	METAGENOMIC	PAIRED	350	0	ILLUMINA	Illumina HiSeq 2500	ERP019674	PRJEB17784		382085	ERS1647318	SAMEA103958150	simple	408170	human gut metagenome	SAMEA103958150							no					EUROPEAN MOLECULAR BIOLOGY LABORATORY, HEIDELBERG,	ERA872009		public	17C331C4894AF5F8F3E2C3FA34B2E28B	94E2DC5E5402EF543C47988EF2D04294
ERR1912980	2017-04-07 10:53:32	2017-04-14 12:35:02	6960800	1192268637	6960800	171	903		https://sra-downloadb.be-md.ncbi.nlm.nih.gov/sos12/sra-pub-zq-1211/ERR001/912/ERR1912980/ERR1912980.sralite.1	ERX1973557	unspecified	WGS	RANDOM	METAGENOMIC	PAIRED	350	0	ILLUMINA	Illumina HiSeq 2500	ERP019674	PRJEB17784		382085	ERS1647318	SAMEA103958150	simple	408170	human gut metagenome	SAMEA103958150							no					EUROPEAN MOLECULAR BIOLOGY LABORATORY, HEIDELBERG,	ERA872009		public	65D271870157739CD4BA1D8BCC3B46CA	635741D808D94B6E8AD135615AFCF1C9
ERR1912981	2017-04-07 10:53:32	2017-04-14 12:35:18	6940326	1187630406	6940326	171	897		https://sra-downloadb.be-md.ncbi.nlm.nih.gov/sos12/sra-pub-zq-1211/ERR001/912/ERR1912981/ERR1912981.sralite.1	ERX1973558	unspecified	WGS	RANDOM	METAGENOMIC	PAIRED	350	0	ILLUMINA	Illumina HiSeq 2500	ERP019674	PRJEB17784		382085	ERS1647318	SAMEA103958150	simple	408170	human gut metagenome	SAMEA103958150							no					EUROPEAN MOLECULAR BIOLOGY LABORATORY, HEIDELBERG,	ERA872009		public	1753E1308A15BF620D4226E7C60B37B4	2E1FC4D587AC504DF3E67EB47FE22C43
ERR1912982	2017-04-07 10:53:32	2017-04-14 12:35:28	6948045	1190958345	6948045	171	900		https://sra-downloadb.be-md.ncbi.nlm.nih.gov/sos12/sra-pub-zq-1211/ERR001/912/ERR1912982/ERR1912982.sralite.1	ERX1973559	unspecified	WGS	RANDOM	METAGENOMIC	PAIRED	350	0	ILLUMINA	Illumina HiSeq 2500	ERP019674	PRJEB17784		382085	ERS1647318	SAMEA103958150	simple	408170	human gut metagenome	SAMEA103958150							no					EUROPEAN MOLECULAR BIOLOGY LABORATORY, HEIDELBERG,	ERA872009		public	0B8264B4C0F819CFEE0D094AAD86A51D	7064F94A74929F1BC5374B3A3BED5DD7
ERR1913002	2017-04-07 10:53:32	2017-04-14 12:40:56	8892153	1564885316	8892153	175	1155		https://sra-downloadb.be-md.ncbi.nlm.nih.gov/sos12/sra-pub-zq-1211/ERR001/913/ERR1913002/ERR1913002.sralite.1	ERX1973579	unspecified	WGS	RANDOM	METAGENOMIC	PAIRED	350	0	ILLUMINA	Illumina HiSeq 2500	ERP019674	PRJEB17784		382085	ERS1647319	SAMEA103958151	simple	408170	human gut metagenome	SAMEA103958151							no					EUROPEAN MOLECULAR BIOLOGY LABORATORY, HEIDELBERG,	ERA872009		public	168B55058BFC31417A0E2ECCD4377533	C0682A8651731D866F514AFC335FC427
ERR1913003	2017-04-07 10:53:32	2017-04-14 12:41:41	8619707	1525134671	8619707	176	1125		https://sra-downloadb.be-md.ncbi.nlm.nih.gov/sos12/sra-pub-zq-1211/ERR001/913/ERR1913003/ERR1913003.sralite.1	ERX1973580	unspecified	WGS	RANDOM	METAGENOMIC	PAIRED	350	0	ILLUMINA	Illumina HiSeq 2500	ERP019674	PRJEB17784		382085	ERS1647319	SAMEA103958151	simple	408170	human gut metagenome	SAMEA103958151							no					EUROPEAN MOLECULAR BIOLOGY LABORATORY, HEIDELBERG,	ERA872009		public	1C51E9F965E47744FD444A5460E9F8FC	A9C4C437D7A654D3458643716C91CF8E
ERR1913004	2017-04-07 10:53:32	2017-04-14 12:41:47	8602519	1520108502	8602519	176	1118		https://sra-downloadb.be-md.ncbi.nlm.nih.gov/sos12/sra-pub-zq-1211/ERR001/913/ERR1913004/ERR1913004.sralite.1	ERX1973581	unspecified	WGS	RANDOM	METAGENOMIC	PAIRED	350	0	ILLUMINA	Illumina HiSeq 2500	ERP019674	PRJEB17784		382085	ERS1647319	SAMEA103958151	simple	408170	human gut metagenome	SAMEA103958151							no					EUROPEAN MOLECULAR BIOLOGY LABORATORY, HEIDELBERG,	ERA872009		public	AD8183F19D5ECB3DA7798D34CAEC548D	54A0BA8BFA6D568EA9F0CAAD47B2CA78
ERR1913005	2017-04-07 10:53:32	2017-04-14 12:41:48	8616130	1525596372	8616130	177	1123		https://sra-downloadb.be-md.ncbi.nlm.nih.gov/sos12/sra-pub-zq-1211/ERR001/913/ERR1913005/ERR1913005.sralite.1	ERX1973582	unspecified	WGS	RANDOM	METAGENOMIC	PAIRED	350	0	ILLUMINA	Illumina HiSeq 2500	ERP019674	PRJEB17784		382085	ERS1647319	SAMEA103958151	simple	408170	human gut metagenome	SAMEA103958151							no					EUROPEAN MOLECULAR BIOLOGY LABORATORY, HEIDELBERG,	ERA872009		public	10AAC8053A4289DF1D0CB0967E4B8C60	6EF3B3EBC9A7E5A516188B20C6375312
ERR1912990	2017-04-07 10:53:32	2017-04-14 12:38:16	17322558	3875909363	17322558	223	1906		https://sra-downloadb.be-md.ncbi.nlm.nih.gov/sos12/sra-pub-zq-1211/ERR001/912/ERR1912990/ERR1912990.sralite.1	ERX1973567	unspecified	WGS	RANDOM	METAGENOMIC	PAIRED	350	0	ILLUMINA	Illumina HiSeq 2500	ERP019674	PRJEB17784		382085	ERS1647323	SAMEA103958155	simple	408170	human gut metagenome	SAMEA103958155							no					EUROPEAN MOLECULAR BIOLOGY LABORATORY, HEIDELBERG,	ERA872009		public	545D84E4FC5552D935C9D5DB153E42C5	933112D662A243DE55D7C793D60E8D7D
ERR1913006	2017-04-07 10:53:32	2017-04-14 12:43:37	20872438	4508178475	20872438	215	2295		https://sra-downloadb.be-md.ncbi.nlm.nih.gov/sos12/sra-pub-zq-1211/ERR001/913/ERR1913006/ERR1913006.sralite.1	ERX1973583	unspecified	WGS	RANDOM	METAGENOMIC	PAIRED	350	0	ILLUMINA	Illumina HiSeq 2500	ERP019674	PRJEB17784		382085	ERS1647324	SAMEA103958156	simple	408170	human gut metagenome	SAMEA103958156							no					EUROPEAN MOLECULAR BIOLOGY LABORATORY, HEIDELBERG,	ERA872009		public	D6484B379E67280055AF20DE7E365E24	3A6E06C631CD69DA4EE35798BF3F0131
ERR1912957	2017-04-07 10:53:31	2017-04-14 12:27:55	10292444	2189407382	10292444	212	1101		https://sra-downloadb.be-md.ncbi.nlm.nih.gov/sos12/sra-pub-zq-1211/ERR001/912/ERR1912957/ERR1912957.sralite.1	ERX1973534	unspecified	WGS	RANDOM	METAGENOMIC	PAIRED	350	0	ILLUMINA	Illumina HiSeq 2500	ERP019674	PRJEB17784		382085	ERS1647327	SAMEA103958159	simple	408170	human gut metagenome	SAMEA103958159							no					EUROPEAN MOLECULAR BIOLOGY LABORATORY, HEIDELBERG,	ERA872009		public	5EDE017308012AA0D80E2714B17616D5	EBD8E61A77D364EBDA13628755B35572
ERR1912971	2017-04-07 10:53:31	2017-04-14 12:31:58	11931925	2498977499	11931925	209	1321		https://sra-downloadb.be-md.ncbi.nlm.nih.gov/sos12/sra-pub-zq-1211/ERR001/912/ERR1912971/ERR1912971.sralite.1	ERX1973548	unspecified	WGS	RANDOM	METAGENOMIC	PAIRED	350	0	ILLUMINA	Illumina HiSeq 2500	ERP019674	PRJEB17784		382085	ERS1647329	SAMEA103958161	simple	408170	human gut metagenome	SAMEA103958161							no					EUROPEAN MOLECULAR BIOLOGY LABORATORY, HEIDELBERG,	ERA872009		public	D021AD8C522A377AA1CD3D0F04D924A8	7A599769AE64947B86A58AB062C19F1A
ERR1912989	2017-04-07 10:53:32	2017-04-14 12:37:35	15715302	3371172046	15715302	214	1706		https://sra-downloadb.be-md.ncbi.nlm.nih.gov/sos12/sra-pub-zq-1211/ERR001/912/ERR1912989/ERR1912989.sralite.1	ERX1973566	unspecified	WGS	RANDOM	METAGENOMIC	PAIRED	350	0	ILLUMINA	Illumina HiSeq 2500	ERP019674	PRJEB17784		382085	ERS1647330	SAMEA103958162	simple	408170	human gut metagenome	SAMEA103958162							no					EUROPEAN MOLECULAR BIOLOGY LABORATORY, HEIDELBERG,	ERA872009		public	242180D4BD74E245E653269C7C34F25B	473DA5E694F615CD0E779A9DE921B98B
ERR1912950	2017-04-07 10:53:31	2017-04-14 12:24:46	8325104	1419696236	8325104	170	1124		https://sra-downloadb.be-md.ncbi.nlm.nih.gov/sos12/sra-pub-zq-1211/ERR001/912/ERR1912950/ERR1912950.sralite.1	ERX1973527	unspecified	WGS	RANDOM	METAGENOMIC	PAIRED	350	0	ILLUMINA	Illumina HiSeq 2500	ERP019674	PRJEB17784		382085	ERS1647331	SAMEA103958163	simple	408170	human gut metagenome	SAMEA103958163							no					EUROPEAN MOLECULAR BIOLOGY LABORATORY, HEIDELBERG,	ERA872009		public	A9085888390885598601241B8D7118C3	7599CE99DAA36F157AA031C62CCAF370
ERR1912951	2017-04-07 10:53:31	2022-07-23 08:35:41	14364976	1198202222	0	83	714		https://sra-downloadb.be-md.ncbi.nlm.nih.gov/sos8/sra-pub-zq-818/ERR001/1912/ERR1912951/ERR1912951.lite.2	ERX1973528	unspecified	WGS	RANDOM	METAGENOMIC	PAIRED	350	0	ILLUMINA	Illumina HiSeq 2500	ERP019674	PRJEB17784		382085	ERS1647331	SAMEA103958163	simple	408170	human gut metagenome	SAMEA103958163							no					EUROPEAN MOLECULAR BIOLOGY LABORATORY, HEIDELBERG,	ERA872009		public	C0F53E6BA74A0FBB83909B69BA79B6A5	C768405D3D06139F1409D8A7CA5FECF4
ERR1912952	2017-04-07 10:53:31	2022-07-17 16:51:15	14425664	1201047639	0	83	720		https://sra-downloadb.be-md.ncbi.nlm.nih.gov/sos8/sra-pub-zq-820/ERR001/1912/ERR1912952/ERR1912952.lite.2	ERX1973529	unspecified	WGS	RANDOM	METAGENOMIC	PAIRED	350	0	ILLUMINA	Illumina HiSeq 2500	ERP019674	PRJEB17784		382085	ERS1647331	SAMEA103958163	simple	408170	human gut metagenome	SAMEA103958163							no					EUROPEAN MOLECULAR BIOLOGY LABORATORY, HEIDELBERG,	ERA872009		public	2C705FFC60C4EE858755DF44F9C5BD0F	0DC3FD62A15282ED1131E87507F515B6
ERR1912997	2017-04-07 10:53:32	2017-04-14 12:40:17	18124842	4048065919	18124842	223	2081		https://sra-downloadb.be-md.ncbi.nlm.nih.gov/sos12/sra-pub-zq-1211/ERR001/912/ERR1912997/ERR1912997.sralite.1	ERX1973574	unspecified	WGS	RANDOM	METAGENOMIC	PAIRED	350	0	ILLUMINA	Illumina HiSeq 2500	ERP019674	PRJEB17784		382085	ERS1647335	SAMEA103958167	simple	408170	human gut metagenome	SAMEA103958167							no					EUROPEAN MOLECULAR BIOLOGY LABORATORY, HEIDELBERG,	ERA872009		public	6BEF16E22CDC1007A20C4FADECA72E96	BC37348F968BEEF184604AEEB723BAD3
ERR1912946	2017-04-07 10:53:31	2017-04-14 12:22:01	7829715	1828789974	7829715	233	879		https://sra-downloadb.be-md.ncbi.nlm.nih.gov/sos12/sra-pub-zq-1211/ERR001/912/ERR1912946/ERR1912946.sralite.1	ERX1973523	unspecified	WGS	RANDOM	METAGENOMIC	PAIRED	350	0	ILLUMINA	Illumina HiSeq 2500	ERP019674	PRJEB17784		382085	ERS1647316	SAMEA103958148	simple	408170	human gut metagenome	SAMEA103958148							no					EUROPEAN MOLECULAR BIOLOGY LABORATORY, HEIDELBERG,	ERA872009		public	2B8FBE6B29BC4D74D0FE09B0375348F1	310D72A518A5C481E008E16CEFAE3C12
ERR1912947	2017-04-07 10:53:31	2017-04-14 12:23:03	9686397	2349387789	9686397	242	1091		https://sra-downloadb.be-md.ncbi.nlm.nih.gov/sos12/sra-pub-zq-1211/ERR001/912/ERR1912947/ERR1912947.sralite.1	ERX1973524	unspecified	WGS	RANDOM	METAGENOMIC	PAIRED	350	0	ILLUMINA	Illumina HiSeq 2500	ERP019674	PRJEB17784		382085	ERS1647316	SAMEA103958148	simple	408170	human gut metagenome	SAMEA103958148							no					EUROPEAN MOLECULAR BIOLOGY LABORATORY, HEIDELBERG,	ERA872009		public	7BED8B293C435570A7C4D5FEA502CED4	AB5996376A19CDEC773566CB52CD2212
ERR1912948	2017-04-07 10:53:31	2017-04-14 12:23:44	8276879	1991393474	8276879	240	929		https://sra-downloadb.be-md.ncbi.nlm.nih.gov/sos12/sra-pub-zq-1211/ERR001/912/ERR1912948/ERR1912948.sralite.1	ERX1973525	unspecified	WGS	RANDOM	METAGENOMIC	PAIRED	350	0	ILLUMINA	Illumina HiSeq 2500	ERP019674	PRJEB17784		382085	ERS1647316	SAMEA103958148	simple	408170	human gut metagenome	SAMEA103958148							no					EUROPEAN MOLECULAR BIOLOGY LABORATORY, HEIDELBERG,	ERA872009		public	C242CD3E2B0FA1054B71E642861597C2	B9187ABACD8EC6C71386AD191DA0DE16
ERR1912949	2017-04-07 10:53:31	2017-04-14 12:23:55	8009666	1368443398	8009666	170	1079		https://sra-downloadb.be-md.ncbi.nlm.nih.gov/sos12/sra-pub-zq-1211/ERR001/912/ERR1912949/ERR1912949.sralite.1	ERX1973526	unspecified	WGS	RANDOM	METAGENOMIC	PAIRED	350	0	ILLUMINA	Illumina HiSeq 2500	ERP019674	PRJEB17784		382085	ERS1647331	SAMEA103958163	simple	408170	human gut metagenome	SAMEA103958163							no					EUROPEAN MOLECULAR BIOLOGY LABORATORY, HEIDELBERG,	ERA872009		public	0C58033FFA115098D94B86328727FA98	E2A918C7EC6C033A8DEC2E441939D51D
